{"user_2_1533": {"weights": [0.2835846248192131, 0.00016954185599601834, 0.04771836810063551, 0.34290206922882, 4.895122238161753e-05, 0.07000275262873755, 0.3084606059632091, 8.201673210561544e-05, 0.11262984587169676, 0.32397802098974743, 4.922351822876547e-05, 0.12414297539804145, 0.3615057499835492, 0.00015773801061683034, 0.14550605800088873], "gauss": [0.2835846248192131, 0.00016954185599601834, 0.04771836810063551, 0.34290206922882, 4.895122238161753e-05, 0.07000275262873755, 0.3084606059632091, 8.201673210561544e-05, 0.11262984587169676, 0.32397802098974743, 4.922351822876547e-05, 0.12414297539804145, 0.3615057499835492, 0.00015773801061683034, 0.14550605800088873], "max": [0.2840213357000657, 0.34302815922187513, 0.3086718670651481, 0.3241048123704249, 0.3619120561735795], "min": [0.2831479139383605, 0.34277597923576486, 0.30824934486127015, 0.32385122960907, 0.3610994437935188], "raw_data_size": "57"}}