{"user_4_3343": {"weights": [1.0], "gauss": [0.1604301722, 0.0008367774, 0.5], "max": [0.162585568], "min": [0.1582747765], "raw_data_size": "9996"}, "user_1_3343": {"weights": [1.0], "gauss": [0.1608185894, 0.0008347042, 0.5], "max": [0.162968645], "min": [0.1586685338], "raw_data_size": "9995"}, "user_2_3343": {"weights": [1.0], "gauss": [0.1607630423, 0.0008465438, 0.5], "max": [0.1629435946], "min": [0.1585824899], "raw_data_size": "9991"}, "user_5_3343": {"weights": [1.0], "gauss": [0.1603583347, 0.0008349425, 0.5], "max": [0.162509004], "min": [0.1582076655], "raw_data_size": "9994"}, "user_3_3343": {"weights": [1.0], "gauss": [0.1606618785, 0.0008255845, 0.5], "max": [0.1627884432], "min": [0.1585353137], "raw_data_size": "9991"}, "user_6_3343": {"weights": [1.0], "gauss": [0.1610414461, 0.0008467924, 0.5], "max": [0.1632226386], "min": [0.1588602535], "raw_data_size": "9993"}}