{"user_1_3511": {"weights": [0.06522739224528086, 0.2945403432958269, 0.6402322644588923], "gauss": [0.2589811545825539, 7.611738843866966e-05, 0.03261369612264043, 0.1280375752287573, 0.00058653431883843, 0.14727017164791345, 0.16803333907179427, 0.0006964642865702743, 0.3201161322294461], "max": [0.25917721998220383, 0.12954838751475842, 0.16982731219001726], "min": [0.25878508918290394, 0.1265267629427562, 0.16623936595357128], "raw_data_size": "30"}}