{"user_1_3958": {"weights": 1, "gauss": [0.09577642505466968, 0.0018972013914279335, 0.5], "max": [0.1006632919934435], "min": [0.09088955811589587], "raw_data_size": "9995"}}