{"user_3_3958": {"weights": 1, "gauss": [0.09578947167472057, 0.0018852596032013318, 0.5], "max": [0.10064557860544354], "min": [0.0909333647439976], "raw_data_size": "9991"}}