{"user_3_207": {"weights": [0.11313662851868107, 0.16608805572061036, 0.1779454804006514, 0.26906580082821935, 0.27376403453183795], "gauss": [-0.23879787004851988, 7.016245381172886e-05, 0.05656831425934054, -0.3930118482267562, 0.0001603712869974173, 0.08304402786030518, -0.3339239869170146, 0.00019990406006553562, 0.0889727402003257, -0.3612812895545813, 0.0001336008451367766, 0.13453290041410967, -0.29567303936834083, 0.0002983536364224011, 0.13688201726591898], "max": [-0.23861714354398272, -0.3925987591662604, -0.33340906818119936, -0.3609371565826991, -0.29490453132882366], "min": [-0.23897859655305703, -0.39342493728725203, -0.3344389056528298, -0.36162542252646346, -0.296441547407858], "raw_data_size": "70"}}