{"user_3_1865": {"weights": [0.2694843923, 0.3372185992, 0.3932970085], "gauss": [0.3468275161, 0.0004100288, 0.1347421961, 0.2702033402, 0.0004559815, 0.1686092996, 0.3091780275, 0.0001410227, 0.1966485043], "max": [0.3478836803, 0.2713778707, 0.3095412779], "min": [0.3457713519, 0.2690288098, 0.3088147771], "raw_data_size": "70"}, "user_2_1865": {"weights": [0.3662367336, 2.29416e-05, 0.0229841409, 0.2562446782, 0.0001261271, 0.0292440844, 0.3420799697, 9.28449e-05, 0.0881860099, 0.2885255871, 6.21567e-05, 0.1306517427, 0.3184486922, 8.43426e-05, 0.2289340222], "gauss": [0.3662367336, 2.29416e-05, 0.0229841409, 0.2562446782, 0.0001261271, 0.0292440844, 0.3420799697, 9.28449e-05, 0.0881860099, 0.2885255871, 6.21567e-05, 0.1306517427, 0.3184486922, 8.43426e-05, 0.2289340222], "max": [0.3662958273, 0.2565695601, 0.3423191224, 0.2886856922, 0.3186659444], "min": [0.36617764, 0.2559197963, 0.3418408171, 0.288365482, 0.31823144], "raw_data_size": "57"}, "user_1_1865": {"weights": [0.3570563586, 5.63609e-05, 0.0574780047, 0.2596855208, 0.0001637176, 0.0677335384, 0.3350587765, 9.6048e-05, 0.1178722194, 0.3161986416, 7.4347e-06, 0.1191304247, 0.30096666, 4.17907e-05, 0.1377858128], "gauss": [0.3570563586, 5.63609e-05, 0.0574780047, 0.2596855208, 0.0001637176, 0.0677335384, 0.3350587765, 9.6048e-05, 0.1178722194, 0.3161986416, 7.4347e-06, 0.1191304247, 0.30096666, 4.17907e-05, 0.1377858128], "max": [0.3572015347, 0.2601072294, 0.3353061798, 0.316217792, 0.3010743057], "min": [0.3569111825, 0.2592638122, 0.3348113732, 0.3161794912, 0.3008590142], "raw_data_size": "30"}}