{"user_1_3323": {"weights": [0.1182078099647257, 0.2555431193389815, 0.2997373877485912, 0.32651168294770155], "gauss": [0.41270404129959226, 6.571644494643325e-05, 0.05910390498236285, 0.30187195218563523, 0.0002545082872754252, 0.12777155966949075, 0.33781844490928686, 7.042734776310688e-05, 0.1498686938742956, 0.37449036935673524, 0.00020490791722743606, 0.16325584147385078], "max": [0.4128733156442103, 0.30252752208999534, 0.3379998537354263, 0.37501817717445884], "min": [0.4125347669549742, 0.3012163822812751, 0.33763703608314743, 0.37396256153901164], "raw_data_size": "30"}}