{"user_1_1346": {"weights": [0.2138833849802033, 0.2597837675130009, 0.5263328475067958], "gauss": [0.06732405686501312, 6.772275348679635e-05, 0.10694169249010164, 0.01742492409518367, 0.00012305289580691838, 0.12989188375650046, 0.03439530237495013, 0.0001068951573156817, 0.2631664237533979], "max": [0.06749849911796144, 0.01774188735008968, 0.034670646053571334], "min": [0.06714961461206481, 0.017107960840277662, 0.034119958696328924], "raw_data_size": "30"}}