{"user_6_3012": {"weights": 1, "gauss": [0.7068332415658461, 0.0012646372417587082, 0.5], "max": [0.7100907312315274], "min": [0.7035757519001649], "raw_data_size": "9993"}}