{"user_3_304": {"weights": [0.07100598163114065, 0.23511880111558153, 0.2407217358273394, 0.45315348142593853], "gauss": [-0.7703668849656777, 0.003636058471529673, 0.035502990815570325, -0.6850133483543079, 0.0005631147068375354, 0.11755940055779077, -0.5876962295499535, 0.0002562887399889237, 0.1203608679136697, -0.6374574176822136, 0.0003043004786668903, 0.22657674071296927], "max": [-0.7610010190052944, -0.6835628609911765, -0.5870360735033204, -0.6366735915921795], "min": [-0.7797327509260611, -0.6864638357174394, -0.5883563855965865, -0.6382412437722478], "raw_data_size": "70"}}