{"user_2_918": {"weights": [-0.39019364116989785, 2.3954277468900664e-05, 0.03464845937882505, -0.27499282160895533, 8.587443926522009e-05, 0.050313876589567576, -0.3616233145505826, 6.327406891118336e-05, 0.08971485063935784, -0.339010779492517, 5.454498633515503e-05, 0.1433061429510091, -0.3066568849359349, 7.372070410460629e-05, 0.18201667044124048], "gauss": [-0.39019364116989785, 2.3954277468900664e-05, 0.03464845937882505, -0.27499282160895533, 8.587443926522009e-05, 0.050313876589567576, -0.3616233145505826, 6.327406891118336e-05, 0.08971485063935784, -0.339010779492517, 5.454498633515503e-05, 0.1433061429510091, -0.3066568849359349, 7.372070410460629e-05, 0.18201667044124048], "max": [-0.3901319390400481, -0.27477162371187014, -0.3614603313497264, -0.33887028091835325, -0.306466992986024], "min": [-0.3902553432997476, -0.2752140195060405, -0.36178629775143883, -0.3391512780666808, -0.30684677688584583], "raw_data_size": "57"}}