{"user_1_2009": {"weights": 1, "gauss": [-0.2056850351979994, 0.0008462943548843128, 0.5], "max": [-0.20350512539926038], "min": [-0.20786494499673844], "raw_data_size": "9995"}}