{"user_1_1609": {"weights": [0.0973760498, 0.9026239502], "gauss": [-0.2979242681, 0.0003900608, 0.0486880249, -0.1549394669, 0.0012907877, 0.4513119751], "max": [-0.2969195382, -0.1516146182], "min": [-0.2989289981, -0.1582643157], "raw_data_size": "30"}, "user_2_1609": {"weights": [0.1111852729, 0.1238762788, 0.163350032, 0.6015884163], "gauss": [-0.225807048, 0.000430694, 0.0555926365, -0.2905494371, 0.0013577251, 0.0619381394, -0.1860431527, 1.45771e-05, 0.081675016, -0.1312108772, 0.0004803512, 0.3007942081], "max": [-0.2246976536, -0.2870521691, -0.1860056047, -0.1299735746], "min": [-0.2269164423, -0.2940467051, -0.1860807008, -0.1324481798], "raw_data_size": "57"}, "user_3_1609": {"weights": [-0.3662424799, 0.0001654361, 0.0141829046, -0.2642563462, 0.0006890396, 0.0912524303, -0.1450884796, 5.66549e-05, 0.1008722146, -0.1909021414, 0.0002312737, 0.1327039756, -0.1115592014, 0.0002338024, 0.1609884749], "gauss": [-0.3662424799, 0.0001654361, 0.0141829046, -0.2642563462, 0.0006890396, 0.0912524303, -0.1450884796, 5.66549e-05, 0.1008722146, -0.1909021414, 0.0002312737, 0.1327039756, -0.1115592014, 0.0002338024, 0.1609884749], "max": [-0.3658163446, -0.2624814978, -0.1449425462, -0.1903064199, -0.1109569663], "min": [-0.3666686152, -0.2660311946, -0.1452344129, -0.191497863, -0.1121614365], "raw_data_size": "70"}}