{"user_5_3675": {"weights": 1, "gauss": [0.21347158281321807, 0.0012678002112522502, 0.5], "max": [0.2167372197484071], "min": [0.21020594587802904], "raw_data_size": "9994"}}