{"user_5_3546": {"weights": [1.0], "gauss": [-0.2780217752479698, 0.002657955174513684, 0.5], "max": [-0.27117533642193803], "min": [-0.28486821407400154], "raw_data_size": "9994"}}