{"user_3_1849": {"weights": [1.0], "gauss": [-0.2279028234221978, 0.0012157486259158554, 0.5], "max": [-0.22477126248581444], "min": [-0.23103438435858117], "raw_data_size": "9991"}}