{"user_3_2832": {"weights": [0.1443491902, 0.3768958984, 0.4787549115], "gauss": [0.4511034883, 0.0001140687, 0.0721745951, 0.4241227542, 7.68342e-05, 0.1884479492, 0.3846600099, 0.000337791, 0.2393774557], "max": [0.4513973099, 0.424320666, 0.3855301018], "min": [0.4508096667, 0.4239248424, 0.383789918], "raw_data_size": "70"}, "user_2_2832": {"weights": [0.0727356888, 0.3204573465, 0.6068069647], "gauss": [0.3515423532, 0.0001757684, 0.0363678444, 0.3940802042, 9.83813e-05, 0.1602286732, 0.4260344029, 0.0001748388, 0.3034034824], "max": [0.3519951026, 0.3943336176, 0.4264847578], "min": [0.3510896039, 0.3938267909, 0.4255840481], "raw_data_size": "57"}, "user_1_2832": {"weights": [0.0938019565, 0.2756494586, 0.6305485849], "gauss": [0.4538126683, 7.3653e-06, 0.0469009783, 0.4301158624, 1.73151e-05, 0.1378247293, 0.3985257406, 0.000536798, 0.3152742924], "max": [0.45383164, 0.4301604633, 0.3999084406], "min": [0.4537936966, 0.4300712615, 0.3971430405], "raw_data_size": "30"}}