{"user_5_2176": {"weights": [1.0], "gauss": [0.1766320312851983, 0.0010215938603367186, 0.5], "max": [0.17926348268697928], "min": [0.17400057988341733], "raw_data_size": "9994"}}