{"user_1_963": {"weights": [0.3156224325682197, 0.6843775674317804], "gauss": [0.47303344320946067, 0.0003716519052089075, 0.15781121628410985, 0.4128311399916363, 0.00041929108976210174, 0.3421887837158902], "max": [0.47399075507761756, 0.41391116226736246], "min": [0.4720761313413038, 0.4117511177159101], "raw_data_size": "30"}}