{"user_1_2425": {"weights": [0.03331426843545384, 0.17827564225761874, 0.306659965411856, 0.4817501238950715], "gauss": [0.222307071089744, 1.0000000001110223e-06, 0.01665713421772692, 0.1926555591801914, 6.174518591313998e-05, 0.08913782112880937, 0.1211479223006656, 0.00022783838765117682, 0.153329982705928, 0.16463094273627565, 0.00011386858327791416, 0.24087506194753575], "max": [0.22230964691904784, 0.19281460423941954, 0.12173479509605083, 0.1649242487698365], "min": [0.2223044952604402, 0.19249651412096325, 0.12056104950528036, 0.1643376367027148], "raw_data_size": "30"}}