{"user_6_2635": {"weights": [1.0], "gauss": [-0.0342667546, 0.0015085232, 0.5], "max": [-0.0303810563], "min": [-0.038152453], "raw_data_size": "9993"}, "user_1_2635": {"weights": [1.0], "gauss": [-0.0331541876, 0.0015102141, 0.5], "max": [-0.029264134], "min": [-0.0370442413], "raw_data_size": "9995"}, "user_5_2635": {"weights": [1.0], "gauss": [-0.0337226163, 0.0015154567, 0.5], "max": [-0.0298190585], "min": [-0.0376261741], "raw_data_size": "9994"}, "user_2_2635": {"weights": [1.0], "gauss": [-0.0343021178, 0.0015077802, 0.5], "max": [-0.0304183334], "min": [-0.0381859023], "raw_data_size": "9991"}, "user_4_2635": {"weights": [1.0], "gauss": [-0.0339515731, 0.0015793218, 0.5], "max": [-0.0298835097], "min": [-0.0380196365], "raw_data_size": "9996"}, "user_3_2635": {"weights": [1.0], "gauss": [-0.0334484139, 0.0015420769, 0.5], "max": [-0.029476287], "min": [-0.0374205409], "raw_data_size": "9991"}}