{"user_6_100": {"weights": 1, "gauss": [0.1803808168, 0.0013978337, 0.5], "max": [0.1839813978], "min": [0.1767802357], "raw_data_size": "9993"}, "user_1_100": {"weights": 1, "gauss": [0.180161264, 0.0014336003, 0.5], "max": [0.1838539737], "min": [0.1764685544], "raw_data_size": "9995"}, "user_2_100": {"weights": 1, "gauss": [0.1802485292, 0.0013794796, 0.5], "max": [0.1838018333], "min": [0.1766952251], "raw_data_size": "9991"}, "user_3_100": {"weights": 1, "gauss": [0.1800435392, 0.001349166, 0.5], "max": [0.1835187604], "min": [0.176568318], "raw_data_size": "9991"}, "user_5_100": {"weights": 1, "gauss": [0.1814606782, 0.0013901895, 0.5], "max": [0.1850415691], "min": [0.1778797872], "raw_data_size": "9994"}, "user_4_100": {"weights": 1, "gauss": [0.1805331621, 0.0013987607, 0.5], "max": [0.1841361308], "min": [0.1769301934], "raw_data_size": "9996"}}