{"user_1_2476": {"weights": [0.11468032305803245, 0.14674899121254895, 0.23398325619407317, 0.5045874295353454], "gauss": [-0.4334179358733576, 0.0004323272037884397, 0.05734016152901623, -0.36452150214925727, 7.398359748582827e-06, 0.07337449560627447, -0.3457079497569885, 2.9485192384672398e-05, 0.11699162809703659, -0.3938197684537143, 0.00014090310033534792, 0.2522937147676727], "max": [-0.432304334793118, -0.36450244523741865, -0.34563200093442326, -0.39345682611890964], "min": [-0.4345315369535972, -0.3645405590610959, -0.3457838985795537, -0.39418271078851896], "raw_data_size": "30"}}