{"user_2_2548": {"weights": [0.21429968245968076, 0.22348932570160085, 0.25190948819401726, 0.31030150364470105], "gauss": [0.1411387872718777, 0.0001487486362007896, 0.10714984122984038, 0.1809973951481407, 0.000135774699841321, 0.11174466285080042, 0.08663868112062673, 0.00015480253912178343, 0.12595474409700863, 0.11623449253277068, 0.00010000802138959087, 0.15515075182235052], "max": [0.14152193836786664, 0.18134712759867253, 0.08703742603716039, 0.11649209612485593], "min": [0.14075563617588877, 0.18064766269760887, 0.08623993620409307, 0.11597688894068543], "raw_data_size": "57"}}