{"user_3_860": {"weights": 1, "gauss": [-1.2667273038988154, 0.0029258260421843587, 0.5], "max": [-1.2591908754422705], "min": [-1.2742637323553603], "raw_data_size": "9991"}}