{"user_4_2583": {"weights": [1.0], "gauss": [0.14351750322786633, 0.00234670287586431, 0.5], "max": [0.1495622092622401], "min": [0.13747279719349256], "raw_data_size": "9996"}}