{"user_1_3587": {"weights": [1.0], "gauss": [0.20549503286148413, 0.0008418166990033217, 0.5], "max": [0.20766340898299368], "min": [0.20332665673997458], "raw_data_size": "9995"}}