{"user_2_2050": {"weights": [0.22489925737047048, 0.3010192741345717, 0.4740814684949578], "gauss": [-0.1949754627650263, 2.131570434944674e-05, 0.11244962868523524, -0.15144028606103296, 0.00024167270758164338, 0.15050963706728585, -0.22216811304729142, 0.00021610162626048323, 0.2370407342474789], "max": [-0.19492055714913722, -0.15081777841897617, -0.2216114721458251], "min": [-0.1950303683809154, -0.15206279370308975, -0.22272475394875774], "raw_data_size": "57"}}