{"user_4_548": {"weights": 1, "gauss": [-0.09902947449188518, 0.0010862057618949417, 0.5], "max": [-0.09623159386071253], "min": [-0.10182735512305782], "raw_data_size": "9996"}}