{"user_3_318": {"weights": [0.2361184743, 8.24006e-05, 0.0287608647, 0.1716334206, 3.34248e-05, 0.0518470945, 0.2065008439, 0.0001106743, 0.1109754095, 0.1313404798, 7.64844e-05, 0.1288993781, 0.1551674486, 4.34269e-05, 0.1795172532], "gauss": [0.2361184743, 8.24006e-05, 0.0287608647, 0.1716334206, 3.34248e-05, 0.0518470945, 0.2065008439, 0.0001106743, 0.1109754095, 0.1313404798, 7.64844e-05, 0.1288993781, 0.1551674486, 4.34269e-05, 0.1795172532], "max": [0.2363307243, 0.1717195172, 0.2067859221, 0.1315374905, 0.155279309], "min": [0.2359062244, 0.171547324, 0.2062157658, 0.131143469, 0.1550555883], "raw_data_size": "70"}, "user_1_318": {"weights": [0.1369239072, 0.143604891, 0.1707186542, 0.2491932068, 0.2995593409], "gauss": [0.1944979329, 1.27636e-05, 0.0684619536, 0.1302814824, 4.13987e-05, 0.0718024455, 0.2152444254, 5.05101e-05, 0.0853593271, 0.1803629914, 1.64572e-05, 0.1245966034, 0.1556878833, 7.48067e-05, 0.1497796704], "max": [0.1945308096, 0.1303881183, 0.2153745308, 0.1804053823, 0.1558805726], "min": [0.1944650561, 0.1301748465, 0.2151143201, 0.1803206005, 0.1554951941], "raw_data_size": "30"}, "user_2_318": {"weights": [0.1983987737, 1.25207e-05, 0.0543049901, 0.1826050897, 3.20047e-05, 0.0836733456, 0.2153951696, 9.14838e-05, 0.1042576718, 0.1337595048, 0.0002558309, 0.1199921412, 0.1607831917, 6.84874e-05, 0.1377718514], "gauss": [0.1983987737, 1.25207e-05, 0.0543049901, 0.1826050897, 3.20047e-05, 0.0836733456, 0.2153951696, 9.14838e-05, 0.1042576718, 0.1337595048, 0.0002558309, 0.1199921412, 0.1607831917, 6.84874e-05, 0.1377718514], "max": [0.1984310249, 0.1826875283, 0.2156308163, 0.1344184815, 0.1609596037], "min": [0.1983665224, 0.182522651, 0.2151595229, 0.1331005281, 0.1606067798], "raw_data_size": "57"}}