{"user_2_1933": {"weights": [1.0], "gauss": [-0.0355157809, 0.001344083, 0.5], "max": [-0.0320536525], "min": [-0.0389779092], "raw_data_size": "9991"}, "user_5_1933": {"weights": [1.0], "gauss": [-0.0349028258, 0.0013442733, 0.5], "max": [-0.0314402072], "min": [-0.0383654445], "raw_data_size": "9994"}, "user_6_1933": {"weights": [1.0], "gauss": [-0.0355061454, 0.001332178, 0.5], "max": [-0.0320746822], "min": [-0.0389376085], "raw_data_size": "9993"}, "user_4_1933": {"weights": [1.0], "gauss": [-0.0353457084, 0.0013354714, 0.5], "max": [-0.0319057621], "min": [-0.0387856547], "raw_data_size": "9996"}, "user_3_1933": {"weights": [1.0], "gauss": [-0.0348355221, 0.0013684302, 0.5], "max": [-0.0313106795], "min": [-0.0383603648], "raw_data_size": "9991"}, "user_1_1933": {"weights": [1.0], "gauss": [-0.0351017046, 0.0013570678, 0.5], "max": [-0.0316061297], "min": [-0.0385972796], "raw_data_size": "9995"}}