{"user_3_1994": {"weights": [0.06869709479905484, 0.11603311442902005, 0.20228180189451045, 0.2746188285794445, 0.3383691602979702], "gauss": [-0.32530904665585664, 4.1267141257090844e-06, 0.03434854739952742, -0.29069355518149537, 0.00021663856418597982, 0.058016557214510024, -0.35761016709196675, 3.0277781923325864e-05, 0.10114090094725522, -0.3445876108129934, 3.0348925899452816e-05, 0.13730941428972224, -0.3810308645078033, 8.006922316250342e-05, 0.1691845801489851], "max": [-0.32529841694468425, -0.29013553121958635, -0.3575321766940422, -0.34450943716033033, -0.3808246198564689], "min": [-0.325319676367029, -0.2912515791434044, -0.3576881574898913, -0.34466578446565643, -0.3812371091591377], "raw_data_size": "70"}}