{"user_1_1132": {"weights": 1, "gauss": [0.015551667286492302, 0.0010988822572026722, 0.5], "max": [0.018382200405744904], "min": [0.0127211341672397], "raw_data_size": "9995"}}