{"user_2_771": {"weights": [0.44413779738847464, 0.5558622026115254], "gauss": [-0.11734310547057078, 0.0005285190237149698, 0.22206889869423732, -0.0650883516555797, 0.0009268895817486615, 0.2779311013057627], "max": [-0.1159817306818027, -0.06270084230975732], "min": [-0.11870448025933886, -0.06747586100140208], "raw_data_size": "57"}}