{"user_1_1575": {"weights": [1.0], "gauss": [-0.08264289656509573, 0.0015307318311543279, 0.5], "max": [-0.07869999265853334], "min": [-0.08658580047165812], "raw_data_size": "9995"}}