{"user_3_2831": {"weights": [0.0867588232370631, 0.17155211843763343, 0.23153256691894272, 0.2409826951272032, 0.26917379627915755], "gauss": [0.26264966359725067, 0.0001463698409836085, 0.04337941161853155, 0.358041302374071, 9.180908102504503e-05, 0.08577605921881672, 0.31261724067879165, 5.5592894764352026e-05, 0.11576628345947136, 0.2930702139433107, 5.240160700183027e-05, 0.1204913475636016, 0.3398206292553129, 6.258796023858492e-05, 0.13458689813957878], "max": [0.26302668732281204, 0.3582777868953072, 0.3127604384861948, 0.29320519153817903, 0.3399818451573448], "min": [0.2622726398716893, 0.3578048178528348, 0.3124740428713885, 0.2929352363484423, 0.33965941335328104], "raw_data_size": "70"}}