{"user_6_2795": {"weights": [1.0], "gauss": [0.4394053998, 0.0011760094, 0.5], "max": [0.4424345993], "min": [0.4363762003], "raw_data_size": "9993"}, "user_3_2795": {"weights": [1.0], "gauss": [0.4387971541, 0.0011551379, 0.5], "max": [0.4417725921], "min": [0.4358217161], "raw_data_size": "9991"}, "user_4_2795": {"weights": [1.0], "gauss": [0.4388877234, 0.0011454765, 0.5], "max": [0.4418382754], "min": [0.4359371714], "raw_data_size": "9996"}, "user_1_2795": {"weights": [1.0], "gauss": [0.4387416935, 0.001185276, 0.5], "max": [0.4417947621], "min": [0.4356886248], "raw_data_size": "9995"}, "user_2_2795": {"weights": [1.0], "gauss": [0.438863106, 0.0011371206, 0.5], "max": [0.4417921345], "min": [0.4359340776], "raw_data_size": "9991"}, "user_5_2795": {"weights": [1.0], "gauss": [0.4398482373, 0.0011496843, 0.5], "max": [0.4428096278], "min": [0.4368868468], "raw_data_size": "9994"}}