{"user_2_3371": {"weights": [-0.6838605521954015, 0.000401636695401746, 0.017537769452859578, -0.4481658874515226, 0.0004985057176755948, 0.03447754471053402, -0.4771339138830679, 0.0001974459392274076, 0.07830665310322299, -0.5186608795048829, 0.0002737965928489007, 0.17295258568525845, -0.5601564884539819, 0.0005506801230265858, 0.19672544704812497], "gauss": [-0.6838605521954015, 0.000401636695401746, 0.017537769452859578, -0.4481658874515226, 0.0004985057176755948, 0.03447754471053402, -0.4771339138830679, 0.0001974459392274076, 0.07830665310322299, -0.5186608795048829, 0.0002737965928489007, 0.17295258568525845, -0.5601564884539819, 0.0005506801230265858, 0.19672544704812497], "max": [-0.6828260046260052, -0.4468818218159471, -0.4766253268469392, -0.5179556262178109, -0.5587380304562081], "min": [-0.6848950997647979, -0.44944995308709806, -0.47764250091919663, -0.519366132791955, -0.5615749464517558], "raw_data_size": "57"}}