{"user_3_3371": {"weights": [0.15787457118202186, 0.18616151094527625, 0.2939447427204135, 0.36201917515228854], "gauss": [-0.6257840696801119, 0.0005867227517229724, 0.07893728559101093, -0.5265619091475197, 0.00031782792113812977, 0.09308075547263812, -0.5648563193278265, 0.00029940243665091306, 0.14697237136020674, -0.48224156838978327, 0.0004558908620578829, 0.18100958757614427], "max": [-0.624272772023165, -0.525743238674766, -0.5640851097579471, -0.4810672713480744], "min": [-0.6272953673370588, -0.5273805796202733, -0.565627528897706, -0.4834158654314921], "raw_data_size": "70"}}