{"user_1_3371": {"weights": [0.19067587755266047, 0.3105551159120531, 0.49876900653528644], "gauss": [-0.588132717245529, 0.001935216713398995, 0.09533793877633023, -0.4898146554747367, 0.0012128474529523859, 0.15527755795602655, -0.540967624116452, 0.0004900015416870175, 0.24938450326764322], "max": [-0.5831479293264382, -0.4866905674646873, -0.5397054637865905], "min": [-0.5931175051646197, -0.49293874348478606, -0.5422297844463136], "raw_data_size": "30"}}