{"user_4_1388": {"weights": 1, "gauss": [-0.4572034396043194, 0.0023624268985574506, 0.5], "max": [-0.451118231171523], "min": [-0.46328864803711584], "raw_data_size": "9996"}}