{"user_4_1107": {"weights": [1.0], "gauss": [-0.007678619364713072, 8.371377878164763e-05, 0.5], "max": [-0.007462986960216494], "min": [-0.00789425176920965], "raw_data_size": "9996"}}