{"user_6_1107": {"weights": [1.0], "gauss": [-0.007785792913886086, 8.148490792573205e-05, 0.5], "max": [-0.007575901700254002], "min": [-0.00799568412751817], "raw_data_size": "9993"}}