{"user_3_240": {"weights": [0.1262357176239107, 0.0002269299817180746, 0.03577875554863499, 0.16804903092295273, 0.00014369015890951836, 0.08059003683684962, 0.2129896357358947, 8.066460798639052e-05, 0.1007624507932545, 0.26076140244190554, 0.00012386717463681762, 0.13889716406672992, 0.23559597349973294, 5.344535980110376e-05, 0.14397159275453097], "gauss": [0.1262357176239107, 0.0002269299817180746, 0.03577875554863499, 0.16804903092295273, 0.00014369015890951836, 0.08059003683684962, 0.2129896357358947, 8.066460798639052e-05, 0.1007624507932545, 0.26076140244190554, 0.00012386717463681762, 0.13889716406672992, 0.23559597349973294, 5.344535980110376e-05, 0.14397159275453097], "max": [0.12682025052067394, 0.16841915224490348, 0.2131974139969053, 0.2610804631400829, 0.23573363962364732], "min": [0.12565118472714745, 0.16767890960100199, 0.21278185747488407, 0.2604423417437282, 0.23545830737581855], "raw_data_size": "70"}}