{"user_1_626": {"weights": [0.06665782529657324, 0.13817178299454566, 0.19670940934631725, 0.2300058921790919, 0.368455090183472], "gauss": [-0.2078474849299092, 2.5359956016073437e-05, 0.03332891264828662, -0.3123651356183646, 1.824949802013598e-05, 0.06908589149727283, -0.29798230012128746, 1.6023221450374825e-05, 0.09835470467315863, -0.2831272897943931, 7.729712563158242e-06, 0.11500294608954595, -0.25428892402716974, 8.826970394437594e-05, 0.184227545091736], "max": [-0.20778216201206628, -0.31231812802658926, -0.29794102703793834, -0.28310737937426494, -0.25406155633713423], "min": [-0.20791280784775212, -0.31241214321013994, -0.29802357320463657, -0.2831472002145213, -0.25451629171720525], "raw_data_size": "30"}}