{"user_5_1141": {"weights": 1, "gauss": [0.1176024461374723, 0.0019309664520949117, 0.5], "max": [0.12257628610894822], "min": [0.11262860616599638], "raw_data_size": "9994"}}