{"user_4_3998": {"weights": [1.0], "gauss": [-0.4984664424474937, 0.001689076342935496, 0.5], "max": [-0.49411567010742924], "min": [-0.5028172147875581], "raw_data_size": "9996"}}