{"user_5_3998": {"weights": 1, "gauss": [-0.49888437515481093, 0.0016920527192020019, 0.5], "max": [-0.4945259361775408], "min": [-0.503242814132081], "raw_data_size": "9994"}}