{"user_6_3231": {"weights": [1.0], "gauss": [0.04266232553871535, 0.0013190700128574795, 0.5], "max": [0.046060024731266275], "min": [0.03926462634616443], "raw_data_size": "9993"}}