{"user_3_1895": {"weights": [1.0], "gauss": [0.3848614435849628, 0.0011275479896874763, 0.5], "max": [0.38776581473795746], "min": [0.3819570724319682], "raw_data_size": "9991"}}