{"user_1_3292": {"weights": [0.0333090222, 0.1720547081, 0.3183329786, 0.4763032911], "gauss": [0.2119229883, 1e-06, 0.0166545111, 0.1532149089, 0.0002875941, 0.086027354, 0.0365797038, 0.0006312072, 0.1591664893, 0.114696435, 0.0003575668, 0.2381516456], "max": [0.2119255641, 0.1539557021, 0.0382055859, 0.1156174661], "min": [0.2119204125, 0.1524741156, 0.0349538217, 0.1137754039], "raw_data_size": "30"}, "user_2_3292": {"weights": [0.0443153282, 0.0516687332, 0.2338447665, 0.2801167169, 0.3900544552], "gauss": [-0.0088002237, 0.0001243334, 0.0221576641, 0.2179210743, 3.83898e-05, 0.0258343666, 0.0987664463, 0.0003236853, 0.1169223833, 0.0426672236, 0.0002152295, 0.1400583584, 0.1407603291, 0.0005689513, 0.1950272276], "max": [-0.0084799621, 0.2180199599, 0.0996002044, 0.0432216182, 0.1422258506], "min": [-0.0091204852, 0.2178221887, 0.0979326883, 0.0421128291, 0.1392948075], "raw_data_size": "57"}, "user_3_3292": {"weights": [0.0715521662, 0.0881454454, 0.245525375, 0.246523232, 0.3482537814], "gauss": [-0.041635329, 0.0001649784, 0.0357760831, 0.1981734002, 0.0009683881, 0.0440727227, 0.0911961044, 6.15537e-05, 0.1227626875, 0.0507231063, 0.0006532256, 0.123261616, 0.1507745277, 0.0005338211, 0.1741268907], "max": [-0.0412103728, 0.2006678026, 0.0913546562, 0.0524057041, 0.1521495598], "min": [-0.0420602851, 0.1956789978, 0.0910375526, 0.0490405086, 0.1493994957], "raw_data_size": "70"}}