{"user_6_814": {"weights": 1, "gauss": [-0.11986319056350707, 0.0016187961492879234, 0.5], "max": [-0.11569344800569911], "min": [-0.12403293312131503], "raw_data_size": "9993"}}