{"user_2_1357": {"weights": 1, "gauss": [0.3942050737908866, 0.0035206716522492845, 0.5], "max": [0.40327372300092423], "min": [0.38513642458084896], "raw_data_size": "9991"}}