{"user_3_1160": {"weights": [0.1862059427606136, 0.3016393523088429, 0.5121547049305435], "gauss": [0.6146621515793876, 0.0004853114974958374, 0.0931029713803068, 0.6758963351936913, 0.00021609226098337386, 0.15081967615442146, 0.6890864562808173, 0.0004316568050649884, 0.25607735246527175], "max": [0.6159122311559866, 0.6764529519718024, 0.69019833052838], "min": [0.6134120720027887, 0.6753397184155802, 0.6879745820332547], "raw_data_size": "70"}}