{"user_3_1464": {"weights": 1, "gauss": [-0.37895838052794717, 0.0033322795793025153, 0.5], "max": [-0.37037499713996214], "min": [-0.3875417639159322], "raw_data_size": "9991"}}