{"user_3_498": {"weights": 1, "gauss": [0.0497045962, 0.0008352018, 0.5], "max": [0.0518559335], "min": [0.0475532589], "raw_data_size": "9991"}, "user_1_498": {"weights": 1, "gauss": [0.0493146524, 0.000802494, 0.5], "max": [0.0513817398], "min": [0.0472475649], "raw_data_size": "9995"}, "user_4_498": {"weights": 1, "gauss": [0.0493193777, 0.0008057336, 0.5], "max": [0.0513948099], "min": [0.0472439455], "raw_data_size": "9996"}, "user_2_498": {"weights": 1, "gauss": [0.0495181897, 0.0008125804, 0.5], "max": [0.051611258], "min": [0.0474251214], "raw_data_size": "9991"}, "user_5_498": {"weights": 1, "gauss": [0.0492989375, 0.000811236, 0.5], "max": [0.0513885429], "min": [0.047209332], "raw_data_size": "9994"}, "user_6_498": {"weights": 1, "gauss": [0.0497129912, 0.0008385326, 0.5], "max": [0.0518729079], "min": [0.0475530745], "raw_data_size": "9993"}}