{"user_1_1991": {"weights": 1, "gauss": [0.08442911324995091, 0.0015539712379484007, 0.5], "max": [0.08843187790153056], "min": [0.08042634859837125], "raw_data_size": "9995"}}