{"user_3_3927": {"weights": [-0.0878446895393672, 0.00011801657262420343, 0.013031186398576339, -0.35034855115571567, 0.00025275143908683087, 0.036421425716333125, -0.29087015051242043, 9.205582586629856e-05, 0.13306684055737333, -0.2312031388889762, 0.0005592377058125574, 0.15673895388185624, -0.16904183773505804, 0.0006243725370600463, 0.16074159344586095], "gauss": [-0.0878446895393672, 0.00011801657262420343, 0.013031186398576339, -0.35034855115571567, 0.00025275143908683087, 0.036421425716333125, -0.29087015051242043, 9.205582586629856e-05, 0.13306684055737333, -0.2312031388889762, 0.0005592377058125574, 0.15673895388185624, -0.16904183773505804, 0.0006243725370600463, 0.16074159344586095], "max": [-0.08754069899329736, -0.3496975065924017, -0.2906330304185916, -0.22976263801869476, -0.1674335606577676], "min": [-0.08814868008543703, -0.35099959571902967, -0.29110727060624925, -0.23264363975925764, -0.17065011481234849], "raw_data_size": "70"}}