{"user_3_2897": {"weights": 1, "gauss": [-0.5444992600426783, 0.0005526553754162379, 0.5], "max": [-0.5430757141319174], "min": [-0.5459228059534393], "raw_data_size": "9991"}}