{"user_4_2425": {"weights": 1, "gauss": [0.15011509246527852, 0.0011787100539464846, 0.5], "max": [0.1531512483626216], "min": [0.14707893656793544], "raw_data_size": "9996"}}