{"user_4_3363": {"weights": 1, "gauss": [-0.14744031281797976, 0.001499733043285478, 0.5], "max": [-0.14357725649758446], "min": [-0.15130336913837505], "raw_data_size": "9996"}}