{"user_2_146": {"weights": [-0.5774432764024986, 0.00020757741223628623, 0.026314526732111196, -0.33529727198376374, 0.00014677935128849695, 0.034637358799909444, -0.37178668266275894, 0.00012157012531846434, 0.08839126919630691, -0.47639827606620705, 0.0003042284301648092, 0.12560311136234406, -0.4169128186741542, 0.0002248960666079981, 0.22505373390932842], "gauss": [-0.5774432764024986, 0.00020757741223628623, 0.026314526732111196, -0.33529727198376374, 0.00014677935128849695, 0.034637358799909444, -0.37178668266275894, 0.00012157012531846434, 0.08839126919630691, -0.47639827606620705, 0.0003042284301648092, 0.12560311136234406, -0.4169128186741542, 0.0002248960666079981, 0.22505373390932842], "max": [-0.5769085924213055, -0.33491919342955895, -0.3714735387715275, -0.47561463556081585, -0.41633352479553243], "min": [-0.5779779603836916, -0.33567535053796854, -0.3720998265539904, -0.47718191657159825, -0.41749211255277596], "raw_data_size": "57"}}