{"user_1_3286": {"weights": [0.21132752320565398, 0.3879182649084787, 0.4007542118858674], "gauss": [-0.022167341804057772, 9.376676928729661e-05, 0.10566376160282699, 0.007919305503595951, 6.829651318414024e-05, 0.19395913245423935, 0.04887700277023024, 0.00037740190281832723, 0.2003771059429337], "max": [-0.021925814612028444, 0.008095225663585873, 0.04984912565072481], "min": [-0.0224088689960871, 0.007743385343606029, 0.04790487988973568], "raw_data_size": "30"}}