{"user_1_3749": {"weights": [0.4548436756592233, 0.5451563243407768], "gauss": [0.05378466358896623, 0.00021905237003231885, 0.22742183782961164, 0.09463972146649981, 0.0001628642491022157, 0.2725781621703884], "max": [0.05434890510270732, 0.09505923197183778], "min": [0.05322042207522515, 0.09422021096116183], "raw_data_size": "30"}}