{"user_3_2919": {"weights": [0.2133365028, 0.2278457262, 0.2294882565, 0.3293295144], "gauss": [0.1291870093, 0.0002206321, 0.1066682514, 0.053534833, 6.31148e-05, 0.1139228631, 0.0781685796, 8.09359e-05, 0.1147441283, 0.10752797, 9.72443e-05, 0.1646647572], "max": [0.1297553199, 0.053697406, 0.0783770565, 0.1077784546], "min": [0.1286186988, 0.05337226, 0.0779601026, 0.1072774854], "raw_data_size": "70"}, "user_2_2919": {"weights": [0.0819202877, 0.1629744502, 0.1868268907, 0.2257732008, 0.3425051707], "gauss": [0.1564715722, 0.0001897819, 0.0409601438, 0.0478354801, 0.0001107971, 0.0814872251, 0.1210165659, 9.09632e-05, 0.0934134453, 0.0708261965, 7.16019e-05, 0.1128866004, 0.1007919422, 6.20909e-05, 0.1712525853], "max": [0.1569604179, 0.0481208745, 0.1212508715, 0.0710106309, 0.1009518778], "min": [0.1559827264, 0.0475500856, 0.1207822602, 0.0706417622, 0.1006320067], "raw_data_size": "57"}, "user_1_2919": {"weights": [0.0879858021, 0.1928877252, 0.7191264728], "gauss": [0.0817329614, 0.0003717478, 0.043992901, 0.0479955515, 0.0001366249, 0.0964438626, 0.1056789672, 0.00029762, 0.3595632364], "max": [0.0826905202, 0.0483474739, 0.1064455854], "min": [0.0807754025, 0.0476436292, 0.104912349], "raw_data_size": "30"}}