{"user_3_252": {"weights": [1.0], "gauss": [0.21265706710931825, 0.0025818985102247774, 0.5], "max": [0.21930759695074448], "min": [0.20600653726789203], "raw_data_size": "9991"}}