{"user_1_2961": {"weights": [0.3931605956384445, 0.6068394043615555], "gauss": [0.3624822168550535, 0.00045897749751880226, 0.19658029781922226, 0.40888938075430953, 0.0007543116314504818, 0.30341970218077774], "max": [0.36366446454283197, 0.41083235875860746], "min": [0.361299969167275, 0.4069464027500116], "raw_data_size": "30"}}