{"user_2_3333": {"weights": [0.21390375294972944, 0.3223301982651162, 0.4637660487851543], "gauss": [-0.17172965576436264, 0.00034412259829125116, 0.10695187647486472, -0.09804998356782287, 0.000636634314792492, 0.1611650991325581, -0.13206517127795914, 0.0002362343213600401, 0.23188302439257716], "max": [-0.17084325469167064, -0.09641012224413559, -0.13145667199049596], "min": [-0.17261605683705464, -0.09968984489151014, -0.1326736705654223], "raw_data_size": "57"}}