{"user_1_2989": {"weights": [0.13308168253461783, 0.16990556588576855, 0.3234888967602747, 0.37352385481933886], "gauss": [-0.01799965984608567, 4.567623377666258e-05, 0.06654084126730891, 0.06741175835463549, 5.0996018297769615e-05, 0.08495278294288428, 0.102245380957378, 0.00022829779619762823, 0.16174444838013735, 0.03813857545276876, 0.00018772544347821183, 0.18676192740966943], "max": [-0.017882005664647992, 0.0675431153929312, 0.10283343711075948, 0.03862212415110165], "min": [-0.01811731402752335, 0.06728040131633978, 0.1016573248039965, 0.03765502675443587], "raw_data_size": "30"}}