{"user_6_3646": {"weights": 1, "gauss": [0.6490314604941793, 0.002477456467042698, 0.5], "max": [0.6554129654602545], "min": [0.642649955528104], "raw_data_size": "9993"}}