{"user_2_2450": {"weights": 1, "gauss": [0.45470377360172093, 0.002176823352955214, 0.5], "max": [0.46031089898291255], "min": [0.4490966482205293], "raw_data_size": "9991"}}