{"user_4_2450": {"weights": [1.0], "gauss": [0.45425934524845046, 0.0021969404030479913, 0.5], "max": [0.459918288716772], "min": [0.44860040178012894], "raw_data_size": "9996"}}