{"user_1_2450": {"weights": [1.0], "gauss": [0.45490032285586146, 0.0022328400789605454, 0.5], "max": [0.46065173776138646], "min": [0.44914890795033646], "raw_data_size": "9995"}}