{"user_3_1875": {"weights": [0.20704744245861456, 0.7929525575413854], "gauss": [0.0002592964520354123, 0.0022112677042359875, 0.10352372122930728, 0.07556096286951176, 0.0006766000118750168, 0.3964762787706927], "max": [0.005955144602597772, 0.07730376900688096], "min": [-0.005436551698526947, 0.07381815673214256], "raw_data_size": "70"}}