{"user_5_1320": {"weights": 1, "gauss": [-0.6074712324398615, 0.000951973354056861, 0.5], "max": [-0.605019111578284], "min": [-0.6099233533014389], "raw_data_size": "9994"}}