{"user_2_1853": {"weights": [0.14302295558202585, 0.21717115159759853, 0.2531478161625954, 0.38665807665778024], "gauss": [0.18291112052297095, 0.0012577200232915798, 0.07151147779101293, 0.1260538573099058, 0.000259066915257163, 0.10858557579879927, 0.15296239044556667, 4.3976809839518484e-05, 0.1265739080812977, 0.18065217214728174, 0.00018829374340591131, 0.19332903832889012], "max": [0.1861507926146256, 0.1267211694618052, 0.1530756672010279, 0.1811371846892216], "min": [0.1796714484313163, 0.12538654515800637, 0.15284911369010545, 0.18016715960534188], "raw_data_size": "57"}}