{"user_3_392": {"weights": 1, "gauss": [0.043164275529788715, 0.0020018529510180193, 0.5], "max": [0.04832070702241677], "min": [0.03800784403716066], "raw_data_size": "9991"}}