{"user_6_2221": {"weights": [1.0], "gauss": [0.5189898802682984, 0.0009322028134581541, 0.5], "max": [0.5213910755920547], "min": [0.5165886849445421], "raw_data_size": "9993"}}