{"user_3_3170": {"weights": [0.2773697229, 0.3533400349, 0.3692902421], "gauss": [-0.2228787887, 0.0002818505, 0.1386848615, -0.2674583694, 0.0002366143, 0.1766700175, -0.1839800754, 0.000581056, 0.1846451211], "max": [-0.22215279, -0.2668488914, -0.1824833744], "min": [-0.2236047874, -0.2680678473, -0.1854767764], "raw_data_size": "70"}, "user_1_3170": {"weights": [0.059754351, 0.1676101572, 0.3131880009, 0.4594474909], "gauss": [-0.1512471073, 9.36822e-05, 0.0298771755, -0.2915867778, 0.0001268966, 0.0838050786, -0.2319074742, 0.0002249873, 0.1565940004, -0.1963571219, 0.0001739805, 0.2297237454], "max": [-0.1510057981, -0.2912599138, -0.2313279453, -0.1959089778], "min": [-0.1514884166, -0.2919136417, -0.2324870031, -0.1968052661], "raw_data_size": "30"}, "user_2_3170": {"weights": [0.1273660325, 0.2103639712, 0.2107241737, 0.2203556862, 0.2311901365], "gauss": [-0.1574655847, 0.0001988213, 0.0636830162, -0.2051608106, 8.72766e-05, 0.1051819856, -0.1887727523, 5.02215e-05, 0.1053620869, -0.2800569662, 0.0002008166, 0.1101778431, -0.237488579, 0.000188513, 0.1155950682], "max": [-0.1569534551, -0.2049360011, -0.1886433904, -0.279539697, -0.2370030017], "min": [-0.1579777143, -0.2053856202, -0.1889021143, -0.2805742354, -0.2379741563], "raw_data_size": "57"}}