{"user_3_1618": {"weights": 1, "gauss": [-0.549937401557997, 0.0008381353414279859, 0.5], "max": [-0.5477785079852068], "min": [-0.5520962951307872], "raw_data_size": "9991"}}