{"user_3_4047": {"weights": [-0.5198241778599917, 7.436999930501742e-05, 0.03599647558776423, -0.4912800128978402, 1.5949289028509672e-05, 0.08052781335694036, -0.40588158060330265, 0.00021355111526036208, 0.10504512857484061, -0.4654017277969169, 9.982227586580083e-05, 0.138190762657759, -0.438550625706752, 7.820103448882742e-05, 0.14023981982269582], "gauss": [-0.5198241778599917, 7.436999930501742e-05, 0.03599647558776423, -0.4912800128978402, 1.5949289028509672e-05, 0.08052781335694036, -0.40588158060330265, 0.00021355111526036208, 0.10504512857484061, -0.4654017277969169, 9.982227586580083e-05, 0.138190762657759, -0.438550625706752, 7.820103448882742e-05, 0.14023981982269582], "max": [-0.5196326134364769, -0.4912389302517898, -0.4053315093828095, -0.46514460265359486, -0.4383491931905479], "min": [-0.5200157422835064, -0.4913210955438906, -0.4064316518237958, -0.46565885294023895, -0.43875205822295615], "raw_data_size": "70"}}