{"user_2_2636": {"weights": [-0.2914324917, 0.0004183066, 0.0583032494, -0.1909323721, 0.0002399928, 0.0816587821, -0.2149965315, 9.53623e-05, 0.0882215247, -0.2558051449, 1.93214e-05, 0.1070226682, -0.231310249, 5.3714e-05, 0.1647937755], "gauss": [-0.2914324917, 0.0004183066, 0.0583032494, -0.1909323721, 0.0002399928, 0.0816587821, -0.2149965315, 9.53623e-05, 0.0882215247, -0.2558051449, 1.93214e-05, 0.1070226682, -0.231310249, 5.3714e-05, 0.1647937755], "max": [-0.2903550052, -0.1903141917, -0.2147508945, -0.2557553762, -0.231171891], "min": [-0.2925099782, -0.1915505526, -0.2152421684, -0.2558549136, -0.231448607], "raw_data_size": "57"}, "user_3_2636": {"weights": [-0.1958914354, 0.0009120652, 0.0553339718, -0.3082076918, 9.01652e-05, 0.0645126924, -0.2148990814, 0.0001456636, 0.0891396296, -0.2605911039, 0.0001231823, 0.1419809494, -0.2320119573, 7.24937e-05, 0.1490327567], "gauss": [-0.1958914354, 0.0009120652, 0.0553339718, -0.3082076918, 9.01652e-05, 0.0645126924, -0.2148990814, 0.0001456636, 0.0891396296, -0.2605911039, 0.0001231823, 0.1419809494, -0.2320119573, 7.24937e-05, 0.1490327567], "max": [-0.1935421112, -0.3079754415, -0.2145238767, -0.2602738073, -0.231825226], "min": [-0.1982407597, -0.3084399421, -0.2152742861, -0.2609084005, -0.2321986886], "raw_data_size": "70"}, "user_1_2636": {"weights": [0.0333332839, 0.0999999789, 0.1627271063, 0.2317508081, 0.4721888227], "gauss": [-0.1671395153, 1e-06, 0.016666642, -0.2934110715, 1.93137e-05, 0.0499999895, -0.1927337734, 2.24721e-05, 0.0813635532, -0.259849754, 2.52646e-05, 0.1158754041, -0.2234112794, 0.0001110481, 0.2360944114], "max": [-0.1671369395, -0.2933613226, -0.192675889, -0.2597846768, -0.2231252384], "min": [-0.1671420911, -0.2934608205, -0.1927916578, -0.2599148312, -0.2236973203], "raw_data_size": "30"}}