{"user_3_3062": {"weights": [1.0], "gauss": [-0.2008225213, 0.0019176294, 0.5], "max": [-0.1958830354], "min": [-0.2057620073], "raw_data_size": "9991"}, "user_6_3062": {"weights": [1.0], "gauss": [-0.2013238608, 0.0019291041, 0.5], "max": [-0.196354818], "min": [-0.2062929035], "raw_data_size": "9993"}, "user_2_3062": {"weights": [1.0], "gauss": [-0.2005115249, 0.0018862909, 0.5], "max": [-0.1956527615], "min": [-0.2053702883], "raw_data_size": "9991"}, "user_1_3062": {"weights": [1.0], "gauss": [-0.2016356865, 0.0019447417, 0.5], "max": [-0.1966263638], "min": [-0.2066450091], "raw_data_size": "9995"}, "user_5_3062": {"weights": [1.0], "gauss": [-0.2006587146, 0.0019217333, 0.5], "max": [-0.1957086575], "min": [-0.2056087716], "raw_data_size": "9994"}, "user_4_3062": {"weights": [1.0], "gauss": [-0.2009840307, 0.0019053756, 0.5], "max": [-0.1960761085], "min": [-0.205891953], "raw_data_size": "9996"}}