{"user_2_3430": {"weights": [1.0], "gauss": [-0.1823279637, 0.002297711, 0.5], "max": [-0.1764094523], "min": [-0.1882464751], "raw_data_size": "9991"}, "user_1_3430": {"weights": [1.0], "gauss": [-0.1824414854, 0.0023867091, 0.5], "max": [-0.1762937301], "min": [-0.1885892407], "raw_data_size": "9995"}, "user_4_3430": {"weights": [1.0], "gauss": [-0.1823375753, 0.0023095912, 0.5], "max": [-0.1763884627], "min": [-0.1882866879], "raw_data_size": "9996"}, "user_3_3430": {"weights": [1.0], "gauss": [-0.181892729, 0.0023681572, 0.5], "max": [-0.1757927604], "min": [-0.1879926976], "raw_data_size": "9991"}, "user_6_3430": {"weights": [1.0], "gauss": [-0.1815388185, 0.002345821, 0.5], "max": [-0.175496384], "min": [-0.187581253], "raw_data_size": "9993"}, "user_5_3430": {"weights": [1.0], "gauss": [-0.181757102, 0.0023183836, 0.5], "max": [-0.1757853417], "min": [-0.1877288623], "raw_data_size": "9994"}}