{"user_2_3421": {"weights": 1, "gauss": [0.4164822316526266, 0.001077448146050013, 0.5], "max": [0.41925755416027666], "min": [0.41370690914497654], "raw_data_size": "9991"}}