{"user_6_2343": {"weights": 1, "gauss": [0.01477796164378166, 0.005467141868854526, 0.5], "max": [0.028860385876236246], "min": [0.0006955374113270744], "raw_data_size": "9993"}}