{"user_4_2390": {"weights": [1.0], "gauss": [-0.047221778119480334, 0.0020191834166856087, 0.5], "max": [-0.042020706305541555], "min": [-0.05242284993341911], "raw_data_size": "9996"}}