{"user_6_1405": {"weights": 1, "gauss": [0.3326265475344519, 0.00047168166217133225, 0.5], "max": [0.3338415189818195], "min": [0.3314115760870843], "raw_data_size": "9993"}}