{"user_1_1234": {"weights": 1, "gauss": [0.4135371674, 0.0006067945, 0.5], "max": [0.4151001664], "min": [0.4119741683], "raw_data_size": "9995"}, "user_2_1234": {"weights": 1, "gauss": [0.4134765008, 0.0006154169, 0.5], "max": [0.4150617098], "min": [0.4118912918], "raw_data_size": "9991"}, "user_5_1234": {"weights": 1, "gauss": [0.4136844958, 0.0006040263, 0.5], "max": [0.4152403645], "min": [0.4121286271], "raw_data_size": "9994"}, "user_3_1234": {"weights": 1, "gauss": [0.4140048639, 0.0006137141, 0.5], "max": [0.4155856867], "min": [0.4124240411], "raw_data_size": "9991"}, "user_4_1234": {"weights": 1, "gauss": [0.413986146, 0.0006095259, 0.5], "max": [0.4155561807], "min": [0.4124161113], "raw_data_size": "9996"}, "user_6_1234": {"weights": 1, "gauss": [0.4139053428, 0.0005888662, 0.5], "max": [0.4154221617], "min": [0.4123885239], "raw_data_size": "9993"}}