{"user_3_2498": {"weights": [0.09686455307055995, 0.16307276104490842, 0.19025009629895556, 0.1945962706643193, 0.35521631892125677], "gauss": [-0.7363708295716196, 0.00022733044148856473, 0.048432276535279976, -0.6002283009037921, 0.0002593658551802426, 0.08153638052245421, -0.7163925264697549, 8.268981967759947e-05, 0.09512504814947778, -0.6802134195099321, 6.21829847304568e-05, 0.09729813533215965, -0.6516275626244942, 9.291099251726342e-05, 0.17760815946062838], "max": [-0.7357852651588447, -0.5995602187336788, -0.7161795316091242, -0.6800532467556812, -0.6513882397673464], "min": [-0.7369563939843945, -0.6008963830739054, -0.7166055213303857, -0.6803735922641829, -0.651866885481642], "raw_data_size": "70"}}