{"user_3_80": {"weights": 1, "gauss": [-0.31509367075127953, 0.003748134769638866, 0.5], "max": [-0.30543911537799323], "min": [-0.32474822612456583], "raw_data_size": "9991"}}