{"user_3_2713": {"weights": 1, "gauss": [0.10621524091908757, 0.0021271728960308165, 0.5], "max": [0.11169447519839873], "min": [0.10073600663977642], "raw_data_size": "9991"}}