{"user_1_2713": {"weights": [1.0], "gauss": [0.10561345702633008, 0.002217862796894632, 0.5], "max": [0.1113262930098222], "min": [0.09990062104283796], "raw_data_size": "9995"}}