{"user_2_284": {"weights": 1, "gauss": [0.3640746155051527, 0.0004414089298810088, 0.5], "max": [0.3652116095615884], "min": [0.362937621448717], "raw_data_size": "9991"}}