{"user_4_3179": {"weights": [1.0], "gauss": [-0.7325698430710557, 0.007826158749272031, 0.5], "max": [-0.7124109940304552], "min": [-0.7527286921116562], "raw_data_size": "9996"}}