{"user_6_3179": {"weights": 1, "gauss": [-0.7320607920559362, 0.007736313385331955, 0.5], "max": [-0.7121333693365606], "min": [-0.7519882147753119], "raw_data_size": "9993"}}