{"user_4_3606": {"weights": [1.0], "gauss": [0.4302400139, 0.0016223415, 0.5], "max": [0.4344188887], "min": [0.4260611391], "raw_data_size": "9996"}, "user_5_3606": {"weights": [1.0], "gauss": [0.4311211279, 0.0016801002, 0.5], "max": [0.4354487792], "min": [0.4267934765], "raw_data_size": "9994"}, "user_6_3606": {"weights": [1.0], "gauss": [0.430363448, 0.0015941039, 0.5], "max": [0.4344695877], "min": [0.4262573084], "raw_data_size": "9993"}, "user_1_3606": {"weights": [1.0], "gauss": [0.4315341347, 0.001667808, 0.5], "max": [0.4358301236], "min": [0.4272381459], "raw_data_size": "9995"}, "user_2_3606": {"weights": [1.0], "gauss": [0.4311107461, 0.0016401542, 0.5], "max": [0.4353355034], "min": [0.4268859889], "raw_data_size": "9991"}, "user_3_3606": {"weights": [1.0], "gauss": [0.430841299, 0.0016585215, 0.5], "max": [0.4351133672], "min": [0.4265692308], "raw_data_size": "9991"}}