{"user_5_2844": {"weights": [1.0], "gauss": [0.3949827182567051, 0.0007152831439076736, 0.5], "max": [0.39682516553911706], "min": [0.39314027097429316], "raw_data_size": "9994"}}