{"user_4_2630": {"weights": [1.0], "gauss": [-0.5375246747434947, 0.000666925444211235, 0.5], "max": [-0.535806788641013], "min": [-0.5392425608459764], "raw_data_size": "9996"}}