{"user_4_1784": {"weights": 1, "gauss": [0.35410962477900604, 0.0016178348938450926, 0.5], "max": [0.3582768913068762], "min": [0.3499423582511359], "raw_data_size": "9996"}}