{"user_5_2553": {"weights": 1, "gauss": [-0.09280908081560627, 0.002365106167095429, 0.5], "max": [-0.08671697104439764], "min": [-0.09890119058681489], "raw_data_size": "9994"}}