{"user_3_2553": {"weights": 1, "gauss": [-0.09281861182208424, 0.0024141445755073666, 0.5], "max": [-0.08660018748148875], "min": [-0.09903703616267974], "raw_data_size": "9991"}}