{"user_1_2047": {"weights": [1.0], "gauss": [0.1361410576322358, 0.0009334903907658479, 0.5], "max": [0.1385455695353518], "min": [0.1337365457291198], "raw_data_size": "9995"}}