{"user_3_2700": {"weights": 1, "gauss": [0.3938777087184091, 0.0012798788842729159, 0.5], "max": [0.3971744582535128], "min": [0.39058095918330543], "raw_data_size": "9991"}}