{"user_3_129": {"weights": 1, "gauss": [-0.48121112781737374, 0.0008035641904011449, 0.5], "max": [-0.4791412836284559], "min": [-0.48328097200629155], "raw_data_size": "9991"}}