{"user_2_1889": {"weights": [1.0], "gauss": [0.4181944970983374, 0.0007592068794150798, 0.5], "max": [0.42015008442579066], "min": [0.4162389097708841], "raw_data_size": "9991"}}