{"user_1_3415": {"weights": [1.0], "gauss": [0.6836528036306891, 0.0009959999736037495, 0.5], "max": [0.6862183295490316], "min": [0.6810872777123467], "raw_data_size": "9995"}}