{"user_2_1012": {"weights": [0.1880089492, 1e-06, 0.0087584221, 0.1478352754, 0.0001373567, 0.0515381752, 0.0818228898, 0.000848967, 0.0581279484, 0.1232044003, 8.51638e-05, 0.1314552851, 0.0949717473, 9.90267e-05, 0.2501201693], "gauss": [0.1880089492, 1e-06, 0.0087584221, 0.1478352754, 0.0001373567, 0.0515381752, 0.0818228898, 0.000848967, 0.0581279484, 0.1232044003, 8.51638e-05, 0.1314552851, 0.0949717473, 9.90267e-05, 0.2501201693], "max": [0.188011525, 0.1481890829, 0.0840096839, 0.1234237676, 0.0952268232], "min": [0.1880063733, 0.1474814679, 0.0796360957, 0.122985033, 0.0947166714], "raw_data_size": "57"}, "user_1_1012": {"weights": [0.4967302438, 0.5032697562], "gauss": [0.1251795459, 0.0002734682, 0.2483651219, 0.0921488835, 0.0001480162, 0.2516348781], "max": [0.1258839533, 0.0925301478], "min": [0.1244751385, 0.0917676192], "raw_data_size": "30"}, "user_3_1012": {"weights": [0.1153558848, 0.3150515964, 0.5695925188], "gauss": [0.0572401728, 0.0003464677, 0.0576779424, 0.1319574632, 0.0002697825, 0.1575257982, 0.0988564747, 0.0002026602, 0.2847962594], "max": [0.0581326143, 0.132652377, 0.0993784928], "min": [0.0563477312, 0.1312625494, 0.0983344566], "raw_data_size": "70"}}