{"user_2_2340": {"weights": [0.2120149593, 0.3426459181, 0.4453391226], "gauss": [-0.6175605867, 0.0070955646, 0.1060074796, -0.6065890355, 0.0012823092, 0.171322959, -0.5373383799, 0.0001281351, 0.2226695613], "max": [-0.5992836233, -0.6032860259, -0.5370083257], "min": [-0.63583755, -0.6098920452, -0.5376684341], "raw_data_size": "57"}, "user_1_2340": {"weights": [0.3258173561, 0.6741826439], "gauss": [-0.636533531, 0.0010037135, 0.162908678, -0.5468015936, 0.000561782, 0.337091322], "max": [-0.6339481364, -0.5453545391], "min": [-0.6391189256, -0.5482486482], "raw_data_size": "30"}, "user_3_2340": {"weights": [0.0633165309, 0.1069057359, 0.3101747091, 0.5196030241], "gauss": [-0.746241802, 0.0012613021, 0.0316582655, -0.6589425084, 0.0005355199, 0.053452868, -0.5870118829, 0.0004417619, 0.1550873545, -0.5349467032, 0.0002268731, 0.259801512], "max": [-0.7429929031, -0.6575631005, -0.5858739797, -0.5343623169], "min": [-0.749490701, -0.6603219162, -0.5881497861, -0.5355310895], "raw_data_size": "70"}}