{"user_3_2352": {"weights": [0.09282306238217841, 0.4477035754388254, 0.45947336217899615], "gauss": [0.4121295521283864, 0.00012205259446926197, 0.046411531191089206, 0.34244989245979846, 0.000493770292890854, 0.2238517877194127, 0.30739801856834115, 0.0005335259432953505, 0.22973668108949807], "max": [0.4124439387777945, 0.34372176044944863, 0.30877229032728487], "min": [0.41181516547897834, 0.3411780244701483, 0.3060237468093974], "raw_data_size": "70"}}