{"user_1_3625": {"weights": 1, "gauss": [-0.016999082835108013, 0.002682763511106135, 0.5], "max": [-0.010088741968709094], "min": [-0.02390942370150693], "raw_data_size": "9995"}}