{"user_1_334": {"weights": 1, "gauss": [0.3316722393092621, 0.0008390075618295291, 0.5], "max": [0.3338333795729217], "min": [0.3295110990456025], "raw_data_size": "9995"}}