{"user_3_4053": {"weights": 1, "gauss": [0.19131814652816112, 0.0023894779686446785, 0.5], "max": [0.19747303389998058], "min": [0.18516325915634166], "raw_data_size": "9991"}}