{"user_1_13": {"weights": [0.23310042068200126, 0.24306323794092033, 0.24981454689164623, 0.2740217944854322], "gauss": [0.36693850549601587, 0.00013308472006520644, 0.11655021034100063, 0.3202026383588272, 6.013385293859763e-05, 0.12153161897046016, 0.3305668460116959, 6.079232884290031e-05, 0.12490727344582311, 0.2904836905689065, 0.00016656170613959975, 0.1370108972427161], "max": [0.3672813090178144, 0.3203575328993617, 0.3307234366737604, 0.29091272509243], "min": [0.3665957019742173, 0.32004774381829265, 0.33041025534963137, 0.290054656045383], "raw_data_size": "30"}}