{"user_5_1856": {"weights": [1.0], "gauss": [-0.35946620198890455, 0.0007996689089424792, 0.5], "max": [-0.35740639138011354], "min": [-0.36152601259769557], "raw_data_size": "9994"}}