{"user_1_3039": {"weights": [0.2066363678620136, 0.2721971622625991, 0.5211664698753872], "gauss": [0.00969522166395655, 0.00010145972133301742, 0.1033181839310068, 0.024264704074409556, 0.00011922155296517826, 0.13609858113129955, -0.01787584116275352, 0.0001634774028656801, 0.2605832349376936], "max": [0.009956564587296041, 0.02457179844415187, -0.017454751277984033], "min": [0.009433878740617059, 0.023957609704667242, -0.018296931047523005], "raw_data_size": "30"}}