{"user_2_683": {"weights": [0.05950883365444184, 0.10245655428826368, 0.1267854198287978, 0.3158195369380305, 0.39542965529046614], "gauss": [-1.278783748346454, 0.0012158528293243198, 0.02975441682722092, -1.050460735611988, 0.00023634424139071141, 0.05122827714413184, -1.2150857912197932, 8.9831341440887e-05, 0.0633927099143989, -1.0987132032931846, 0.00012037490096713965, 0.15790976846901525, -1.1494275392104376, 0.0004144210856683307, 0.19771482764523307], "max": [-1.2756519189998774, -1.0498519531892887, -1.2148544010181326, -1.0984031380958617, -1.1483600612339646], "min": [-1.2819155776930304, -1.0510695180346872, -1.2153171814214538, -1.0990232684905075, -1.1504950171869106], "raw_data_size": "57"}}