{"user_2_897": {"weights": [1.0], "gauss": [-0.12528894483224967, 0.001596699764632908, 0.5], "max": [-0.1211761187895386], "min": [-0.12940177087496074], "raw_data_size": "9991"}}