{"user_4_1752": {"weights": 1, "gauss": [0.15344851919615732, 0.000859738225226665, 0.5], "max": [0.15566305811007727], "min": [0.15123398028223736], "raw_data_size": "9996"}}