{"user_2_2495": {"weights": [1.0], "gauss": [0.1195904117052607, 0.001636043645762578, 0.5], "max": [0.12380458086990093], "min": [0.11537624254062048], "raw_data_size": "9991"}}