{"user_5_2495": {"weights": [1.0], "gauss": [0.11972429225797193, 0.0016285828687595718, 0.5], "max": [0.12391924373458058], "min": [0.11552934078136329], "raw_data_size": "9994"}}