{"user_2_2426": {"weights": [1.0], "gauss": [-0.08622962438209611, 0.0015210608004170756, 0.5], "max": [-0.08231163139990226], "min": [-0.09014761736428996], "raw_data_size": "9991"}}