{"user_2_3858": {"weights": [0.10156737341617054, 0.13888555981394343, 0.2725484764308668, 0.48699859033901927], "gauss": [-0.5537882037382746, 4.127692378313007e-06, 0.05078368670808527, -0.5701264614115903, 0.00012857294137732966, 0.06944277990697172, -0.5217557617094969, 0.000208855833336823, 0.1362742382154334, -0.4958268841399049, 0.0004098883170156044, 0.24349929516950963], "max": [-0.5537775715072906, -0.5697952794615471, -0.5212177847337708, -0.4947710818017538], "min": [-0.5537988359692587, -0.5704576433616335, -0.522293738685223, -0.496882686478056], "raw_data_size": "57"}}