{"user_6_3325": {"weights": [1.0], "gauss": [-1.2487500576, 0.0014006662, 0.5], "max": [-1.2451421805], "min": [-1.2523579347], "raw_data_size": "9993"}, "user_4_3325": {"weights": [1.0], "gauss": [-1.2490587152, 0.0014369246, 0.5], "max": [-1.2453574427], "min": [-1.2527599877], "raw_data_size": "9996"}, "user_1_3325": {"weights": [1.0], "gauss": [-1.2493668304, 0.0014726677, 0.5], "max": [-1.2455734899], "min": [-1.253160171], "raw_data_size": "9995"}, "user_5_3325": {"weights": [1.0], "gauss": [-1.2492048004, 0.0014749372, 0.5], "max": [-1.2454056139], "min": [-1.2530039868], "raw_data_size": "9994"}, "user_3_3325": {"weights": [1.0], "gauss": [-1.2493724495, 0.001381356, 0.5], "max": [-1.2458143122], "min": [-1.2529305869], "raw_data_size": "9991"}, "user_2_3325": {"weights": [1.0], "gauss": [-1.2494512467, 0.0014176821, 0.5], "max": [-1.2457995396], "min": [-1.2531029538], "raw_data_size": "9991"}}