{"user_2_3353": {"weights": [0.27279938205760507, 0.727200617942395], "gauss": [0.16304449207029567, 0.0005671321172589738, 0.13639969102880253, 0.20467860292509998, 0.00035350855114770526, 0.3636003089711975], "max": [0.16450532759691508, 0.20558918061020137], "min": [0.16158365654367626, 0.2037680252399986], "raw_data_size": "57"}}