{"user_3_3721": {"weights": [0.08845875814677637, 0.09477818587202406, 0.10720465530445156, 0.238126151899629, 0.47143224877711915], "gauss": [-0.5969625134454081, 0.00021234603221834025, 0.044229379073388184, -0.5708326516573603, 0.00018452706203467184, 0.04738909293601203, -0.6780394166625195, 8.639711166616337e-05, 0.05360232765222578, -0.6204459365224647, 0.00010572956449947279, 0.1190630759498145, -0.6492527435706248, 0.00010111173766100167, 0.23571612438855957], "max": [-0.5964155463131278, -0.5703573414436736, -0.6778168724505479, -0.6201735952119755, -0.6489922969938249], "min": [-0.5975094805776884, -0.571307961871047, -0.6782619608744912, -0.620718277832954, -0.6495131901474247], "raw_data_size": "70"}}