{"user_1_1129": {"weights": [1.0], "gauss": [-0.14600149754951036, 0.0014903106236387072, 0.5], "max": [-0.14216271177375153], "min": [-0.1498402833252692], "raw_data_size": "9995"}}