{"user_3_1129": {"weights": [1.0], "gauss": [-0.14557654506138137, 0.0014403262675252392, 0.5], "max": [-0.14186651045481866], "min": [-0.1492865796679441], "raw_data_size": "9991"}}