{"user_1_2778": {"weights": [0.1309616039, 0.8690383961], "gauss": [-0.8186029457, 0.0003668559, 0.065480802, -0.7422668109, 0.0015726074, 0.434519198], "max": [-0.8176579874, -0.7382160426], "min": [-0.819547904, -0.7463175792], "raw_data_size": "30"}, "user_2_2778": {"weights": [0.0829504945, 0.9170495055], "gauss": [-0.823088315, 0.0003651276, 0.0414752472, -0.7433611642, 0.0011090655, 0.4585247528], "max": [-0.8221478087, -0.7405044008], "min": [-0.8240288213, -0.7462179276], "raw_data_size": "57"}, "user_3_2778": {"weights": [0.0480828123, 0.138260457, 0.1735662318, 0.2047375259, 0.4353529729], "gauss": [-0.8387694534, 0.000433235, 0.0240414061, -0.6734037428, 0.0005818449, 0.0691302285, -0.7760164891, 3.27342e-05, 0.0867831159, -0.7981652468, 6.2679e-05, 0.102368763, -0.7302593917, 0.000283311, 0.2176764865], "max": [-0.8376535141, -0.6719050096, -0.7759321712, -0.7980037963, -0.7295296309], "min": [-0.8398853928, -0.674902476, -0.7761008069, -0.7983266972, -0.7309891524], "raw_data_size": "70"}}