{"user_3_3774": {"weights": [0.07084565342477857, 0.20147771911710446, 0.23811464279491712, 0.4895619846631999], "gauss": [0.08787906575074973, 0.00021708011906208008, 0.035422826712389284, -0.10972098817225093, 0.000812640385684681, 0.10073885955855223, 0.016611942645973717, 0.0003402513306397612, 0.11905732139745856, -0.035787189994402786, 0.0004482809212526909, 0.24478099233159994], "max": [0.08843822708264772, -0.10762776525355705, 0.01748837199400712, -0.03463249486121821], "min": [0.08731990441885175, -0.1118142110909448, 0.015735513297940314, -0.036941885127587365], "raw_data_size": "70"}}