{"user_4_3605": {"weights": [1.0], "gauss": [-0.0656090352537564, 0.0009016088410009024, 0.5], "max": [-0.06328664478076751], "min": [-0.06793142572674529], "raw_data_size": "9996"}}