{"user_3_3605": {"weights": 1, "gauss": [-0.06576171040904595, 0.000908008120233456, 0.5], "max": [-0.06342283648508826], "min": [-0.06810058433300364], "raw_data_size": "9991"}}