{"user_5_3374": {"weights": [1.0], "gauss": [0.11093667104630896, 0.003563127246150019, 0.5], "max": [0.12011467861921567], "min": [0.10175866347340225], "raw_data_size": "9994"}}