{"user_1_2883": {"weights": [0.09916358688778168, 0.11772880567448432, 0.16697197482344303, 0.28977560800448454, 0.3263600246098064], "gauss": [-0.03187007599068222, 2.073699276136185e-05, 0.04958179344389084, -0.12801174982572666, 1.0519171538695942e-05, 0.05886440283724216, -0.17048650390898643, 3.435713448414032e-05, 0.08348598741172152, -0.09418254615713685, 0.0003980656674679961, 0.14488780400224227, -0.14484302426697113, 1.8854549153810407e-05, 0.1631800123049032], "max": [-0.031816661037060025, -0.12798465423542824, -0.1703980057951962, -0.09315719694613603, -0.14479445816675554], "min": [-0.03192349094430442, -0.1280388454160251, -0.17057500202277665, -0.09520789536813767, -0.1448915903671867], "raw_data_size": "30"}}