{"user_2_1743": {"weights": [0.04688085069083261, 0.08695632987157595, 0.11194609037768558, 0.29280725732586427, 0.4614094717340417], "gauss": [0.42631119400450407, 0.0004686011833292526, 0.023440425345416304, 0.24157857219369427, 0.00012300747620465246, 0.043478164935787975, 0.37767801637213466, 0.00022861095463241787, 0.05597304518884279, 0.2798633477292014, 6.57029277967559e-05, 0.14640362866293213, 0.3082567420806629, 0.00011792119455132543, 0.23070473586702084], "max": [0.42751823066420125, 0.2418954184554578, 0.37826687916818913, 0.28003258725594926, 0.3085604869490977], "min": [0.4251041573448069, 0.24126172593193074, 0.3770891535760802, 0.27969410820245355, 0.3079529972122281], "raw_data_size": "57"}}