{"user_5_1662": {"weights": [1.0], "gauss": [0.08374007171464375, 0.0006083357445339376, 0.5], "max": [0.0853070407518105], "min": [0.08217310267747699], "raw_data_size": "9994"}}