{"user_2_1606": {"weights": 1, "gauss": [0.5798100793763735, 0.0006943026289945854, 0.5], "max": [0.5815984844336688], "min": [0.5780216743190782], "raw_data_size": "9991"}}