{"user_3_469": {"weights": [0.051838087986364176, 0.35563995539041593, 0.5925219566232199], "gauss": [0.08927307307262951, 8.532519753250392e-05, 0.025919043993182088, 0.015294066067462551, 0.0004986185603311984, 0.17781997769520796, -0.05803231093759066, 0.0008535074385089056, 0.29626097831160997], "max": [0.08949285621676482, 0.016578422366457016, -0.05583382146668246], "min": [0.08905328992849419, 0.014009709768468085, -0.06023080040849886], "raw_data_size": "70"}}