{"user_2_2828": {"weights": 1, "gauss": [0.15396709757130633, 0.0006824806645056744, 0.5], "max": [0.15572505126604558], "min": [0.1522091438765671], "raw_data_size": "9991"}}