{"user_2_1715": {"weights": 1, "gauss": [-0.681153559197356, 0.002217807967593104, 0.5], "max": [-0.6754408644447855], "min": [-0.6868662539499265], "raw_data_size": "9991"}}