{"user_4_3408": {"weights": [1.0], "gauss": [0.5637784419645884, 0.0016281954438925595, 0.5], "max": [0.5679723955008716], "min": [0.5595844884283051], "raw_data_size": "9996"}}