{"user_1_1736": {"weights": [0.09796442661657766, 0.14369726525837118, 0.2286484025064504, 0.2332484258968711, 0.2964414797217297], "gauss": [0.0017083771388902757, 2.458742725105126e-06, 0.04898221330828883, -0.04470855218792767, 1.1534535354860247e-05, 0.07184863262918559, -0.05958845740397514, 0.00012865165503268814, 0.1143242012532252, -0.009993797462784284, 1.4366958679731026e-05, 0.11662421294843554, -0.03312115272724154, 4.964878128602143e-05, 0.14822073986086484], "max": [0.001714710440451489, -0.044678841193757805, -0.05925707270099188, -0.009956790629614156, -0.032993265941519516], "min": [0.0017020438373290623, -0.04473826318209754, -0.05991984210695841, -0.010030804295954411, -0.03324903951296356], "raw_data_size": "30"}}