{"user_2_2179": {"weights": [0.20733505070879762, 0.21620652211222058, 0.5764584271789818], "gauss": [0.110688666552789, 0.00014708582723911814, 0.10366752535439881, 0.02577863225935436, 0.00018063767615036103, 0.10810326105611029, 0.06256223842653696, 0.00014978720644048108, 0.2882292135894909], "max": [0.11106753453672825, 0.026243924078907438, 0.06294806470218309], "min": [0.11030979856884975, 0.025313340439801282, 0.06217641215089084], "raw_data_size": "57"}}