{"user_1_865": {"weights": 1, "gauss": [-0.13553026957650655, 0.0005765535040420125, 0.5], "max": [-0.13404516616573134], "min": [-0.13701537298728175], "raw_data_size": "9995"}}