{"user_6_865": {"weights": 1, "gauss": [-0.13479282821129634, 0.000587577909193687, 0.5], "max": [-0.13327932781467725], "min": [-0.13630632860791544], "raw_data_size": "9993"}}