{"user_2_865": {"weights": [1.0], "gauss": [-0.13556508310821386, 0.0005925162634021407, 0.5], "max": [-0.13403886235411333], "min": [-0.13709130386231438], "raw_data_size": "9991"}}