{"user_3_2416": {"weights": [0.08838707415818012, 0.10683976726684395, 0.22063749610484787, 0.23325559970951498, 0.3508800627606131], "gauss": [0.7510987652956972, 2.278697271304486e-05, 0.04419353707909006, 0.773053936183969, 4.71906809037238e-05, 0.053419883633421976, 0.7289869476506438, 4.482147747628018e-05, 0.11031874805242393, 0.6926248162414939, 9.128586138676297e-05, 0.11662779985475749, 0.7112703138836834, 4.742309780111819e-05, 0.17544003138030656], "max": [0.7511574606477506, 0.7731754913226953, 0.7291024001257556, 0.6928599530382535, 0.7113924676886646], "min": [0.7510400699436438, 0.7729323810452428, 0.728871495175532, 0.6923896794447342, 0.7111481600787023], "raw_data_size": "70"}}