{"user_2_3065": {"weights": [0.12270165939224979, 0.43277960750486166, 0.4445187331028886], "gauss": [-0.34874100579603134, 2.088750880900503e-05, 0.061350829696124896, -0.2883773418304182, 0.00022229797330218414, 0.21638980375243083, -0.23766223050906699, 0.0002865384920573828, 0.2222593665514443], "max": [-0.34868720313876295, -0.2878047401966669, -0.23692415626463087], "min": [-0.34879480845329974, -0.28894994346416947, -0.2384003047535031], "raw_data_size": "57"}}