{"user_1_3065": {"weights": [0.09995351327076575, 0.1822020219978896, 0.22887911539563563, 0.488965349335709], "gauss": [-0.3488464362177223, 1.2755500678362064e-05, 0.049976756635382875, -0.2259776399149969, 5.19531671745167e-05, 0.0911010109989448, -0.25154565670237494, 6.683018346102698e-05, 0.11443955769781781, -0.2928632816191216, 0.0001669773871047071, 0.2444826746678545], "max": [-0.3488135802252936, -0.2258438174245766, -0.25137351355745446, -0.2924331763723873], "min": [-0.34887929221015107, -0.22611146240541719, -0.2517177998472954, -0.29329338686585593], "raw_data_size": "30"}}