{"user_1_694": {"weights": 1, "gauss": [-0.1931237484, 0.0004187552, 0.5], "max": [-0.1920451065], "min": [-0.1942023903], "raw_data_size": "9995"}, "user_6_694": {"weights": 1, "gauss": [-0.1933845205, 0.0004082423, 0.5], "max": [-0.1923329579], "min": [-0.194436083], "raw_data_size": "9993"}, "user_2_694": {"weights": 1, "gauss": [-0.1936577492, 0.0004036509, 0.5], "max": [-0.1926180135], "min": [-0.1946974849], "raw_data_size": "9991"}, "user_3_694": {"weights": 1, "gauss": [-0.1932361511, 0.0003985515, 0.5], "max": [-0.1922095504], "min": [-0.1942627518], "raw_data_size": "9991"}, "user_4_694": {"weights": 1, "gauss": [-0.1933539351, 0.000418419, 0.5], "max": [-0.1922761591], "min": [-0.194431711], "raw_data_size": "9996"}, "user_5_694": {"weights": 1, "gauss": [-0.1936251088, 0.0004085474, 0.5], "max": [-0.1925727605], "min": [-0.1946774571], "raw_data_size": "9994"}}