{"user_2_2372": {"weights": [0.1859666266091996, 0.19377654177630302, 0.27315808050187135, 0.34709875111262617], "gauss": [-0.02207340003752373, 9.861574441690161e-06, 0.0929833133045998, 0.01875843329169468, 0.00018000112250095174, 0.09688827088815151, -0.04652064980368099, 0.00013701611604634016, 0.13657904025093567, -0.002290834385451623, 6.446808699353699e-05, 0.17354937555631308], "max": [-0.022047998305097696, 0.019222085457704326, -0.046167719676910364, -0.0021247755978299307], "min": [-0.022098801769949765, 0.018294781125685035, -0.04687357993045161, -0.0024568931730733156], "raw_data_size": "57"}}