{"user_6_1941": {"weights": [1.0], "gauss": [-0.0728731895, 0.0013385611, 0.5], "max": [-0.0694252845], "min": [-0.0763210945], "raw_data_size": "9993"}, "user_1_1941": {"weights": [1.0], "gauss": [-0.074012022, 0.0013506821, 0.5], "max": [-0.0705328953], "min": [-0.0774911486], "raw_data_size": "9995"}, "user_4_1941": {"weights": [1.0], "gauss": [-0.0736269202, 0.0013154204, 0.5], "max": [-0.0702386217], "min": [-0.0770152187], "raw_data_size": "9996"}, "user_2_1941": {"weights": [1.0], "gauss": [-0.0735538674, 0.0013312882, 0.5], "max": [-0.0701246963], "min": [-0.0769830385], "raw_data_size": "9991"}, "user_5_1941": {"weights": [1.0], "gauss": [-0.0731353928, 0.0013440874, 0.5], "max": [-0.069673253], "min": [-0.0765975326], "raw_data_size": "9994"}, "user_3_1941": {"weights": [1.0], "gauss": [-0.0736824417, 0.0013706202, 0.5], "max": [-0.0701519582], "min": [-0.0772129253], "raw_data_size": "9991"}}