{"user_1_3395": {"weights": [0.033333164263048, 0.25203356096254476, 0.3474222058004557, 0.3672110689739515], "gauss": [0.1915075033903117, 1.0000000000763278e-06, 0.016666582131524, 0.11819910097178059, 1.9134757731432666e-05, 0.12601678048127238, 0.10142566786818738, 4.172186299706147e-05, 0.17371110290022784, 0.15040996446900837, 6.765699211668221e-05, 0.18360553448697575], "max": [0.19151007921961544, 0.11824838884146152, 0.10153313626549386, 0.1505842373318925], "min": [0.19150492756100795, 0.11814981310209965, 0.1013181994708809, 0.15023569160612424], "raw_data_size": "30"}}