{"user_2_611": {"weights": [0.13901281696648587, 0.21708014215107282, 0.2656037490615405, 0.3783032918209007], "gauss": [-0.13292847479760994, 0.002344429636675918, 0.06950640848324294, -0.07340822356213982, 0.00018110719314659994, 0.10854007107553641, -0.039727573710953486, 0.0002117210206183255, 0.13280187453077025, -0.00521032255882839, 0.00011144063252397341, 0.18915164591045036], "max": [-0.1268896242393516, -0.07294172234694932, -0.03918221650186752, -0.004923270511967114], "min": [-0.13896732535586828, -0.07387472477733031, -0.04027293092003945, -0.005497374605689665], "raw_data_size": "57"}}