{"user_1_550": {"weights": 1, "gauss": [-0.1939877197750517, 0.0009489190218555991, 0.5], "max": [-0.1915434663518611], "min": [-0.1964319731982423], "raw_data_size": "9995"}}