{"user_4_550": {"weights": [1.0], "gauss": [-0.19436074330315506, 0.0009085775963553606, 0.5], "max": [-0.1920204025059149], "min": [-0.19670108410039522], "raw_data_size": "9996"}}