{"user_5_2934": {"weights": [1.0], "gauss": [0.5720423512175709, 0.0022080006915463904, 0.5], "max": [0.5777297841011123], "min": [0.5663549183340294], "raw_data_size": "9994"}}