{"user_2_4038": {"weights": 1, "gauss": [-0.3350246477517202, 0.0023030906229622857, 0.5], "max": [-0.32909227943636526], "min": [-0.3409570160670751], "raw_data_size": "9991"}}