{"user_2_647": {"weights": [1.0], "gauss": [0.39539851459218534, 0.0005527456663506337, 0.5], "max": [0.39682229307698097], "min": [0.3939747361073897], "raw_data_size": "9991"}}