{"user_3_647": {"weights": [1.0], "gauss": [0.3955091529957779, 0.0005569089215845525, 0.5], "max": [0.3969436553154032], "min": [0.39407465067615255], "raw_data_size": "9991"}}