{"user_2_835": {"weights": [0.16663623954225654, 0.17565806252491536, 0.2870430593189602, 0.3706626386138679], "gauss": [0.3056946061187966, 1.6695345431429587e-05, 0.08331811977112827, 0.3639409267371882, 0.00017190147399398403, 0.08782903126245768, 0.29002510737886483, 0.00015027467895273216, 0.1435215296594801, 0.32552403568906024, 6.0464549331658675e-05, 0.18533131930693394], "max": [0.3057376104787918, 0.3643837155912252, 0.2904121893004927, 0.3256797820470546], "min": [0.30565160175880146, 0.3634981378831512, 0.289638025457237, 0.3253682893310659], "raw_data_size": "57"}}