{"user_1_2304": {"weights": [0.116747915, 0.883252085], "gauss": [0.150329897, 0.0007080713, 0.0583739575, 0.0268388438, 0.0015374477, 0.4416260425], "max": [0.1521537679, 0.0307990467], "min": [0.1485060262, 0.0228786409], "raw_data_size": "30"}, "user_2_2304": {"weights": [0.0530633035, 0.0872862457, 0.2130121503, 0.2592783764, 0.387359924], "gauss": [0.1698883067, 0.0001512563, 0.0265316518, 0.1259577863, 4.09423e-05, 0.0436431229, 0.0688350036, 0.0001149871, 0.1065060752, 0.0394716453, 0.0001206418, 0.1296391882, -0.0061607051, 0.0004454819, 0.193679962], "max": [0.1702779172, 0.1260632468, 0.0691311907, 0.0397823978, -0.0050132198], "min": [0.1694986962, 0.1258523258, 0.0685388164, 0.0391608927, -0.0073081904], "raw_data_size": "57"}, "user_3_2304": {"weights": [0.1625705045, 0.0003832281, 0.0408614083, -0.0338439668, 0.0003026091, 0.060259156, 0.1017586525, 0.000113951, 0.0883727092, 0.0073184114, 0.0001629801, 0.1306471753, 0.0461491899, 0.0002695748, 0.1798595513], "gauss": [0.1625705045, 0.0003832281, 0.0408614083, -0.0338439668, 0.0003026091, 0.060259156, 0.1017586525, 0.000113951, 0.0883727092, 0.0073184114, 0.0001629801, 0.1306471753, 0.0461491899, 0.0002695748, 0.1798595513], "max": [0.1635576347, -0.0330644975, 0.1020521707, 0.0077382202, 0.0468435685], "min": [0.1615833743, -0.034623436, 0.1014651343, 0.0068986025, 0.0454548113], "raw_data_size": "70"}}