{"user_1_2120": {"weights": [0.033314114354579094, 0.21225549905694852, 0.7544303865884725], "gauss": [0.35333850979804915, 1.0000000002775557e-06, 0.016657057177289547, 0.4146134702105156, 0.00029453349794242203, 0.10612774952847426, 0.46368505518663106, 0.00032340558120036347, 0.37721519329423625], "max": [0.3533410856273534, 0.41537213822539243, 0.4645180927596182], "min": [0.3533359339687449, 0.41385480219563875, 0.4628520176136439], "raw_data_size": "30"}}