{"user_1_3352": {"weights": [0.09938229558256512, 0.44224810856153196, 0.4583695958559029], "gauss": [0.13568606180899684, 9.940133551169072e-06, 0.04969114779128256, 0.23344911148743794, 0.00026563015327390235, 0.22112405428076598, 0.1879989887983842, 0.0002509379155564974, 0.22918479792795146], "max": [0.13571166589627912, 0.23413332942014703, 0.1886453620346461], "min": [0.13566045772171456, 0.23276489355472885, 0.1873526155621223], "raw_data_size": "30"}}