{"user_2_3932": {"weights": [0.1077890736, 0.1988289287, 0.2922115803, 0.4011704175], "gauss": [-0.1176758068, 0.0002185865, 0.0538945368, -0.3057204003, 0.0011285385, 0.0994144643, -0.2258424371, 0.0002260259, 0.1461057901, -0.1720408973, 0.000188121, 0.2005852088], "max": [-0.1171127654, -0.3028134777, -0.2252602329, -0.1715563296], "min": [-0.1182388482, -0.3086273229, -0.2264246413, -0.1725254649], "raw_data_size": "57"}, "user_1_3932": {"weights": [0.1495897011, 0.2003166704, 0.6500936285], "gauss": [-0.2325153561, 1.11035e-05, 0.0747948505, -0.3036893224, 0.0006289046, 0.1001583352, -0.1721844872, 0.0008874214, 0.3250468143], "max": [-0.2324867554, -0.3020693714, -0.169898641], "min": [-0.2325439569, -0.3053092735, -0.1744703333], "raw_data_size": "30"}, "user_3_3932": {"weights": [-0.0580540853, 4.15879e-05, 0.035703047, -0.3520895292, 0.0008681533, 0.0574687527, -0.2929563988, 0.0002337808, 0.1137086947, -0.2212386257, 0.0002423405, 0.1445897852, -0.1718979309, 0.0006794156, 0.1485297205], "gauss": [-0.0580540853, 4.15879e-05, 0.035703047, -0.3520895292, 0.0008681533, 0.0574687527, -0.2929563988, 0.0002337808, 0.1137086947, -0.2212386257, 0.0002423405, 0.1445897852, -0.1718979309, 0.0006794156, 0.1485297205], "max": [-0.0579469621, -0.3498533145, -0.2923542194, -0.220614398, -0.1701478724], "min": [-0.0581612085, -0.3543257439, -0.2935585781, -0.2218628534, -0.1736479894], "raw_data_size": "70"}}