{"user_2_3489": {"weights": [0.035033968631839475, 0.14288187588003837, 0.20328368472467162, 0.28218698914989687, 0.33661348161355364], "gauss": [0.16501826488543817, 3.3410016242488005e-06, 0.017516984315919738, 0.1485501027555253, 1.653294045177761e-05, 0.07144093794001918, 0.11094939637643857, 2.020373319752068e-05, 0.10164184236233581, 0.13101755682383387, 2.2547476494451768e-05, 0.14109349457494844, 0.11862992729316944, 1.0495734736797435e-05, 0.16830674080677682], "max": [0.1650268707353251, 0.14859268878801482, 0.11100143774444983, 0.13107563527450936, 0.11865696251426676], "min": [0.16500965903555123, 0.14850751672303578, 0.1108973550084273, 0.13095947837315838, 0.11860289207207213], "raw_data_size": "57"}}