{"user_3_1496": {"weights": [1.0], "gauss": [0.4446403335666566, 0.0017161821609381056, 0.5], "max": [0.44906092586702884], "min": [0.4402197412662844], "raw_data_size": "9991"}}