{"user_1_1951": {"weights": [0.03333332354644312, 0.22970076554731986, 0.7369659109062371], "gauss": [0.9096455574035625, 1.0000000017763568e-06, 0.01666666177322156, 0.7972672750669402, 0.0001923191862196184, 0.11485038277365993, 0.7355980052855746, 0.0010534518043563135, 0.36848295545311854], "max": [0.9096481332328705, 0.7977626564624394, 0.7383115173131121], "min": [0.9096429815742544, 0.796771893671441, 0.7328844932580372], "raw_data_size": "30"}}