{"user_2_2521": {"weights": [0.1441857872, 0.2535621969, 0.2750492076, 0.3272028083], "gauss": [0.1721977145, 2.3053e-05, 0.0720928936, 0.1506775628, 5.78201e-05, 0.1267810984, 0.1112170863, 0.0001393016, 0.1375246038, 0.1935784059, 4.02157e-05, 0.1636014042], "max": [0.1722570951, 0.1508264976, 0.1115759033, 0.1936819948], "min": [0.172138334, 0.150528628, 0.1108582693, 0.1934748171], "raw_data_size": "57"}, "user_3_2521": {"weights": [0.1377899938, 0.1493854232, 0.1812776271, 0.2015370838, 0.3300098721], "gauss": [0.1157792069, 0.0002647149, 0.0688949969, 0.2104005685, 4.39005e-05, 0.0746927116, 0.1913885971, 3.23883e-05, 0.0906388135, 0.1442525177, 0.0001427131, 0.1007685419, 0.1712709867, 5.8558e-05, 0.1650049361], "max": [0.1164610672, 0.2105136487, 0.1914720239, 0.1446201222, 0.1714218222], "min": [0.1150973467, 0.2102874882, 0.1913051704, 0.1438849131, 0.1711201512], "raw_data_size": "70"}, "user_1_2521": {"weights": [0.1339739132, 0.1839262431, 0.3048097538, 0.3772900899], "gauss": [0.1243849462, 3.00403e-05, 0.0669869566, 0.1085463968, 3.12691e-05, 0.0919631216, 0.1934402578, 3.18478e-05, 0.1524048769, 0.1588686563, 0.0002328437, 0.188645045], "max": [0.124462325, 0.1086269407, 0.1935222924, 0.159468422], "min": [0.1243075675, 0.1084658529, 0.1933582231, 0.1582688905], "raw_data_size": "30"}}