{"user_1_1307": {"weights": [0.0909610269, 0.2911435988, 0.6178953742], "gauss": [-0.037970626, 0.0004813549, 0.0454805135, 0.0440487108, 0.0001196568, 0.1455717994, 0.0156519536, 0.0001269852, 0.3089476871], "max": [-0.0367307379, 0.0443569263, 0.0159790458], "min": [-0.0392105141, 0.0437404954, 0.0153248614], "raw_data_size": "30"}, "user_2_1307": {"weights": [0.0350786232, 0.1910359414, 0.2512179317, 0.2548362469, 0.2678312568], "gauss": [-0.0646847165, 1.49497e-05, 0.0175393116, -0.0091626564, 0.0001569163, 0.0955179707, 0.0337142463, 7.88543e-05, 0.1256089659, 0.0137244232, 1.66096e-05, 0.1274181235, 0.0578565223, 0.0002298647, 0.1339156284], "max": [-0.0646462087, -0.0087584669, 0.0339173616, 0.0137672067, 0.0584486145], "min": [-0.0647232243, -0.0095668459, 0.033511131, 0.0136816397, 0.0572644301], "raw_data_size": "57"}, "user_3_1307": {"weights": [0.0678370338, 0.1805913514, 0.2224524494, 0.5291191654], "gauss": [-0.0538313677, 8.59844e-05, 0.0339185169, 0.0729308422, 0.0003142877, 0.0902956757, -0.0062157421, 9.62651e-05, 0.1112262247, 0.0327936748, 0.00016481, 0.2645595827], "max": [-0.0536098865, 0.0737403935, -0.0059677797, 0.0332181972], "min": [-0.0540528489, 0.0721212908, -0.0064637044, 0.0323691524], "raw_data_size": "70"}}