{"user_3_332": {"weights": [1.0], "gauss": [0.2403568094, 0.0008820012, 0.5], "max": [0.2426286939], "min": [0.2380849249], "raw_data_size": "9991"}, "user_2_332": {"weights": [1.0], "gauss": [0.2399888977, 0.0008490324, 0.5], "max": [0.2421758602], "min": [0.2378019353], "raw_data_size": "9991"}, "user_5_332": {"weights": [1.0], "gauss": [0.2399692314, 0.0008873481, 0.5], "max": [0.2422548887], "min": [0.2376835741], "raw_data_size": "9994"}, "user_1_332": {"weights": [1.0], "gauss": [0.2404245162, 0.0009146583, 0.5], "max": [0.2427805199], "min": [0.2380685125], "raw_data_size": "9995"}, "user_6_332": {"weights": [1.0], "gauss": [0.2405400987, 0.000874494, 0.5], "max": [0.2427926459], "min": [0.2382875515], "raw_data_size": "9993"}, "user_4_332": {"weights": [1.0], "gauss": [0.2402072718, 0.0009058316, 0.5], "max": [0.2425405394], "min": [0.2378740043], "raw_data_size": "9996"}}