{"user_4_2646": {"weights": 1, "gauss": [-0.6770695188108168, 0.0009661039849663534, 0.5], "max": [-0.6745809998560651], "min": [-0.6795580377655684], "raw_data_size": "9996"}}