{"user_6_2267": {"weights": [1.0], "gauss": [0.25267525612561775, 0.0015949401550322112, 0.5], "max": [0.2567835497143566], "min": [0.24856696253687896], "raw_data_size": "9993"}}