{"user_2_1370": {"weights": 1, "gauss": [0.1242668428, 0.0009861122, 0.5], "max": [0.1268068993], "min": [0.1217267862], "raw_data_size": "9991"}, "user_4_1370": {"weights": 1, "gauss": [0.124339808, 0.0010194417, 0.5], "max": [0.1269657157], "min": [0.1217139003], "raw_data_size": "9996"}, "user_3_1370": {"weights": 1, "gauss": [0.1245469988, 0.0010056659, 0.5], "max": [0.1271374225], "min": [0.1219565751], "raw_data_size": "9991"}, "user_1_1370": {"weights": 1, "gauss": [0.1245831547, 0.0010082014, 0.5], "max": [0.1271801096], "min": [0.1219861999], "raw_data_size": "9995"}, "user_5_1370": {"weights": 1, "gauss": [0.1240787955, 0.0010027926, 0.5], "max": [0.1266618181], "min": [0.1214957729], "raw_data_size": "9994"}, "user_6_1370": {"weights": 1, "gauss": [0.125025045, 0.0009936539, 0.5], "max": [0.1275845278], "min": [0.1224655622], "raw_data_size": "9993"}}