{"user_4_3321": {"weights": 1, "gauss": [0.09194083588026802, 0.001841176090041069, 0.5], "max": [0.0966833912059894], "min": [0.08719828055454665], "raw_data_size": "9996"}}