{"user_1_1747": {"weights": [0.0333333319694608, 0.12568932629688387, 0.3328633013916144, 0.508114040342041], "gauss": [0.03767211362719522, 1.0000000000030357e-06, 0.0166666659847304, 0.11289857293040025, 0.00010225497248862809, 0.06284466314844193, 0.25584465193700195, 0.0007611052713374079, 0.1664316506958072, 0.17366526760321843, 0.0005670007455493867, 0.2540570201710205], "max": [0.037674689456498774, 0.11316196428497004, 0.25780512919799836, 0.17512576473873862], "min": [0.037669537797891665, 0.11263518157583045, 0.25388417467600555, 0.17220477046769825], "raw_data_size": "30"}}