{"user_6_4023": {"weights": [1.0], "gauss": [-0.2683359336, 0.0014966044, 0.5], "max": [-0.2644809363], "min": [-0.272190931], "raw_data_size": "9993"}, "user_2_4023": {"weights": [1.0], "gauss": [-0.2677582403, 0.0014883081, 0.5], "max": [-0.2639246127], "min": [-0.2715918678], "raw_data_size": "9991"}, "user_1_4023": {"weights": [1.0], "gauss": [-0.268201057, 0.0015256139, 0.5], "max": [-0.264271336], "min": [-0.272130778], "raw_data_size": "9995"}, "user_3_4023": {"weights": [1.0], "gauss": [-0.2678914531, 0.0014644854, 0.5], "max": [-0.2641191887], "min": [-0.2716637176], "raw_data_size": "9991"}, "user_4_4023": {"weights": [1.0], "gauss": [-0.267877661, 0.0014733603, 0.5], "max": [-0.2640825365], "min": [-0.2716727856], "raw_data_size": "9996"}, "user_5_4023": {"weights": [1.0], "gauss": [-0.2689850611, 0.0014783224, 0.5], "max": [-0.2651771551], "min": [-0.2727929672], "raw_data_size": "9994"}}