{"user_3_987": {"weights": [1.0], "gauss": [-0.3379878702, 0.0013172925, 0.5], "max": [-0.3345947497], "min": [-0.3413809908], "raw_data_size": "9991"}, "user_2_987": {"weights": [1.0], "gauss": [-0.3375252057, 0.0013052095, 0.5], "max": [-0.3341632089], "min": [-0.3408872025], "raw_data_size": "9991"}, "user_5_987": {"weights": [1.0], "gauss": [-0.3380092644, 0.001294264, 0.5], "max": [-0.3346754612], "min": [-0.3413430675], "raw_data_size": "9994"}, "user_6_987": {"weights": [1.0], "gauss": [-0.3385188749, 0.0012945416, 0.5], "max": [-0.3351843568], "min": [-0.3418533931], "raw_data_size": "9993"}, "user_4_987": {"weights": [1.0], "gauss": [-0.3378568379, 0.0013024651, 0.5], "max": [-0.33450191], "min": [-0.3412117658], "raw_data_size": "9996"}, "user_1_987": {"weights": [1.0], "gauss": [-0.338347952, 0.0013006183, 0.5], "max": [-0.3349977813], "min": [-0.3416981227], "raw_data_size": "9995"}}