{"user_1_3263": {"weights": [0.1000032580067327, 0.23876666171804542, 0.2722638863497226, 0.3889661939254993], "gauss": [-1.1679560833540135, 0.00024359104468016268, 0.05000162900336635, -1.0832405370575666, 0.00012583528326012738, 0.11938333085902271, -1.0478002589614641, 0.0001323361118726597, 0.1361319431748613, -0.9780897397931627, 0.0011058845454924016, 0.19448309696274965], "max": [-1.1673286344030442, -1.0829164068475248, -1.0474593837265849, -0.9752411699745416], "min": [-1.1685835323049827, -1.0835646672676085, -1.0481411341963434, -0.9809383096117839], "raw_data_size": "30"}}