{"user_1_3889": {"weights": [0.0666316477, 0.1665516837, 0.1987054653, 0.2787799773, 0.289331226], "gauss": [0.4320783445, 1.2495e-06, 0.0333158238, 0.5388211164, 1.06498e-05, 0.0832758419, 0.5181675016, 2.02712e-05, 0.0993527326, 0.4703901843, 0.0001099389, 0.1393899887, 0.490963452, 6.30009e-05, 0.144665613], "max": [0.4320815631, 0.5388485486, 0.5182197168, 0.470673368, 0.4911257316], "min": [0.4320751259, 0.5387936842, 0.5181152864, 0.4701070006, 0.4908011725], "raw_data_size": "30"}, "user_2_3889": {"weights": [0.146652249, 0.2497817624, 0.2634971669, 0.3400688217], "gauss": [0.4443589036, 0.0003986117, 0.0733261245, 0.5378783011, 7.18717e-05, 0.1248908812, 0.5125834521, 0.0001150389, 0.1317485835, 0.4787652849, 0.0001190199, 0.1700344108], "max": [0.4453856593, 0.5380634303, 0.5128797728, 0.47907186], "min": [0.4433321479, 0.5376931719, 0.5122871315, 0.4784587099], "raw_data_size": "57"}, "user_3_3889": {"weights": [0.0858485493, 0.2151470664, 0.325812796, 0.3731915884], "gauss": [0.403379357, 0.0001363623, 0.0429242746, 0.4933299234, 4.19238e-05, 0.1075735332, 0.5288226698, 0.0002994893, 0.162906398, 0.4636192025, 0.0001308891, 0.1865957942], "max": [0.4037306032, 0.4934379118, 0.5295941031, 0.4639563505], "min": [0.4030281109, 0.4932219349, 0.5280512366, 0.4632820544], "raw_data_size": "70"}}