{"user_5_849": {"weights": [1.0], "gauss": [0.048225526148419816, 0.0011861217006869536, 0.5], "max": [0.05128077318262453], "min": [0.0451702791142151], "raw_data_size": "9994"}}