{"user_2_2719": {"weights": [0.11553096082403276, 0.35367624574111733, 0.5307927934348498], "gauss": [-0.02244114651031098, 0.0006120669654191665, 0.05776548041201638, 0.03075632295384209, 0.0001960804043601512, 0.17683812287055867, 0.07412261970117379, 0.00040574667177477916, 0.2653963967174249], "max": [-0.02086456648505004, 0.03126139260524469, 0.0751677538681487], "min": [-0.02401772653557192, 0.030251253302439496, 0.07307748553419888], "raw_data_size": "57"}}