{"user_2_1078": {"weights": [0.1356130122406061, 0.19071576030403511, 0.3130129539699707, 0.3606582734853881], "gauss": [-1.0852731912867963, 0.0009532011926534901, 0.06780650612030305, -1.0145150722064145, 8.461655595856554e-05, 0.09535788015201756, -0.9045786653845267, 0.00053655906008107, 0.15650647698498535, -0.9567135402479067, 0.0003976004526166911, 0.18032913674269405], "max": [-1.0828179077225817, -1.014297114402011, -0.9031965808344852, -0.9556893893509523], "min": [-1.087728474851011, -1.014733030010818, -0.9059607499345682, -0.9577376911448611], "raw_data_size": "57"}}