{"user_1_902": {"weights": [1.0], "gauss": [0.04418324452566625, 0.001165070387837156, 0.5], "max": [0.04718426697135428], "min": [0.04118222207997822], "raw_data_size": "9995"}}