{"user_4_902": {"weights": 1, "gauss": [0.04373275209819027, 0.00113341918556587, 0.5], "max": [0.046652246449575364], "min": [0.04081325774680517], "raw_data_size": "9996"}}