{"user_5_3188": {"weights": 1, "gauss": [-0.014141496763453611, 0.0014690980205918885, 0.5], "max": [-0.01035735103222734], "min": [-0.017925642494679882], "raw_data_size": "9994"}}