{"user_2_1489": {"weights": [0.04461318022976921, 0.000636869220269817, 0.039154430564923605, 0.11358110600212838, 4.277399998832494e-05, 0.0897086410936278, 0.08481656819180167, 0.00013761747368386503, 0.10247792630895475, 0.14059351695668404, 0.00012416883044939664, 0.12925250419736992, 0.16325911925802622, 0.00020071879223850894, 0.13940649783512388], "gauss": [0.04461318022976921, 0.000636869220269817, 0.039154430564923605, 0.11358110600212838, 4.277399998832494e-05, 0.0897086410936278, 0.08481656819180167, 0.00013761747368386503, 0.10247792630895475, 0.14059351695668404, 0.00012416883044939664, 0.12925250419736992, 0.16325911925802622, 0.00020071879223850894, 0.13940649783512388], "max": [0.04625364662986855, 0.1136912845247283, 0.08517104731319694, 0.140913354668743, 0.1637761366048471], "min": [0.04297271382966988, 0.11347092747952846, 0.0844620890704064, 0.14027367924462508, 0.16274210191120533], "raw_data_size": "57"}}