{"user_6_2349": {"weights": [1.0], "gauss": [0.36280848278634587, 0.0011042048166273733, 0.5], "max": [0.3656527259101345], "min": [0.35996423966255725], "raw_data_size": "9993"}}