{"user_5_2224": {"weights": [1.0], "gauss": [-0.04898675649896033, 0.0006702510066196598, 0.5], "max": [-0.04726030431537626], "min": [-0.0507132086825444], "raw_data_size": "9994"}}