{"user_5_3309": {"weights": 1, "gauss": [-0.38519897403536896, 0.0006208633415635258, 0.5], "max": [-0.38359973604667036], "min": [-0.38679821202406756], "raw_data_size": "9994"}}