{"user_4_211": {"weights": 1, "gauss": [0.16676695451715762, 0.001086702201167285, 0.5], "max": [0.1695661138911554], "min": [0.16396779514315984], "raw_data_size": "9996"}}