{"user_1_3526": {"weights": 1, "gauss": [0.413790302173003, 0.002341101212902429, 0.5], "max": [0.41982057927977096], "min": [0.40776002506623504], "raw_data_size": "9995"}}