{"user_4_3526": {"weights": 1, "gauss": [0.41232242674518693, 0.0022660430364733744, 0.5], "max": [0.41815936680163796], "min": [0.4064854866887359], "raw_data_size": "9996"}}