{"user_3_3526": {"weights": [1.0], "gauss": [0.41275144589704144, 0.002338399819063363, 0.5], "max": [0.4187747646743983], "min": [0.4067281271196846], "raw_data_size": "9991"}}