{"user_4_2834": {"weights": [1.0], "gauss": [0.2697928162395697, 0.0005042320900746068, 0.5], "max": [0.2710916320329736], "min": [0.2684940004461658], "raw_data_size": "9996"}}