{"user_3_2834": {"weights": 1, "gauss": [0.2698227001844976, 0.0004888423016771022, 0.5], "max": [0.2710818745099718], "min": [0.26856352585902343], "raw_data_size": "9991"}}