{"user_2_1804": {"weights": [-0.6462209268303861, 3.370880727853297e-06, 0.01751437418463946, -0.5404582340908101, 2.419106926890191e-05, 0.05488366722595219, -0.5053637267775991, 0.00014755803613672358, 0.07179450663730975, -0.5681795434405843, 0.0001502930997637476, 0.17382887771617772, -0.5931710648026156, 0.0002009085159991587, 0.18197857423592087], "gauss": [-0.6462209268303861, 3.370880727853297e-06, 0.01751437418463946, -0.5404582340908101, 2.419106926890191e-05, 0.05488366722595219, -0.5053637267775991, 0.00014755803613672358, 0.07179450663730975, -0.5681795434405843, 0.0001502930997637476, 0.17382887771617772, -0.5931710648026156, 0.0002009085159991587, 0.18197857423592087], "max": [-0.6462122440170286, -0.5403959220257031, -0.504983642464144, -0.5677924140700916, -0.5926535587597724], "min": [-0.6462296096437437, -0.540520546155917, -0.5057438110910543, -0.568566672811077, -0.5936885708454588], "raw_data_size": "57"}}