{"user_2_3809": {"weights": [1.0], "gauss": [-0.29561476934323566, 0.0017365083293463107, 0.5], "max": [-0.2911418203026487], "min": [-0.30008771838382264], "raw_data_size": "9991"}}