{"user_6_3588": {"weights": [1.0], "gauss": [0.6507039943232157, 0.0008400756076023798, 0.5], "max": [0.6528678856904745], "min": [0.6485401029559569], "raw_data_size": "9993"}}