{"user_1_3177": {"weights": [0.16981009715561338, 0.18598017110109047, 0.20006726784453674, 0.44414246389875933], "gauss": [-0.4179626716501013, 0.00012123347907352821, 0.08490504857780669, -0.45678369654010903, 0.0001738194937182237, 0.09299008555054523, -0.5187668609753121, 4.175071421277831e-05, 0.10003363392226837, -0.48624589827902653, 7.422170934842553e-05, 0.22207123194937967], "max": [-0.4176503949021325, -0.4563359671946616, -0.5186593182621987, -0.4860547158251274], "min": [-0.4182749483980701, -0.4572314258855565, -0.5188744036884255, -0.4864370807329257], "raw_data_size": "30"}}