{"user_2_4093": {"weights": [1.0], "gauss": [-0.5853663674, 0.0043511775, 0.5], "max": [-0.5741584769], "min": [-0.5965742579], "raw_data_size": "9991"}, "user_3_4093": {"weights": [1.0], "gauss": [-0.5836256829, 0.0044051721, 0.5], "max": [-0.5722787114], "min": [-0.5949726544], "raw_data_size": "9991"}, "user_4_4093": {"weights": [1.0], "gauss": [-0.5835236441, 0.0044431839, 0.5], "max": [-0.5720787609], "min": [-0.5949685274], "raw_data_size": "9996"}, "user_6_4093": {"weights": [1.0], "gauss": [-0.583291323, 0.0043139453, 0.5], "max": [-0.5721793362], "min": [-0.5944033098], "raw_data_size": "9993"}, "user_5_4093": {"weights": [1.0], "gauss": [-0.583776865, 0.0043434294, 0.5], "max": [-0.5725889324], "min": [-0.5949647976], "raw_data_size": "9994"}, "user_1_4093": {"weights": [1.0], "gauss": [-0.5833903047, 0.0044054427, 0.5], "max": [-0.5720426363], "min": [-0.5947379731], "raw_data_size": "9995"}}