{"user_1_3713": {"weights": [-0.0574951324, 1.3425e-06, 0.0333112113, -0.1404523459, 3.42608e-05, 0.0648470694, -0.1172100751, 4.55013e-05, 0.0939118713, -0.0857489097, 5.60163e-05, 0.1501632946, -0.167412103, 0.0001397797, 0.1577665533], "gauss": [-0.0574951324, 1.3425e-06, 0.0333112113, -0.1404523459, 3.42608e-05, 0.0648470694, -0.1172100751, 4.55013e-05, 0.0939118713, -0.0857489097, 5.60163e-05, 0.1501632946, -0.167412103, 0.0001397797, 0.1577665533], "max": [-0.0574916743, -0.1403640958, -0.1170928714, -0.0856046214, -0.1670520543], "min": [-0.0574985905, -0.140540596, -0.1173272787, -0.0858931981, -0.1677721516], "raw_data_size": "30"}, "user_2_3713": {"weights": [1.0], "gauss": [-0.1216959551, 0.0015830254, 0.5], "max": [-0.1176183518], "min": [-0.1257735583], "raw_data_size": "57"}, "user_3_3713": {"weights": [0.1658623358, 0.3178581517, 0.5162795125], "gauss": [-0.042621507, 0.0005722809, 0.0829311679, -0.1035566262, 0.0002761619, 0.1589290758, -0.1438195523, 0.0003027524, 0.2581397563], "max": [-0.0411474091, -0.1028452801, -0.1430397139], "min": [-0.0440956049, -0.1042679722, -0.1445993907], "raw_data_size": "70"}}