{"user_3_237": {"weights": [0.004453432252830292, 1.1908264011267097e-05, 0.06860768722959698, 0.07035737794833107, 5.9990816599155564e-05, 0.07744002584099813, 0.04309403976920098, 4.872826940079174e-05, 0.09346677222542782, -0.015206165179428001, 9.6004784103209e-05, 0.09361845585571735, 0.019126790602683665, 3.130022940331338e-05, 0.16686705884825978], "gauss": [0.004453432252830292, 1.1908264011267097e-05, 0.06860768722959698, 0.07035737794833107, 5.9990816599155564e-05, 0.07744002584099813, 0.04309403976920098, 4.872826940079174e-05, 0.09346677222542782, -0.015206165179428001, 9.6004784103209e-05, 0.09361845585571735, 0.019126790602683665, 3.130022940331338e-05, 0.16686705884825978], "max": [0.004484105908224911, 0.070511904051671, 0.04321955547343476, -0.014958873243254069, 0.019207414650788523], "min": [0.004422758597435673, 0.07020285184499113, 0.0429685240649672, -0.015453457115601933, 0.019046166554578806], "raw_data_size": "70"}}