{"user_2_2472": {"weights": [-0.07470920681953414, 1.0000000000112757e-06, 0.008771687370203571, -0.2829504498489954, 0.0003628568670062522, 0.06281137207538937, -0.21166241376983086, 0.00023002202497291496, 0.11973892216211085, -0.1822737369451656, 0.000240617754147263, 0.12804943198061125, -0.13323131757858003, 0.00015504305168958965, 0.18062858641168497], "gauss": [-0.07470920681953414, 1.0000000000112757e-06, 0.008771687370203571, -0.2829504498489954, 0.0003628568670062522, 0.06281137207538937, -0.21166241376983086, 0.00023002202497291496, 0.11973892216211085, -0.1822737369451656, 0.000240617754147263, 0.12804943198061125, -0.13323131757858003, 0.00015504305168958965, 0.18062858641168497], "max": [-0.07470663099023056, -0.28201579249796677, -0.21106991629744395, -0.18165394668307897, -0.13283195314272633], "min": [-0.07471178264883771, -0.2838851072000241, -0.21225491124221776, -0.18289352720725224, -0.13363068201443373], "raw_data_size": "57"}}