{"user_4_1332": {"weights": 1, "gauss": [0.17432812265295006, 0.0007014904058550837, 0.5], "max": [0.17613504219651], "min": [0.17252120310939012], "raw_data_size": "9996"}}