{"user_3_378": {"weights": [0.2348737953, 0.0001066383, 0.0252188795, 0.3676237064, 5.9045e-05, 0.0695062656, 0.3112134675, 8.57604e-05, 0.0885657015, 0.3381076132, 8.20593e-05, 0.1518915763, 0.275039284, 0.0001874212, 0.1648175771], "gauss": [0.2348737953, 0.0001066383, 0.0252188795, 0.3676237064, 5.9045e-05, 0.0695062656, 0.3112134675, 8.57604e-05, 0.0885657015, 0.3381076132, 8.20593e-05, 0.1518915763, 0.275039284, 0.0001874212, 0.1648175771], "max": [0.2351484773, 0.3677757962, 0.3114343717, 0.338318984, 0.2755220491], "min": [0.2345991132, 0.3674716166, 0.3109925633, 0.3378962424, 0.274556519], "raw_data_size": "70"}, "user_2_378": {"weights": [0.0713613793, 0.1975788009, 0.2234799121, 0.2347399989, 0.2728399087], "gauss": [0.3974135776, 6.98204e-05, 0.0356806897, 0.2591247164, 5.35151e-05, 0.0987894005, 0.3580351178, 0.0001251578, 0.1117399561, 0.3024019176, 0.000192034, 0.1173699995, 0.3296772542, 0.0001640698, 0.1364199543], "max": [0.3975934229, 0.2592625621, 0.3583575029, 0.3028965643, 0.3300998699], "min": [0.3972337323, 0.2589868707, 0.3577127328, 0.3019072709, 0.3292546385], "raw_data_size": "57"}, "user_1_378": {"weights": [0.0333322072, 0.2652115942, 0.3010867339, 0.4003694647], "gauss": [0.3963640332, 1e-06, 0.0166661036, 0.2596495861, 7.17946e-05, 0.1326057971, 0.3529042892, 8.95512e-05, 0.1505433669, 0.3179128193, 0.0001923417, 0.2001847324], "max": [0.3963666091, 0.2598345168, 0.3531349579, 0.3184082587], "min": [0.3963614574, 0.2594646554, 0.3526736205, 0.3174173799], "raw_data_size": "30"}}