{"user_2_3997": {"weights": [0.33664390444755476, 1.0000000002359223e-06, 0.008771917534737508, 0.2053542043558321, 4.091767454787631e-05, 0.017403830101216, 0.2705297213522574, 9.344891971121882e-05, 0.11226797818376962, 0.28831838109582963, 8.334753763557145e-05, 0.17222257623723417, 0.24613001024099046, 9.474396674573237e-05, 0.18933369794304267], "gauss": [0.33664390444755476, 1.0000000002359223e-06, 0.008771917534737508, 0.2053542043558321, 4.091767454787631e-05, 0.017403830101216, 0.2705297213522574, 9.344891971121882e-05, 0.11226797818376962, 0.28831838109582963, 8.334753763557145e-05, 0.17222257623723417, 0.24613001024099046, 9.474396674573237e-05, 0.18933369794304267], "max": [0.3366464802768589, 0.2054596013009656, 0.27077042981803456, 0.28853307012565, 0.24637405452686859], "min": [0.33664132861825063, 0.2052488074106986, 0.2702890128864802, 0.2881036920660093, 0.24588596595511233], "raw_data_size": "57"}}