{"user_1_3978": {"weights": [0.109627979, 0.2636878169, 0.3007964672, 0.325887737], "gauss": [-0.2536108128, 0.001878675, 0.0548139895, -0.3490176331, 0.0004658381, 0.1318439084, -0.4900645825, 0.0019859203, 0.1503982336, -0.4289627688, 0.0009355243, 0.1629438685], "max": [-0.2487716667, -0.3478177136, -0.4849491907, -0.4265530179], "min": [-0.2584499589, -0.3502175525, -0.4951799743, -0.4313725196], "raw_data_size": "30"}, "user_3_3978": {"weights": [0.0714279963, 0.080083786, 0.0950861295, 0.376268306, 0.3771337822], "gauss": [-0.5893859343, 0.0001069434, 0.0357139982, -0.5218912049, 7.45118e-05, 0.040041893, -0.270936952, 0.0006746774, 0.0475430647, -0.4503524781, 0.0005948332, 0.188134153, -0.3588643285, 0.0008124165, 0.1885668911], "max": [-0.5891104664, -0.5216992753, -0.269199098, -0.4488202892, -0.3567716824], "min": [-0.5896614022, -0.5220831345, -0.2726748059, -0.4518846669, -0.3609569747], "raw_data_size": "70"}, "user_2_3978": {"weights": [0.0933782406, 0.1234552429, 0.2030263232, 0.2212792399, 0.3588609534], "gauss": [-0.534496655, 0.0003666095, 0.0466891203, -0.2716474366, 0.0017924499, 0.0617276215, -0.3359137154, 0.0007042458, 0.1015131616, -0.4048218191, 0.0003660998, 0.1106396199, -0.4608108217, 0.0004847885, 0.1794304767], "max": [-0.5335523316, -0.2670303916, -0.3340996984, -0.4038788085, -0.4595620892], "min": [-0.5354409784, -0.2762644817, -0.3377277323, -0.4057648297, -0.4620595542], "raw_data_size": "57"}}