{"user_1_2968": {"weights": [-0.02705539552765926, 7.4038617143484086e-06, 0.0580179035551476, -0.048976211540899345, 9.508217573475541e-05, 0.06921772085445252, -0.012202302204269494, 3.3523961597226525e-05, 0.10514625631002868, 0.04520156804950792, 9.089267370475241e-05, 0.11675609215777727, 0.00614782613755569, 2.2999183028008722e-05, 0.1508620271225939], "gauss": [-0.02705539552765926, 7.4038617143484086e-06, 0.0580179035551476, -0.048976211540899345, 9.508217573475541e-05, 0.06921772085445252, -0.012202302204269494, 3.3523961597226525e-05, 0.10514625631002868, 0.04520156804950792, 9.089267370475241e-05, 0.11675609215777727, 0.00614782613755569, 2.2999183028008722e-05, 0.1508620271225939], "max": [-0.027036324443696018, -0.04873129608639658, -0.012115950201616309, 0.045435692061914536, 0.006207068107156919], "min": [-0.0270744666116225, -0.04922112699540211, -0.012288654206922678, 0.04496744403710131, 0.006088584167954461], "raw_data_size": "30"}}