{"user_2_1786": {"weights": [1.0], "gauss": [0.22259411996333384, 0.0017717008019149858, 0.5], "max": [0.22715771880602753], "min": [0.21803052112064014], "raw_data_size": "9991"}}