{"user_2_3835": {"weights": [1.0], "gauss": [0.3763099404500114, 0.0011663830112033635, 0.5], "max": [0.37931434398943065], "min": [0.3733055369105922], "raw_data_size": "9991"}}