{"user_3_2965": {"weights": [0.1194905335, 0.1378233043, 0.184661375, 0.2679197379, 0.2901050493], "gauss": [-0.1376513412, 0.0003364623, 0.0597452668, -0.3212067183, 0.0003075998, 0.0689116521, -0.1831121538, 0.0001043943, 0.0923306875, -0.2751971984, 7.75492e-05, 0.1339598689, -0.2323171586, 0.0002674435, 0.1450525246], "max": [-0.1367846716, -0.3204143938, -0.1828432518, -0.2749974448, -0.2316282697], "min": [-0.1385180107, -0.3219990428, -0.1833810558, -0.275396952, -0.2330060475], "raw_data_size": "70"}, "user_2_2965": {"weights": [0.1420438083, 0.2432133731, 0.279253576, 0.3354892426], "gauss": [-0.2586629143, 2.15947e-05, 0.0710219042, -0.1922455285, 0.000925432, 0.1216066865, -0.2296590255, 7.66535e-05, 0.139626788, -0.3178127132, 0.0015086916, 0.1677446213], "max": [-0.2586072901, -0.1898617737, -0.2294615792, -0.3139265811], "min": [-0.2587185385, -0.1946292833, -0.2298564718, -0.3216988454], "raw_data_size": "57"}, "user_1_2965": {"weights": [0.0553355316, 0.0666483999, 0.1723392694, 0.2713560421, 0.4343207571], "gauss": [-0.3666513177, 7.49824e-05, 0.0276677658, -0.1376405042, 4.21963e-05, 0.0333241999, -0.1940077404, 0.000146439, 0.0861696347, -0.3169552156, 0.0003753251, 0.135678021, -0.2403636426, 0.0003046401, 0.2171603785], "max": [-0.3664581758, -0.1375318137, -0.1936305386, -0.3159884422, -0.2395789417], "min": [-0.3668444595, -0.1377491948, -0.1943849422, -0.3179219891, -0.2411483436], "raw_data_size": "30"}}