{"user_6_3974": {"weights": 1, "gauss": [0.04269660780123232, 0.002845561879857082, 0.5], "max": [0.05002628947642989], "min": [0.03536692612603475], "raw_data_size": "9993"}}