{"user_2_3974": {"weights": 1, "gauss": [0.04403597543516719, 0.002833446553092785, 0.5], "max": [0.05133445009666321], "min": [0.036737500773671175], "raw_data_size": "9991"}}