{"user_3_830": {"weights": [1.0], "gauss": [0.6849132687861882, 0.00077473711255041, 0.5], "max": [0.6869088593432424], "min": [0.682917678229134], "raw_data_size": "9991"}}