{"user_2_2871": {"weights": [-0.041511537, 1.23014e-05, 0.0263110307, 0.0979682928, 0.000248936, 0.0639731803, 0.0013786232, 9.2554e-05, 0.0786474903, 0.0315576003, 8.32013e-05, 0.157629628, 0.0679849855, 9.74638e-05, 0.1734386707], "gauss": [-0.041511537, 1.23014e-05, 0.0263110307, 0.0979682928, 0.000248936, 0.0639731803, 0.0013786232, 9.2554e-05, 0.0786474903, 0.0315576003, 8.32013e-05, 0.157629628, 0.0679849855, 9.74638e-05, 0.1734386707], "max": [-0.0414798508, 0.0986095095, 0.0016170266, 0.0317719127, 0.0682360355], "min": [-0.0415432233, 0.097327076, 0.0011402198, 0.0313432878, 0.0677339354], "raw_data_size": "57"}, "user_1_2871": {"weights": [0.1595657633, 0.2268389656, 0.2339928493, 0.3796024217], "gauss": [0.0902818831, 0.0002147407, 0.0797828817, 0.0314452237, 2.21198e-05, 0.1134194828, 0.0041797515, 7.09091e-05, 0.1169964247, 0.0630392415, 5.5764e-05, 0.1898012109], "max": [0.0908350184, 0.0315022005, 0.0043624011, 0.06318288], "min": [0.0897287478, 0.031388247, 0.0039971019, 0.062895603], "raw_data_size": "30"}, "user_3_2871": {"weights": [0.0571560801, 0.1905977455, 0.2043718956, 0.2468628567, 0.301011422], "gauss": [-0.0343289339, 6.74336e-05, 0.0285780401, 0.0328160359, 7.02441e-05, 0.0952988728, 0.0005248972, 6.90905e-05, 0.1021859478, 0.0909317277, 0.0001541185, 0.1234314284, 0.0578838506, 8.27022e-05, 0.150505711], "max": [-0.0341552364, 0.0329969728, 0.0007028625, 0.0913287107, 0.0580968774], "min": [-0.0345026314, 0.032635099, 0.000346932, 0.0905347448, 0.0576708239], "raw_data_size": "70"}}