{"user_1_291": {"weights": [0.0333333333, 0.1904326357, 0.2259668549, 0.5502671761], "gauss": [0.037396621, 1e-06, 0.0166666667, 0.1260258036, 0.0001194975, 0.0952163178, 0.1714939518, 0.0002932831, 0.1129834275, 0.2434511871, 0.0007926385, 0.275133588], "max": [0.0373991968, 0.1263336088, 0.1722493991, 0.2454928885], "min": [0.0373940451, 0.1257179985, 0.1707385046, 0.2414094857], "raw_data_size": "30"}, "user_3_291": {"weights": [0.1123478224, 0.1539304708, 0.1827244073, 0.5509972995], "gauss": [0.3193105742, 0.0014396846, 0.0561739112, 0.2507327824, 0.0001132365, 0.0769652354, 0.2084038822, 5.47914e-05, 0.0913622036, 0.1473769722, 0.0017310425, 0.2754986498], "max": [0.3230189561, 0.2510244602, 0.2085450155, 0.1518358422], "min": [0.3156021923, 0.2504411046, 0.2082627489, 0.1429181022], "raw_data_size": "70"}, "user_2_291": {"weights": [0.099302058, 0.1400503726, 0.1536252769, 0.3020835081, 0.3049387845], "gauss": [0.1587348592, 0.0005741705, 0.049651029, 0.2878398923, 0.0004005367, 0.0700251863, 0.208928101, 0.0002827945, 0.0768126384, 0.2436850001, 0.0001937163, 0.151041754, 0.1306645151, 0.0014787872, 0.1524693922], "max": [0.1602138243, 0.2888716065, 0.2096565314, 0.2441839801, 0.1344736186], "min": [0.1572558941, 0.2868081781, 0.2081996706, 0.2431860201, 0.1268554117], "raw_data_size": "57"}}