{"user_3_1245": {"weights": [0.22033314492817796, 5.545687616289357e-05, 0.02089985976990195, 0.2639856897705504, 0.0001403206523764845, 0.05773949173326781, 0.2961898128644099, 0.00011513399409587743, 0.08069395673617923, 0.35147897035234155, 0.00013853488776657718, 0.14247774609709846, 0.3217753793979338, 8.154347519752258e-05, 0.19818894566355258], "gauss": [0.22033314492817796, 5.545687616289357e-05, 0.02089985976990195, 0.2639856897705504, 0.0001403206523764845, 0.05773949173326781, 0.2961898128644099, 0.00011513399409587743, 0.08069395673617923, 0.35147897035234155, 0.00013853488776657718, 0.14247774609709846, 0.3217753793979338, 8.154347519752258e-05, 0.19818894566355258], "max": [0.22047599237488164, 0.26434713181883485, 0.29648637838023667, 0.35183581257581453, 0.32198542147086084], "min": [0.22019029748147428, 0.263624247722266, 0.2958932473485831, 0.35112212812886856, 0.3215653373250068], "raw_data_size": "70"}}