{"user_1_1245": {"weights": [0.1100220917467733, 0.23407360247969197, 0.6559043057735348], "gauss": [0.23286898538197934, 0.0007318435433855329, 0.05501104587338665, 0.30290713725864676, 0.00016050989126228831, 0.11703680123984599, 0.33589527398717367, 0.00015890585119110356, 0.3279521528867674], "max": [0.23475408942664486, 0.3033205833400696, 0.33630458833517707], "min": [0.23098388133731382, 0.3024936911772239, 0.3354859596391703], "raw_data_size": "30"}}