{"user_4_4022": {"weights": [1.0], "gauss": [0.21087961931877233, 0.0018746308965236272, 0.5], "max": [0.21570834851537604], "min": [0.20605089012216862], "raw_data_size": "9996"}}