{"user_2_1782": {"weights": 1, "gauss": [0.08800642594366329, 0.005754712391879837, 0.5], "max": [0.10282958275616336], "min": [0.07318326913116321], "raw_data_size": "9991"}}