{"user_3_847": {"weights": [0.07896096059278533, 0.1406715125542667, 0.2449697199611872, 0.25596979425497085, 0.2794280126367898], "gauss": [-0.8797208390407019, 0.0002452039754412262, 0.039480480296392666, -1.048426731363959, 0.0004127136214185635, 0.07033575627713334, -0.9508707073610574, 4.267378540465005e-05, 0.1224848599805936, -0.9217457243178814, 0.00010628957853983556, 0.12798489712748543, -0.9855987961906432, 0.00025057362838395894, 0.1397140063183949], "max": [-0.8790892354554136, -1.0473636515239353, -0.9507607869741187, -0.9214719405068166, -0.9849533612959552], "min": [-0.8803524426259901, -1.0494898112039828, -0.9509806277479961, -0.9220195081289462, -0.9862442310853311], "raw_data_size": "70"}}