{"user_1_3212": {"weights": [1.0], "gauss": [-0.05755887794237183, 0.0009580166114766833, 0.5], "max": [-0.05509119068124357], "min": [-0.06002656520350009], "raw_data_size": "9995"}}