{"user_1_557": {"weights": 1, "gauss": [0.4481100234994427, 0.0048139034021757445, 0.5], "max": [0.4605098169472207], "min": [0.43571023005166465], "raw_data_size": "9995"}}