{"user_1_2585": {"weights": [1.0], "gauss": [-0.6283725595156415, 0.0020353075568936, 0.5], "max": [-0.6231299546688605], "min": [-0.6336151643624226], "raw_data_size": "9995"}}