{"user_5_2585": {"weights": 1, "gauss": [-0.6278706937834252, 0.0019764423304265135, 0.5], "max": [-0.6227797157119381], "min": [-0.6329616718549123], "raw_data_size": "9994"}}