{"user_1_86": {"weights": [0.11106609874330993, 0.18344560409979419, 0.30733725410615925, 0.39815104305073656], "gauss": [0.4613488620200775, 0.00016045583555970755, 0.055533049371654965, 0.3548663642429978, 2.2887155434635597e-05, 0.09172280204989709, 0.3876668820880594, 0.00013469893047279757, 0.15366862705307963, 0.41677549898048627, 0.00013393695223956514, 0.19907552152536828], "max": [0.4617621688632376, 0.3549253176486412, 0.3880138435403279, 0.41712049770689297], "min": [0.4609355551769174, 0.35480741083735434, 0.38731992063579085, 0.41643050025407957], "raw_data_size": "30"}}