{"user_4_2041": {"weights": [1.0], "gauss": [0.19744036847629146, 0.0014817767149189743, 0.5], "max": [0.20125717235989618], "min": [0.19362356459268673], "raw_data_size": "9996"}}