{"user_1_3145": {"weights": [0.0590362831, 0.9409637169], "gauss": [0.0154303911, 0.0003007646, 0.0295181416, -0.093031084, 0.000993458, 0.4704818584], "max": [0.0162051094, -0.0904721057], "min": [0.0146556728, -0.0955900623], "raw_data_size": "30"}, "user_3_3145": {"weights": [0.0943499836, 0.1186415053, 0.2883061771, 0.498702334], "gauss": [-0.0502998967, 0.0001555391, 0.0471749918, -0.0043962021, 0.0001693574, 0.0593207526, -0.1288630026, 0.0001587475, 0.1441530886, -0.0910126798, 0.0001437283, 0.249351167], "max": [-0.0498992546, -0.0039599664, -0.1284540962, -0.0906424602], "min": [-0.0507005388, -0.0048324377, -0.129271909, -0.0913828994], "raw_data_size": "70"}, "user_2_3145": {"weights": [0.0874365457, 0.399800365, 0.5127630892], "gauss": [-0.001218115, 0.0003193222, 0.0437182729, -0.0759732328, 0.00038998, 0.1999001825, -0.1171180032, 0.0003293295, 0.2563815446], "max": [-0.0003955954, -0.0749687109, -0.1162697065], "min": [-0.0020406345, -0.0769777546, -0.1179662998], "raw_data_size": "57"}}