{"user_6_3609": {"weights": 1, "gauss": [0.0617905148, 0.0008284727, 0.5], "max": [0.063924519], "min": [0.0596565105], "raw_data_size": "9993"}, "user_4_3609": {"weights": 1, "gauss": [0.0619992148, 0.0008406777, 0.5], "max": [0.0641646571], "min": [0.0598337726], "raw_data_size": "9996"}, "user_3_3609": {"weights": 1, "gauss": [0.0618996814, 0.0008481096, 0.5], "max": [0.0640842668], "min": [0.0597150959], "raw_data_size": "9991"}, "user_2_3609": {"weights": 1, "gauss": [0.0617351374, 0.0008357185, 0.5], "max": [0.0638878056], "min": [0.0595824692], "raw_data_size": "9991"}, "user_1_3609": {"weights": 1, "gauss": [0.0614019822, 0.0008516296, 0.5], "max": [0.0635956347], "min": [0.0592083297], "raw_data_size": "9995"}, "user_5_3609": {"weights": 1, "gauss": [0.0619208659, 0.0008485228, 0.5], "max": [0.0641065157], "min": [0.0597352161], "raw_data_size": "9994"}}