{"user_3_3564": {"weights": 1, "gauss": [-0.13130300138456966, 0.001678129734986689, 0.5], "max": [-0.1269804256380342], "min": [-0.13562557713110512], "raw_data_size": "9991"}}