{"user_2_199": {"weights": 1, "gauss": [-0.2530443551448905, 0.0019490364412717554, 0.5], "max": [-0.24802396996577802], "min": [-0.25806474032400295], "raw_data_size": "9991"}}