{"user_1_400": {"weights": [1.0], "gauss": [0.017934196927271908, 0.0013951129799507213, 0.5], "max": [0.021527769822790404], "min": [0.01434062403175341], "raw_data_size": "9995"}}