{"user_5_2877": {"weights": [1.0], "gauss": [-0.7392108760202738, 0.0024727121270706467, 0.5], "max": [-0.7328415916641245], "min": [-0.745580160376423], "raw_data_size": "9994"}}