{"user_1_2647": {"weights": [0.06604418773104319, 0.0666648022607362, 0.09685136677095953, 0.3237856865806827, 0.4466539566565782], "gauss": [0.4044978282812383, 1.2599691867610776e-06, 0.033022093865521594, 0.3942954574467602, 1.6285576558962002e-06, 0.0333324011303681, 0.450719582427868, 1.797124416713547e-05, 0.04842568338547976, 0.4771019512146119, 0.00018443714957747003, 0.16189284329034134, 0.4250372573544465, 4.3280895048457665e-05, 0.2233269783282891], "max": [0.4045010737467911, 0.3942996523332928, 0.45076587328521495, 0.47757702982915656, 0.4251487415521961], "min": [0.4044945828156855, 0.3942912625602276, 0.4506732915705211, 0.47662687260006725, 0.42492577315669683], "raw_data_size": "30"}}