{"user_2_2647": {"weights": [0.017540642234034596, 0.11629468752617152, 0.24263301007342977, 0.6235316601663641], "gauss": [0.3335409462451927, 1.000000000263678e-06, 0.008770321117017298, 0.39928901750830886, 0.00027820181665993884, 0.05814734376308576, 0.4246295499721555, 4.448526609573855e-05, 0.12131650503671489, 0.4709410283550194, 0.0005937597880347191, 0.31176583008318204], "max": [0.33354352207449695, 0.4000056178999621, 0.4247441364241411, 0.4724704522163082], "min": [0.33353837041588846, 0.39857241711665564, 0.42451496352016993, 0.4694116044937306], "raw_data_size": "57"}}