{"user_2_3718": {"weights": [0.5478235717876201, 8.969322593670559e-06, 0.08386833220489913, 0.5308138453311434, 0.0005469151158032638, 0.08717319376468663, 0.6013081009724478, 8.129454559482785e-05, 0.10808883715830252, 0.5696134738465285, 6.433781108663894e-05, 0.11033247456666508, 0.633211690503052, 0.00011223905796078803, 0.11053716230544668], "gauss": [0.5478235717876201, 8.969322593670559e-06, 0.08386833220489913, 0.5308138453311434, 0.0005469151158032638, 0.08717319376468663, 0.6013081009724478, 8.129454559482785e-05, 0.10808883715830252, 0.5696134738465285, 6.433781108663894e-05, 0.11033247456666508, 0.633211690503052, 0.00011223905796078803, 0.11053716230544668], "max": [0.5478466752315898, 0.5322226053129833, 0.6015175018452097, 0.5697791970656516, 0.6335007991575502], "min": [0.5478004683436504, 0.5294050853493035, 0.6010987000996859, 0.5694477506274054, 0.6329225818485539], "raw_data_size": "57"}}