{"user_1_2211": {"weights": [0.0333333333, 0.0666659415, 0.2306971654, 0.2401971306, 0.4291064292], "gauss": [0.1180512682, 1e-06, 0.0166666667, 0.1845268269, 1.9174e-06, 0.0333329708, 0.2125577145, 2.98121e-05, 0.1153485827, 0.3146562194, 0.0002569913, 0.1200985653, 0.2662053417, 0.0002955074, 0.2145532146], "max": [0.118053844, 0.1845317657, 0.2126345053, 0.315318185, 0.2669665183], "min": [0.1180486923, 0.184521888, 0.2124809237, 0.3139942537, 0.2654441651], "raw_data_size": "30"}, "user_3_2211": {"weights": [0.0781545398, 0.092139459, 0.2517788404, 0.2736028446, 0.3043243163], "gauss": [0.1313327276, 0.0008520013, 0.0390772699, 0.348616824, 0.0005458734, 0.0460697295, 0.2890593274, 0.0002337533, 0.1258894202, 0.2519823173, 0.000260286, 0.1368014223, 0.1967992249, 0.0001929158, 0.1521621581], "max": [0.1335273376, 0.3500229007, 0.2896614359, 0.2526527697, 0.197296143], "min": [0.1291381176, 0.3472107472, 0.2884572189, 0.251311865, 0.1963023068], "raw_data_size": "70"}, "user_2_2211": {"weights": [0.1113856355, 4.542e-05, 0.0175415846, 0.3313803329, 0.0001430455, 0.0621754689, 0.2557271278, 0.0002869333, 0.1206277714, 0.2043038424, 0.0003847809, 0.1421634225, 0.2913577266, 0.0002147836, 0.1574917526], "gauss": [0.1113856355, 4.542e-05, 0.0175415846, 0.3313803329, 0.0001430455, 0.0621754689, 0.2557271278, 0.0002869333, 0.1206277714, 0.2043038424, 0.0003847809, 0.1421634225, 0.2913577266, 0.0002147836, 0.1574917526], "max": [0.1115026296, 0.3317487936, 0.256466219, 0.2052949723, 0.2919109725], "min": [0.1112686414, 0.3310118722, 0.2549880366, 0.2033127125, 0.2908044808], "raw_data_size": "57"}}