{"user_4_3469": {"weights": [1.0], "gauss": [-0.42311426464382473, 0.001437876217950661, 0.5], "max": [-0.41941054094675134], "min": [-0.4268179883408981], "raw_data_size": "9996"}}