{"user_1_1231": {"weights": [1.0], "gauss": [-0.07957350555305351, 0.0009672810116676298, 0.5], "max": [-0.0770819547784336], "min": [-0.08206505632767341], "raw_data_size": "9995"}}