{"user_2_1231": {"weights": [1.0], "gauss": [-0.07996123659658781, 0.0009519662049900832, 0.5], "max": [-0.07750913414978612], "min": [-0.0824133390433895], "raw_data_size": "9991"}}