{"user_6_250": {"weights": [1.0], "gauss": [-0.36364792425094034, 0.0021452920885582363, 0.5], "max": [-0.3581220180245604], "min": [-0.3691738304773203], "raw_data_size": "9993"}}