{"user_5_250": {"weights": [1.0], "gauss": [-0.36380054274310225, 0.0022150567841527627, 0.5], "max": [-0.3580949345694568], "min": [-0.3695061509167477], "raw_data_size": "9994"}}