{"user_2_834": {"weights": [0.0720658797, 0.1862762977, 0.191670146, 0.2639535681, 0.2860341086], "gauss": [-0.1627230607, 3.43154e-05, 0.0360329398, -0.1871864511, 3.59253e-05, 0.0931381488, -0.200425638, 1.1296e-05, 0.095835073, -0.2162547563, 6.94855e-05, 0.1319767841, -0.2356309183, 0.0002179769, 0.1430170543], "max": [-0.1626346701, -0.1870939136, -0.2003965416, -0.2160757735, -0.235069447], "min": [-0.1628114514, -0.1872789887, -0.2004547345, -0.216433739, -0.2361923895], "raw_data_size": "57"}, "user_1_834": {"weights": [0.1561728298, 0.8438271702], "gauss": [-0.176126417, 0.0002955238, 0.0780864149, -0.2146812403, 0.0003152654, 0.4219135851], "max": [-0.1753651982, -0.2138691703], "min": [-0.1768876357, -0.2154933102], "raw_data_size": "30"}, "user_3_834": {"weights": [0.1877333641, 0.3891536643, 0.4231129716], "gauss": [-0.2333724244, 0.0003386835, 0.093866682, -0.2142845067, 5.7758e-05, 0.1945768321, -0.1910572339, 0.0003337425, 0.2115564858], "max": [-0.2325000335, -0.2141357319, -0.1901975701], "min": [-0.2342448152, -0.2144332815, -0.1919168977], "raw_data_size": "70"}}