{"user_2_221": {"weights": [0.05249599612962672, 0.19557826164130016, 0.7519257422290732], "gauss": [-0.13767690397838098, 2.5217322646074447e-06, 0.02624799806481336, -0.08689919482087496, 1.5765258049584223e-05, 0.09778913082065008, -0.10795530134868214, 5.795427320023295e-05, 0.3759628711145366], "max": [-0.1376704084265181, -0.08685858620721283, -0.1078060210335071], "min": [-0.13768339953024386, -0.0869398034345371, -0.10810458166385718], "raw_data_size": "57"}}