{"user_1_161": {"weights": [1.0], "gauss": [-0.3842228821196458, 0.0008702052041111287, 0.5], "max": [-0.3819813820547956], "min": [-0.38646438218449597], "raw_data_size": "9995"}}