{"user_3_2052": {"weights": [-0.46098514009093805, 0.0006761545760499689, 0.049009236843783305, -0.7173623054797157, 0.0004725947360234285, 0.05247983011966291, -0.5774563114788616, 0.00037998799425389875, 0.089788558159714, -0.6777003922558759, 0.0003112888976369012, 0.12337183112117778, -0.620427330159039, 0.0003180418089664118, 0.18535054375566196], "gauss": [-0.46098514009093805, 0.0006761545760499689, 0.049009236843783305, -0.7173623054797157, 0.0004725947360234285, 0.05247983011966291, -0.5774563114788616, 0.00037998799425389875, 0.089788558159714, -0.6777003922558759, 0.0003112888976369012, 0.12337183112117778, -0.620427330159039, 0.0003180418089664118, 0.18535054375566196], "max": [-0.45924348132021986, -0.7161449821099636, -0.5764775272682656, -0.6768985651914733, -0.6196081087477495], "min": [-0.46272679886165624, -0.7185796288494678, -0.5784350956894575, -0.6785022193202784, -0.6212465515703284], "raw_data_size": "70"}}