{"user_5_1906": {"weights": [1.0], "gauss": [0.5285678227555077, 0.00046825147974385764, 0.5], "max": [0.5297739586384621], "min": [0.5273616868725534], "raw_data_size": "9994"}}