{"user_3_3940": {"weights": [0.08063454975373821, 0.145907203962428, 0.15914048646941453, 0.30013028018569643, 0.3141874796287227], "gauss": [0.31291889464899114, 0.00016201479417079956, 0.040317274876869105, 0.494262625923965, 0.0002919834512112575, 0.072953601981214, 0.4531601850142218, 0.00017623027653257306, 0.07957024323470727, 0.3787627618747517, 0.00021213562307095712, 0.15006514009284821, 0.41648017535544674, 0.00014836010678695343, 0.15709373981436134], "max": [0.31333621710342474, 0.4950147254537463, 0.45361412412468693, 0.3793091870289845, 0.4168623256659862], "min": [0.31250157219455754, 0.49351052639418375, 0.45270624590375663, 0.37821633672051896, 0.4160980250449073], "raw_data_size": "70"}}