{"user_1_3940": {"weights": [1.0], "gauss": [0.4084760010242462, 0.0015125117081850315, 0.5], "max": [0.41237197300415], "min": [0.40458002904434237], "raw_data_size": "30"}}