{"user_3_1184": {"weights": [0.11267468549587226, 1.0448656826479066e-05, 0.014253001457048437, 0.13742653059436544, 3.006215074246696e-05, 0.05340177014766458, 0.20264704221676016, 1.6490599983597476e-05, 0.08603422975907722, 0.2299915333305116, 0.00036115884830801345, 0.12836615931713882, 0.17412764391045718, 0.0002273212304253366, 0.2179448393190709], "gauss": [0.11267468549587226, 1.0448656826479066e-05, 0.014253001457048437, 0.13742653059436544, 3.006215074246696e-05, 0.05340177014766458, 0.20264704221676016, 1.6490599983597476e-05, 0.08603422975907722, 0.2299915333305116, 0.00036115884830801345, 0.12836615931713882, 0.17412764391045718, 0.0002273212304253366, 0.2179448393190709], "max": [0.11270159945230863, 0.1375039655631756, 0.20268951918743103, 0.23092181687521934, 0.17471318459710555], "min": [0.11264777153943588, 0.13734909562555528, 0.2026045652460893, 0.22906124978580383, 0.1735421032238088], "raw_data_size": "70"}}