{"user_6_2229": {"weights": 1, "gauss": [0.17047919249635568, 0.0021610752187322764, 0.5], "max": [0.17604575337193962], "min": [0.16491263162077174], "raw_data_size": "9993"}}