{"user_2_1473": {"weights": [0.19442749723566993, 0.3827725563116566, 0.42279994645267344], "gauss": [0.3494501351788217, 0.0025948358117617995, 0.09721374861783497, 0.3541222972323172, 0.0005145005913867452, 0.1913862781558283, 0.4055381282175924, 0.00030302384264355067, 0.21139997322633672], "max": [0.3561339893006558, 0.3554475629323044, 0.4063186659111476], "min": [0.34276628105698753, 0.35279703153233, 0.40475759052403715], "raw_data_size": "57"}}