{"user_6_2809": {"weights": [1.0], "gauss": [0.12581911169089424, 0.0015594897463415958, 0.5], "max": [0.12983609107810495], "min": [0.12180213230368352], "raw_data_size": "9993"}}