{"user_3_2809": {"weights": [1.0], "gauss": [0.12457801003917753, 0.0015539810641325951, 0.5], "max": [0.12858080000133038], "min": [0.12057522007702469], "raw_data_size": "9991"}}