{"user_2_4063": {"weights": [0.08362614520374617, 0.16978242339872993, 0.17870730256550585, 0.2430418944383277, 0.3248422343936904], "gauss": [0.46469374039960565, 6.017522076578918e-05, 0.041813072601873086, 0.5338833042525926, 7.453524507954444e-06, 0.08489121169936496, 0.5669852703115799, 0.000260766032080333, 0.08935365128275292, 0.5501344274084163, 8.390027409157963e-05, 0.12152094721916384, 0.5101816921977139, 0.00023068922329380525, 0.1624211171968452], "max": [0.4648487414966017, 0.5339025032594349, 0.5676569590983825, 0.5503505401929972, 0.510775908259087], "min": [0.4645387393026096, 0.5338641052457502, 0.5663135815247772, 0.5499183146238354, 0.5095874761363408], "raw_data_size": "57"}}