{"user_4_2827": {"weights": [1.0], "gauss": [-0.011421117499968879, 0.0023776061559311703, 0.5], "max": [-0.005296809891223114], "min": [-0.017545425108714645], "raw_data_size": "9996"}}