{"user_4_3147": {"weights": 1, "gauss": [0.6444549326833612, 0.004518583218439925, 0.5], "max": [0.656094031747943], "min": [0.6328158336187794], "raw_data_size": "9996"}}