{"user_4_158": {"weights": 1, "gauss": [-0.14725492107749957, 0.0011816709963600308, 0.5], "max": [-0.1442111382979216], "min": [-0.15029870385707755], "raw_data_size": "9996"}}