{"user_2_57": {"weights": [0.13226421501353813, 0.15295881595333974, 0.28896009898450453, 0.4258168700486176], "gauss": [-0.3013385851195787, 0.0001809633337014883, 0.06613210750676907, -0.16222563713631394, 4.670338219679268e-05, 0.07647940797666987, -0.26132692619054443, 0.0002107375295304349, 0.14448004949225227, -0.2139919260140406, 0.0002838647475203103, 0.2129084350243088], "max": [-0.3008724544617625, -0.1621053371958766, -0.2607841022866224, -0.21326073887913327], "min": [-0.30180471577739487, -0.16234593707675127, -0.26186975009446645, -0.21472311314894793], "raw_data_size": "57"}}