{"user_5_384": {"weights": [1.0], "gauss": [0.4473226732296313, 0.0013594490622775002, 0.5], "max": [0.4508243819609278], "min": [0.44382096449833486], "raw_data_size": "9994"}}