{"user_1_2353": {"weights": 1, "gauss": [0.5125640213029611, 0.0012901298485921964, 0.5], "max": [0.515887175572348], "min": [0.5092408670335742], "raw_data_size": "9995"}}