{"user_3_40": {"weights": 1, "gauss": [0.0926068568942832, 0.0013381122720305227, 0.5], "max": [0.09605360569601783], "min": [0.08916010809254858], "raw_data_size": "9991"}}