{"user_1_2825": {"weights": [0.0999926979, 0.1861891461, 0.7138181559], "gauss": [-0.260883491, 1.21249e-05, 0.049996349, -0.2184897238, 8.2629e-05, 0.0930945731, -0.1491815966, 0.0003267042, 0.356909078], "max": [-0.2608522594, -0.2182768856, -0.1483400624], "min": [-0.2609147227, -0.218702562, -0.1500231308], "raw_data_size": "30"}, "user_2_2825": {"weights": [0.1038209408, 0.2616276371, 0.2668586762, 0.3676927459], "gauss": [-0.2656812799, 0.0001038713, 0.0519104704, -0.159613437, 0.000126642, 0.1308138185, -0.2091730841, 0.0002659605, 0.1334293381, -0.1340058385, 0.0002234913, 0.1838463729], "max": [-0.2654137251, -0.1592872289, -0.2084880152, -0.1334301631], "min": [-0.2659488347, -0.1599396452, -0.209858153, -0.134581514], "raw_data_size": "57"}, "user_3_2825": {"weights": [-0.1416206599, 2.49048e-05, 0.0770488581, -0.1210896068, 9.45375e-05, 0.0832866436, -0.2357812859, 0.0005053048, 0.0842118845, -0.1932731942, 8.00306e-05, 0.1132351594, -0.1668289643, 6.22994e-05, 0.1422174543], "gauss": [-0.1416206599, 2.49048e-05, 0.0770488581, -0.1210896068, 9.45375e-05, 0.0832866436, -0.2357812859, 0.0005053048, 0.0842118845, -0.1932731942, 8.00306e-05, 0.1132351594, -0.1668289643, 6.22994e-05, 0.1422174543], "max": [-0.1415565095, -0.1208460942, -0.2344797071, -0.1930670491, -0.1666684918], "min": [-0.1416848103, -0.1213331193, -0.2370828648, -0.1934793392, -0.1669894369], "raw_data_size": "70"}}