{"user_6_709": {"weights": [1.0], "gauss": [0.3196450554410087, 0.0007989526655676889, 0.5], "max": [0.32170302112912647], "min": [0.3175870897528909], "raw_data_size": "9993"}}