{"user_3_2214": {"weights": [0.1255960278, 0.1709251315, 0.2361780378, 0.4673008029], "gauss": [0.0940418177, 0.000224591, 0.0627980139, 0.2594722239, 0.0008879141, 0.0854625658, 0.17834078, 0.0007245223, 0.1180890189, 0.2301045775, 0.0003136373, 0.2336504015], "max": [0.0946203257, 0.2617593391, 0.1802070257, 0.2309124537], "min": [0.0934633097, 0.2571851087, 0.1764745343, 0.2292967012], "raw_data_size": "70"}, "user_1_2214": {"weights": [0.0996069864, 0.296778467, 0.6036145466], "gauss": [0.1057627663, 0.0001422706, 0.0498034932, 0.2507046671, 0.0005406425, 0.1483892335, 0.2148814353, 0.0007643059, 0.3018072733], "max": [0.1061292312, 0.2520972698, 0.2168501567], "min": [0.1053963015, 0.2493120643, 0.2129127138], "raw_data_size": "30"}, "user_2_2214": {"weights": [0.088905939, 0.1349489412, 0.1690467559, 0.1726007978, 0.4344975661], "gauss": [0.0997072304, 0.0004193951, 0.0444529695, 0.2285589944, 0.0001487191, 0.0674744706, 0.1706950528, 0.0001650693, 0.0845233779, 0.2054680885, 7.00898e-05, 0.0863003989, 0.2552951763, 0.0003324561, 0.217248783], "max": [0.1007875207, 0.2289420694, 0.1711202431, 0.2056486277, 0.2561515264], "min": [0.0986269402, 0.2281759194, 0.1702698624, 0.2052875492, 0.2544388262], "raw_data_size": "57"}}