{"user_4_2748": {"weights": [1.0], "gauss": [0.25350032080160945, 0.003366754081080308, 0.5], "max": [0.26217250462149894], "min": [0.24482813698171993], "raw_data_size": "9996"}}