{"user_3_487": {"weights": [0.05345557240369167, 0.2643327794102395, 0.6822116481860687], "gauss": [0.12535675864280027, 2.9296255760989348e-05, 0.026727786201845835, -0.020214499239200753, 0.0001851959910016757, 0.13216638970511976, 0.05022478927197478, 0.0006427425945622617, 0.34110582409303436], "max": [0.1254322207968737, -0.01973746597867886, 0.0518803844816873], "min": [0.12528129648872685, -0.020691532499722647, 0.04856919406226226], "raw_data_size": "70"}}