{"user_1_3860": {"weights": [0.2506657429, 0.7493342571], "gauss": [-0.4108625087, 0.0008413676, 0.1253328714, -0.3742169431, 0.0003745332, 0.3746671286], "max": [-0.4086952893, -0.3732522095], "min": [-0.4130297281, -0.3751816767], "raw_data_size": "30"}, "user_3_3860": {"weights": [-0.3302457701, 6.828e-06, 0.0142746283, -0.4324961988, 9.88893e-05, 0.0223788077, -0.4098975847, 1.00905e-05, 0.0592838561, -0.361361342, 4.88875e-05, 0.1636165367, -0.3877980216, 9.21341e-05, 0.2404461711], "gauss": [-0.3302457701, 6.828e-06, 0.0142746283, -0.4324961988, 9.88893e-05, 0.0223788077, -0.4098975847, 1.00905e-05, 0.0592838561, -0.361361342, 4.88875e-05, 0.1636165367, -0.3877980216, 9.21341e-05, 0.2404461711], "max": [-0.3302281824, -0.4322414768, -0.4098715932, -0.3612354161, -0.3875607], "min": [-0.3302633578, -0.4327509208, -0.4099235762, -0.3614872679, -0.3880353433], "raw_data_size": "70"}, "user_2_3860": {"weights": [0.4964013744, 0.5035986256], "gauss": [-0.3641474972, 0.0002725019, 0.2482006872, -0.4029395725, 0.0004318871, 0.2517993128], "max": [-0.3634455789, -0.4018271051], "min": [-0.3648494156, -0.4040520399], "raw_data_size": "57"}}