{"user_6_3065": {"weights": 1, "gauss": [-0.27373568215890437, 0.0017248619031647583, 0.5], "max": [-0.26929273232415746], "min": [-0.2781786319936513], "raw_data_size": "9993"}}