{"user_5_3059": {"weights": [1.0], "gauss": [0.4045608507, 0.0021451027, 0.5], "max": [0.4100862692], "min": [0.3990354322], "raw_data_size": "9994"}, "user_2_3059": {"weights": [1.0], "gauss": [0.4055163014, 0.0021610001, 0.5], "max": [0.4110826688], "min": [0.3999499339], "raw_data_size": "9991"}, "user_4_3059": {"weights": [1.0], "gauss": [0.4044986876, 0.002150656, 0.5], "max": [0.4100384104], "min": [0.3989589647], "raw_data_size": "9996"}, "user_6_3059": {"weights": [1.0], "gauss": [0.4045979125, 0.0020864585, 0.5], "max": [0.4099722735], "min": [0.3992235515], "raw_data_size": "9993"}, "user_1_3059": {"weights": [1.0], "gauss": [0.4046017964, 0.0022093111, 0.5], "max": [0.4102926045], "min": [0.3989109882], "raw_data_size": "9995"}, "user_3_3059": {"weights": [1.0], "gauss": [0.4049004353, 0.0020939457, 0.5], "max": [0.410294082], "min": [0.3995067887], "raw_data_size": "9991"}}