{"user_6_731": {"weights": [1.0], "gauss": [0.2916608574832308, 0.000706290326548938, 0.5], "max": [0.29348014080316864], "min": [0.2898415741632929], "raw_data_size": "9993"}}