{"user_2_731": {"weights": 1, "gauss": [0.2910371339686538, 0.0006945022229018623, 0.5], "max": [0.2928260531457843], "min": [0.28924821479152335], "raw_data_size": "9991"}}