{"user_6_3388": {"weights": [1.0], "gauss": [-0.007660862747578882, 0.0012467034355152103, 0.5], "max": [-0.004449567505543716], "min": [-0.010872157989614047], "raw_data_size": "9993"}}