{"user_6_1978": {"weights": 1, "gauss": [-0.0613698549, 0.000866487, 0.5], "max": [-0.0591379322], "min": [-0.0636017775], "raw_data_size": "9993"}, "user_4_1978": {"weights": 1, "gauss": [-0.0621782898, 0.0008679566, 0.5], "max": [-0.0599425818], "min": [-0.0644139977], "raw_data_size": "9996"}, "user_2_1978": {"weights": 1, "gauss": [-0.0621277047, 0.0008833225, 0.5], "max": [-0.0598524167], "min": [-0.0644029927], "raw_data_size": "9991"}, "user_3_1978": {"weights": 1, "gauss": [-0.0622033001, 0.0008611183, 0.5], "max": [-0.0599852062], "min": [-0.0644213939], "raw_data_size": "9991"}, "user_5_1978": {"weights": 1, "gauss": [-0.0616968626, 0.0008637069, 0.5], "max": [-0.059472101], "min": [-0.0639216242], "raw_data_size": "9994"}, "user_1_1978": {"weights": 1, "gauss": [-0.062502643, 0.0008748363, 0.5], "max": [-0.0602492141], "min": [-0.0647560719], "raw_data_size": "9995"}}