{"user_2_1241": {"weights": [-0.48172991120264896, 0.0001747829106434885, 0.08051723032322927, -0.39822605668530264, 0.0002244252756187216, 0.08525383116027081, -0.4626915659601164, 2.8973051198976196e-05, 0.09245788293038426, -0.43361965571498645, 9.18991577010243e-05, 0.11415801581111451, -0.4129258688539612, 0.00010185231001502603, 0.12761303977500116], "gauss": [-0.48172991120264896, 0.0001747829106434885, 0.08051723032322927, -0.39822605668530264, 0.0002244252756187216, 0.08525383116027081, -0.4626915659601164, 2.8973051198976196e-05, 0.09245788293038426, -0.43361965571498645, 9.18991577010243e-05, 0.11415801581111451, -0.4129258688539612, 0.00010185231001502603, 0.12761303977500116], "max": [-0.4812797002596539, -0.3976479754839069, -0.46261693632582485, -0.4333829391716087, -0.4126635146891904], "min": [-0.48218012214564404, -0.3988041378866984, -0.46276619559440796, -0.4338563722583642, -0.41318822301873204], "raw_data_size": "57"}}