{"user_1_1241": {"weights": [0.0666579855464638, 0.2177090194381907, 0.2804815047115891, 0.4351514903037563], "gauss": [-0.5081595920235744, 1.2236412109816297e-05, 0.0333289927732319, -0.42432045816644315, 1.987973938347054e-05, 0.10885450971909535, -0.39939184051811344, 0.00011070071445126628, 0.14024075235579456, -0.46124265886271865, 9.92267095276379e-05, 0.21757574515187816], "max": [-0.5081280731146917, -0.4242692513511923, -0.39910669437390606, -0.46098706779662263], "min": [-0.5081911109324572, -0.424371664981694, -0.3996769866623208, -0.46149824992881466], "raw_data_size": "30"}}