{"user_2_3755": {"weights": [1.0], "gauss": [0.25128149983133147, 0.001110678268692099, 0.5], "max": [0.25414241746264354], "min": [0.2484205822000194], "raw_data_size": "9991"}}