{"user_3_3207": {"weights": [-0.1379753464013711, 0.00010367629397129468, 0.02716953059045694, -0.2893119507569497, 0.00012008268369617558, 0.041253527901054514, -0.1803230640063542, 0.00015048561128560328, 0.09927929628567786, -0.21182798124395363, 0.00011598750062069462, 0.15672967227856974, -0.2432175465139647, 0.0001438567236384584, 0.17556797294424092], "gauss": [-0.1379753464013711, 0.00010367629397129468, 0.02716953059045694, -0.2893119507569497, 0.00012008268369617558, 0.041253527901054514, -0.1803230640063542, 0.00015048561128560328, 0.09927929628567786, -0.21182798124395363, 0.00011598750062069462, 0.15672967227856974, -0.2432175465139647, 0.0001438567236384584, 0.17556797294424092], "max": [-0.13770829396527648, -0.2890026382614363, -0.17993543875904228, -0.21152921724100945, -0.24284699614970423], "min": [-0.13824239883746572, -0.2896212632524631, -0.18071068925366612, -0.2121267452468978, -0.2435880968782252], "raw_data_size": "70"}}