{"user_2_2019": {"weights": 1, "gauss": [0.47063931994977276, 0.0009280405616612354, 0.5], "max": [0.47302979402338174], "min": [0.4682488458761638], "raw_data_size": "9991"}}