{"user_2_1911": {"weights": [0.1439818443575437, 8.073500683032888e-05, 0.049651087442055326, 0.060116202797051196, 5.6815344441171186e-05, 0.05024783206912415, 0.07706937745069987, 3.468938240621861e-05, 0.10010519927390446, 0.10149108134782411, 3.1548230433731155e-05, 0.13594995477147392, 0.11554078790803742, 5.863583247951273e-05, 0.16404592644344212], "gauss": [0.1439818443575437, 8.073500683032888e-05, 0.049651087442055326, 0.060116202797051196, 5.6815344441171186e-05, 0.05024783206912415, 0.07706937745069987, 3.468938240621861e-05, 0.10010519927390446, 0.10149108134782411, 3.1548230433731155e-05, 0.13594995477147392, 0.11554078790803742, 5.863583247951273e-05, 0.16404592644344212], "max": [0.14418980395395947, 0.06026254942615399, 0.07715873137842383, 0.10157234420425043, 0.11569182380357612], "min": [0.1437738847611279, 0.0599698561679484, 0.07698002352297592, 0.1014098184913978, 0.11538975201249871], "raw_data_size": "57"}}