{"user_1_3446": {"weights": [0.09999999947481189, 0.34544965189094784, 0.5545503486342402], "gauss": [0.2487115959063525, 0.0003035108405623062, 0.049999999737405945, 0.03666505584153493, 0.0002427871236111641, 0.17272482594547392, 0.1058850616494166, 0.0004005436650516427, 0.2772751743171201], "max": [0.24949338802341764, 0.037290434029056914, 0.1069167937592075], "min": [0.24792980378928736, 0.03603967765401294, 0.10485332953962571], "raw_data_size": "30"}}