{"user_4_2310": {"weights": 1, "gauss": [0.09666832046557587, 0.0016605597539545546, 0.5], "max": [0.10094563894010597], "min": [0.09239100199104577], "raw_data_size": "9996"}}