{"user_6_2310": {"weights": [1.0], "gauss": [0.09715447685733841, 0.0016227525141014477, 0.5], "max": [0.10133441033556857], "min": [0.09297454337910825], "raw_data_size": "9993"}}