{"user_1_1329": {"weights": 1, "gauss": [0.341052898, 0.0008697824, 0.5], "max": [0.3432933089], "min": [0.3388124871], "raw_data_size": "9995"}, "user_3_1329": {"weights": 1, "gauss": [0.3412916212, 0.0008596775, 0.5], "max": [0.3435060035], "min": [0.3390772388], "raw_data_size": "9991"}, "user_4_1329": {"weights": 1, "gauss": [0.3416800989, 0.0008496547, 0.5], "max": [0.3438686644], "min": [0.3394915334], "raw_data_size": "9996"}, "user_5_1329": {"weights": 1, "gauss": [0.3413491119, 0.0008555558, 0.5], "max": [0.3435528777], "min": [0.3391453461], "raw_data_size": "9994"}, "user_6_1329": {"weights": 1, "gauss": [0.3418228609, 0.0008317871, 0.5], "max": [0.3439654024], "min": [0.3396803194], "raw_data_size": "9993"}, "user_2_1329": {"weights": 1, "gauss": [0.3411166536, 0.0008490698, 0.5], "max": [0.3433037124], "min": [0.3389295947], "raw_data_size": "9991"}}