{"user_4_463": {"weights": [1.0], "gauss": [-0.107971266, 0.0018189243, 0.5], "max": [-0.1032860275], "min": [-0.1126565045], "raw_data_size": "9996"}, "user_5_463": {"weights": [1.0], "gauss": [-0.1076193676, 0.0018231607, 0.5], "max": [-0.1029232169], "min": [-0.1123155183], "raw_data_size": "9994"}, "user_1_463": {"weights": [1.0], "gauss": [-0.1065684521, 0.0018527661, 0.5], "max": [-0.1017960428], "min": [-0.1113408614], "raw_data_size": "9995"}, "user_3_463": {"weights": [1.0], "gauss": [-0.1072077055, 0.0018256672, 0.5], "max": [-0.1025050984], "min": [-0.1119103125], "raw_data_size": "9991"}, "user_2_463": {"weights": [1.0], "gauss": [-0.1075619788, 0.0017919674, 0.5], "max": [-0.1029461766], "min": [-0.1121777809], "raw_data_size": "9991"}, "user_6_463": {"weights": [1.0], "gauss": [-0.1069141408, 0.0018072452, 0.5], "max": [-0.1022589856], "min": [-0.1115692961], "raw_data_size": "9993"}}