{"user_5_806": {"weights": 1, "gauss": [-0.14162209829885222, 0.00184334976212546, 0.5], "max": [-0.13687394396487956], "min": [-0.14637025263282488], "raw_data_size": "9994"}}