{"user_1_2676": {"weights": [1.0], "gauss": [-0.1388559570644883, 0.0003893437060901128, 0.5], "max": [-0.13785307413718906], "min": [-0.13985883999178755], "raw_data_size": "9995"}}