{"user_1_2814": {"weights": [0.1702756613, 0.3344432034, 0.4952811353], "gauss": [-0.6395919935, 5.9126e-06, 0.0851378307, -0.6808351251, 0.0003576975, 0.1672216017, -0.595043175, 0.0005844376, 0.2476405677], "max": [-0.6395767636, -0.6799137574, -0.5935377636], "min": [-0.6396072234, -0.6817564927, -0.5965485865], "raw_data_size": "30"}, "user_2_2814": {"weights": [0.115395285, 0.3941006678, 0.4905040472], "gauss": [-0.706384995, 0.0008317214, 0.0576976425, -0.6576772866, 0.0006022732, 0.1970503339, -0.5946389947, 0.0006755711, 0.2452520236], "max": [-0.7042426227, -0.6561259336, -0.592898839], "min": [-0.7085273673, -0.6592286397, -0.5963791505], "raw_data_size": "57"}, "user_3_2814": {"weights": [0.1630226693, 0.1754102588, 0.1836270671, 0.2154536152, 0.2624863895], "gauss": [-0.6606059301, 2.61684e-05, 0.0815113347, -0.6956427502, 0.0004256295, 0.0877051294, -0.6003971401, 0.0001570322, 0.0918135335, -0.5612272767, 0.0001670123, 0.1077268076, -0.6296205559, 0.0001416038, 0.1312431948], "max": [-0.6605385247, -0.6945464013, -0.599992652, -0.5607970815, -0.6292558086], "min": [-0.6606733355, -0.696739099, -0.6008016282, -0.5616574719, -0.6299853031], "raw_data_size": "70"}}