{"user_3_970": {"weights": [-0.4223996000439924, 0.00031728492799173904, 0.0474719171151455, -0.29334574573762434, 3.908131242891144e-05, 0.049984210844817537, -0.36581381451795075, 7.286831693162254e-05, 0.11360120537223299, -0.39987888241563074, 0.00012097913676459193, 0.13279371399925227, -0.33945199887439365, 0.0001034775626008445, 0.15614895266855175], "gauss": [-0.4223996000439924, 0.00031728492799173904, 0.0474719171151455, -0.29334574573762434, 3.908131242891144e-05, 0.049984210844817537, -0.36581381451795075, 7.286831693162254e-05, 0.11360120537223299, -0.39987888241563074, 0.00012097913676459193, 0.13279371399925227, -0.33945199887439365, 0.0001034775626008445, 0.15614895266855175], "max": [-0.4215823282288969, -0.2932450789478488, -0.365626118171898, -0.39956726081003446, -0.3391854583363866], "min": [-0.4232168718590879, -0.2934464125273999, -0.3660015108640035, -0.400190504021227, -0.3397185394124007], "raw_data_size": "70"}}