{"user_6_3369": {"weights": [1.0], "gauss": [-0.7610660307, 0.0009244809, 0.5], "max": [-0.7586847257], "min": [-0.7634473356], "raw_data_size": "9993"}, "user_4_3369": {"weights": [1.0], "gauss": [-0.7613943978, 0.0009252569, 0.5], "max": [-0.759011094], "min": [-0.7637777016], "raw_data_size": "9996"}, "user_1_3369": {"weights": [1.0], "gauss": [-0.7611098233, 0.0009320647, 0.5], "max": [-0.7587089837], "min": [-0.7635106628], "raw_data_size": "9995"}, "user_3_3369": {"weights": [1.0], "gauss": [-0.7613690516, 0.0008991064, 0.5], "max": [-0.7590531071], "min": [-0.7636849961], "raw_data_size": "9991"}, "user_5_3369": {"weights": [1.0], "gauss": [-0.7613455797, 0.0009151779, 0.5], "max": [-0.7589882377], "min": [-0.7637029217], "raw_data_size": "9994"}, "user_2_3369": {"weights": [1.0], "gauss": [-0.7616530734, 0.0009138584, 0.5], "max": [-0.7592991301], "min": [-0.7640070166], "raw_data_size": "9991"}}