{"user_1_2778": {"weights": 1, "gauss": [-0.7444097903, 0.0019471519, 0.5], "max": [-0.7393942594], "min": [-0.7494253212], "raw_data_size": "9995"}, "user_2_2778": {"weights": 1, "gauss": [-0.7430380424, 0.001994838, 0.5], "max": [-0.7378996803], "min": [-0.7481764045], "raw_data_size": "9991"}, "user_3_2778": {"weights": 1, "gauss": [-0.7438106056, 0.0019876819, 0.5], "max": [-0.7386906763], "min": [-0.7489305348], "raw_data_size": "9991"}, "user_4_2778": {"weights": 1, "gauss": [-0.7431804594, 0.0020279755, 0.5], "max": [-0.7379567406], "min": [-0.7484041782], "raw_data_size": "9996"}, "user_5_2778": {"weights": 1, "gauss": [-0.7437594129, 0.001935511, 0.5], "max": [-0.738773867], "min": [-0.7487449588], "raw_data_size": "9994"}, "user_6_2778": {"weights": 1, "gauss": [-0.7440235294, 0.0019407774, 0.5], "max": [-0.7390244181], "min": [-0.7490226406], "raw_data_size": "9993"}}