{"user_6_3982": {"weights": [1.0], "gauss": [0.37051860376626666, 0.0009404877757014642, 0.5], "max": [0.37294113973854803], "min": [0.3680960677939853], "raw_data_size": "9993"}}