{"user_5_1641": {"weights": [1.0], "gauss": [0.003157646937482059, 0.0014672183313866529, 0.5], "max": [0.006936950910171921], "min": [-0.0006216570352078027], "raw_data_size": "9994"}}