{"user_1_3216": {"weights": 1, "gauss": [-0.0532702804, 0.0010232507, 0.5], "max": [-0.0506345612], "min": [-0.0559059997], "raw_data_size": "9995"}, "user_3_3216": {"weights": 1, "gauss": [-0.0523492858, 0.0010300035, 0.5], "max": [-0.0496961727], "min": [-0.0550023988], "raw_data_size": "9991"}, "user_6_3216": {"weights": 1, "gauss": [-0.0521191239, 0.0010136217, 0.5], "max": [-0.0495082075], "min": [-0.0547300404], "raw_data_size": "9993"}, "user_2_3216": {"weights": 1, "gauss": [-0.0529280877, 0.0010013368, 0.5], "max": [-0.050348815], "min": [-0.0555073603], "raw_data_size": "9991"}, "user_4_3216": {"weights": 1, "gauss": [-0.0528788219, 0.0010227423, 0.5], "max": [-0.0502444122], "min": [-0.0555132315], "raw_data_size": "9996"}, "user_5_3216": {"weights": 1, "gauss": [-0.0532157154, 0.0010193095, 0.5], "max": [-0.0505901482], "min": [-0.0558412826], "raw_data_size": "9994"}}