{"user_3_2834": {"weights": [0.040634267752837724, 0.1379162854243314, 0.2004519789498249, 0.26794987431361145, 0.3530475935593944], "gauss": [0.3157281786526665, 4.359973204027989e-05, 0.020317133876418862, 0.238100071905129, 8.828335713706347e-05, 0.0689581427121657, 0.29158452115187267, 4.324665787685988e-05, 0.10022598947491244, 0.2603002418758513, 3.6141285917514306e-05, 0.13397493715680572, 0.27292645061044984, 4.3137698530467224e-05, 0.1765237967796972], "max": [0.31584048412008275, 0.2383274747634583, 0.29169591716051246, 0.2603933356591856, 0.2730375659584123], "min": [0.31561587318525025, 0.23787266904679968, 0.29147312514323287, 0.26020714809251705, 0.2728153352624874], "raw_data_size": "70"}}