{"user_3_2427": {"weights": [1.0], "gauss": [-0.3873327756130898, 0.0025772080628534135, 0.5], "max": [-0.3806943275634495], "min": [-0.39397122366273013], "raw_data_size": "9991"}}