{"user_1_2427": {"weights": [1.0], "gauss": [-0.38811927093895576, 0.002625123300709491, 0.5], "max": [-0.38135740141555924], "min": [-0.3948811404623523], "raw_data_size": "9995"}}