{"user_3_603": {"weights": [1.0], "gauss": [-0.33053016619622144, 0.0009756482120467637, 0.5], "max": [-0.3280170629416763], "min": [-0.33304326945076657], "raw_data_size": "9991"}}