{"user_1_603": {"weights": [1.0], "gauss": [-0.32974667960575477, 0.0009813729204555105, 0.5], "max": [-0.3272188304795361], "min": [-0.33227452873197344], "raw_data_size": "9995"}}