{"user_3_407": {"weights": 1, "gauss": [0.32998233712781194, 0.002588686844365056, 0.5], "max": [0.336650352559239], "min": [0.3233143216963849], "raw_data_size": "9991"}}