{"user_1_3880": {"weights": 1, "gauss": [0.08197738651098639, 0.001692399208336915, 0.5], "max": [0.08633671798512357], "min": [0.07761805503684921], "raw_data_size": "9995"}}