{"user_6_2991": {"weights": [1.0], "gauss": [-0.06046136091754888, 0.003915369741163919, 0.5], "max": [-0.05037603680403019], "min": [-0.07054668503106758], "raw_data_size": "9993"}}