{"user_2_816": {"weights": [1.0], "gauss": [0.0904763555531308, 0.0005826376028336453, 0.5], "max": [0.09197713056385919], "min": [0.08897558054240241], "raw_data_size": "9991"}}