{"user_3_1921": {"weights": [0.02811940752215783, 0.21627624509354235, 0.32163153334323324, 0.4339728140410667], "gauss": [-0.9113901673222926, 0.0005373019304113204, 0.014059703761078915, -0.7985112553901242, 0.0009734851999940443, 0.10813812254677117, -0.6711068952172492, 0.0005517392705749737, 0.16081576667161662, -0.7380811474780933, 0.00044932209946155113, 0.21698640702053335], "max": [-0.9100061692650857, -0.7960037236854084, -0.6696857090361835, -0.7369237704475681], "min": [-0.9127741653794995, -0.8010187870948401, -0.6725280813983149, -0.7392385245086185], "raw_data_size": "70"}}