{"user_2_234": {"weights": [1.0], "gauss": [0.0758626931543967, 0.0011139783078547327, 0.5], "max": [0.07873211112328674], "min": [0.07299327518550666], "raw_data_size": "9991"}}