{"user_1_1338": {"weights": [0.0999822191, 0.1766715891, 0.3612322387, 0.3621139531], "gauss": [0.0501323798, 1.296e-06, 0.0499911096, -0.0479729758, 1.60399e-05, 0.0883357945, 0.0121998468, 9.04827e-05, 0.1806161194, -0.0186312944, 0.0001617893, 0.1810569765], "max": [0.0501357179, -0.0479316598, 0.0124329149, -0.0182145527], "min": [0.0501290416, -0.0480142919, 0.0119667788, -0.0190480361], "raw_data_size": "30"}, "user_2_1338": {"weights": [0.0581522929, 0.1488129911, 0.3698190737, 0.4232156423], "gauss": [-0.0938282343, 0.0007998719, 0.0290761464, 0.0426529375, 0.0003020363, 0.0744064955, 0.0010647877, 0.0001120922, 0.1849095369, -0.0261729006, 0.0001908975, 0.2116078212], "max": [-0.0917679008, 0.0434309316, 0.001353518, -0.0256811811], "min": [-0.0958885679, 0.0418749435, 0.0007760575, -0.0266646201], "raw_data_size": "57"}, "user_3_1338": {"weights": [0.1142704634, 0.2702988745, 0.3051094208, 0.3103212413], "gauss": [-0.060092749, 0.0001371192, 0.0571352317, -0.0037765932, 9.95119e-05, 0.1351494372, -0.0261973086, 0.0001504987, 0.1525547104, 0.0341223407, 0.0002313208, 0.1551606206], "max": [-0.0597395535, -0.0035202676, -0.0258096496, 0.0347181836], "min": [-0.0604459445, -0.0040329189, -0.0265849676, 0.0335264979], "raw_data_size": "70"}}