{"user_2_2360": {"weights": 1, "gauss": [-0.33191350597489716, 0.004132060186134336, 0.5], "max": [-0.3212700242634246], "min": [-0.3425569876863697], "raw_data_size": "9991"}}