{"user_3_12": {"weights": [0.3828450942913494, 0.000511045104075707, 0.02713027685510554, 0.5839613826841503, 3.0120900725765342e-05, 0.03567675491032454, 0.4159478428595772, 4.2182052434973745e-05, 0.04702385278183388, 0.46902838944583114, 0.0003127751461748364, 0.1897553679135353, 0.5154991353814857, 0.0002723111303793703, 0.20041374753920077], "gauss": [0.3828450942913494, 0.000511045104075707, 0.02713027685510554, 0.5839613826841503, 3.0120900725765342e-05, 0.03567675491032454, 0.4159478428595772, 4.2182052434973745e-05, 0.04702385278183388, 0.46902838944583114, 0.0003127751461748364, 0.1897553679135353, 0.5154991353814857, 0.0002723111303793703, 0.20041374753920077], "max": [0.3841614592458628, 0.584038968982889, 0.41605649662632305, 0.4698340448327701, 0.5162005623707995], "min": [0.38152872933683596, 0.5838837963854117, 0.41583918909283135, 0.4682227340588922, 0.514797708392172], "raw_data_size": "70"}}