{"user_6_492": {"weights": 1, "gauss": [-0.2172974280089522, 0.0012088110732767765, 0.5], "max": [-0.21418373702395146], "min": [-0.2204111189939529], "raw_data_size": "9993"}}