{"user_2_492": {"weights": [1.0], "gauss": [-0.21709107123069415, 0.0012099109894476215, 0.5], "max": [-0.21397454704938912], "min": [-0.2202075954119992], "raw_data_size": "9991"}}