{"user_2_2618": {"weights": 1, "gauss": [0.41429855445853603, 0.0008601837144094061, 0.5], "max": [0.4165142408765473], "min": [0.41208286804052474], "raw_data_size": "9991"}}