{"user_1_2952": {"weights": [0.2756070495, 1e-06, 0.0166654989, 0.3785098638, 1.52341e-05, 0.0649656883, 0.3467292258, 0.0001671432, 0.0697271224, 0.3369606964, 0.0002051357, 0.1682525866, 0.4014432063, 0.0001253611, 0.1803891038], "gauss": [0.2756070495, 1e-06, 0.0166654989, 0.3785098638, 1.52341e-05, 0.0649656883, 0.3467292258, 0.0001671432, 0.0697271224, 0.3369606964, 0.0002051357, 0.1682525866, 0.4014432063, 0.0001253611, 0.1803891038], "max": [0.2756096253, 0.3785491042, 0.3471597583, 0.3374890909, 0.4017661152], "min": [0.2756044736, 0.3784706233, 0.3462986934, 0.336432302, 0.4011202975], "raw_data_size": "30"}, "user_2_2952": {"weights": [0.138598663, 0.3797229767, 0.4816783603], "gauss": [0.2864713623, 0.0001105558, 0.0692993315, 0.3509333129, 0.0001878903, 0.1898614883, 0.3983078356, 0.0003194425, 0.2408391801], "max": [0.2867561352, 0.3514172862, 0.399130665], "min": [0.2861865894, 0.3504493395, 0.3974850061], "raw_data_size": "57"}, "user_3_2952": {"weights": [0.0142857044, 0.2099927706, 0.3367161589, 0.4390053661], "gauss": [0.2500881851, 1e-06, 0.0071428522, 0.3310339128, 0.000228999, 0.1049963853, 0.3655296109, 0.0001134643, 0.1683580795, 0.4015354941, 0.0002053862, 0.2195026831], "max": [0.2500907609, 0.3316237752, 0.3658218757, 0.402064534], "min": [0.2500856092, 0.3304440504, 0.3652373461, 0.4010064543], "raw_data_size": "70"}}