{"user_3_2559": {"weights": [0.18976290069415547, 2.9452087110213132e-05, 0.06654512551026164, 0.1313318011897534, 3.445672366025093e-05, 0.09751333146007843, 0.1494463946738715, 3.662707285312966e-05, 0.10617091368126746, 0.17791028904654688, 2.0373790601434627e-05, 0.10995189889203809, 0.16436333577844744, 2.4126877065817592e-05, 0.1198187304563544], "gauss": [0.18976290069415547, 2.9452087110213132e-05, 0.06654512551026164, 0.1313318011897534, 3.445672366025093e-05, 0.09751333146007843, 0.1494463946738715, 3.662707285312966e-05, 0.10617091368126746, 0.17791028904654688, 2.0373790601434627e-05, 0.10995189889203809, 0.16436333577844744, 2.4126877065817592e-05, 0.1198187304563544], "max": [0.18983876424318463, 0.13142055582826176, 0.14954073976142981, 0.17796276845340242, 0.1644254824953967], "min": [0.1896870371451263, 0.13124304655124505, 0.14935204958631318, 0.17785780963969133, 0.16430118906149818], "raw_data_size": "70"}}