{"user_3_3960": {"weights": [0.06046314632010706, 0.19744304215561165, 0.7420938115242813], "gauss": [-0.8701033666079274, 0.0004896578080366411, 0.03023157316005353, -0.8170734924825626, 0.0004866037993408169, 0.09872152107780582, -0.7466541126591271, 0.0007318306611478743, 0.37104690576214067], "max": [-0.8688420916772751, -0.8158200841570022, -0.7447690417969068], "min": [-0.8713646415385797, -0.8183269008081229, -0.7485391835213473], "raw_data_size": "70"}}