{"user_2_1795": {"weights": [0.01754385964888791, 0.04918987263855155, 0.149843865835685, 0.3674106362265706, 0.41601176565030484], "gauss": [-0.1638352423906322, 1.0000000000659194e-06, 0.008771929824443955, -0.08121588845724674, 4.690498686445673e-05, 0.024594936319275774, 0.06596737875250555, 0.00020273278857536347, 0.0749219329178425, 0.041974777832036944, 0.0002332845153920638, 0.1837053181132853, -0.013075890577689014, 0.0004583967571440338, 0.20800588282515242], "max": [-0.1638326665613285, -0.0810950692175987, 0.06648958381010815, 0.042575678922848026, -0.011895138777985623], "min": [-0.16383781821993593, -0.08133670769689479, 0.06544517369490295, 0.04137387674122586, -0.014256642377392405], "raw_data_size": "57"}}