{"user_3_1795": {"weights": [0.07706049394962294, 0.08132801458647775, 0.2606067804227877, 0.2725861510984931, 0.3084185599426186], "gauss": [-0.12361216682463289, 0.0007499986024509926, 0.03853024697481147, -0.0539141304915271, 0.0003280894757037412, 0.04066400729323887, 0.06081435982454177, 5.498563766571655e-05, 0.13030339021139384, -0.0034834175824315465, 0.00032569301895112745, 0.13629307554924655, 0.03117626037297328, 0.00015380584525039279, 0.1542092799713093], "max": [-0.1216802984468189, -0.05306902800582341, 0.06095599344131544, -0.002644487960255925, 0.03157243797622635], "min": [-0.12554403520244686, -0.054759232977230794, 0.06067272620776809, -0.004322347204607168, 0.03078008276972021], "raw_data_size": "70"}}