{"user_3_3547": {"weights": [0.12853255936146613, 0.16051600286195977, 0.1829270578624771, 0.19378614463554433, 0.3342382352785528], "gauss": [0.2744590851841422, 0.00024338864869544074, 0.06426627968073306, 0.17756176726486267, 0.00022140641794510152, 0.08025800143097989, 0.22189926950523617, 0.00011209374050592008, 0.09146352893123855, 0.19986584495925727, 0.0001779752257963636, 0.09689307231777217, 0.2429966608615126, 8.179990564879846e-05, 0.1671191176392764], "max": [0.2750860127976031, 0.17813207240419945, 0.22218800384677573, 0.2003242787611693, 0.2432073634555103], "min": [0.2738321575706813, 0.17699146212552588, 0.2216105351636966, 0.19940741115734525, 0.24278595826751487], "raw_data_size": "70"}}