{"user_6_1298": {"weights": 1, "gauss": [0.3892618092351121, 0.00314320447811836, 0.5], "max": [0.3973581674368955], "min": [0.3811654510333287], "raw_data_size": "9993"}}