{"user_4_3518": {"weights": 1, "gauss": [0.08656233537491648, 0.0014726277768245392, 0.5], "max": [0.0903555731556812], "min": [0.08276909759415176], "raw_data_size": "9996"}}