{"user_1_126": {"weights": [0.12589499381068286, 0.14180806111647073, 0.1646855125751646, 0.1656384734815566, 0.4019729590161252], "gauss": [-0.1751442735373066, 3.1312329619260056e-05, 0.06294749690534143, -0.16015460370213416, 1.953427927747675e-05, 0.07090403055823537, -0.13532867237010898, 3.080989576939279e-06, 0.0823427562875823, -0.146039172290182, 6.739205892800469e-06, 0.0828192367407783, -0.10681868453319729, 9.977027949727578e-05, 0.2009864795080626], "max": [-0.17506361832111092, -0.16010428673314753, -0.13532073626687277, -0.14602181324616068, -0.10656169332364494], "min": [-0.1752249287535023, -0.1602049206711208, -0.1353366084733452, -0.14605653133420335, -0.10707567574274963], "raw_data_size": "30"}}