{"user_1_1316": {"weights": [1.0], "gauss": [0.196769245, 0.0013410025, 0.5], "max": [0.2002234385], "min": [0.1933150514], "raw_data_size": "9995"}, "user_5_1316": {"weights": [1.0], "gauss": [0.1969238748, 0.0013367801, 0.5], "max": [0.2003671921], "min": [0.1934805576], "raw_data_size": "9994"}, "user_3_1316": {"weights": [1.0], "gauss": [0.1973274919, 0.0013654223, 0.5], "max": [0.2008445867], "min": [0.193810397], "raw_data_size": "9991"}, "user_4_1316": {"weights": [1.0], "gauss": [0.1967203294, 0.0014016814, 0.5], "max": [0.2003308213], "min": [0.1931098374], "raw_data_size": "9996"}, "user_2_1316": {"weights": [1.0], "gauss": [0.196340681, 0.0013745601, 0.5], "max": [0.1998813132], "min": [0.1928000489], "raw_data_size": "9991"}, "user_6_1316": {"weights": [1.0], "gauss": [0.1977607142, 0.0013453831, 0.5], "max": [0.2012261915], "min": [0.1942952369], "raw_data_size": "9993"}}