{"user_4_2356": {"weights": 1, "gauss": [-0.07739393047832278, 0.0010820779697118183, 0.5], "max": [-0.07460668233521438], "min": [-0.08018117862143119], "raw_data_size": "9996"}}