{"user_1_3902": {"weights": [0.190204818, 0.2267338078, 0.5830613742], "gauss": [0.1279289492, 9.6291e-06, 0.095102409, 0.1839203997, 2.42998e-05, 0.1133669039, 0.154902989, 9.47022e-05, 0.2915306871], "max": [0.1279537522, 0.1839829918, 0.1551469258], "min": [0.1279041462, 0.1838578076, 0.1546590522], "raw_data_size": "30"}, "user_3_3902": {"weights": [0.1828924533, 2.07083e-05, 0.0523112566, 0.1962545572, 0.0002486889, 0.0840644596, 0.1665528767, 3.67448e-05, 0.1092799237, 0.1454526027, 6.53922e-05, 0.1207449942, 0.12263249, 8.68359e-05, 0.1335993659], "gauss": [0.1828924533, 2.07083e-05, 0.0523112566, 0.1962545572, 0.0002486889, 0.0840644596, 0.1665528767, 3.67448e-05, 0.1092799237, 0.1454526027, 6.53922e-05, 0.1207449942, 0.12263249, 8.68359e-05, 0.1335993659], "max": [0.1829457943, 0.1968951374, 0.166647525, 0.1456210419, 0.1228561646], "min": [0.1828391122, 0.195613977, 0.1664582285, 0.1452841636, 0.1224088155], "raw_data_size": "70"}, "user_2_3902": {"weights": [0.1294531088, 0.2396058203, 0.2613528193, 0.3695882516], "gauss": [0.1691868772, 2.9851e-06, 0.0647265544, 0.1559537718, 1.52468e-05, 0.1198029102, 0.1844356835, 0.0001029255, 0.1306764096, 0.1352169656, 0.0003691845, 0.1847941258], "max": [0.1691945664, 0.155993045, 0.1847008019, 0.1361679217], "min": [0.1691791879, 0.1559144985, 0.1841705651, 0.1342660094], "raw_data_size": "57"}}