{"user_1_670": {"weights": [0.1600258372, 0.8399741628], "gauss": [-0.2601516681, 0.0001827909, 0.0800129186, -0.3310880946, 0.0004235264, 0.4199870814], "max": [-0.2596808299, -0.3299971628], "min": [-0.2606225062, -0.3321790264], "raw_data_size": "30"}, "user_2_670": {"weights": [0.0504452121, 0.4424105964, 0.5071441915], "gauss": [-0.3789632368, 4.66939e-05, 0.025222606, -0.3379412737, 8.08204e-05, 0.2212052982, -0.2935851005, 0.0008348982, 0.2535720958], "max": [-0.3788429613, -0.3377330941, -0.2914345453], "min": [-0.3790835124, -0.3381494533, -0.2957356558], "raw_data_size": "57"}, "user_3_670": {"weights": [-0.2206437521, 0.0001274993, 0.0143007099, -0.2654242222, 3.33769e-05, 0.0408963548, -0.2935787223, 0.0001283549, 0.0619319413, -0.3495132275, 0.0001405607, 0.1723699484, -0.3174957433, 0.0001305035, 0.2105010456], "gauss": [-0.2206437521, 0.0001274993, 0.0143007099, -0.2654242222, 3.33769e-05, 0.0408963548, -0.2935787223, 0.0001283549, 0.0619319413, -0.3495132275, 0.0001405607, 0.1723699484, -0.3174957433, 0.0001305035, 0.2105010456], "max": [-0.2203153357, -0.2653382488, -0.2932481021, -0.3491511672, -0.3171595884], "min": [-0.2209721685, -0.2655101955, -0.2939093426, -0.3498752879, -0.3178318981], "raw_data_size": "70"}}