{"user_5_3323": {"weights": 1, "gauss": [0.347939098848863, 0.0025112516748208294, 0.5], "max": [0.35440765450145273], "min": [0.34147054319627324], "raw_data_size": "9994"}}