{"user_2_682": {"weights": [0.04277179184035675, 2.7160146195706048e-05, 0.03511828093905057, 0.06751966675065153, 1.584951957358635e-05, 0.06938920063604023, 0.09294627587416503, 3.4913292354616206e-05, 0.10925823251542913, 0.11977738056233823, 5.195820635509125e-05, 0.13024180441065433, 0.15210419460729055, 0.00010480825136772562, 0.1559924814988258], "gauss": [0.04277179184035675, 2.7160146195706048e-05, 0.03511828093905057, 0.06751966675065153, 1.584951957358635e-05, 0.06938920063604023, 0.09294627587416503, 3.4913292354616206e-05, 0.10925823251542913, 0.11977738056233823, 5.195820635509125e-05, 0.13024180441065433, 0.15210419460729055, 0.00010480825136772562, 0.1559924814988258], "max": [0.04284175174081632, 0.06756049240761634, 0.09303620655569542, 0.11991121603282752, 0.15237416277241725], "min": [0.042701831939897184, 0.06747884109368672, 0.09285634519263464, 0.11964354509184895, 0.15183422644216385], "raw_data_size": "57"}}