{"user_2_3491": {"weights": [0.2127963464, 0.3169935996, 0.470210054], "gauss": [-0.0063730585, 0.0006570471, 0.1063981732, 0.0706595683, 0.000169003, 0.1584967998, 0.0289599182, 0.0001189723, 0.235105027], "max": [-0.0046806172, 0.071094891, 0.0292663704], "min": [-0.0080654997, 0.0702242455, 0.0286534659], "raw_data_size": "57"}, "user_3_3491": {"weights": [0.2079337658, 0.3106623768, 0.4814038574], "gauss": [0.0254154751, 8.85788e-05, 0.1039668829, -0.0015412069, 0.0003620402, 0.1553311884, 0.0639266141, 0.0003657537, 0.2407019287], "max": [0.0256436389, -0.0006086532, 0.0648687332], "min": [0.0251873114, -0.0024737606, 0.062984495], "raw_data_size": "70"}, "user_1_3491": {"weights": [0.1608734791, 0.8391265209], "gauss": [-0.0179605957, 0.0002489395, 0.0804367395, 0.0442952029, 0.0004061781, 0.4195632605], "max": [-0.01731937, 0.0453414483], "min": [-0.0186018215, 0.0432489575], "raw_data_size": "30"}}