{"user_3_1872": {"weights": 1, "gauss": [0.24383595618800794, 0.0022255813012794145, 0.5], "max": [0.24956867372127395], "min": [0.23810323865474192], "raw_data_size": "9991"}}