{"user_4_2491": {"weights": [1.0], "gauss": [-0.47990372510285706, 0.001843154278164365, 0.5], "max": [-0.47515607430219975], "min": [-0.48465137590351437], "raw_data_size": "9996"}}