{"user_3_2386": {"weights": [0.1189094372, 0.1369085156, 0.1708855987, 0.2360919635, 0.3372044849], "gauss": [0.6191553259, 4.11393e-05, 0.0594547186, 0.5636723753, 0.0001910147, 0.0684542578, 0.6799612775, 7.44934e-05, 0.0854427993, 0.599675607, 7.895e-05, 0.1180459818, 0.650071361, 9.54265e-05, 0.1686022425], "max": [0.6192612936, 0.5641643966, 0.6801531598, 0.5998789688, 0.6503171634], "min": [0.6190493581, 0.563180354, 0.6797693951, 0.5994722452, 0.6498255586], "raw_data_size": "70"}, "user_2_2386": {"weights": [0.0705554763, 0.0917543277, 0.2025216576, 0.224136878, 0.4110316604], "gauss": [0.5421396376, 9.77913e-05, 0.0352777381, 0.5820738843, 9.59773e-05, 0.0458771639, 0.6114603055, 5.12187e-05, 0.1012608288, 0.666703561, 0.0003561197, 0.112068439, 0.6443407086, 0.0001297938, 0.2055158302], "max": [0.5423915312, 0.5823211054, 0.6115922361, 0.6676208645, 0.6446750353], "min": [0.541887744, 0.5818266631, 0.611328375, 0.6657862575, 0.6440063819], "raw_data_size": "57"}, "user_1_2386": {"weights": [0.1472344276, 0.2694134233, 0.5833521491], "gauss": [0.5610181205, 0.0004516924, 0.0736172138, 0.6102744989, 0.0002479484, 0.1347067116, 0.6566855809, 0.0002947847, 0.2916760746], "max": [0.562181603, 0.6109131716, 0.657444896], "min": [0.5598546379, 0.6096358262, 0.6559262658], "raw_data_size": "30"}}