{"user_4_597": {"weights": [1.0], "gauss": [0.5208688268786014, 0.001161063728771421, 0.5], "max": [0.5238595288544585], "min": [0.5178781249027442], "raw_data_size": "9996"}}