{"user_3_3608": {"weights": 1, "gauss": [0.09864983230115489, 0.0016961581447680885, 0.5], "max": [0.10301884615390167], "min": [0.0942808184484081], "raw_data_size": "9991"}}