{"user_2_3608": {"weights": 1, "gauss": [0.09882721533788906, 0.0017434723010168191, 0.5], "max": [0.10331810238077402], "min": [0.0943363282950041], "raw_data_size": "9991"}}