{"user_2_1706": {"weights": [1.0], "gauss": [-0.20149306783625348, 0.001433960218765225, 0.5], "max": [-0.19779943108463463], "min": [-0.20518670458787233], "raw_data_size": "9991"}}