{"user_6_1706": {"weights": 1, "gauss": [-0.20058919445488746, 0.0014179638084126148, 0.5], "max": [-0.19693676172580646], "min": [-0.20424162718396846], "raw_data_size": "9993"}}