{"user_5_1706": {"weights": [1.0], "gauss": [-0.20081215700730412, 0.0014462652004001697, 0.5], "max": [-0.19708682472341035], "min": [-0.2045374892911979], "raw_data_size": "9994"}}