{"user_3_949": {"weights": 1, "gauss": [0.08339654160162384, 0.002858588488280557, 0.5], "max": [0.09075977759652445], "min": [0.07603330560672322], "raw_data_size": "9991"}}