{"user_2_1780": {"weights": [0.1253437119, 1.51121e-05, 0.079525015, 0.1102239591, 1.683e-05, 0.0865500004, 0.1376444666, 1.72555e-05, 0.088035486, 0.1785424677, 0.0001400323, 0.0979330972, 0.1525138642, 3.2276e-05, 0.1479564014], "gauss": [0.1253437119, 1.51121e-05, 0.079525015, 0.1102239591, 1.683e-05, 0.0865500004, 0.1376444666, 1.72555e-05, 0.088035486, 0.1785424677, 0.0001400323, 0.0979330972, 0.1525138642, 3.2276e-05, 0.1479564014], "max": [0.125382638, 0.1102673104, 0.1376889138, 0.1789031669, 0.1525970018], "min": [0.1253047857, 0.1101806078, 0.1376000195, 0.1781817685, 0.1524307267], "raw_data_size": "57"}, "user_1_1780": {"weights": [0.196644932, 1e-06, 0.0166623197, 0.1084525646, 8.351e-06, 0.0457386198, 0.1239304281, 2.4763e-05, 0.1178869528, 0.1635379827, 6.54188e-05, 0.1539818434, 0.1440815278, 6.40284e-05, 0.1657302644], "gauss": [0.196644932, 1e-06, 0.0166623197, 0.1084525646, 8.351e-06, 0.0457386198, 0.1239304281, 2.4763e-05, 0.1178869528, 0.1635379827, 6.54188e-05, 0.1539818434, 0.1440815278, 6.40284e-05, 0.1657302644], "max": [0.1966475079, 0.1084740753, 0.1239942133, 0.1637064903, 0.144246454], "min": [0.1966423562, 0.1084310539, 0.1238666428, 0.1633694752, 0.1439166017], "raw_data_size": "30"}, "user_3_1780": {"weights": [0.0414349497, 0.2852873339, 0.3238715212, 0.3494061952], "gauss": [0.0802740942, 0.0001523565, 0.0207174748, 0.1463192594, 0.0001118791, 0.142643667, 0.1749587218, 0.0001352071, 0.1619357606, 0.1186323498, 9.83492e-05, 0.1747030976], "max": [0.0806665385, 0.1466074409, 0.1753069923, 0.1188856805], "min": [0.0798816499, 0.1460310779, 0.1746104514, 0.1183790191], "raw_data_size": "70"}}