{"user_1_2195": {"weights": [1.0], "gauss": [-0.529442147, 0.0006898569, 0.5], "max": [-0.5276651935], "min": [-0.5312191005], "raw_data_size": "9995"}, "user_4_2195": {"weights": [1.0], "gauss": [-0.5292330525, 0.0007062388, 0.5], "max": [-0.527413902], "min": [-0.5310522029], "raw_data_size": "9996"}, "user_5_2195": {"weights": [1.0], "gauss": [-0.5295459531, 0.0007091153, 0.5], "max": [-0.5277193932], "min": [-0.531372513], "raw_data_size": "9994"}, "user_2_2195": {"weights": [1.0], "gauss": [-0.5295867466, 0.0006816953, 0.5], "max": [-0.527830816], "min": [-0.5313426773], "raw_data_size": "9991"}, "user_3_2195": {"weights": [1.0], "gauss": [-0.5296667803, 0.0007130821, 0.5], "max": [-0.5278300025], "min": [-0.5315035582], "raw_data_size": "9991"}, "user_6_2195": {"weights": [1.0], "gauss": [-0.5300294198, 0.0006946983, 0.5], "max": [-0.5282399957], "min": [-0.531818844], "raw_data_size": "9993"}}