{"user_3_3080": {"weights": [0.10459272814430699, 0.2550938156789633, 0.28561035198403617, 0.3547031041926936], "gauss": [0.15167291852201809, 0.00018618295532949508, 0.052296364072153496, 0.003996139206423666, 0.001020867756925596, 0.12754690783948164, 0.09766371914800653, 0.00023177676111636115, 0.14280517599201809, 0.0638168839750874, 0.00020112247039739687, 0.1773515520963468], "max": [0.15215249403417713, 0.0066257202897608515, 0.0982607365211717, 0.06433494112793917], "min": [0.15119334300985904, 0.0013665581230864797, 0.09706670177484136, 0.06329882682223564], "raw_data_size": "70"}}