{"user_2_3080": {"weights": [-0.04903458300756903, 0.0007184452053412485, 0.01973366697184239, 0.06622021767852083, 2.1427485722851642e-05, 0.1093909007050376, 0.12437078589705136, 0.0003902732612038631, 0.12180830721453681, 0.031130165103543377, 0.0002819175750610435, 0.12388698486895752, 0.09254623561598906, 0.00010883309890187269, 0.12518014023962568], "gauss": [-0.04903458300756903, 0.0007184452053412485, 0.01973366697184239, 0.06622021767852083, 2.1427485722851642e-05, 0.1093909007050376, 0.12437078589705136, 0.0003902732612038631, 0.12180830721453681, 0.031130165103543377, 0.0002819175750610435, 0.12388698486895752, 0.09254623561598906, 0.00010883309890187269, 0.12518014023962568], "max": [-0.047183990794656835, 0.06627541122414714, 0.12537606319965186, 0.031856336654571056, 0.09282657110133653], "min": [-0.05088517522048122, 0.06616502413289453, 0.12336550859445086, 0.030403993552515694, 0.09226590013064158], "raw_data_size": "57"}}