{"user_3_573": {"weights": [1.0], "gauss": [0.38172179689383445, 0.0011975719633977578, 0.5], "max": [0.384806537850263], "min": [0.37863705593740593], "raw_data_size": "9991"}}