{"user_2_573": {"weights": 1, "gauss": [0.3818386787943723, 0.0011832769998058035, 0.5], "max": [0.38488659836468747], "min": [0.3787907592240571], "raw_data_size": "9991"}}