{"user_4_3684": {"weights": [1.0], "gauss": [0.020933698902655656, 0.005699600559656891, 0.5], "max": [0.035614897042743586], "min": [0.006252500762567724], "raw_data_size": "9996"}}