{"user_2_971": {"weights": [0.03507401243305899, 0.08776927955468034, 0.16742056041193085, 0.3101399371995545, 0.3995962104007753], "gauss": [-0.03559852848646064, 4.0086327046695954e-05, 0.017537006216529497, 0.016439747199709493, 0.00013149035304448934, 0.04388463977734017, 0.0694398079528421, 3.805223261015258e-05, 0.08371028020596542, 0.11640787809575973, 0.0003450798706293297, 0.15506996859977726, 0.1718095778699882, 0.0003244267645321719, 0.19979810520038765], "max": [-0.035495272950582114, 0.01677844390421548, 0.06953782400866479, 0.11729674493859162, 0.17264524583692573], "min": [-0.035701784022339166, 0.016101050495203505, 0.06934179189701942, 0.11551901125292784, 0.1709739099030507], "raw_data_size": "57"}}