{"user_3_1775": {"weights": [0.014285470272285909, 0.1480078105191812, 0.19270348262722642, 0.6450032365813065], "gauss": [-0.8420407772064191, 1.0000000016653345e-06, 0.007142735136142954, -0.9024083754165054, 3.8391580004708655e-05, 0.0740039052595906, -0.968038331462849, 0.0007775331596591985, 0.09635174131361321, -0.9441414039254307, 0.000337178819210331, 0.32250161829065327], "max": [-0.8420382013771113, -0.9023094852597198, -0.9660355387657179, -0.9432728888423727], "min": [-0.842043353035727, -0.9025072655732911, -0.9700411241599801, -0.9450099190084886], "raw_data_size": "70"}}