{"user_1_1580": {"weights": [0.0333053208, 0.4030936364, 0.5636010428], "gauss": [-0.3432742655, 1e-06, 0.0166526604, -0.4390958076, 0.00015758, 0.2015468182, -0.3977849208, 0.0002064494, 0.2818005214], "max": [-0.3432716897, -0.4386899084, -0.3972531424], "min": [-0.3432768414, -0.4395017068, -0.3983166993], "raw_data_size": "30"}, "user_2_1580": {"weights": [0.2750845815, 0.3099749559, 0.4149404626], "gauss": [-0.3859549664, 0.0005734333, 0.1375422907, -0.4430310448, 0.0007645925, 0.154987478, -0.418931908, 0.0003913585, 0.2074702313], "max": [-0.3844779002, -0.441061585, -0.4179238354], "min": [-0.3874320326, -0.4450005045, -0.4199399806], "raw_data_size": "57"}, "user_3_1580": {"weights": [-0.3619539317, 3.46838e-05, 0.0211262744, -0.3872709593, 4.0579e-05, 0.0989675209, -0.4178142295, 6.40938e-05, 0.1110761194, -0.4445509542, 0.0001058954, 0.1135663229, -0.4636514438, 0.0001449633, 0.1552637624], "gauss": [-0.3619539317, 3.46838e-05, 0.0211262744, -0.3872709593, 4.0579e-05, 0.0989675209, -0.4178142295, 6.40938e-05, 0.1110761194, -0.4445509542, 0.0001058954, 0.1135663229, -0.4636514438, 0.0001449633, 0.1552637624], "max": [-0.3618645922, -0.3871664348, -0.4176491349, -0.4442781858, -0.463278043], "min": [-0.3620432713, -0.3873754838, -0.4179793241, -0.4448237225, -0.4640248446], "raw_data_size": "70"}}