{"user_6_959": {"weights": [1.0], "gauss": [0.3825857408369374, 0.0009587319838968979, 0.5], "max": [0.3850552707753086], "min": [0.38011621089856623], "raw_data_size": "9993"}}