{"user_4_959": {"weights": [1.0], "gauss": [0.38274880004256395, 0.0009597128407673451, 0.5], "max": [0.3852208565008046], "min": [0.3802767435843233], "raw_data_size": "9996"}}