{"user_6_3111": {"weights": [1.0], "gauss": [0.020996903095873314, 0.0009886481054099039, 0.5], "max": [0.023543491856686246], "min": [0.01845031433506038], "raw_data_size": "9993"}}