{"user_1_3111": {"weights": [1.0], "gauss": [0.0203683253389413, 0.00098223048825815, 0.5], "max": [0.022898383413435787], "min": [0.017838267264446817], "raw_data_size": "9995"}}