{"user_3_2746": {"weights": 1, "gauss": [0.30319595265309723, 0.0006304139491463541, 0.5], "max": [0.3048197913766744], "min": [0.30157211392952005], "raw_data_size": "9991"}}