{"user_1_2746": {"weights": 1, "gauss": [0.3028246783804516, 0.0006262771423765902, 0.5], "max": [0.30443786139592804], "min": [0.3012114953649751], "raw_data_size": "9995"}}