{"user_2_3763": {"weights": 1, "gauss": [0.19683645525867963, 0.0005889152200412366, 0.5], "max": [0.19835340033976778], "min": [0.19531951017759147], "raw_data_size": "9991"}}