{"user_3_1894": {"weights": [0.11933935933446367, 0.15144046056418345, 0.1926703191964146, 0.2090653936184059, 0.32748446728653224], "gauss": [-0.021935666881414195, 4.642163880321906e-05, 0.059669679667231836, -0.008516056110723027, 2.880713350470058e-05, 0.07572023028209172, 0.046127877529585616, 5.4636233971241385e-05, 0.0963351595982073, 0.02350550018666092, 2.9426173501986123e-05, 0.10453269680920295, 0.013105362423150762, 2.7544719226001844e-05, 0.16374223364326612], "max": [-0.0218160926638661, -0.008441853852090375, 0.0462686111420843, 0.023581296986658652, 0.013176312918091125], "min": [-0.02205524109896229, -0.00859025836935568, 0.045987143917086935, 0.02342970338666319, 0.013034411928210398], "raw_data_size": "70"}}