{"user_3_2921": {"weights": [0.10969215174811066, 0.2666181683300048, 0.29682266031057286, 0.32686701961131165], "gauss": [0.2896454030370296, 2.4438644096249184e-05, 0.05484607587405533, 0.3349513974617697, 4.999701710379955e-05, 0.1333090841650024, 0.3667735512639093, 0.0006744585583757502, 0.14841133015528643, 0.31281270619704854, 5.6213998518863214e-05, 0.16343350980565582], "max": [0.28970835281263174, 0.33508018124351574, 0.3685108413826029, 0.31295750386170307], "min": [0.2895824532614275, 0.3348226136800237, 0.3650362611452157, 0.312667908532394], "raw_data_size": "70"}}