{"user_3_1664": {"weights": [0.0721325019, 1.68674e-05, 0.0562986238, 0.0891747566, 0.0002751242, 0.0611940948, -0.0125322134, 0.0002281073, 0.0922446402, 0.0192315132, 3.37849e-05, 0.0959998747, 0.0396911331, 7.21777e-05, 0.1942627665], "gauss": [0.0721325019, 1.68674e-05, 0.0562986238, 0.0891747566, 0.0002751242, 0.0611940948, -0.0125322134, 0.0002281073, 0.0922446402, 0.0192315132, 3.37849e-05, 0.0959998747, 0.0396911331, 7.21777e-05, 0.1942627665], "max": [0.0721759496, 0.0898834296, -0.011944648, 0.0193185372, 0.0398770505], "min": [0.0720890543, 0.0884660835, -0.0131197788, 0.0191444892, 0.0395052157], "raw_data_size": "70"}, "user_2_1664": {"weights": [0.209116329, 0.3944352521, 0.3964484189], "gauss": [0.0100206768, 0.0007417982, 0.1045581645, 0.0650772618, 0.0001752256, 0.197217626, 0.031703918, 0.0001417848, 0.1982242095], "max": [0.0119314224, 0.0655286131, 0.0320691314], "min": [0.0081099312, 0.0646259105, 0.0313387046], "raw_data_size": "57"}, "user_1_1664": {"weights": [0.1698270289, 0.8301729711], "gauss": [0.0077642688, 0.001090857, 0.0849135144, 0.0492377349, 0.0004718738, 0.4150864856], "max": [0.0105741303, 0.0504532013], "min": [0.0049544074, 0.0480222684], "raw_data_size": "30"}}