{"user_1_4063": {"weights": [1.0], "gauss": [0.5354520364094497, 0.0013617266540688333, 0.5], "max": [0.5389596118284238], "min": [0.5319444609904757], "raw_data_size": "9995"}}