{"user_3_3414": {"weights": [0.023671903122285416, 0.08953978417323205, 0.09860833407194772, 0.3091514607219423, 0.4790285179105926], "gauss": [-0.10840163845590191, 1.7883402623108987e-05, 0.011835951561142708, -0.25778689250146686, 4.69268972086424e-05, 0.044769892086616025, -0.308952223193653, 0.0014906094237850654, 0.04930416703597386, -0.14180331733503393, 0.00012489419907313237, 0.15457573036097114, -0.17932107241548276, 0.0004380015403679789, 0.2395142589552963], "max": [-0.10835557386337814, -0.25766601682451223, -0.3051126677597213, -0.14148161119721808, -0.17819285521280337], "min": [-0.10844770304842567, -0.2579077681784215, -0.3127917786275847, -0.14212502347284978, -0.18044928961816215], "raw_data_size": "70"}}