{"user_1_288": {"weights": [1.0], "gauss": [-1.522525675990426, 0.0018230504283901206, 0.5], "max": [-1.5178298092751314], "min": [-1.5272215427057205], "raw_data_size": "9995"}}