{"user_2_2438": {"weights": [0.207106645, 0.3759721828, 0.4169211722], "gauss": [0.1698383986, 0.000175741, 0.1035533225, 0.1343523589, 0.000180718, 0.1879860914, 0.1064352982, 0.0002679063, 0.2084605861], "max": [0.1702910775, 0.1348178577, 0.1071253791], "min": [0.1693857196, 0.1338868602, 0.1057452172], "raw_data_size": "57"}, "user_3_2438": {"weights": [0.1562783267, 0.158462888, 0.1871184638, 0.2093861536, 0.2887541679], "gauss": [0.0831114254, 8.70918e-05, 0.0781391634, 0.1021410399, 1.73717e-05, 0.079231444, 0.1734341662, 7.30966e-05, 0.0935592319, 0.1192717223, 2.55772e-05, 0.1046930768, 0.1415431846, 4.18141e-05, 0.1443770839], "max": [0.0833357591, 0.1021857864, 0.1736224505, 0.1193376047, 0.1416508906], "min": [0.0828870918, 0.1020962935, 0.1732458819, 0.1192058399, 0.1414354786], "raw_data_size": "70"}, "user_1_2438": {"weights": [0.0332718382, 0.0986504996, 0.255178505, 0.2800212325, 0.3328779247], "gauss": [0.0708594397, 1e-06, 0.0166359191, 0.181361565, 5.5463e-06, 0.0493252498, 0.0994758988, 6.55063e-05, 0.1275892525, 0.1193426079, 0.0001286443, 0.1400106162, 0.1482624683, 0.0001147149, 0.1664389623], "max": [0.0708620155, 0.1813758513, 0.0996446319, 0.1196739736, 0.1485579543], "min": [0.0708568638, 0.1813472787, 0.0993071656, 0.1190112423, 0.1479669823], "raw_data_size": "30"}}