{"user_6_3503": {"weights": 1, "gauss": [-0.7055388608755867, 0.0022049981980023217, 0.5], "max": [-0.6998591619028998], "min": [-0.7112185598482736], "raw_data_size": "9993"}}