{"user_3_2320": {"weights": [0.12450196551151137, 0.14511763420183527, 0.15177527854762865, 0.27039187064183756, 0.3082132510971873], "gauss": [0.12227746250826128, 0.000298800522787434, 0.062250982755755684, 0.3247758779529127, 0.0008834528449443287, 0.07255881710091763, 0.2649784542743985, 0.00016951261317117616, 0.07588763927381433, 0.2171673709923882, 0.00016098385347714555, 0.13519593532091878, 0.17714244405846394, 0.00021119429603414546, 0.15410662554859364], "max": [0.12304712165077289, 0.3270515016792239, 0.2654150898307259, 0.21758203791957284, 0.17768644451493107], "min": [0.12150780336574968, 0.32250025422660145, 0.26454181871807103, 0.21675270406520356, 0.1765984436019968], "raw_data_size": "70"}}