{"user_1_610": {"weights": [0.0893137609605221, 0.2134419672020482, 0.6972442718374298], "gauss": [0.142018826281147, 2.6888928497246056e-05, 0.04465688048026105, 0.19889248170287682, 0.0001463180240455973, 0.1067209836010241, 0.17386955135916277, 0.00010768775814843059, 0.3486221359187149], "max": [0.14208808757111124, 0.19926937195685085, 0.174146936642235], "min": [0.14194956499118278, 0.1985155914489028, 0.17359216607609054], "raw_data_size": "30"}}