{"user_2_890": {"weights": [0.16104400788588624, 0.27358764093839844, 0.279246742842017, 0.2861216083336984], "gauss": [-0.3443966673633847, 0.00021738373730129, 0.08052200394294312, -0.39101258984685355, 0.00011371353700903486, 0.13679382046919922, -0.418524015535406, 0.00037607262878219707, 0.1396233714210085, -0.3707679896197579, 0.00010918394341396975, 0.1430608041668492], "max": [-0.3438367239627291, -0.39071968318601547, -0.41755531663792617, -0.37048675041883516], "min": [-0.34495661076404033, -0.39130549650769164, -0.4194927144328859, -0.3710492288206806], "raw_data_size": "57"}}