{"user_1_2087": {"weights": [1.0], "gauss": [0.1589359914, 0.0007108582, 0.5], "max": [0.1607670407], "min": [0.1571049421], "raw_data_size": "9995"}, "user_3_2087": {"weights": [1.0], "gauss": [0.159309174, 0.0006899881, 0.5], "max": [0.1610864655], "min": [0.1575318824], "raw_data_size": "9991"}, "user_2_2087": {"weights": [1.0], "gauss": [0.1592156564, 0.000721466, 0.5], "max": [0.1610740296], "min": [0.1573572832], "raw_data_size": "9991"}, "user_5_2087": {"weights": [1.0], "gauss": [0.1584634264, 0.0007074821, 0.5], "max": [0.1602857796], "min": [0.1566410733], "raw_data_size": "9994"}, "user_4_2087": {"weights": [1.0], "gauss": [0.159452543, 0.0006793583, 0.5], "max": [0.161202454], "min": [0.157702632], "raw_data_size": "9996"}, "user_6_2087": {"weights": [1.0], "gauss": [0.1594541424, 0.0006981375, 0.5], "max": [0.1612524255], "min": [0.1576558593], "raw_data_size": "9993"}}