{"user_1_3274": {"weights": [1.0], "gauss": [0.15193760543345547, 0.0006504560180938247, 0.5], "max": [0.15361306910553127], "min": [0.15026214176137967], "raw_data_size": "9995"}}