{"user_2_3558": {"weights": [1.0], "gauss": [-0.3908593208, 0.0006856543, 0.5], "max": [-0.3890931924], "min": [-0.3926254492], "raw_data_size": "9991"}, "user_3_3558": {"weights": [1.0], "gauss": [-0.3911057227, 0.0006979582, 0.5], "max": [-0.3893079014], "min": [-0.392903544], "raw_data_size": "9991"}, "user_6_3558": {"weights": [1.0], "gauss": [-0.3909929516, 0.0007030004, 0.5], "max": [-0.3891821426], "min": [-0.3928037605], "raw_data_size": "9993"}, "user_5_3558": {"weights": [1.0], "gauss": [-0.3905898573, 0.0006964354, 0.5], "max": [-0.3887959586], "min": [-0.3923837561], "raw_data_size": "9994"}, "user_4_3558": {"weights": [1.0], "gauss": [-0.3913664507, 0.0006925899, 0.5], "max": [-0.3895824572], "min": [-0.3931504441], "raw_data_size": "9996"}, "user_1_3558": {"weights": [1.0], "gauss": [-0.3909724047, 0.0007035254, 0.5], "max": [-0.3891602434], "min": [-0.3927845659], "raw_data_size": "9995"}}