{"user_2_2797": {"weights": 1, "gauss": [-0.28848048103954604, 0.0043262368054482045, 0.5], "max": [-0.2773368335019808], "min": [-0.2996241285771113], "raw_data_size": "9991"}}