{"user_6_2797": {"weights": 1, "gauss": [-0.2878067676562144, 0.004338143854624387, 0.5], "max": [-0.2766324495924623], "min": [-0.29898108571996646], "raw_data_size": "9993"}}