{"user_3_2194": {"weights": [-0.036878363678459834, 4.4448941216917954e-05, 0.02780651153778774, 0.00451297877557406, 0.0001523415670101904, 0.09490816066490551, 0.05181313871394026, 5.188997298094335e-05, 0.09631150847515199, 0.019932278496083904, 7.817831498023358e-05, 0.11639286031455982, 0.03478058149921119, 4.944423268519308e-05, 0.164580959007595], "gauss": [-0.036878363678459834, 4.4448941216917954e-05, 0.02780651153778774, 0.00451297877557406, 0.0001523415670101904, 0.09490816066490551, 0.05181313871394026, 5.188997298094335e-05, 0.09631150847515199, 0.019932278496083904, 7.817831498023358e-05, 0.11639286031455982, 0.03478058149921119, 4.944423268519308e-05, 0.164580959007595], "max": [-0.036763870793161575, 0.004905384648027466, 0.05194679842690494, 0.020133652490712067, 0.0349079414026532], "min": [-0.03699285656375809, 0.004120572903120653, 0.05167947900097559, 0.019730904501455742, 0.03465322159576918], "raw_data_size": "70"}}