{"user_1_247": {"weights": [0.05790210092379106, 0.27311606848268777, 0.2953549950006493, 0.3736268355928719], "gauss": [0.24947050984235833, 1.291830461080845e-05, 0.02895105046189553, 0.17607146139054897, 0.00011893562152004333, 0.13655803424134388, 0.16109635425070656, 6.752725089414946e-05, 0.14767749750032466, 0.2118106424676641, 0.0002530533494356145, 0.18681341779643595], "max": [0.24950378518992702, 0.1763778192496961, 0.16127029292234782, 0.21246246470050156], "min": [0.24943723449478963, 0.17576510353140185, 0.1609224155790653, 0.21115882023482663], "raw_data_size": "30"}}