{"user_3_3904": {"weights": [1.0], "gauss": [0.3210033015, 0.0057846733, 0.5], "max": [0.3359036326], "min": [0.3061029704], "raw_data_size": "9991"}, "user_2_3904": {"weights": [1.0], "gauss": [0.3213874471, 0.0057175973, 0.5], "max": [0.3361150018], "min": [0.3066598925], "raw_data_size": "9991"}, "user_1_3904": {"weights": [1.0], "gauss": [0.321093831, 0.0059478796, 0.5], "max": [0.3364145537], "min": [0.3057731084], "raw_data_size": "9995"}, "user_4_3904": {"weights": [1.0], "gauss": [0.3215895855, 0.0058132881, 0.5], "max": [0.3365636232], "min": [0.3066155477], "raw_data_size": "9996"}, "user_5_3904": {"weights": [1.0], "gauss": [0.3203237313, 0.0056932749, 0.5], "max": [0.3349886358], "min": [0.3056588269], "raw_data_size": "9994"}, "user_6_3904": {"weights": [1.0], "gauss": [0.3220767754, 0.0057959836, 0.5], "max": [0.3370062398], "min": [0.3071473111], "raw_data_size": "9993"}}