{"user_3_3317": {"weights": [0.0142857143, 0.0711000022, 0.2073079746, 0.2128889677, 0.4944173412], "gauss": [0.5569515228, 1e-06, 0.0071428571, 0.5282198074, 6.8065e-06, 0.0355500011, 0.4475735686, 0.0002991046, 0.1036539873, 0.5004030505, 4.83526e-05, 0.1064444839, 0.47653036, 7.21497e-05, 0.2472086706], "max": [0.5569540987, 0.5282373399, 0.448344011, 0.5005275986, 0.4767162054], "min": [0.556948947, 0.528202275, 0.4468031261, 0.5002785024, 0.4763445146], "raw_data_size": "70"}, "user_1_3317": {"weights": [0.0333331883, 0.1957599393, 0.2337291221, 0.5371777503], "gauss": [0.4172600508, 1e-06, 0.0166665942, 0.4615440545, 8.35396e-05, 0.0978799697, 0.5042092138, 0.0002319575, 0.116864561, 0.4802313926, 8.88376e-05, 0.2685888751], "max": [0.4172626266, 0.4617592384, 0.5048066968, 0.4804602229], "min": [0.4172574749, 0.4613288707, 0.5036117308, 0.4800025622], "raw_data_size": "30"}, "user_2_3317": {"weights": [0.2923263647, 0.3504884634, 0.3571851719], "gauss": [0.4452778997, 0.0002658215, 0.1461631823, 0.4783077273, 7.08456e-05, 0.1752442317, 0.4956221121, 0.0002372089, 0.1785925859], "max": [0.4459626107, 0.4784902136, 0.4962331216], "min": [0.4445931888, 0.4781252411, 0.4950111025], "raw_data_size": "57"}}