{"user_3_2496": {"weights": 1, "gauss": [0.2243642171516138, 0.002830660222762577, 0.5], "max": [0.2316555147017959], "min": [0.2170729196014317], "raw_data_size": "9991"}}