{"user_5_2496": {"weights": [1.0], "gauss": [0.22334533166431006, 0.002816556620448849, 0.5], "max": [0.23060030074236687], "min": [0.21609036258625325], "raw_data_size": "9994"}}