{"user_6_1257": {"weights": 1, "gauss": [0.07247576338382172, 0.008022983637789886, 0.5], "max": [0.09314159973993427], "min": [0.051809927027709174], "raw_data_size": "9993"}}