{"user_1_458": {"weights": [0.40146864638172286, 0.5985313536182771], "gauss": [-0.005298132837934359, 0.00037938539294041067, 0.20073432319086143, -0.0586589510516992, 0.00028129745366711094, 0.29926567680913857], "max": [-0.0043209008254600344, -0.05793437682752977], "min": [-0.006275364850408683, -0.05938352527586863], "raw_data_size": "30"}}