{"user_1_3914": {"weights": [0.0665513558, 0.1666689363, 0.197221447, 0.2664564725, 0.3031017883], "gauss": [0.5300320004, 4.46337e-05, 0.0332756779, 0.3919823526, 7.05223e-05, 0.0833344681, 0.4867428899, 0.0001491175, 0.0986107235, 0.4368074005, 3.11845e-05, 0.1332282363, 0.4658645324, 1.94607e-05, 0.1515508942], "max": [0.5301469693, 0.3921640061, 0.4871269911, 0.4368877264, 0.4659146599], "min": [0.5299170315, 0.3918006992, 0.4863587888, 0.4367270747, 0.4658144049], "raw_data_size": "30"}, "user_2_3914": {"weights": [0.1040735197, 0.3960610277, 0.4998654526], "gauss": [0.3917161591, 0.0007484326, 0.0520367599, 0.4417163807, 0.0005325107, 0.1980305138, 0.4866953406, 0.0006196923, 0.2499327263], "max": [0.3936439936, 0.4430880374, 0.4882915621], "min": [0.3897883245, 0.440344724, 0.4850991191], "raw_data_size": "57"}, "user_3_3914": {"weights": [0.0867646574, 0.1229092517, 0.2097715811, 0.26178314, 0.3187713697], "gauss": [0.3840587184, 9.92474e-05, 0.0433823287, 0.5095717161, 0.0001203742, 0.0614546259, 0.4530054613, 0.0001123756, 0.1048857906, 0.4760573659, 8.67525e-05, 0.13089157, 0.4196984984, 0.0001521611, 0.1593856849], "max": [0.3843143626, 0.5098817796, 0.4532949217, 0.4762808255, 0.4200904396], "min": [0.3838030741, 0.5092616526, 0.452716001, 0.4758339063, 0.4193065573], "raw_data_size": "70"}}