{"user_6_3034": {"weights": [1.0], "gauss": [-0.1297768003934405, 0.0012200524479856571, 0.5], "max": [-0.12663415354605248], "min": [-0.13291944724082852], "raw_data_size": "9993"}}