{"user_2_1445": {"weights": 1, "gauss": [0.1907457341572802, 0.003497860183741131, 0.5], "max": [0.19975562491827753], "min": [0.18173584339628285], "raw_data_size": "9991"}}