{"user_1_3883": {"weights": [0.21734763385328754, 0.31436157683550736, 0.4682907893112051], "gauss": [-0.10408536130741954, 0.00032110862357010654, 0.10867381692664377, -0.16455035189274844, 0.0014870805116939101, 0.15718078841775368, -0.14650208401068968, 0.0004469908677736657, 0.23414539465560255], "max": [-0.1032582403052054, -0.16071988633399079, -0.14535071183505952], "min": [-0.10491248230963367, -0.1683808174515061, -0.14765345618631984], "raw_data_size": "30"}}