{"user_2_1913": {"weights": [1.0], "gauss": [0.030485113437525673, 0.0025742838271389625, 0.5], "max": [0.03711602915512222], "min": [0.02385419771992912], "raw_data_size": "9991"}}