{"user_2_874": {"weights": [0.2151706326082231, 0.3789640812783002, 0.40586528611347666], "gauss": [0.29157691156848237, 0.0003734243263760058, 0.10758531630411156, 0.4213746997013984, 0.0011110778815325007, 0.1894820406391501, 0.33776964173053675, 0.00027502389798633633, 0.20293264305673833], "max": [0.2925387888910197, 0.42423664666717487, 0.3384780563461462], "min": [0.29061503424594504, 0.41851275273562194, 0.3370612271149273], "raw_data_size": "57"}}