{"user_1_3494": {"weights": [0.09947754924970838, 0.16036362411048072, 0.16656601610925215, 0.22682394489904892, 0.34676886563150994], "gauss": [0.34530979072539747, 1.1716090566631476e-05, 0.04973877462485419, 0.2855253583054877, 2.7539734904759016e-06, 0.08018181205524036, 0.27367780303697475, 5.900377303856951e-06, 0.08328300805462607, 0.2988240493083623, 3.5026015839405674e-05, 0.11341197244952446, 0.32256252305192024, 3.0335089436061113e-05, 0.17338443281575497], "max": [0.34533996937480205, 0.28553245207110567, 0.273693001401736, 0.29891427034634804, 0.3226406610642154], "min": [0.3452796120759929, 0.2855182645398697, 0.2736626046722135, 0.2987338282703766, 0.32248438503962507], "raw_data_size": "30"}}