{"user_4_1813": {"weights": [1.0], "gauss": [-0.1103940097, 0.0017518456, 0.5], "max": [-0.1058815545], "min": [-0.1149064649], "raw_data_size": "9996"}, "user_3_1813": {"weights": [1.0], "gauss": [-0.1102915641, 0.001737523, 0.5], "max": [-0.1058160015], "min": [-0.1147671266], "raw_data_size": "9991"}, "user_5_1813": {"weights": [1.0], "gauss": [-0.1112304605, 0.0017144089, 0.5], "max": [-0.1068144359], "min": [-0.1156464851], "raw_data_size": "9994"}, "user_6_1813": {"weights": [1.0], "gauss": [-0.110595257, 0.0017270057, 0.5], "max": [-0.1061467851], "min": [-0.1150437288], "raw_data_size": "9993"}, "user_1_1813": {"weights": [1.0], "gauss": [-0.110435039, 0.0017873425, 0.5], "max": [-0.1058311498], "min": [-0.1150389283], "raw_data_size": "9995"}, "user_2_1813": {"weights": [1.0], "gauss": [-0.109936149, 0.001765594, 0.5], "max": [-0.1053882803], "min": [-0.1144840178], "raw_data_size": "9991"}}