{"user_1_3804": {"weights": [1.0], "gauss": [0.0822262173, 0.0012210348, 0.5], "max": [0.0853713945], "min": [0.0790810401], "raw_data_size": "9995"}, "user_5_3804": {"weights": [1.0], "gauss": [0.0830651077, 0.0012120218, 0.5], "max": [0.086187069], "min": [0.0799431463], "raw_data_size": "9994"}, "user_2_3804": {"weights": [1.0], "gauss": [0.0821175853, 0.0012054743, 0.5], "max": [0.0852226814], "min": [0.0790124892], "raw_data_size": "9991"}, "user_4_3804": {"weights": [1.0], "gauss": [0.0824132153, 0.0011969403, 0.5], "max": [0.0854963292], "min": [0.0793301014], "raw_data_size": "9996"}, "user_6_3804": {"weights": [1.0], "gauss": [0.083046141, 0.0012299666, 0.5], "max": [0.086214325], "min": [0.079877957], "raw_data_size": "9993"}, "user_3_3804": {"weights": [1.0], "gauss": [0.0822267931, 0.0012197267, 0.5], "max": [0.0853686007], "min": [0.0790849854], "raw_data_size": "9991"}}