{"user_1_2681": {"weights": [0.1746064510051398, 0.305192091323203, 0.520201457671657], "gauss": [0.07994197914404812, 0.00035170355439053, 0.0873032255025699, 0.12550274968292846, 0.00014798985957268054, 0.1525960456616015, 0.15843792094664383, 0.0001834174127337333, 0.2601007288358285], "max": [0.08084790746560955, 0.12588394629984387, 0.1589103728931445], "min": [0.07903605082248669, 0.12512155306601305, 0.15796546900014316], "raw_data_size": "30"}}