{"user_2_793": {"weights": [0.0897303925, 0.1375494166, 0.2259659865, 0.231092999, 0.3156612053], "gauss": [0.1187489252, 1.11846e-05, 0.0448651963, 0.1700309323, 0.0001265968, 0.0687747083, 0.1371297198, 9.17751e-05, 0.1129829933, 0.0869352042, 0.0001543556, 0.1155464995, 0.104215488, 4.14757e-05, 0.1578306027], "max": [0.1187777348, 0.1703570241, 0.1373661168, 0.0873327978, 0.1043223224], "min": [0.1187201156, 0.1697048406, 0.1368933229, 0.0865376105, 0.1041086535], "raw_data_size": "57"}, "user_1_793": {"weights": [0.3258406315, 0.6741593685], "gauss": [0.1576067319, 0.0004339939, 0.1629203158, 0.0981972291, 0.0002988438, 0.3370796842], "max": [0.158724626, 0.0989669998], "min": [0.1564888378, 0.0974274585], "raw_data_size": "30"}, "user_3_793": {"weights": [0.1523761695, 0.2321644064, 0.3002403752, 0.3152190488], "gauss": [0.1660490726, 0.000168412, 0.0761880848, 0.0858659227, 0.0001244898, 0.1160822032, 0.1098199983, 6.46387e-05, 0.1501201876, 0.1372386458, 0.0001031352, 0.1576095244], "max": [0.1664828733, 0.0861865873, 0.1099864967, 0.1375043046], "min": [0.165615272, 0.0855452581, 0.1096535, 0.1369729871], "raw_data_size": "70"}}