{"user_2_1757": {"weights": [1.0], "gauss": [0.6446001938, 0.0023390717, 0.5], "max": [0.6506252431], "min": [0.6385751444], "raw_data_size": "57"}, "user_1_1757": {"weights": [0.1452588588, 0.2546284718, 0.6001126693], "gauss": [0.7053347157, 0.0002641823, 0.0726294294, 0.5852504585, 0.0001670016, 0.1273142359, 0.659295742, 0.0004444952, 0.3000563347], "max": [0.7060152041, 0.5856806262, 0.6604406858], "min": [0.7046542273, 0.5848202908, 0.6581507983], "raw_data_size": "30"}, "user_3_1757": {"weights": [0.141696905, 0.387782284, 0.470520811], "gauss": [0.564774632, 0.0012552085, 0.0708484525, 0.6928616273, 0.0006423267, 0.193891142, 0.6304759496, 0.0004972174, 0.2352604055], "max": [0.5680078348, 0.6945161511, 0.6317566968], "min": [0.5615414292, 0.6912071034, 0.6291952025], "raw_data_size": "70"}}