{"user_6_845": {"weights": [1.0], "gauss": [-0.5048117620614616, 0.0035480125720441505, 0.5], "max": [-0.49567268730903036], "min": [-0.5139508368138929], "raw_data_size": "9993"}}