{"user_6_3471": {"weights": [1.0], "gauss": [0.34168471831027813, 0.0026117117218743815, 0.5], "max": [0.3484120418959043], "min": [0.33495739472465197], "raw_data_size": "9993"}}