{"user_5_2413": {"weights": 1, "gauss": [0.9098088389593237, 0.0011888215697964655, 0.5], "max": [0.9128710403954965], "min": [0.906746637523151], "raw_data_size": "9994"}}