{"user_4_2413": {"weights": [1.0], "gauss": [0.9100602247688665, 0.0011664439439547914, 0.5], "max": [0.9130647852606524], "min": [0.9070556642770806], "raw_data_size": "9996"}}