{"user_4_421": {"weights": 1, "gauss": [0.12326673423049204, 0.0022670806406623863, 0.5], "max": [0.12910634697821863], "min": [0.11742712148276546], "raw_data_size": "9996"}}