{"user_2_2235": {"weights": [-0.07790299036946438, 4.7689209693383246e-05, 0.03360306524456321, -0.09612500712313549, 3.964559698174357e-06, 0.03457711154574452, -0.05149973069510454, 5.874851042319442e-05, 0.141129926863247, -0.03411321752629292, 8.540487390026134e-05, 0.1419238134033199, -0.007143557801892313, 8.268533215925951e-05, 0.14876608294312543], "gauss": [-0.07790299036946438, 4.7689209693383246e-05, 0.03360306524456321, -0.09612500712313549, 3.964559698174357e-06, 0.03457711154574452, -0.05149973069510454, 5.874851042319442e-05, 0.141129926863247, -0.03411321752629292, 8.540487390026134e-05, 0.1419238134033199, -0.007143557801892313, 8.268533215925951e-05, 0.14876608294312543], "max": [-0.07778015110567307, -0.09611479509408925, -0.05134840456041662, -0.033893229149434725, -0.006930574500342818], "min": [-0.07802582963325569, -0.09613521915218172, -0.05165105682979245, -0.034333205903151115, -0.007356541103441808], "raw_data_size": "57"}}