{"user_3_1709": {"weights": [0.088543424, 0.1072088024, 0.3623967488, 0.4418510247], "gauss": [0.2355401557, 0.0001870135, 0.044271712, 0.2737568599, 0.0004338897, 0.0536044012, 0.1889365135, 0.0001397408, 0.1811983744, 0.2141838518, 0.000106666, 0.2209255124], "max": [0.2360218706, 0.2748744856, 0.1892964618, 0.2144586052], "min": [0.2350584407, 0.2726392342, 0.1885765651, 0.2139090985], "raw_data_size": "70"}, "user_1_1709": {"weights": [0.1916142607, 5.312e-06, 0.0643442296, 0.1708279657, 5.69613e-05, 0.0845727975, 0.2493966741, 9.36954e-05, 0.0859075408, 0.2222439292, 2.48888e-05, 0.1119235568, 0.2104841764, 3.79555e-05, 0.1532518753], "gauss": [0.1916142607, 5.312e-06, 0.0643442296, 0.1708279657, 5.69613e-05, 0.0845727975, 0.2493966741, 9.36954e-05, 0.0859075408, 0.2222439292, 2.48888e-05, 0.1119235568, 0.2104841764, 3.79555e-05, 0.1532518753], "max": [0.1916279436, 0.1709746882, 0.2496380175, 0.2223080385, 0.2105819433], "min": [0.1916005778, 0.1706812431, 0.2491553307, 0.2221798199, 0.2103864095], "raw_data_size": "30"}, "user_2_1709": {"weights": [0.1697467753, 0.2315660177, 0.2337572395, 0.3649299675], "gauss": [0.2535628538, 0.0001914875, 0.0848733877, 0.2250697694, 2.88905e-05, 0.1157830088, 0.209227915, 1.96778e-05, 0.1168786197, 0.1883091856, 0.0001985623, 0.1824649838], "max": [0.2540560931, 0.2251441864, 0.2092786016, 0.1888206481], "min": [0.2530696146, 0.2249953523, 0.2091772284, 0.1877977232], "raw_data_size": "57"}}