{"user_1_1630": {"weights": [0.16988927763071426, 0.185617982143344, 0.3012859444724436, 0.3432067957534981], "gauss": [-0.4990673312633234, 6.424835830381003e-06, 0.08494463881535713, -0.45558810926289395, 9.917609615239697e-05, 0.092808991071672, -0.5130166441312571, 1.453097312217777e-05, 0.1506429722362218, -0.4846173684641739, 3.27555151519433e-05, 0.17160339787674905], "max": [-0.499050781982921, -0.45533264856821304, -0.51297921482488, -0.4845329958483927], "min": [-0.4990838805437258, -0.45584356995757486, -0.5130540734376343, -0.4847017410799551], "raw_data_size": "30"}}