{"user_3_2139": {"weights": [0.28980712749184473, 0.7101928725081553], "gauss": [0.34219312447414413, 0.00044667151636687454, 0.14490356374592236, 0.3112831948906179, 0.000284833063269609, 0.35509643625407766], "max": [0.34334367405506255, 0.31201687624160734], "min": [0.3410425748932257, 0.31054951353962845], "raw_data_size": "70"}}