{"user_2_3384": {"weights": [1.0], "gauss": [0.1115418241, 0.0005362738, 0.5], "max": [0.1129231738], "min": [0.1101604744], "raw_data_size": "9991"}, "user_1_3384": {"weights": [1.0], "gauss": [0.1116068364, 0.0005488031, 0.5], "max": [0.1130204594], "min": [0.1101932133], "raw_data_size": "9995"}, "user_6_3384": {"weights": [1.0], "gauss": [0.1116316579, 0.0005323782, 0.5], "max": [0.1130029733], "min": [0.1102603424], "raw_data_size": "9993"}, "user_4_3384": {"weights": [1.0], "gauss": [0.1114634848, 0.0005284029, 0.5], "max": [0.1128245606], "min": [0.1101024091], "raw_data_size": "9996"}, "user_5_3384": {"weights": [1.0], "gauss": [0.1110806887, 0.000525508, 0.5], "max": [0.1124343077], "min": [0.1097270698], "raw_data_size": "9994"}, "user_3_3384": {"weights": [1.0], "gauss": [0.1116576247, 0.0005357746, 0.5], "max": [0.1130376887], "min": [0.1102775607], "raw_data_size": "9991"}}