{
  "user_3": {
    "gauss": [
      -2.4333360811,
      0.0388905388,
      0.0566040651,
      -1.6333333333,
      0.0155565556,
      0.0283018868,
      -0.2778270583,
      0.1572054788,
      0.0573724177,
      0.6430608934,
      0.5245085336,
      0.0767646923,
      0.1002719147,
      0.1063948157,
      0.0283812172,
      1.7996876462,
      0.0599147846,
      0.0283513978,
      -1.8003600282,
      0.1168229817,
      0.0470289807,
      -3.3714314633,
      0.2620416087,
      0.0660373864,
      0.7,
      1e-06,
      0.0094339623,
      -0.4758046861,
      0.2853140715,
      0.055755799,
      1.4042121192,
      0.0483050346,
      0.0271002701,
      -1.35,
      0.002501,
      0.0188679245
    ],
    "weights": [
      0.1132081303,
      0.0566037736,
      0.1147448354,
      0.1535293846,
      0.0567624344,
      0.0567027956,
      0.0940579613,
      0.1320747729,
      0.0188679245,
      0.1115115981,
      0.0542005402,
      0.037735849
    ]
  },
  "user_2": {
    "gauss": [
      -1.4607906273,
      0.1227852938,
      0.0481344725,
      -0.1516860723,
      0.1104051657,
      0.0555059897,
      1.7801240446,
      0.0221080506,
      0.037159499,
      -3.2000000004,
      0.1400009999,
      0.0673076922,
      0.1305673127,
      0.0700218984,
      0.0522222054,
      -2.2501055933,
      0.0291874536,
      0.0576368425,
      0.866667036,
      0.0155566561,
      0.0288461721,
      -1.2100300015,
      0.0330616482,
      0.0372161717,
      1.3086689417,
      0.0220670564,
      0.0493789339,
      -1.6500036924,
      0.022501,
      0.0192286851,
      -0.6995599633,
      0.0069668959,
      0.0281542972,
      0.6999137324,
      0.0100010469,
      0.0192090387
    ],
    "weights": [
      0.096268945,
      0.1110119794,
      0.074318998,
      0.1346153845,
      0.1044444107,
      0.115273685,
      0.0576923441,
      0.0744323434,
      0.0987578679,
      0.0384573702,
      0.0563085944,
      0.0384180774
    ]
  },
  "user_1": {
    "gauss": [
      0.0193688987,
      0.1154462357,
      0.0407274758,
      -2.1000002161,
      0.010001,
      0.020407876,
      -1.2000022097,
      0.1066684812,
      0.0306123682,
      0.3999985286,
      0.0466678505,
      0.0306117835,
      -0.1,
      1e-06,
      0.0102040816,
      1.62,
      0.029601,
      0.0510204082,
      -2.9250001429,
      0.1968760437,
      0.0816326177,
      -1.9500000001,
      0.022501,
      0.0204081632,
      0.8999998848,
      0.0066676631,
      0.0306122081,
      -0.4,
      1e-06,
      0.0102040816,
      -0.623957971,
      0.1151218167,
      0.0307012356,
      -1.7000046083,
      0.2466675615,
      0.030612568,
      1.1999996336,
      0.010001058,
      0.0204081997,
      -0.866667771,
      0.0422231089,
      0.0306121051,
      -1.8000003078,
      0.010001,
      0.02040804,
      -1.5,
      1e-06,
      0.0102040816,
      -0.3,
      1e-06,
      0.0102040816,
      0.4999999475,
      0.0400006594,
      0.0204086245
    ],
    "weights": [
      0.0814549516,
      0.0408157519,
      0.0612247363,
      0.0612235671,
      0.0204081633,
      0.1020408163,
      0.1632652353,
      0.0408163265,
      0.0612244161,
      0.0204081632,
      0.0614024712,
      0.0612251361,
      0.0408163994,
      0.0612242101,
      0.0408160801,
      0.0204081633,
      0.0204081633,
      0.0408172491
    ]
  },
  "user_4": {
    "gauss": [
      -3.3639404748,
      0.1538633842,
      0.0313828118,
      -0.6123608699,
      0.0811543304,
      0.0816270564,
      0.4999326199,
      0.1449875813,
      0.040810707,
      0.4665665557,
      0.1790575483,
      0.06122818,
      1.8000060977,
      0.0066683184,
      0.0306069582,
      -0.2,
      1e-06,
      0.0102040816,
      -1.4999999582,
      0.010001,
      0.0204081114,
      -1.2748713102,
      0.0219172869,
      0.0408271738,
      0.1499786535,
      0.0025010059,
      0.0203994668,
      -1.8000001457,
      0.010001,
      0.0204081321,
      -2.336733984,
      0.1090676332,
      0.0910662029,
      1.3000162406,
      0.0200289159,
      0.0510311179
    ],
    "weights": [
      0.0627656236,
      0.1632541128,
      0.081621414,
      0.1224563599,
      0.0612139164,
      0.0204081633,
      0.0408162229,
      0.0816543477,
      0.0407989336,
      0.0408162642,
      0.1821324059,
      0.1020622358
    ]
  }
}