{"user_6_236": {"weights": 1, "gauss": [-0.2664622271165995, 0.0018387562775873934, 0.5], "max": [-0.2617259048147054], "min": [-0.2711985494184936], "raw_data_size": "9993"}}