{"user_2_1962": {"weights": [0.017543859507385712, 0.12094871439271583, 0.2940280964167695, 0.567479329683129], "gauss": [-0.03891135007143011, 1.0000000000034694e-06, 0.008771929753692856, 0.08076107039358006, 0.00039347827795585186, 0.060474357196357915, 0.19084210137998397, 0.0007989776146065584, 0.14701404820838476, 0.1494317362230926, 0.00038994435659373244, 0.2837396648415645], "max": [-0.03890877424212655, 0.08177460327224871, 0.19290013133256714, 0.15043616632356027], "min": [-0.03891392590073367, 0.07974753751491141, 0.1887840714274008, 0.14842730612262495], "raw_data_size": "57"}}