{"user_6_4015": {"weights": [1.0], "gauss": [-0.3744399805, 0.0016101152, 0.5], "max": [-0.3702925986], "min": [-0.3785873624], "raw_data_size": "9993"}, "user_3_4015": {"weights": [1.0], "gauss": [-0.375145883, 0.0016047512, 0.5], "max": [-0.3710123178], "min": [-0.3792794482], "raw_data_size": "9991"}, "user_1_4015": {"weights": [1.0], "gauss": [-0.3760291822, 0.0016673383, 0.5], "max": [-0.3717344033], "min": [-0.3803239611], "raw_data_size": "9995"}, "user_2_4015": {"weights": [1.0], "gauss": [-0.3757122114, 0.0016253896, 0.5], "max": [-0.3715254853], "min": [-0.3798989375], "raw_data_size": "9991"}, "user_4_4015": {"weights": [1.0], "gauss": [-0.3753161665, 0.0015727646, 0.5], "max": [-0.3712649932], "min": [-0.3793673397], "raw_data_size": "9996"}, "user_5_4015": {"weights": [1.0], "gauss": [-0.3755702542, 0.0016101619, 0.5], "max": [-0.3714227519], "min": [-0.3797177564], "raw_data_size": "9994"}}