{"user_3_3468": {"weights": 1, "gauss": [0.09552474464372324, 0.0007881475033762472, 0.5], "max": [0.09755487807843868], "min": [0.09349461120900779], "raw_data_size": "9991"}}