{"user_2_2025": {"weights": 1, "gauss": [0.15598773149891593, 0.0028817353308948834, 0.5], "max": [0.16341058980930714], "min": [0.1485648731885247], "raw_data_size": "9991"}}