{"user_5_1749": {"weights": [1.0], "gauss": [0.0467140039, 0.0016031285, 0.5], "max": [0.0508433893], "min": [0.0425846185], "raw_data_size": "9994"}, "user_6_1749": {"weights": [1.0], "gauss": [0.0466788688, 0.0015945783, 0.5], "max": [0.0507862305], "min": [0.0425715072], "raw_data_size": "9993"}, "user_1_1749": {"weights": [1.0], "gauss": [0.0467371109, 0.0016551023, 0.5], "max": [0.0510003719], "min": [0.0424738499], "raw_data_size": "9995"}, "user_4_1749": {"weights": [1.0], "gauss": [0.0465500554, 0.0016672651, 0.5], "max": [0.0508446458], "min": [0.0422554651], "raw_data_size": "9996"}, "user_2_1749": {"weights": [1.0], "gauss": [0.0478745482, 0.0016230501, 0.5], "max": [0.0520552481], "min": [0.0436938483], "raw_data_size": "9991"}, "user_3_1749": {"weights": [1.0], "gauss": [0.0466179053, 0.0016452027, 0.5], "max": [0.0508556667], "min": [0.0423801439], "raw_data_size": "9991"}}