{"user_3_2471": {"weights": [1.0], "gauss": [0.27623703, 0.0012804427, 0.5], "max": [0.2795352317], "min": [0.2729388283], "raw_data_size": "9991"}, "user_2_2471": {"weights": [1.0], "gauss": [0.2770386265, 0.001257662, 0.5], "max": [0.2802781492], "min": [0.2737991038], "raw_data_size": "9991"}, "user_6_2471": {"weights": [1.0], "gauss": [0.2763675624, 0.0012869809, 0.5], "max": [0.2796826054], "min": [0.2730525194], "raw_data_size": "9993"}, "user_1_2471": {"weights": [1.0], "gauss": [0.2758044826, 0.0012879393, 0.5], "max": [0.2791219945], "min": [0.2724869707], "raw_data_size": "9995"}, "user_4_2471": {"weights": [1.0], "gauss": [0.2760932047, 0.001300887, 0.5], "max": [0.2794440675], "min": [0.2727423419], "raw_data_size": "9996"}, "user_5_2471": {"weights": [1.0], "gauss": [0.2768612647, 0.0013074006, 0.5], "max": [0.2802289055], "min": [0.2734936238], "raw_data_size": "9994"}}