{"user_3_3650": {"weights": [0.08079130241135024, 0.18759796294709705, 0.18796411910164051, 0.2549723349172991, 0.2886742806226132], "gauss": [0.12126793451989835, 0.00016092389865212945, 0.04039565120567512, 0.053989391624454486, 6.49242600501788e-05, 0.09379898147354852, 0.09766781539101868, 1.0531786678772595e-05, 0.09398205955082026, 0.024939737506213148, 0.00043275222340048497, 0.12748616745864955, 0.0760563579734798, 5.850812073543852e-05, 0.1443371403113066], "max": [0.12168244701368784, 0.05415662543600296, 0.09769494347576459, 0.02605443336442406, 0.07620706490536572], "min": [0.12085342202610887, 0.05382215781290601, 0.09764068730627277, 0.023825041648002237, 0.07590565104159389], "raw_data_size": "70"}}