{"user_1_2492": {"weights": [0.31818433627847303, 0.681815663721527], "gauss": [-0.3716781775886184, 0.0007421180674663787, 0.15909216813923652, -0.32676049024694864, 0.00026930704708204203, 0.3409078318607635], "max": [-0.3697666081237454, -0.32606680126342247], "min": [-0.37358974705349135, -0.3274541792304748], "raw_data_size": "30"}}