{"user_6_2657": {"weights": 1, "gauss": [0.0471718154340729, 0.0005032054713579188, 0.5], "max": [0.048467986832902765], "min": [0.04587564403524304], "raw_data_size": "9993"}}