{"user_3_672": {"weights": [1.0], "gauss": [0.1237495475, 0.001839363, 0.5], "max": [0.1284874327], "min": [0.1190116624], "raw_data_size": "9991"}, "user_6_672": {"weights": [1.0], "gauss": [0.1241734376, 0.0017921465, 0.5], "max": [0.128789701], "min": [0.1195571742], "raw_data_size": "9993"}, "user_2_672": {"weights": [1.0], "gauss": [0.1242437013, 0.0018096815, 0.5], "max": [0.128905132], "min": [0.1195822706], "raw_data_size": "9991"}, "user_1_672": {"weights": [1.0], "gauss": [0.1246891388, 0.0018721605, 0.5], "max": [0.1295115047], "min": [0.1198667729], "raw_data_size": "9995"}, "user_5_672": {"weights": [1.0], "gauss": [0.1244311805, 0.0018296349, 0.5], "max": [0.1291440077], "min": [0.1197183533], "raw_data_size": "9994"}, "user_4_672": {"weights": [1.0], "gauss": [0.123509492, 0.0018134336, 0.5], "max": [0.1281805874], "min": [0.1188383966], "raw_data_size": "9996"}}