{"user_3_3133": {"weights": [1.0], "gauss": [0.06052978326908136, 0.001375340003976594, 0.5], "max": [0.06407242435366733], "min": [0.05698714218449539], "raw_data_size": "9991"}}