{"user_3_3581": {"weights": 1, "gauss": [-0.6178203270599001, 0.0006605317806703527, 0.5], "max": [-0.6161189099433241], "min": [-0.6195217441764761], "raw_data_size": "9991"}}