{"user_4_3692": {"weights": 1, "gauss": [0.3302099558, 0.000952142, 0.5], "max": [0.332662511], "min": [0.3277574006], "raw_data_size": "9996"}, "user_6_3692": {"weights": 1, "gauss": [0.3308933516, 0.0009451519, 0.5], "max": [0.3333279017], "min": [0.3284588016], "raw_data_size": "9993"}, "user_3_3692": {"weights": 1, "gauss": [0.3302293098, 0.0009913351, 0.5], "max": [0.3327828198], "min": [0.3276757998], "raw_data_size": "9991"}, "user_1_3692": {"weights": 1, "gauss": [0.3299435687, 0.0009685136, 0.5], "max": [0.3324382944], "min": [0.327448843], "raw_data_size": "9995"}, "user_2_3692": {"weights": 1, "gauss": [0.3297750442, 0.0009754398, 0.5], "max": [0.3322876105], "min": [0.3272624778], "raw_data_size": "9991"}, "user_5_3692": {"weights": 1, "gauss": [0.3304760514, 0.0009706705, 0.5], "max": [0.3329763329], "min": [0.32797577], "raw_data_size": "9994"}}