{"user_3_1283": {"weights": [0.1292211974177419, 0.1712141432222454, 0.2736766910892272, 0.4258879682707855], "gauss": [-0.289411949356858, 2.4298922024822533e-05, 0.06461059870887095, -0.3817912420217783, 0.00140242372557564, 0.0856070716111227, -0.36020555402263454, 0.00030864155706430876, 0.1368383455446136, -0.3277323895008662, 0.00022258862043586413, 0.21294398413539276], "max": [-0.2893493594814618, -0.3781788378934483, -0.3594105460556553, -0.32715903920971096], "min": [-0.2894745392322542, -0.38540364615010825, -0.3610005619896138, -0.32830573979202143], "raw_data_size": "70"}}