{"user_6_3532": {"weights": [1.0], "gauss": [0.20099625471708762, 0.0018718504868760189, 0.5], "max": [0.20581782205304516], "min": [0.1961746873811301], "raw_data_size": "9993"}}