{"user_4_3017": {"weights": [1.0], "gauss": [0.37027069416261255, 0.0016641905752128306, 0.5], "max": [0.37455736501293563], "min": [0.36598402331228946], "raw_data_size": "9996"}}