{"user_1_2818": {"weights": [0.1299368313, 0.4298196556, 0.4402435132], "gauss": [0.1316470631, 3.14573e-05, 0.0649684156, 0.1803575115, 0.0001889944, 0.2149098278, 0.222023222, 0.0002414555, 0.2201217566], "max": [0.1317280917, 0.1808443288, 0.2226451702], "min": [0.1315660344, 0.1798706941, 0.2214012738], "raw_data_size": "30"}, "user_3_2818": {"weights": [0.0263923798, 1e-06, 0.0071420938, 0.2728301742, 0.0001340365, 0.0286421481, 0.1187903407, 0.0005267241, 0.0702336279, 0.1615210401, 0.0004111337, 0.1754966993, 0.2111012304, 0.0001853367, 0.218485431], "gauss": [0.0263923798, 1e-06, 0.0071420938, 0.2728301742, 0.0001340365, 0.0286421481, 0.1187903407, 0.0005267241, 0.0702336279, 0.1615210401, 0.0004111337, 0.1754966993, 0.2111012304, 0.0001853367, 0.218485431], "max": [0.0263949556, 0.2731754293, 0.1201470921, 0.1625800504, 0.211578626], "min": [0.0263898039, 0.2724849191, 0.1174335893, 0.1604620297, 0.2106238348], "raw_data_size": "70"}, "user_2_2818": {"weights": [0.0350877193, 0.1041385992, 0.4142262372, 0.4465474443], "gauss": [0.0441643782, 8.24913e-05, 0.0175438596, 0.1311044741, 3.4038e-05, 0.0520692996, 0.2178332472, 0.0001988045, 0.2071131186, 0.1805961739, 0.0001500015, 0.2232737221], "max": [0.0443768617, 0.1311921503, 0.2183453338, 0.1809825521], "min": [0.0439518947, 0.1310167979, 0.2173211607, 0.1802097957], "raw_data_size": "57"}}