{"user_1_2199": {"weights": [0.3978184498097785, 1.628368018701364e-06, 0.03323922551050676, 0.326152426022141, 1.7592267290273957e-06, 0.04989765585068585, 0.3103266804740934, 4.784356228234142e-06, 0.0666666641127752, 0.37259808208860534, 5.4051899397360544e-05, 0.15151952134544544, 0.34854148419825887, 3.9398679710560654e-05, 0.19867693318058674], "gauss": [0.3978184498097785, 1.628368018701364e-06, 0.03323922551050676, 0.326152426022141, 1.7592267290273957e-06, 0.04989765585068585, 0.3103266804740934, 4.784356228234142e-06, 0.0666666641127752, 0.37259808208860534, 5.4051899397360544e-05, 0.15151952134544544, 0.34854148419825887, 3.9398679710560654e-05, 0.19867693318058674], "max": [0.397822644207838, 0.3261569574899012, 0.3103390041590647, 0.37273731055498555, 0.34864296847197845], "min": [0.39781425541171894, 0.3261478945543808, 0.3103143567891221, 0.37245885362222514, 0.3484399999245393], "raw_data_size": "30"}}