{"user_3_3636": {"weights": [0.21081163846916692, 0.24004953526453232, 0.27099274715097715, 0.2781460791153237], "gauss": [-0.056957197829784534, 2.5788527190769752e-05, 0.10540581923458346, -0.10630448682486367, 0.0003065184661125282, 0.12002476763226616, -0.02920139761302412, 0.000199566852361733, 0.13549637357548858, -0.0776705622039427, 2.791644287913103e-05, 0.13907303955766184], "max": [-0.05689077098575118, -0.10551494757777216, -0.02868734746669375, -0.07759865421232379], "min": [-0.057023624673817885, -0.10709402607195517, -0.02971544775935449, -0.0777424701955616], "raw_data_size": "70"}}