{"user_4_2484": {"weights": 1, "gauss": [0.19214585448369423, 0.004085422563683854, 0.5], "max": [0.20266920564061097], "min": [0.18162250332677748], "raw_data_size": "9996"}}