{"user_1_2484": {"weights": 1, "gauss": [0.1914488474526752, 0.00415732855446537, 0.5], "max": [0.2021574161677477], "min": [0.1807402787376027], "raw_data_size": "9995"}}