{"user_2_2484": {"weights": [1.0], "gauss": [0.19247835161851132, 0.004049501621384225, 0.5], "max": [0.20290917655964158], "min": [0.18204752667738106], "raw_data_size": "9991"}}