{"user_3_3261": {"weights": [1.0], "gauss": [-0.15510767803371728, 0.0008825997792947575, 0.5], "max": [-0.15283425165890405], "min": [-0.1573811044085305], "raw_data_size": "9991"}}