{"user_4_502": {"weights": 1, "gauss": [0.2272665534479016, 0.0015233755489574344, 0.5], "max": [0.23119050882721603], "min": [0.22334259806858714], "raw_data_size": "9996"}}