{"user_5_502": {"weights": 1, "gauss": [0.22707651462564418, 0.0015556878749084363, 0.5], "max": [0.23108370104100906], "min": [0.2230693282102793], "raw_data_size": "9994"}}