{"user_3_90": {"weights": [0.1825068050194181, 0.1930496472458277, 0.24152747455513424, 0.3829160731796198], "gauss": [0.4978459526129641, 4.588633852620105e-05, 0.09125340250970905, 0.4738735768889363, 9.476351037293506e-05, 0.09652482362291386, 0.5579679552013204, 0.0004962536266236152, 0.12076373727756712, 0.5212460498010091, 9.518830432483815e-05, 0.1914580365898099], "max": [0.49796414798837246, 0.47411767151586204, 0.5592462198347699, 0.5214912386246441], "min": [0.49772775723755575, 0.4736294822620105, 0.5566896905678709, 0.5210008609773741], "raw_data_size": "70"}}