{"user_2_90": {"weights": [0.3594663662454371, 0.6405336337545628], "gauss": [0.5545961153732956, 0.000651626884411476, 0.17973318312271855, 0.5103031858558051, 0.0005318303109655688, 0.3202668168772814], "max": [0.5562745949971429, 0.5116730899553058], "min": [0.5529176357494482, 0.5089332817563045], "raw_data_size": "57"}}