{"user_2_1647": {"weights": [0.1280936433, 0.2353933406, 0.3154964908, 0.3210165253], "gauss": [-0.403372989, 0.0001107479, 0.0640468217, -0.3545555564, 4.0148e-05, 0.1176966703, -0.3761799377, 5.29642e-05, 0.1577482454, -0.3308297866, 4.74886e-05, 0.1605082626], "max": [-0.4030877214, -0.354452142, -0.3760435109, -0.3307074641], "min": [-0.4036582566, -0.3546589708, -0.3763163644, -0.3309521091], "raw_data_size": "57"}, "user_1_1647": {"weights": [0.117897547, 0.1386493713, 0.1767734793, 0.1863355692, 0.3803440332], "gauss": [-0.3828474812, 2.11903e-05, 0.0589487735, -0.4079363347, 0.0001035934, 0.0693246856, -0.373582049, 6.6525e-06, 0.0883867396, -0.3558847953, 1.12417e-05, 0.0931677846, -0.3334552793, 7.69964e-05, 0.1901720166], "max": [-0.3827928987, -0.4076694957, -0.3735649133, -0.3558558385, -0.3332569497], "min": [-0.3829020637, -0.4082031737, -0.3735991848, -0.355913752, -0.3336536088], "raw_data_size": "30"}, "user_3_1647": {"weights": [0.1012098646, 0.1423939188, 0.1688944242, 0.2151252065, 0.3723765859], "gauss": [-0.3540725054, 1.03607e-05, 0.0506049323, -0.3149225436, 0.0005325798, 0.0711969594, -0.406251383, 0.0003647368, 0.0844472121, -0.3284419985, 0.0001437775, 0.1075626033, -0.3780599811, 9.71824e-05, 0.186188293], "max": [-0.3540458181, -0.3135507089, -0.4053118833, -0.3280716522, -0.377809656], "min": [-0.3540991927, -0.3162943783, -0.4071908827, -0.3288123447, -0.3783103063], "raw_data_size": "70"}}