{"user_3_955": {"weights": [0.1860868887, 0.2055484713, 0.2555986095, 0.3527660305], "gauss": [-0.2787742036, 0.0010861119, 0.0930434444, -0.3623713087, 1.95475e-05, 0.1027742356, -0.331336798, 0.0002335647, 0.1277993048, -0.3960720689, 0.0002131564, 0.1763830152], "max": [-0.2759765647, -0.3623209577, -0.3307351752, -0.3955230144], "min": [-0.2815718425, -0.3624216598, -0.3319384207, -0.3966211233], "raw_data_size": "70"}, "user_2_955": {"weights": [0.0511002345, 0.1052685356, 0.3391547541, 0.5044764758], "gauss": [-0.3009914959, 1.50093e-05, 0.0255501172, -0.2580478956, 9.00196e-05, 0.0526342678, -0.350211686, 0.0002385938, 0.169577377, -0.3916220812, 0.0003189949, 0.2522382379], "max": [-0.3009528344, -0.2578160204, -0.3495971092, -0.3908004049], "min": [-0.3010301574, -0.2582797708, -0.3508262629, -0.3924437576], "raw_data_size": "57"}, "user_1_955": {"weights": [0.0999830636, 0.1291108331, 0.2937788011, 0.4771273022], "gauss": [-0.2512379448, 7.96727e-05, 0.0499915318, -0.4202609954, 9.49581e-05, 0.0645554165, -0.3804405671, 0.0003099392, 0.1468894006, -0.3503561374, 0.0004370907, 0.2385636511], "max": [-0.2510327215, -0.4200163995, -0.3796422167, -0.3492302663], "min": [-0.2514431681, -0.4205055913, -0.3812389174, -0.3514820086], "raw_data_size": "30"}}