{"user_5_2005": {"weights": 1, "gauss": [-0.0031807518016996324, 0.0008208718671243559, 0.5], "max": [-0.001066325991901817], "min": [-0.005295177611497448], "raw_data_size": "9994"}}