{"user_3_913": {"weights": 1, "gauss": [-0.5340889256378138, 0.0020556136916815284, 0.5], "max": [-0.5287940156540042], "min": [-0.5393838356216235], "raw_data_size": "9991"}}