{"user_2_1100": {"weights": 1, "gauss": [-0.3816512828085333, 0.001373951589007354, 0.5], "max": [-0.37811221804391054], "min": [-0.385190347573156], "raw_data_size": "9991"}}