{"user_3_381": {"weights": [1.0], "gauss": [0.36312283173397375, 0.0026434459751385466, 0.5], "max": [0.369931897339084], "min": [0.3563137661288635], "raw_data_size": "9991"}}