{"user_2_381": {"weights": [1.0], "gauss": [0.36417988427423204, 0.002655945784925006, 0.5], "max": [0.37102114725567903], "min": [0.35733862129278504], "raw_data_size": "9991"}}