{"user_2_2298": {"weights": [-0.8675681501, 9.4586e-06, 0.0253640421, -0.8311238342, 0.0002458435, 0.0449429311, -0.7142721068, 0.0001590004, 0.1124257361, -0.7472898549, 9.00495e-05, 0.1475987615, -0.7761580398, 6.45144e-05, 0.1696685293], "gauss": [-0.8675681501, 9.4586e-06, 0.0253640421, -0.8311238342, 0.0002458435, 0.0449429311, -0.7142721068, 0.0001590004, 0.1124257361, -0.7472898549, 9.00495e-05, 0.1475987615, -0.7761580398, 6.45144e-05, 0.1696685293], "max": [-0.8675437864, -0.8304905834, -0.713862549, -0.7470579027, -0.7759918617], "min": [-0.8675925137, -0.831757085, -0.7146816646, -0.747521807, -0.7763242179], "raw_data_size": "57"}, "user_3_2298": {"weights": [0.0676391949, 0.1027295294, 0.2156984933, 0.2748093939, 0.3391233884], "gauss": [-0.8561862812, 3.79329e-05, 0.0338195975, -0.7014886459, 0.0004836986, 0.0513647647, -0.8069396724, 0.0002886186, 0.1078492467, -0.7375317295, 0.000190975, 0.137404697, -0.7628716151, 0.0002304052, 0.1695616942], "max": [-0.8560885725, -0.7002427209, -0.8061962403, -0.7370398105, -0.7622781306], "min": [-0.8562839899, -0.7027345709, -0.8076831046, -0.7380236484, -0.7634650997], "raw_data_size": "70"}, "user_1_2298": {"weights": [0.0971599332, 0.9028400668], "gauss": [-0.8576630878, 0.0002407066, 0.0485799666, -0.7509211432, 0.000699995, 0.4514200334], "max": [-0.8570430688, -0.7491180754], "min": [-0.8582831068, -0.7527242109], "raw_data_size": "30"}}