{"user_4_2972": {"weights": [1.0], "gauss": [-0.2160233301917513, 0.0006990625582398564, 0.5], "max": [-0.21422266436922321], "min": [-0.21782399601427938], "raw_data_size": "9996"}}