{"user_4_1059": {"weights": 1, "gauss": [0.4477309903010083, 0.0021332283284829215, 0.5], "max": [0.45322582234067527], "min": [0.4422361582613414], "raw_data_size": "9996"}}