{"user_2_60": {"weights": [1.0], "gauss": [-0.0257726353, 0.0012663825, 0.5], "max": [-0.0225106501], "min": [-0.0290346205], "raw_data_size": "9991"}, "user_4_60": {"weights": [1.0], "gauss": [-0.0247208509, 0.0012736558, 0.5], "max": [-0.0214401309], "min": [-0.028001571], "raw_data_size": "9996"}, "user_3_60": {"weights": [1.0], "gauss": [-0.025029593, 0.0012680749, 0.5], "max": [-0.0217632484], "min": [-0.0282959376], "raw_data_size": "9991"}, "user_1_60": {"weights": [1.0], "gauss": [-0.0252358465, 0.0012767826, 0.5], "max": [-0.0219470726], "min": [-0.0285246204], "raw_data_size": "9995"}, "user_6_60": {"weights": [1.0], "gauss": [-0.0256612373, 0.0012681095, 0.5], "max": [-0.0223948037], "min": [-0.0289276709], "raw_data_size": "9993"}, "user_5_60": {"weights": [1.0], "gauss": [-0.0251045582, 0.0012886716, 0.5], "max": [-0.0217851602], "min": [-0.0284239562], "raw_data_size": "9994"}}