{"user_6_2807": {"weights": 1, "gauss": [0.2206146442, 0.0010443173, 0.5], "max": [0.2233046272], "min": [0.2179246612], "raw_data_size": "9993"}, "user_1_2807": {"weights": 1, "gauss": [0.2200506097, 0.001030218, 0.5], "max": [0.2227042753], "min": [0.217396944], "raw_data_size": "9995"}, "user_4_2807": {"weights": 1, "gauss": [0.2204633219, 0.0010364223, 0.5], "max": [0.2231329687], "min": [0.2177936751], "raw_data_size": "9996"}, "user_2_2807": {"weights": 1, "gauss": [0.2207375635, 0.0010249883, 0.5], "max": [0.2233777584], "min": [0.2180973686], "raw_data_size": "9991"}, "user_3_2807": {"weights": 1, "gauss": [0.2203662235, 0.0010098184, 0.5], "max": [0.2229673433], "min": [0.2177651038], "raw_data_size": "9991"}, "user_5_2807": {"weights": 1, "gauss": [0.2203994472, 0.0009929154, 0.5], "max": [0.2229570277], "min": [0.2178418668], "raw_data_size": "9994"}}