{"user_2_3057": {"weights": [1.0], "gauss": [0.008250721027444237, 0.0013300396235001624, 0.5], "max": [0.011676676064537102], "min": [0.004824765990351372], "raw_data_size": "9991"}}