{"user_6_4086": {"weights": 1, "gauss": [0.31884147617672826, 0.0010847698271120438, 0.5], "max": [0.32163565808500916], "min": [0.31604729426844735], "raw_data_size": "9993"}}