{"user_1_4086": {"weights": 1, "gauss": [0.31929585852311226, 0.0010755006236891063, 0.5], "max": [0.3220661645455958], "min": [0.31652555250062875], "raw_data_size": "9995"}}