{"user_6_101": {"weights": [1.0], "gauss": [-0.2150310068624723, 0.0018142630281409086, 0.5], "max": [-0.2103577749902416], "min": [-0.21970423873470302], "raw_data_size": "9993"}}