{"user_5_2984": {"weights": 1, "gauss": [0.009930178177415287, 0.0027844850180189975, 0.5], "max": [0.017102536282121508], "min": [0.0027578200727090656], "raw_data_size": "9994"}}