{"user_6_2984": {"weights": [1.0], "gauss": [0.009321469611946256, 0.0028048338797284503, 0.5], "max": [0.01654624291093755], "min": [0.0020966963129549617], "raw_data_size": "9993"}}