{"user_2_2641": {"weights": [0.0348880470417408, 0.15379675201439488, 0.15984136604048774, 0.3233699578309765, 0.32810387707239996], "gauss": [0.20840665159421995, 3.9179685859660026e-05, 0.0174440235208704, 0.3057105801520941, 3.714515782988936e-05, 0.07689837600719744, 0.28439234886761344, 1.0827464688721977e-05, 0.07992068302024387, 0.32660107460170845, 0.0006372979107249478, 0.16168497891548825, 0.26145934866726983, 0.0001701889045438294, 0.16405193853619998], "max": [0.20850757177716112, 0.3058062597381173, 0.2844202385684418, 0.32824264523524427, 0.26189772623473273], "min": [0.20830573141127878, 0.30561490056607094, 0.2843644591667851, 0.32495950396817264, 0.26102097109980693], "raw_data_size": "57"}}