{"user_1_3836": {"weights": [0.24672871331989418, 0.7532712866801058], "gauss": [0.32586519190399915, 0.00031321207491326233, 0.12336435665994709, 0.36110648351739794, 0.00032533980067214654, 0.3766356433400529], "max": [0.3266719727447861, 0.36194450330958], "min": [0.3250584110632122, 0.36026846372521587], "raw_data_size": "30"}}