{"user_1_1891": {"weights": [0.4860918554224414, 0.5139081445775587], "gauss": [-0.08906884287496389, 2.7264042072590005e-05, 0.2430459277112207, -0.07738476664679081, 5.7267446475474246e-05, 0.25695407228877937], "max": [-0.08899861535646011, -0.07723725548001986], "min": [-0.08913907039346766, -0.07753227781356176], "raw_data_size": "30"}}