{"user_1_3378": {"weights": [0.12527846430625258, 0.13328002797247823, 0.7414415077212693], "gauss": [-0.3916142652496813, 6.0857138187596745e-05, 0.06263923215312629, -0.22969420166213822, 0.00011994596656333161, 0.06664001398623912, -0.3233309658855479, 0.00039679267173610324, 0.37072075386063463], "max": [-0.3914575076498076, -0.22938524132662189, -0.3223088956942566], "min": [-0.391771022849555, -0.23000316199765455, -0.3243530360768392], "raw_data_size": "30"}}