{"user_6_397": {"weights": [1.0], "gauss": [-0.022042632399016795, 0.001416365763753397, 0.5], "max": [-0.018394315960197374], "min": [-0.025690948837836215], "raw_data_size": "9993"}}