{"user_2_997": {"weights": [0.30365318123076745, 0.3287724734269783, 0.3675743453422542], "gauss": [0.21235152212820418, 4.1752561681761665e-05, 0.15182659061538373, 0.19160059030517454, 4.289521437421989e-05, 0.16438623671348915, 0.16540781559012185, 6.36742487384313e-05, 0.1837871726711271], "max": [0.2124590696000823, 0.19171108105534165, 0.16557182958590377], "min": [0.21224397465632608, 0.19149009955500743, 0.16524380159433993], "raw_data_size": "57"}}