{"user_3_997": {"weights": [0.0716325625206729, 0.11360924322698664, 0.34593344169104884, 0.46882475256129164], "gauss": [0.13295851977424394, 4.376963383348722e-05, 0.03581628126033645, 0.23881217611543742, 2.3523234102032886e-05, 0.05680462161349332, 0.16550856565319588, 4.074976738805452e-05, 0.17296672084552442, 0.19226597235212467, 0.0001747881669297142, 0.23441237628064582], "max": [0.13307126287967785, 0.23887276795115167, 0.16561353009814683, 0.19271619683441582], "min": [0.13284577666881003, 0.23875158427972318, 0.16540360120824493, 0.19181574786983352], "raw_data_size": "70"}}