{"user_2_1245": {"weights": [1.0], "gauss": [0.3196353154, 0.0012848282, 0.5], "max": [0.3229448134], "min": [0.3163258173], "raw_data_size": "9991"}, "user_3_1245": {"weights": [1.0], "gauss": [0.3191532534, 0.0012847077, 0.5], "max": [0.322462441], "min": [0.3158440658], "raw_data_size": "9991"}, "user_6_1245": {"weights": [1.0], "gauss": [0.3194564565, 0.0012740858, 0.5], "max": [0.3227382841], "min": [0.3161746289], "raw_data_size": "9993"}, "user_4_1245": {"weights": [1.0], "gauss": [0.3195583713, 0.0012930717, 0.5], "max": [0.3228891033], "min": [0.3162276393], "raw_data_size": "9996"}, "user_1_1245": {"weights": [1.0], "gauss": [0.3188641948, 0.0013381562, 0.5], "max": [0.3223110568], "min": [0.3154173329], "raw_data_size": "9995"}, "user_5_1245": {"weights": [1.0], "gauss": [0.3201132341, 0.001277479, 0.5], "max": [0.3234038018], "min": [0.3168226663], "raw_data_size": "9994"}}