{"user_1_2393": {"weights": [0.09987583353508839, 0.24757230379824477, 0.32152008522836173, 0.33103177743830514], "gauss": [0.3947391184350528, 1.5337640704437105e-05, 0.049937916767544194, 0.4597942641818572, 9.743314490373478e-05, 0.12378615189912238, 0.4268293256349312, 6.127899413482695e-05, 0.16076004261418086, 0.4910585743865935, 0.00016860311161634344, 0.16551588871915257], "max": [0.3947786255794266, 0.46004523533163716, 0.4269871698637157, 0.4914928672221644], "min": [0.39469961129067904, 0.45954329303207725, 0.4266714814061467, 0.4906242815510226], "raw_data_size": "30"}}