{"user_2_1308": {"weights": [0.11946359008193183, 0.18540886702668471, 0.18879997796692408, 0.22904337290769394, 0.2772841920167654], "gauss": [-0.10343698671881109, 0.0002064613520594637, 0.059731795040965915, -0.040750857571528284, 8.053835535078404e-05, 0.09270443351334236, -0.0818197431150658, 9.886660179645842e-05, 0.09439998898346204, -0.06115493798891498, 0.0001361610908612911, 0.11452168645384697, -0.017464846138128393, 0.00019344375728936076, 0.1386420960083827], "max": [-0.102905177518126, -0.0405434045157561, -0.08156507962501619, -0.06080421026107128, -0.016966568039513855], "min": [-0.10396879591949618, -0.040958310627300466, -0.08207440660511542, -0.061505665716758674, -0.01796312423674293], "raw_data_size": "57"}}