{"user_4_3641": {"weights": 1, "gauss": [-0.004345935651147012, 0.0008446267477679482, 0.5], "max": [-0.002170321323685125], "min": [-0.0065215499786088985], "raw_data_size": "9996"}}