{"user_3_796": {"weights": [0.07143121514706441, 0.1817473363464684, 0.24198643064397918, 0.25099933570652455, 0.2538356821559636], "gauss": [-0.34196404909688655, 0.00015893018392698532, 0.035715607573532204, -0.5377554266815974, 0.00028258229823394, 0.0908736681732342, -0.49220995801804185, 0.00019400231622940145, 0.12099321532198959, -0.46518740379019224, 0.0001747064095568841, 0.12549966785326228, -0.4230379201901768, 0.00017579309343448879, 0.1269178410779818], "max": [-0.341554672071909, -0.5370275429171422, -0.4917102411669418, -0.4647373899009378, -0.4225851071887467], "min": [-0.3423734261218641, -0.5384833104460526, -0.4927096748691419, -0.46563741767944666, -0.42349073319160685], "raw_data_size": "70"}}