{"user_3_405": {"weights": [1.0], "gauss": [-0.06939270921871125, 0.0016705411554492013, 0.5], "max": [-0.06508968035772077], "min": [-0.07369573807970174], "raw_data_size": "9991"}}