{"user_1_2305": {"weights": [1.0], "gauss": [0.22230170262321558, 0.00076414046780291, 0.5], "max": [0.22426999803220987], "min": [0.2203334072142213], "raw_data_size": "9995"}}