{"user_5_361": {"weights": [1.0], "gauss": [0.15142635788337472, 0.0019239974421402263, 0.5], "max": [0.15638224687479263], "min": [0.1464704688919568], "raw_data_size": "9994"}}