{"user_6_2416": {"weights": 1, "gauss": [0.7207849514179909, 0.0007325989290107572, 0.5], "max": [0.7226720012070854], "min": [0.7188979016288964], "raw_data_size": "9993"}}