{"user_2_1632": {"weights": 1, "gauss": [-0.557977226068625, 0.0015751641946870332, 0.5], "max": [-0.5539198719780491], "min": [-0.5620345801592008], "raw_data_size": "9991"}}