{"user_6_149": {"weights": [1.0], "gauss": [-0.5903878021343053, 0.001519369424404864, 0.5], "max": [-0.586474165848007], "min": [-0.5943014384206036], "raw_data_size": "9993"}}