{"user_5_3559": {"weights": [1.0], "gauss": [0.2330926289, 0.0014051294, 0.5], "max": [0.2367120023], "min": [0.2294732555], "raw_data_size": "9994"}, "user_4_3559": {"weights": [1.0], "gauss": [0.2330411946, 0.00140005, 0.5], "max": [0.2366474845], "min": [0.2294349047], "raw_data_size": "9996"}, "user_1_3559": {"weights": [1.0], "gauss": [0.2334846601, 0.0013880688, 0.5], "max": [0.2370600884], "min": [0.2299092318], "raw_data_size": "9995"}, "user_3_3559": {"weights": [1.0], "gauss": [0.2329894133, 0.001395464, 0.5], "max": [0.2365838903], "min": [0.2293949362], "raw_data_size": "9991"}, "user_6_3559": {"weights": [1.0], "gauss": [0.2323864036, 0.0013741843, 0.5], "max": [0.235926068], "min": [0.2288467393], "raw_data_size": "9993"}, "user_2_3559": {"weights": [1.0], "gauss": [0.2331873493, 0.0013854577, 0.5], "max": [0.2367560517], "min": [0.2296186468], "raw_data_size": "9991"}}