{"user_2_3071": {"weights": [1.0], "gauss": [-0.5631827231244232, 0.0007323215769403359, 0.5], "max": [-0.5612963877469191], "min": [-0.5650690585019272], "raw_data_size": "9991"}}