{"user_4_2039": {"weights": [1.0], "gauss": [0.190152012844775, 0.0009467896335895791, 0.5], "max": [0.19259078132727137], "min": [0.18771324436227865], "raw_data_size": "9996"}}