{"user_1_2039": {"weights": [1.0], "gauss": [0.1903823942374164, 0.0009519330168180064, 0.5], "max": [0.19283441119715194], "min": [0.18793037727768086], "raw_data_size": "9995"}}