{"user_4_3325": {"weights": 1, "gauss": [-1.249058715204408, 0.0014369246056319107, 0.5], "max": [-1.2453574426982308], "min": [-1.252759987710585], "raw_data_size": "9996"}}