{"user_3_684": {"weights": [0.1535038460344959, 0.18011286147191563, 0.309671828886304, 0.35671146360728434], "gauss": [-0.42555382228878263, 0.00010960123362002594, 0.07675192301724795, -0.523003241119279, 0.0002624211646972953, 0.09005643073595782, -0.46310864492513554, 9.635026932344648e-05, 0.154835914443152, -0.4856290283599143, 0.00010441020780429977, 0.17835573180364217], "max": [-0.4252715082195191, -0.5223272889933802, -0.4628604630780074, -0.48536008548706233], "min": [-0.4258361363580462, -0.5236791932451778, -0.4633568267722637, -0.48589797123276623], "raw_data_size": "70"}}