{"user_4_3514": {"weights": [1.0], "gauss": [-0.12888583893389371, 0.0005468714137047093, 0.5], "max": [-0.1274771915211999], "min": [-0.13029448634658752], "raw_data_size": "9996"}}