{"user_5_1087": {"weights": 1, "gauss": [0.4025197099, 0.0008039432, 0.5], "max": [0.4045905305], "min": [0.4004488893], "raw_data_size": "9994"}, "user_6_1087": {"weights": 1, "gauss": [0.402241636, 0.0008113047, 0.5], "max": [0.4043314184], "min": [0.4001518536], "raw_data_size": "9993"}, "user_1_1087": {"weights": 1, "gauss": [0.4017169496, 0.0008006961, 0.5], "max": [0.4037794061], "min": [0.399654493], "raw_data_size": "9995"}, "user_3_1087": {"weights": 1, "gauss": [0.4018489915, 0.00079831, 0.5], "max": [0.4039053018], "min": [0.3997926811], "raw_data_size": "9991"}, "user_2_1087": {"weights": 1, "gauss": [0.4017579494, 0.000793475, 0.5], "max": [0.4038018056], "min": [0.3997140932], "raw_data_size": "9991"}, "user_4_1087": {"weights": 1, "gauss": [0.4020099773, 0.0008087453, 0.5], "max": [0.4040931671], "min": [0.3999267875], "raw_data_size": "9996"}}