{"user_2_1927": {"weights": [1.0], "gauss": [-0.06168135241722258, 0.0015777854777402577, 0.5], "max": [-0.05761724634894532], "min": [-0.06574545848549984], "raw_data_size": "9991"}}