{"user_1_1927": {"weights": [1.0], "gauss": [-0.060868702880029074, 0.0015211232056088844, 0.5], "max": [-0.05695054915271347], "min": [-0.06478685660734468], "raw_data_size": "9995"}}