{"user_3_2588": {"weights": [0.10108314401381853, 0.12013933695701845, 0.1857116498479837, 0.5930658691811793], "gauss": [0.11079431889758978, 0.0002203551510230353, 0.050541572006909265, 0.061300870752590914, 5.886273200748001e-06, 0.060069668478509225, 0.0771701057074288, 3.204089901752663e-05, 0.09285582492399184, 0.03154417124602788, 0.0008471396511294851, 0.29653293459058966], "max": [0.11136191615278286, 0.0613160327875901, 0.0772526375940302, 0.0337262583836054], "min": [0.1102267216423967, 0.06128570871759173, 0.0770875738208274, 0.02936208410845036], "raw_data_size": "70"}}