{"user_1_3158": {"weights": [0.19700108224008595, 0.38424684237728657, 0.41875207538262754], "gauss": [0.5690867981266631, 0.000996566005843218, 0.09850054112004297, 0.6079213718749668, 0.0002570035996032051, 0.19212342118864328, 0.6486469117001644, 0.00028377539108517715, 0.20937603769131377], "max": [0.5716537820474347, 0.6085833692779422, 0.6493778686681476], "min": [0.5665198142058915, 0.6072593744719913, 0.6479159547321812], "raw_data_size": "30"}}