{"user_1_599": {"weights": [0.13128553154128525, 0.3824284639087557, 0.48628600454995907], "gauss": [0.0547532806454139, 2.3075786165627263e-05, 0.06564276577064262, 0.1395062059196969, 7.631975832894902e-05, 0.19121423195437784, 0.10260864819589259, 0.0002105051698698929, 0.24314300227497954], "max": [0.05481271993162175, 0.13970279258964038, 0.103150873580992], "min": [0.05469384135920605, 0.1393096192497534, 0.10206642281079319], "raw_data_size": "30"}}