{"user_2_3599": {"weights": 1, "gauss": [0.12523417244593082, 0.0015292793072271295, 0.5], "max": [0.12917333489879743], "min": [0.12129500999306422], "raw_data_size": "9991"}}