{"user_1_541": {"weights": [0.1306248091053802, 0.13409368029212596, 0.36183918263331244, 0.37344232796918125], "gauss": [-0.2473592918239132, 7.333833239363651e-06, 0.0653124045526901, -0.2746222670060642, 6.782641296018587e-05, 0.06704684014606298, -0.2167720380437776, 8.334610278894105e-05, 0.18091959131665622, -0.18588090596914025, 0.0004727186709699076, 0.18672116398459063], "max": [-0.2473404011213479, -0.2744475577440067, -0.21655735270987725, -0.18466326336412128], "min": [-0.2473781825264785, -0.27479697626812166, -0.21698672337767794, -0.18709854857415922], "raw_data_size": "30"}}