{"user_5_3382": {"weights": 1, "gauss": [0.13614500089007625, 0.0008130030697130049, 0.5], "max": [0.1382391580209182], "min": [0.1340508437592343], "raw_data_size": "9994"}}