{"user_2_114": {"weights": [1.0], "gauss": [0.1675095821456633, 0.0012744587496284928, 0.5], "max": [0.17079237033912067], "min": [0.16422679395220594], "raw_data_size": "9991"}}