{"user_3_3741": {"weights": [0.12502415506572645, 0.2997653545969338, 0.5752104903373397], "gauss": [-0.7207656706550579, 0.0004111010273778183, 0.06251207753286322, -0.6776752559611819, 0.0001265942766482665, 0.1498826772984669, -0.6312220053249901, 0.0004448034174470418, 0.28760524516866987], "max": [-0.7197067445820191, -0.6773491707137298, -0.6300762676480113], "min": [-0.7218245967280967, -0.6780013412086341, -0.6323677430019689], "raw_data_size": "70"}}