{"user_4_3389": {"weights": [1.0], "gauss": [0.16625061919655548, 0.0017534343308428745, 0.5], "max": [0.17076716672778922], "min": [0.16173407166532175], "raw_data_size": "9996"}}