{"user_4_74": {"weights": 1, "gauss": [-0.4425184283654294, 0.0005411769584506, 0.5], "max": [-0.44112444889744684], "min": [-0.4439124078334119], "raw_data_size": "9996"}}