{"user_1_74": {"weights": 1, "gauss": [-0.44342798793663585, 0.0005302681882590744, 0.5], "max": [-0.44206210759857834], "min": [-0.44479386827469336], "raw_data_size": "9995"}}