{"user_5_74": {"weights": [1.0], "gauss": [-0.443267966521897, 0.0005353022996672775, 0.5], "max": [-0.4418891191721569], "min": [-0.44464681387163707], "raw_data_size": "9994"}}