{"user_3_646": {"weights": [1.0], "gauss": [0.34736252797213274, 0.001721003040197232, 0.5], "max": [0.35179553803456953], "min": [0.34292951790969595], "raw_data_size": "9991"}}