{"user_5_646": {"weights": [1.0], "gauss": [0.3482126355066791, 0.0016964553737312666, 0.5], "max": [0.3525824149704991], "min": [0.3438428560428591], "raw_data_size": "9994"}}