{"user_3_1022": {"weights": 1, "gauss": [0.3199595612703952, 0.0001671374748013339, 0.5], "max": [0.32039007887570964], "min": [0.3195290436650808], "raw_data_size": "9991"}}