{"user_1_275": {"weights": [0.45282354196093494, 0.5471764580390651], "gauss": [-1.047247146299757, 0.0003901568624956321, 0.22641177098046747, -1.0077060476879007, 0.00020180811943135046, 0.27358822901953256], "max": [-1.04624216882036, -1.0071862244201755], "min": [-1.048252123779154, -1.008225870955626], "raw_data_size": "30"}}