{"user_3_2693": {"weights": 1, "gauss": [0.401402939, 0.0006206584, 0.5], "max": [0.4030016492], "min": [0.3998042288], "raw_data_size": "9991"}, "user_6_2693": {"weights": 1, "gauss": [0.4012106277, 0.0006127915, 0.5], "max": [0.4027890741], "min": [0.3996321813], "raw_data_size": "9993"}, "user_5_2693": {"weights": 1, "gauss": [0.4014577744, 0.0006226161, 0.5], "max": [0.4030615273], "min": [0.3998540216], "raw_data_size": "9994"}, "user_2_2693": {"weights": 1, "gauss": [0.4017267773, 0.0006221493, 0.5], "max": [0.4033293276], "min": [0.400124227], "raw_data_size": "9991"}, "user_4_2693": {"weights": 1, "gauss": [0.4017091824, 0.0006319226, 0.5], "max": [0.4033369071], "min": [0.4000814576], "raw_data_size": "9996"}, "user_1_2693": {"weights": 1, "gauss": [0.4008995904, 0.0006244658, 0.5], "max": [0.4025081078], "min": [0.399291073], "raw_data_size": "9995"}}