{"user_1_1710": {"weights": [0.06592966266982674, 0.46360889185463283, 0.4704614454755404], "gauss": [0.40608465357751505, 1.9363634096574267e-05, 0.03296483133491337, 0.4979757011923625, 0.0001284464413897336, 0.23180444592731642, 0.4610323805896321, 0.0002520720936405586, 0.2352307227377702], "max": [0.4061345309936442, 0.49830655730003076, 0.46168167527503834], "min": [0.4060347761613859, 0.49764484508469425, 0.46038308590422583], "raw_data_size": "30"}}