{"user_2_706": {"weights": [0.10122374751758685, 0.2017598292775676, 0.3079605640812689, 0.38905585912357665], "gauss": [0.11230206390200449, 0.001115773770100743, 0.050611873758793426, 0.17155380804502682, 0.0002752149401786, 0.1008799146387838, 0.26603755244064636, 0.00028217152453784047, 0.15398028204063444, 0.2224370746160111, 0.00022856929122740715, 0.19452792956178833], "max": [0.11517610667516122, 0.17226271475271332, 0.266764378122178, 0.22302583009424604], "min": [0.10942802112884777, 0.17084490133734032, 0.2653107267591147, 0.22184831913777614], "raw_data_size": "57"}}