{"user_6_3651": {"weights": [1.0], "gauss": [0.21574804276934548, 0.0029296776372693253, 0.5], "max": [0.22329439227737571], "min": [0.20820169326131524], "raw_data_size": "9993"}}