{"user_2_232": {"weights": [1.0], "gauss": [0.27718329327060615, 0.0007824234195836767, 0.5], "max": [0.2791986824425527], "min": [0.2751679040986596], "raw_data_size": "9991"}}