{"user_6_1058": {"weights": 1, "gauss": [-0.3907876417694411, 0.0007032261551727638, 0.5], "max": [-0.38897625123192503], "min": [-0.39259903230695714], "raw_data_size": "9993"}}