{"user_1_579": {"weights": [0.06661571328233284, 0.1873025435695586, 0.19987839840535535, 0.24685754651914837, 0.29934579822360485], "gauss": [-0.3023688357227113, 1.0378611283435859e-06, 0.03330785664116642, -0.32846775029131287, 5.480849554019462e-05, 0.0936512717847793, -0.40127108473188267, 3.424321310840816e-05, 0.09993919920267767, -0.34621377038719114, 4.224671965362314e-05, 0.12342877325957419, -0.3712896920409718, 4.1406306874962714e-05, 0.14967289911180243], "max": [-0.3023661623696039, -0.328326572962417, -0.4011828800601104, -0.34610495004872854, -0.3711830364623715], "min": [-0.30237150907581867, -0.3286089276202087, -0.40135928940365495, -0.34632259072565375, -0.3713963476195721], "raw_data_size": "30"}}