{"user_3_2936": {"weights": [0.15633710777290932, 0.2131681864444214, 0.21336561739841192, 0.41712908838425744], "gauss": [-0.7094181832243327, 0.00014979956630364788, 0.07816855388645466, -0.6387824297415295, 0.000287050157949358, 0.1065840932222107, -0.5874038934200738, 0.00031571280034489626, 0.10668280869920596, -0.5441869448555285, 0.00036214156553729295, 0.20856454419212872], "max": [-0.7090323251117888, -0.6380430375330952, -0.5865906711374399, -0.5432541299989845], "min": [-0.7098040413368766, -0.6395218219499639, -0.5882171157027077, -0.5451197597120726], "raw_data_size": "70"}}