{"user_6_1799": {"weights": [1.0], "gauss": [-0.2146271445, 0.0023037267, 0.5], "max": [-0.2086931376], "min": [-0.2205611514], "raw_data_size": "9993"}, "user_5_1799": {"weights": [1.0], "gauss": [-0.2135519536, 0.0022788608, 0.5], "max": [-0.2076819972], "min": [-0.21942191], "raw_data_size": "9994"}, "user_4_1799": {"weights": [1.0], "gauss": [-0.2139821288, 0.0022996813, 0.5], "max": [-0.2080585424], "min": [-0.2199057152], "raw_data_size": "9996"}, "user_2_1799": {"weights": [1.0], "gauss": [-0.2131643149, 0.002276742, 0.5], "max": [-0.2072998162], "min": [-0.2190288135], "raw_data_size": "9991"}, "user_1_1799": {"weights": [1.0], "gauss": [-0.2134532544, 0.0023585389, 0.5], "max": [-0.2073780607], "min": [-0.2195284481], "raw_data_size": "9995"}, "user_3_1799": {"weights": [1.0], "gauss": [-0.214238153, 0.0023078934, 0.5], "max": [-0.2082934136], "min": [-0.2201828925], "raw_data_size": "9991"}}