{"user_2_2278": {"weights": [0.08706356258127478, 0.1933775572646967, 0.2654379908513847, 0.45412088930264377], "gauss": [-0.2937803891384682, 4.511470124034632e-06, 0.04353178129063739, -0.2059929783512714, 0.00022683323753706807, 0.09668877863234834, -0.23164179995612413, 2.365236886330596e-05, 0.13271899542569235, -0.25881653026141516, 0.00011536742965548196, 0.22706044465132189], "max": [-0.29376876836152066, -0.20540869465100456, -0.23158087549130768, -0.25851936345543347], "min": [-0.29379200991541576, -0.20657726205153823, -0.2317027244209406, -0.25911369706739684], "raw_data_size": "57"}}