{"user_3_2777": {"weights": 1, "gauss": [-0.0372283752579242, 0.0010118893764675184, 0.5], "max": [-0.034621920950069336], "min": [-0.03983482956577906], "raw_data_size": "9991"}}