{"user_3_2914": {"weights": [0.15039692765113902, 0.22867851155473687, 0.30883247365434036, 0.31209208713978376], "gauss": [-0.14372355752639537, 0.0005839294334926579, 0.07519846382556951, -0.08390476757652424, 0.00015635614435466596, 0.11433925577736843, -0.051902502763221475, 0.00013607054305665882, 0.15441623682717018, -0.02593825659807358, 0.0001899971816154244, 0.15604604356989188], "max": [-0.14221945498040028, -0.08350202083810557, -0.05155200827106632, -0.025448856290076868], "min": [-0.14522766007239046, -0.0843075143149429, -0.05225299725537663, -0.026427656906070292], "raw_data_size": "70"}}