{"user_2_3513": {"weights": [0.40638480040180075, 0.5936151995981993], "gauss": [0.05585954118540811, 0.0005923496828134687, 0.20319240020090037, 0.0958920628849436, 0.00043070961330560285, 0.29680759979909965], "max": [0.05738533285634694, 0.09700149732821639], "min": [0.05433374951446928, 0.09478262844167082], "raw_data_size": "57"}}