{"user_1_1608": {"weights": 1, "gauss": [-0.39261897533854373, 0.0011701039631863408, 0.5], "max": [-0.3896049872619696], "min": [-0.39563296341511783], "raw_data_size": "9995"}}