{"user_1_3869": {"weights": [0.2732977137, 0.7267022863], "gauss": [0.3581101465, 0.0010228853, 0.1366488568, 0.2948182984, 0.0008179892, 0.3633511432], "max": [0.3607449245, 0.2969252988], "min": [0.3554753685, 0.2927112979], "raw_data_size": "30"}, "user_2_3869": {"weights": [0.0944057049, 0.1184733219, 0.154645042, 0.2725286945, 0.3599472367], "gauss": [0.3467603632, 4.2152e-05, 0.0472028525, 0.2536855568, 2.58367e-05, 0.0592366609, 0.3762037444, 0.0004151303, 0.077322521, 0.2881545798, 0.0001357616, 0.1362643473, 0.3207997097, 6.4381e-05, 0.1799736184], "max": [0.3468689395, 0.2537521078, 0.3772730492, 0.2885042786, 0.3209655441], "min": [0.3466517869, 0.2536190058, 0.3751344395, 0.287804881, 0.3206338753], "raw_data_size": "57"}, "user_3_3869": {"weights": [0.2222065869, 9.85327e-05, 0.0255009793, 0.3966022074, 0.0002275295, 0.0618916577, 0.3257014841, 0.0001612089, 0.0742077965, 0.361038551, 0.0001572857, 0.1068957327, 0.2817776177, 0.000208911, 0.2315038338], "gauss": [0.2222065869, 9.85327e-05, 0.0255009793, 0.3966022074, 0.0002275295, 0.0618916577, 0.3257014841, 0.0001612089, 0.0742077965, 0.361038551, 0.0001572857, 0.1068957327, 0.2817776177, 0.000208911, 0.2315038338], "max": [0.2224603904, 0.3971882845, 0.3261167308, 0.3614436922, 0.2823157367], "min": [0.2219527835, 0.3960161303, 0.3252862374, 0.3606334099, 0.2812394987], "raw_data_size": "70"}}