{"user_1_3813": {"weights": [0.2332592911538461, 3.7450916497392236e-05, 0.055742676410781775, 0.24124269546779747, 5.223983618302507e-06, 0.07648537532631523, 0.29653920896802066, 8.664879216010002e-06, 0.08219028028904946, 0.25676223836803347, 2.5554953407404657e-05, 0.13211743388146088, 0.2766177338977284, 3.892544925132479e-05, 0.15346423409239265], "gauss": [0.2332592911538461, 3.7450916497392236e-05, 0.055742676410781775, 0.24124269546779747, 5.223983618302507e-06, 0.07648537532631523, 0.29653920896802066, 8.664879216010002e-06, 0.08219028028904946, 0.25676223836803347, 2.5554953407404657e-05, 0.13211743388146088, 0.2766177338977284, 3.892544925132479e-05, 0.15346423409239265], "max": [0.23335575832200486, 0.24125615155788277, 0.29656152821781695, 0.25682806356587107, 0.2767179992105638], "min": [0.23316282398568736, 0.24122923937771218, 0.2965168897182244, 0.25669641317019587, 0.27651746858489307], "raw_data_size": "30"}}