{"user_3_2917": {"weights": [0.056585077295135795, 0.07607666102920149, 0.14381358410516956, 0.32258102057259425, 0.400943656997899], "gauss": [-0.40191533233165244, 5.0888248366825036e-05, 0.028292538647567898, -0.19397790725249853, 0.0007490793734091634, 0.038038330514600746, -0.3485266639120848, 0.00023243401286568332, 0.07190679205258478, -0.30325734575220964, 0.00042161535268109187, 0.16129051028629712, -0.24966503975990698, 0.0005564396117764746, 0.2004718284989495], "max": [-0.4017842528903029, -0.19204840665178716, -0.3479279535706039, -0.30217133657194756, -0.24823174630223777], "min": [-0.402046411773002, -0.1959074078532099, -0.3491253742535657, -0.3043433549324717, -0.2510983332175762], "raw_data_size": "70"}}