{"user_2_3383": {"weights": 1, "gauss": [0.4199453695646214, 0.0017104774623304664, 0.5], "max": [0.4243512675351522], "min": [0.41553947159409066], "raw_data_size": "9991"}}