{"user_3_989": {"weights": [1.0], "gauss": [-0.7867175753, 0.0015423662, 0.5], "max": [-0.7827447032], "min": [-0.7906904474], "raw_data_size": "9991"}, "user_2_989": {"weights": [1.0], "gauss": [-0.7865381837, 0.0014908076, 0.5], "max": [-0.7826981178], "min": [-0.7903782496], "raw_data_size": "9991"}, "user_4_989": {"weights": [1.0], "gauss": [-0.7867793498, 0.0015350571, 0.5], "max": [-0.7828253047], "min": [-0.7907333948], "raw_data_size": "9996"}, "user_6_989": {"weights": [1.0], "gauss": [-0.7864914232, 0.0015221294, 0.5], "max": [-0.7825706778], "min": [-0.7904121686], "raw_data_size": "9993"}, "user_1_989": {"weights": [1.0], "gauss": [-0.7868768997, 0.0015352268, 0.5], "max": [-0.7829224174], "min": [-0.790831382], "raw_data_size": "9995"}, "user_5_989": {"weights": [1.0], "gauss": [-0.7865477011, 0.0015664353, 0.5], "max": [-0.7825128312], "min": [-0.790582571], "raw_data_size": "9994"}}