{"user_5_1567": {"weights": 1, "gauss": [-0.05156192, 0.0027010963, 0.5], "max": [-0.0446043571], "min": [-0.0585194829], "raw_data_size": "9994"}, "user_3_1567": {"weights": 1, "gauss": [-0.0509134179, 0.0027663104, 0.5], "max": [-0.0437878745], "min": [-0.0580389614], "raw_data_size": "9991"}, "user_2_1567": {"weights": 1, "gauss": [-0.0510468432, 0.0027405437, 0.5], "max": [-0.0439876705], "min": [-0.0581060159], "raw_data_size": "9991"}, "user_4_1567": {"weights": 1, "gauss": [-0.0513229213, 0.002729537, 0.5], "max": [-0.0442920999], "min": [-0.0583537427], "raw_data_size": "9996"}, "user_1_1567": {"weights": 1, "gauss": [-0.0505280873, 0.0027606336, 0.5], "max": [-0.0434171663], "min": [-0.0576390083], "raw_data_size": "9995"}, "user_6_1567": {"weights": 1, "gauss": [-0.0515874711, 0.0026760783, 0.5], "max": [-0.0446943502], "min": [-0.058480592], "raw_data_size": "9993"}}