{"user_3_705": {"weights": [0.1037761544033713, 0.14725030537465844, 0.3174302534311287, 0.4315432867908415], "gauss": [0.44739088727058374, 0.0004944464677117667, 0.05188807720168565, 0.5669176720730477, 0.0002866703753171264, 0.07362515268732922, 0.4816727345385341, 0.00012172788385711352, 0.15871512671556434, 0.5299522386267985, 0.00023646377302074983, 0.21577164339542074], "max": [0.44866449697115196, 0.5676560860262488, 0.48198628478883226, 0.5305613289425731], "min": [0.4461172775700155, 0.5661792581198465, 0.48135918428823593, 0.5293431483110239], "raw_data_size": "70"}}