{"user_4_1594": {"weights": 1, "gauss": [0.3305841941, 0.0011351544, 0.5], "max": [0.3335081581], "min": [0.3276602301], "raw_data_size": "9996"}, "user_1_1594": {"weights": 1, "gauss": [0.3311347567, 0.0010885385, 0.5], "max": [0.3339386461], "min": [0.3283308673], "raw_data_size": "9995"}, "user_6_1594": {"weights": 1, "gauss": [0.33106652, 0.0010808447, 0.5], "max": [0.3338505916], "min": [0.3282824485], "raw_data_size": "9993"}, "user_5_1594": {"weights": 1, "gauss": [0.3306673665, 0.0010981675, 0.5], "max": [0.3334960587], "min": [0.3278386744], "raw_data_size": "9994"}, "user_3_1594": {"weights": 1, "gauss": [0.330859147, 0.0011286583, 0.5], "max": [0.3337663781], "min": [0.3279519159], "raw_data_size": "9991"}, "user_2_1594": {"weights": 1, "gauss": [0.3301174139, 0.001109242, 0.5], "max": [0.332974632], "min": [0.3272601959], "raw_data_size": "9991"}}