{"user_2_3164": {"weights": [1.0], "gauss": [0.2089317661170308, 0.0007433266022480377, 0.5], "max": [0.21084644856120874], "min": [0.20701708367285285], "raw_data_size": "9991"}}