{"user_3_3164": {"weights": 1, "gauss": [0.20905230470269362, 0.0007503207130797875, 0.5], "max": [0.21098500278250423], "min": [0.207119606622883], "raw_data_size": "9991"}}