{"user_1_1729": {"weights": [0.0999999346, 0.201854215, 0.2348286314, 0.463317219], "gauss": [0.1933602938, 0.0001438943, 0.0499999673, 0.0339195245, 0.0004094307, 0.1009271075, 0.0844049666, 0.0003096557, 0.1174143157, -0.0191031137, 0.0008059402, 0.2316586095], "max": [0.193730941, 0.0349741482, 0.0852025869, -0.0170271493], "min": [0.1929896465, 0.0328649008, 0.0836073463, -0.0211790782], "raw_data_size": "30"}, "user_3_1729": {"weights": [0.1920947276, 9.19625e-05, 0.0280669502, -0.0936146992, 6.93718e-05, 0.0428564642, -0.0282445854, 5.69108e-05, 0.0762489258, 0.0971892691, 0.0008383026, 0.1608131629, 0.0306741074, 0.0005339151, 0.1920144969], "gauss": [0.1920947276, 9.19625e-05, 0.0280669502, -0.0936146992, 6.93718e-05, 0.0428564642, -0.0282445854, 5.69108e-05, 0.0762489258, 0.0971892691, 0.0008383026, 0.1608131629, 0.0306741074, 0.0005339151, 0.1920144969], "max": [0.1923316074, -0.0934360093, -0.0280979929, 0.0993485936, 0.0320493815], "min": [0.1918578479, -0.0937933891, -0.0283911779, 0.0950299447, 0.0292988333], "raw_data_size": "70"}, "user_2_1729": {"weights": [0.0698648638, 0.2750598843, 0.280781408, 0.3742938439], "gauss": [0.1912560568, 0.0001226959, 0.0349324319, 0.0255869131, 0.0001135505, 0.1375299421, 0.0882369242, 0.0007607916, 0.140390704, -0.0243223834, 0.0005016832, 0.187146922], "max": [0.1915721006, 0.0258793998, 0.0901965935, -0.0230301331], "min": [0.190940013, 0.0252944264, 0.086277255, -0.0256146337], "raw_data_size": "57"}}