{"user_1_3827": {"weights": [1.0], "gauss": [0.08854620928565657, 0.0007000049669289202, 0.5], "max": [0.09034930259210186], "min": [0.08674311597921128], "raw_data_size": "30"}}