{"user_3_965": {"weights": [0.23393613800815538, 0.27789460868391885, 0.4881692533079257], "gauss": [-0.15994260346488948, 0.0004148020351348304, 0.11696806900407769, -0.11687370822845869, 5.8755885653185815e-05, 0.13894730434195943, -0.05544327238047375, 0.001119786348884516, 0.24408462665396286], "max": [-0.15887414422761745, -0.11672236309643724, -0.05255889388930298], "min": [-0.1610110627021615, -0.11702505336048014, -0.05832765087164452], "raw_data_size": "70"}}