{"user_3_3002": {"weights": [0.014285714144783393, 0.2874028610236251, 0.3243115946657232, 0.37399983016586835], "gauss": [-0.20317855477333024, 1.0000000000971445e-06, 0.007142857072391697, -0.342268008126858, 0.00015021140780121966, 0.14370143051181256, -0.3090930979409364, 0.00019832534806975177, 0.1621557973328616, -0.2789727182171413, 0.0001521729915983362, 0.18699991508293418], "max": [-0.20317597894402645, -0.34188108918091625, -0.30858224569774184, -0.2785807465661736], "min": [-0.20318113060263404, -0.3426549270727997, -0.309603950184131, -0.27936468986810903], "raw_data_size": "70"}}