{"user_4_2107": {"weights": 1, "gauss": [-0.3024190781233428, 0.0020684236698993433, 0.5], "max": [-0.2970911718222619], "min": [-0.30774698442442366], "raw_data_size": "9996"}}