{"user_3_1139": {"weights": [0.07142856907643665, 0.19383044318223888, 0.2070831435919068, 0.2465825831560563, 0.28107526099336144], "gauss": [0.07323080429846571, 1.632275872857033e-05, 0.03571428453821832, 0.26320649995743134, 0.000383696567784821, 0.09691522159111944, 0.22593256722696747, 0.00022907985569198163, 0.1035415717959534, 0.19133552662122802, 0.00010520769563071474, 0.12329129157802815, 0.15259695420985436, 0.0001558750124035908, 0.14053763049668072], "max": [0.07327284893871351, 0.2641948368204026, 0.22652263783211163, 0.19160652368659248, 0.15299846163449457], "min": [0.0731887596582179, 0.26221816309446005, 0.22534249662182332, 0.19106452955586356, 0.15219544678521416], "raw_data_size": "70"}}