{"user_6_157": {"weights": [1.0], "gauss": [0.38596119871661544, 0.0013633779078774378, 0.5], "max": [0.38947302748353735], "min": [0.38244936994969353], "raw_data_size": "9993"}}