{"user_2_157": {"weights": 1, "gauss": [0.3857942415480379, 0.0013751348851803447, 0.5], "max": [0.3893363542816178], "min": [0.38225212881445797], "raw_data_size": "9991"}}