{"user_5_157": {"weights": [1.0], "gauss": [0.38537971318758923, 0.00137282118093504, 0.5], "max": [0.38891586621397434], "min": [0.38184356016120413], "raw_data_size": "9994"}}