{"user_4_474": {"weights": 1, "gauss": [0.15451544981185986, 0.0023956291510806088, 0.5], "max": [0.16068618157964926], "min": [0.14834471804407046], "raw_data_size": "9996"}}