{"user_6_474": {"weights": 1, "gauss": [0.1536753140587498, 0.002329080948939597, 0.5], "max": [0.15967462901736587], "min": [0.1476759991001337], "raw_data_size": "9993"}}