{"user_1_3465": {"weights": [0.1335498151, 0.8664501849], "gauss": [-0.2436922286, 0.0004427239, 0.0667749075, -0.1176189352, 0.0006856505, 0.4332250925], "max": [-0.2425518474, -0.1158528165], "min": [-0.2448326098, -0.1193850539], "raw_data_size": "30"}, "user_2_3465": {"weights": [0.1067352618, 0.3680271134, 0.5252376248], "gauss": [-0.2466119696, 0.0006562087, 0.0533676309, -0.1482357922, 0.0003058404, 0.1840135567, -0.1016128878, 0.0004010938, 0.2626188124], "max": [-0.2449216881, -0.1474479994, -0.1005797385], "min": [-0.2483022512, -0.1490235849, -0.102646037], "raw_data_size": "57"}, "user_3_3465": {"weights": [0.1007811331, 0.1150342303, 0.1743442442, 0.2225284058, 0.3873119865], "gauss": [-0.2545155452, 0.0003753439, 0.0503905666, -0.1856825126, 0.000352071, 0.0575171152, -0.079529941, 0.0001486177, 0.0871721221, -0.0994304505, 9.14309e-05, 0.1112642029, -0.1400392893, 0.000214245, 0.1936559932], "max": [-0.2535487235, -0.1847756377, -0.0791471272, -0.0991949401, -0.1394874308], "min": [-0.2554823669, -0.1865893874, -0.0799127548, -0.0996659608, -0.1405911478], "raw_data_size": "70"}}