{"user_1_659": {"weights": [0.10747638357576382, 0.4200108232759334, 0.4725127931483028], "gauss": [-0.1832185813648695, 0.0007404471619895232, 0.05373819178788191, -0.1084702891909034, 0.00043428367467484164, 0.2100054116379667, -0.06996186552249317, 0.00035224804409130547, 0.2362563965741514], "max": [-0.18131131586728724, -0.10735164857562304, -0.069054534688405], "min": [-0.18512584686245173, -0.10958892980618376, -0.07086919635658134], "raw_data_size": "30"}}