{"user_1_3864": {"weights": [1.0], "gauss": [0.12302596098643191, 0.0020519031405343757, 0.5], "max": [0.12831131322386438], "min": [0.11774060874899944], "raw_data_size": "9995"}}