{"user_3_3864": {"weights": [1.0], "gauss": [0.12292564022994198, 0.002046066471264156, 0.5], "max": [0.12819595820363308], "min": [0.11765532225625087], "raw_data_size": "9991"}}