{"user_5_3087": {"weights": 1, "gauss": [-0.179359322, 0.0010987056, 0.5], "max": [-0.1765292441], "min": [-0.1821894], "raw_data_size": "9994"}, "user_2_3087": {"weights": 1, "gauss": [-0.1794110106, 0.0010939629, 0.5], "max": [-0.1765931488], "min": [-0.1822288724], "raw_data_size": "9991"}, "user_1_3087": {"weights": 1, "gauss": [-0.1794804981, 0.0010950047, 0.5], "max": [-0.176659953], "min": [-0.1823010432], "raw_data_size": "9995"}, "user_6_3087": {"weights": 1, "gauss": [-0.1798981134, 0.0011093641, 0.5], "max": [-0.1770405809], "min": [-0.182755646], "raw_data_size": "9993"}, "user_3_3087": {"weights": 1, "gauss": [-0.1794445132, 0.0011103547, 0.5], "max": [-0.1765844289], "min": [-0.1823045974], "raw_data_size": "9991"}, "user_4_3087": {"weights": 1, "gauss": [-0.1796412269, 0.0010958045, 0.5], "max": [-0.1768186214], "min": [-0.1824638323], "raw_data_size": "9996"}}