{"user_3_3532": {"weights": [0.19097077783016794, 0.2436359797212192, 0.2622526035552337, 0.3031406388933791], "gauss": [0.12810719703132065, 0.0004956739442507516, 0.09548538891508397, 0.2078274489737811, 0.00018562311713463714, 0.1218179898606096, 0.24437065063491653, 0.000428708044773871, 0.13112630177761686, 0.17946307374768974, 0.00017885892543893677, 0.15157031944668956], "max": [0.1293839685019274, 0.2083055824383126, 0.24547492937931223, 0.17992378380903662], "min": [0.1268304255607139, 0.20734931550924962, 0.24326637189052083, 0.17900236368634287], "raw_data_size": "70"}}