{"user_5_1968": {"weights": 1, "gauss": [0.002071104479394853, 0.0015431192227192757, 0.5], "max": [0.0060459161921447655], "min": [-0.001903707233355059], "raw_data_size": "9994"}}