{"user_3_3267": {"weights": [1.0], "gauss": [0.3212733432929413, 0.0012438817699986077, 0.5], "max": [0.324477370406254], "min": [0.31806931617962864], "raw_data_size": "9991"}}