{"user_1_1584": {"weights": [0.20216308492647012, 0.7978369150735299], "gauss": [-0.09139019793482628, 0.0011842607827911532, 0.10108154246323506, 0.0029416189431688603, 0.0007454912647867257, 0.39891845753676497], "max": [-0.08833974430746906, 0.004861877188546241], "min": [-0.0944406515621835, 0.0010213606977914798], "raw_data_size": "30"}}