{"user_5_2544": {"weights": [1.0], "gauss": [-0.4001530438, 0.0005709712, 0.5], "max": [-0.3986823193], "min": [-0.4016237683], "raw_data_size": "9994"}, "user_1_2544": {"weights": [1.0], "gauss": [-0.4006266959, 0.0005817817, 0.5], "max": [-0.3991281256], "min": [-0.4021252662], "raw_data_size": "9995"}, "user_4_2544": {"weights": [1.0], "gauss": [-0.3997812406, 0.0005641414, 0.5], "max": [-0.3983281086], "min": [-0.4012343726], "raw_data_size": "9996"}, "user_6_2544": {"weights": [1.0], "gauss": [-0.4000818698, 0.0005558667, 0.5], "max": [-0.398650052], "min": [-0.4015136876], "raw_data_size": "9993"}, "user_2_2544": {"weights": [1.0], "gauss": [-0.400303378, 0.000565941, 0.5], "max": [-0.3988456107], "min": [-0.4017611454], "raw_data_size": "9991"}, "user_3_2544": {"weights": [1.0], "gauss": [-0.4003580409, 0.000569598, 0.5], "max": [-0.3988908537], "min": [-0.4018252282], "raw_data_size": "9991"}}