{"user_3_2312": {"weights": [0.1097927027353714, 2.430980361816594e-05, 0.030677375959720296, 0.13660095660611785, 0.00019817753669299884, 0.09221458534515037, 0.2058880750555355, 0.0002697012023255761, 0.10880922244636884, 0.24904823089375677, 0.00020929004400926137, 0.12305611098740583, 0.17588539758065416, 0.0001277678159924332, 0.14524270526135466], "gauss": [0.1097927027353714, 2.430980361816594e-05, 0.030677375959720296, 0.13660095660611785, 0.00019817753669299884, 0.09221458534515037, 0.2058880750555355, 0.0002697012023255761, 0.10880922244636884, 0.24904823089375677, 0.00020929004400926137, 0.12305611098740583, 0.17588539758065416, 0.0001277678159924332, 0.14524270526135466], "max": [0.10985532063989459, 0.13711142811243682, 0.20658277931568808, 0.24958732632205688, 0.1762145056651379], "min": [0.1097300848308482, 0.13609048509979887, 0.2051933707953829, 0.24850913546545667, 0.17555628949617041], "raw_data_size": "70"}}