{"user_2_1392": {"weights": [0.1066576062740839, 0.3109925530973819, 0.5823498406285342], "gauss": [0.253668979185219, 0.00015108999362745023, 0.05332880313704195, 0.2952168260561098, 9.258033763502493e-05, 0.15549627654869094, 0.33420772788884445, 0.0005037877109228946, 0.2911749203142671], "max": [0.2540581612182776, 0.29545529720272257, 0.33550539903740745], "min": [0.2532797971521604, 0.2949783549094971, 0.33291005674028146], "raw_data_size": "57"}}