{"user_2_1277": {"weights": [0.14454668611293472, 0.15593404253734505, 0.6995192713497203], "gauss": [0.40427377192829966, 0.00022055677228463477, 0.07227334305646736, 0.2974458391465154, 2.6871265641463915e-05, 0.07796702126867253, 0.35122971152116556, 0.00026018654949463884, 0.3497596356748601], "max": [0.4048418885254466, 0.29751505493997815, 0.3518999076597431], "min": [0.4037056553311527, 0.29737662335305265, 0.350559515382588], "raw_data_size": "57"}}