{"user_3_1277": {"weights": [0.22157094134711178, 0.36678224459231884, 0.4116468140605693], "gauss": [0.3453672798492728, 5.879369916547594e-05, 0.11078547067355589, 0.3092483804497761, 0.00043763688180488327, 0.18339112229615942, 0.38238659803065267, 0.000634266343655764, 0.20582340703028465], "max": [0.34551872238244724, 0.31037565835424286, 0.384020359864896], "min": [0.34521583731609834, 0.30812110254530933, 0.3807528361964093], "raw_data_size": "70"}}