{"user_1_702": {"weights": [0.18104501218521796, 0.8189549878147819], "gauss": [0.131280912237408, 0.0004903025024184927, 0.09052250609260898, 0.07804174875039982, 0.0012922110904554612, 0.40947749390739097], "max": [0.1325438477907409, 0.08137026394356588], "min": [0.1300179766840751, 0.07471323355723376], "raw_data_size": "30"}}