{"user_3_3112": {"weights": [1.0], "gauss": [-0.6695634364, 0.0008989455, 0.5], "max": [-0.6672479063], "min": [-0.6718789666], "raw_data_size": "9991"}, "user_2_3112": {"weights": [1.0], "gauss": [-0.6689216546, 0.0009088355, 0.5], "max": [-0.6665806495], "min": [-0.6712626598], "raw_data_size": "9991"}, "user_4_3112": {"weights": [1.0], "gauss": [-0.6696281296, 0.0009236323, 0.5], "max": [-0.6672490104], "min": [-0.6720072488], "raw_data_size": "9996"}, "user_5_3112": {"weights": [1.0], "gauss": [-0.6701103057, 0.0009288189, 0.5], "max": [-0.6677178267], "min": [-0.6725027847], "raw_data_size": "9994"}, "user_1_3112": {"weights": [1.0], "gauss": [-0.6698915887, 0.0009069068, 0.5], "max": [-0.6675555515], "min": [-0.6722276259], "raw_data_size": "9995"}, "user_6_3112": {"weights": [1.0], "gauss": [-0.6696028169, 0.0009111891, 0.5], "max": [-0.6672557493], "min": [-0.6719498844], "raw_data_size": "9993"}}