{"user_6_2179": {"weights": [1.0], "gauss": [0.06143553587033822, 0.001220570809152636, 0.5], "max": [0.06457951792760996], "min": [0.058291553813066464], "raw_data_size": "9993"}}