{"user_1_2179": {"weights": [1.0], "gauss": [0.06160319696371799, 0.0012517141480551527, 0.5], "max": [0.0648273989459452], "min": [0.05837899498149078], "raw_data_size": "9995"}}