{"user_2_285": {"weights": [0.1308650309, 0.4142374383, 0.4548975308], "gauss": [0.2055651736, 0.0002585227, 0.0654325154, 0.2948186935, 0.000295312, 0.2071187192, 0.252928987, 0.0001800561, 0.2274487654], "max": [0.2062310839, 0.2955793668, 0.2533927807], "min": [0.2048992634, 0.2940580202, 0.2524651933], "raw_data_size": "57"}, "user_3_285": {"weights": [0.1412681642, 0.2962751144, 0.5624567214], "gauss": [0.3171637792, 9.66465e-05, 0.0706340821, 0.2720262575, 8.46526e-05, 0.1481375572, 0.2270236516, 0.0005827627, 0.2812283607], "max": [0.3174127241, 0.272244308, 0.2285247489], "min": [0.3169148343, 0.271808207, 0.2255225542], "raw_data_size": "70"}, "user_1_285": {"weights": [0.1579978844, 0.405285378, 0.4367167376], "gauss": [0.2178580865, 0.0001063337, 0.0789989422, 0.2523001607, 0.0001126658, 0.202642689, 0.291628873, 0.0001123151, 0.2183583688], "max": [0.218131984, 0.2525903685, 0.2919181776], "min": [0.217584189, 0.2520099529, 0.2913395683], "raw_data_size": "30"}}