{"user_5_2362": {"weights": [1.0], "gauss": [0.361114085, 0.0012358096, 0.5], "max": [0.3642973195], "min": [0.3579308506], "raw_data_size": "9994"}, "user_3_2362": {"weights": [1.0], "gauss": [0.360343107, 0.0011993259, 0.5], "max": [0.3634323658], "min": [0.3572538482], "raw_data_size": "9991"}, "user_6_2362": {"weights": [1.0], "gauss": [0.3610011732, 0.0012258039, 0.5], "max": [0.3641586348], "min": [0.3578437116], "raw_data_size": "9993"}, "user_2_2362": {"weights": [1.0], "gauss": [0.3604224454, 0.001222516, 0.5], "max": [0.3635714381], "min": [0.3572734528], "raw_data_size": "9991"}, "user_4_2362": {"weights": [1.0], "gauss": [0.3606716663, 0.0012094414, 0.5], "max": [0.3637869809], "min": [0.3575563517], "raw_data_size": "9996"}, "user_1_2362": {"weights": [1.0], "gauss": [0.3609782263, 0.0011951067, 0.5], "max": [0.3640566171], "min": [0.3578998354], "raw_data_size": "9995"}}