{"user_1_4076": {"weights": [1.0], "gauss": [0.057325381809477806, 0.0038545242110453186, 0.5], "max": [0.06725397822352705], "min": [0.04739678539542857], "raw_data_size": "9995"}}