{"user_3_308": {"weights": 1, "gauss": [0.280761783791958, 0.004191412714016545, 0.5], "max": [0.2915581474839892], "min": [0.26996542009992675], "raw_data_size": "9991"}}