{"user_4_308": {"weights": [1.0], "gauss": [0.28125751618409583, 0.00416935175777483, 0.5], "max": [0.29199705461857534], "min": [0.27051797774961633], "raw_data_size": "9996"}}