{"user_6_868": {"weights": 1, "gauss": [-0.5650887530110403, 0.0027910111274424823, 0.5], "max": [-0.557899584762443], "min": [-0.5722779212596377], "raw_data_size": "9993"}}