{"user_1_868": {"weights": [1.0], "gauss": [-0.5661353274721527, 0.002817508560809672, 0.5], "max": [-0.5588779063582192], "min": [-0.5733927485860861], "raw_data_size": "9995"}}