{"user_1_2591": {"weights": [1.0], "gauss": [0.07810608729528633, 0.0010337000812518282, 0.5], "max": [0.08076872225565566], "min": [0.07544345233491699], "raw_data_size": "9995"}}