{"user_5_2608": {"weights": [1.0], "gauss": [0.41853749847256905, 0.0011931993087715964, 0.5], "max": [0.4216109762170772], "min": [0.4154640207280609], "raw_data_size": "9994"}}