{"user_5_3091": {"weights": [1.0], "gauss": [0.3417251231474424, 0.0006852992957589167, 0.5], "max": [0.34349033715515964], "min": [0.3399599091397252], "raw_data_size": "9994"}}