{"user_2_623": {"weights": [1.0], "gauss": [0.0016042524626414091, 0.002661146497882945, 0.5], "max": [0.00845891159292483], "min": [-0.005250406667642013], "raw_data_size": "9991"}}