{"user_5_623": {"weights": [1.0], "gauss": [0.0012672730129212142, 0.002629571001469415, 0.5], "max": [0.008040599054268563], "min": [-0.005506053028426133], "raw_data_size": "9994"}}