{"user_3_1239": {"weights": 1, "gauss": [-0.025164097709746334, 0.0031904926154884493, 0.5], "max": [-0.016945933338014814], "min": [-0.033382262081477855], "raw_data_size": "9991"}}