{"user_5_1239": {"weights": [1.0], "gauss": [-0.025374611673254645, 0.0031299217914440313, 0.5], "max": [-0.01731246740503684], "min": [-0.033436755941472454], "raw_data_size": "9994"}}