{"user_1_3503": {"weights": [0.2002559393, 0.2222496238, 0.5774944369], "gauss": [-0.7271988264, 0.0001494646, 0.1001279696, -0.7813644615, 0.0019504784, 0.1111248119, -0.6745148646, 0.000581384, 0.2887472185], "max": [-0.7268138312, -0.7763403621, -0.6730173185], "min": [-0.7275838216, -0.7863885608, -0.6760124106], "raw_data_size": "30"}, "user_3_3503": {"weights": [-0.8335685082, 0.0002790574, 0.0286444663, -0.6448949652, 1.77116e-05, 0.0454067001, -0.6705821694, 9.74932e-05, 0.0918904672, -0.7594799743, 0.0001316308, 0.1209270683, -0.7075026359, 0.0001283872, 0.2131312981], "gauss": [-0.8335685082, 0.0002790574, 0.0286444663, -0.6448949652, 1.77116e-05, 0.0454067001, -0.6705821694, 9.74932e-05, 0.0918904672, -0.7594799743, 0.0001316308, 0.1209270683, -0.7075026359, 0.0001283872, 0.2131312981], "max": [-0.8328497039, -0.6448493432, -0.6703310435, -0.759140916, -0.7071719323], "min": [-0.8342873126, -0.6449405873, -0.6708332952, -0.7598190327, -0.7078333396], "raw_data_size": "70"}, "user_2_3503": {"weights": [0.2252878539, 0.2271369664, 0.2628046268, 0.2847705529], "gauss": [-0.7164059841, 6.28651e-05, 0.1126439269, -0.6841612828, 5.7682e-05, 0.1135684832, -0.6557162954, 0.0001606354, 0.1314023134, -0.7625790413, 0.0015858229, 0.1423852764], "max": [-0.7162440543, -0.6840127037, -0.655302526, -0.7584942322], "min": [-0.716567914, -0.6843098619, -0.6561300648, -0.7666638505], "raw_data_size": "57"}}