{"user_2_258": {"weights": [1.0], "gauss": [0.15848330808364755, 0.0017159469910803863, 0.5], "max": [0.16290329462660896], "min": [0.15406332154068614], "raw_data_size": "9991"}}