{"user_4_2715": {"weights": 1, "gauss": [-0.042198615982094304, 0.0013565497524061036, 0.5], "max": [-0.038704375378124656], "min": [-0.04569285658606395], "raw_data_size": "9996"}}