{"user_1_1730": {"weights": 1, "gauss": [0.0030490609582559773, 0.0015983269458776294, 0.5], "max": [0.007166078342099392], "min": [-0.0010679564255874378], "raw_data_size": "9995"}}