{"user_3_3282": {"weights": [0.16434660644320198, 0.17779608485367784, 0.32262106967218124, 0.33523623903093885], "gauss": [0.12337266241545865, 0.0009216448274615628, 0.08217330322160099, 0.23604161878993998, 0.00010155820245018221, 0.08889804242683892, 0.16366113656734774, 0.0003292532893130047, 0.16131053483609062, 0.19456855205659643, 0.00015081873266717294, 0.16761811951546943], "max": [0.12574666216949842, 0.23630321538382693, 0.16450923683825003, 0.19495703536772463], "min": [0.12099866266141888, 0.23578002219605304, 0.16281303629644545, 0.19418006874546823], "raw_data_size": "70"}}