{"user_6_3570": {"weights": 1, "gauss": [-0.4382329173718079, 0.0032587242799641805, 0.5], "max": [-0.42983899987928986], "min": [-0.44662683486432597], "raw_data_size": "9993"}}