{"user_2_2651": {"weights": [0.06661074338939521, 0.1381012532401609, 0.7952880033704439], "gauss": [-0.18196328375489793, 0.0004640931068726266, 0.033305371694697605, 0.029630078191547803, 8.462731164498441e-05, 0.06905062662008045, -0.06560508710297733, 0.0008512032582424621, 0.39764400168522196], "max": [-0.18076785913064036, 0.029848063700763518, -0.06341253280712009], "min": [-0.1831587083791555, 0.029412092682332087, -0.06779764139883457], "raw_data_size": "57"}}