{"user_5_4081": {"weights": [1.0], "gauss": [-0.1503472686550463, 0.00097880855112891, 0.5], "max": [-0.14782602490648422], "min": [-0.15286851240360838], "raw_data_size": "9994"}}