{"user_2_4081": {"weights": 1, "gauss": [-0.15075650417669864, 0.0009518713581424973, 0.5], "max": [-0.1483046460391863], "min": [-0.15320836231421098], "raw_data_size": "9991"}}