{"user_3_1927": {"weights": [0.1240713650517533, 0.13397429893722773, 0.3055682594967614, 0.43638607651425754], "gauss": [-0.0009125986512367832, 0.00022432187488445897, 0.06203568252587665, -0.12334721890688172, 0.0004605873022732542, 0.06698714946861387, -0.04143546221877808, 0.0002794456800888084, 0.1527841297483807, -0.08157396048879513, 0.0002874763188278382, 0.21819303825712877], "max": [-0.00033478379248236365, -0.12216082463684373, -0.04071565784725517, -0.08083347056268202], "min": [-0.0014904135099912028, -0.1245336131769197, -0.042155266590300985, -0.08231445041490824], "raw_data_size": "70"}}