{"user_2_3825": {"weights": 1, "gauss": [0.2820463301, 0.0030109562, 0.5], "max": [0.2898020392], "min": [0.2742906209], "raw_data_size": "9991"}, "user_1_3825": {"weights": 1, "gauss": [0.28270864, 0.0030958914, 0.5], "max": [0.2906831277], "min": [0.2747341523], "raw_data_size": "9995"}, "user_6_3825": {"weights": 1, "gauss": [0.2836776203, 0.0030246871, 0.5], "max": [0.291468698], "min": [0.2758865426], "raw_data_size": "9993"}, "user_3_3825": {"weights": 1, "gauss": [0.2829898642, 0.0030795872, 0.5], "max": [0.2909223551], "min": [0.2750573733], "raw_data_size": "9991"}, "user_4_3825": {"weights": 1, "gauss": [0.2828436625, 0.0029820358, 0.5], "max": [0.2905248777], "min": [0.2751624474], "raw_data_size": "9996"}, "user_5_3825": {"weights": 1, "gauss": [0.283722845, 0.0029683472, 0.5], "max": [0.2913688008], "min": [0.2760768892], "raw_data_size": "9994"}}