{"user_6_2519": {"weights": [1.0], "gauss": [-0.011709073783979689, 0.0009181185696288806, 0.5], "max": [-0.009344157068197217], "min": [-0.01407399049976216], "raw_data_size": "9993"}}