{"user_3_2818": {"weights": [0.02639237977564324, 1.0000000000015178e-06, 0.007142093836334668, 0.27283017422640665, 0.0001340364779600357, 0.02864214805933524, 0.11879034069925345, 0.0005267241030652161, 0.07023362789265704, 0.1615210400633248, 0.00041113373203524497, 0.17549669925531963, 0.21110123038469195, 0.00018533666292630435, 0.21848543095635342], "gauss": [0.02639237977564324, 1.0000000000015178e-06, 0.007142093836334668, 0.27283017422640665, 0.0001340364779600357, 0.02864214805933524, 0.11879034069925345, 0.0005267241030652161, 0.07023362789265704, 0.1615210400633248, 0.00041113373203524497, 0.17549669925531963, 0.21110123038469195, 0.00018533666292630435, 0.21848543095635342], "max": [0.026394955604946795, 0.2731754293140806, 0.12014709207881435, 0.1625800503779786, 0.2115786259920795], "min": [0.026389803946339687, 0.2724849191387327, 0.11743358931969256, 0.160462029748671, 0.2106238347773044], "raw_data_size": "70"}}