{"user_2_2818": {"weights": [0.03508771929824565, 0.10413859917778867, 0.4142262372473451, 0.4465474442766205], "gauss": [0.044164378196001004, 8.24913118266803e-05, 0.017543859649122823, 0.13110447407803744, 3.4038039377979164e-05, 0.052069299588894336, 0.2178332472189177, 0.00019880453118662527, 0.20711311862367254, 0.18059617386313423, 0.0001500014816492094, 0.22327372213831026], "max": [0.04437686173429236, 0.13119215025730258, 0.2183453337560265, 0.18098255207514202], "min": [0.04395189465770965, 0.1310167978987723, 0.2173211606818089, 0.18020979565112644], "raw_data_size": "57"}}