{"user_6_1374": {"weights": 1, "gauss": [0.005888048836392552, 0.0005031360880168583, 0.5], "max": [0.007184041515579335], "min": [0.00459205615720577], "raw_data_size": "9993"}}