{"user_1_1374": {"weights": 1, "gauss": [0.005601963993451459, 0.0005156942792377634, 0.5], "max": [0.006930304429584619], "min": [0.004273623557318299], "raw_data_size": "9995"}}