{"user_3_598": {"weights": [1.0], "gauss": [0.0380844259, 0.000136205, 0.5], "max": [0.0384352666], "min": [0.0377335851], "raw_data_size": "9991"}, "user_5_598": {"weights": [1.0], "gauss": [0.0381714222, 0.0001383322, 0.5], "max": [0.0385277423], "min": [0.037815102], "raw_data_size": "9994"}, "user_1_598": {"weights": [1.0], "gauss": [0.0380096719, 0.0001399396, 0.5], "max": [0.0383701326], "min": [0.0376492113], "raw_data_size": "9995"}, "user_6_598": {"weights": [1.0], "gauss": [0.0381190976, 0.000137471, 0.5], "max": [0.0384731996], "min": [0.0377649957], "raw_data_size": "9993"}, "user_4_598": {"weights": [1.0], "gauss": [0.0381599869, 0.0001350116, 0.5], "max": [0.0385077538], "min": [0.03781222], "raw_data_size": "9996"}, "user_2_598": {"weights": [1.0], "gauss": [0.0381689121, 0.0001333451, 0.5], "max": [0.0385123863], "min": [0.037825438], "raw_data_size": "9991"}}