{"user_3_2785": {"weights": [1.0], "gauss": [0.1886164905, 0.0010341375, 0.5], "max": [0.1912802523], "min": [0.1859527287], "raw_data_size": "9991"}, "user_1_2785": {"weights": [1.0], "gauss": [0.188923629, 0.0010356092, 0.5], "max": [0.1915911815], "min": [0.1862560765], "raw_data_size": "9995"}, "user_6_2785": {"weights": [1.0], "gauss": [0.1883130282, 0.001035608, 0.5], "max": [0.1909805775], "min": [0.1856454788], "raw_data_size": "9993"}, "user_5_2785": {"weights": [1.0], "gauss": [0.1882908917, 0.0010086112, 0.5], "max": [0.1908889021], "min": [0.1856928813], "raw_data_size": "9994"}, "user_4_2785": {"weights": [1.0], "gauss": [0.1888601936, 0.0010079841, 0.5], "max": [0.1914565886], "min": [0.1862637987], "raw_data_size": "9996"}, "user_2_2785": {"weights": [1.0], "gauss": [0.188667992, 0.0010234733, 0.5], "max": [0.1913042845], "min": [0.1860316995], "raw_data_size": "9991"}}