{"user_5_3654": {"weights": 1, "gauss": [0.5850445474359326, 0.001412052298721238, 0.5], "max": [0.5886817531251224], "min": [0.5814073417467428], "raw_data_size": "9994"}}