{"user_4_2885": {"weights": [1.0], "gauss": [0.3232381820183547, 0.0016761012985642965, 0.5], "max": [0.327555532858913], "min": [0.3189208311777964], "raw_data_size": "9996"}}