{"user_1_369": {"weights": [1.0], "gauss": [0.3709790174603677, 0.002071430467987161, 0.5], "max": [0.3763146687600731], "min": [0.36564336616066234], "raw_data_size": "9995"}}