{"user_2_1645": {"weights": [0.17070061914720439, 0.22664099186757952, 0.6026583889852161], "gauss": [-0.18093966086127894, 0.0013109558294054971, 0.08535030957360219, -0.24447126529238078, 0.0006967269271744074, 0.11332049593378976, -0.2007352769368461, 0.00017689732891976073, 0.30132919449260803], "max": [-0.177562862420238, -0.24267661565679335, -0.20027961961329505], "min": [-0.18431645930231988, -0.2462659149279682, -0.20119093426039714], "raw_data_size": "57"}}