{"user_1_3738": {"weights": [1.0], "gauss": [-0.8495648719, 0.0024123553, 0.5], "max": [-0.8433510565], "min": [-0.8557786872], "raw_data_size": "9995"}, "user_2_3738": {"weights": [1.0], "gauss": [-0.8503288483, 0.0024241417, 0.5], "max": [-0.8440846731], "min": [-0.8565730236], "raw_data_size": "9991"}, "user_4_3738": {"weights": [1.0], "gauss": [-0.8503548565, 0.0024708493, 0.5], "max": [-0.8439903705], "min": [-0.8567193424], "raw_data_size": "9996"}, "user_6_3738": {"weights": [1.0], "gauss": [-0.8490384888, 0.0023465789, 0.5], "max": [-0.8429941021], "min": [-0.8550828756], "raw_data_size": "9993"}, "user_3_3738": {"weights": [1.0], "gauss": [-0.8499543107, 0.0023840309, 0.5], "max": [-0.843813454], "min": [-0.8560951673], "raw_data_size": "9991"}, "user_5_3738": {"weights": [1.0], "gauss": [-0.8489669711, 0.0023894811, 0.5], "max": [-0.8428120758], "min": [-0.8551218665], "raw_data_size": "9994"}}