{"user_2_2562": {"weights": [0.1710128417228112, 0.1930253274994529, 0.2634868884934283, 0.37247494228430766], "gauss": [0.02402048834161795, 0.00037457455375838043, 0.0855064208614056, -0.030345993140586155, 0.00021966474547961633, 0.09651266374972645, -0.09888515117891786, 0.00022965797906471662, 0.13174344424671414, -0.0592781002690934, 0.00027183366935391157, 0.18623747114215383], "max": [0.024985328453552537, -0.029780174252223148, -0.09829359142664915, -0.058577903137880374], "min": [0.02305564822968336, -0.030911812028949163, -0.09947671093118657, -0.05997829740030643], "raw_data_size": "57"}}