{"user_5_2702": {"weights": 1, "gauss": [0.3080037696686321, 0.0008795542550338171, 0.5], "max": [0.3102693512928093], "min": [0.30573818804445485], "raw_data_size": "9994"}}