{"user_6_2176": {"weights": [1.0], "gauss": [0.1763451763, 0.0010161202, 0.5], "max": [0.1789625285], "min": [0.1737278241], "raw_data_size": "9993"}, "user_1_2176": {"weights": [1.0], "gauss": [0.176706989, 0.0010594472, 0.5], "max": [0.179435944], "min": [0.1739780339], "raw_data_size": "9995"}, "user_3_2176": {"weights": [1.0], "gauss": [0.1762815806, 0.001041572, 0.5], "max": [0.1789644924], "min": [0.1735986689], "raw_data_size": "9991"}, "user_2_2176": {"weights": [1.0], "gauss": [0.1762602356, 0.0009928373, 0.5], "max": [0.1788176151], "min": [0.1737028561], "raw_data_size": "9991"}, "user_5_2176": {"weights": [1.0], "gauss": [0.1766320313, 0.0010215939, 0.5], "max": [0.1792634827], "min": [0.1740005799], "raw_data_size": "9994"}, "user_4_2176": {"weights": [1.0], "gauss": [0.1760870037, 0.0010335206, 0.5], "max": [0.1787491763], "min": [0.1734248311], "raw_data_size": "9996"}}