{"user_5_2173": {"weights": [1.0], "gauss": [-0.1368108382326502, 0.0030353505105258907, 0.5], "max": [-0.1289922934410955], "min": [-0.1446293830242049], "raw_data_size": "9994"}}