{"user_3_2401": {"weights": 1, "gauss": [-0.8058631246174077, 0.0025191536641006864, 0.5], "max": [-0.7993742147892746], "min": [-0.8123520344455408], "raw_data_size": "9991"}}