{"user_3_996": {"weights": [0.15001961055604934, 0.1859681416344941, 0.2978093614577499, 0.3662028863517068], "gauss": [-0.03543367607880925, 0.0004477480564445815, 0.07500980527802467, -0.1721086595620182, 0.00039025250040167117, 0.09298407081724705, -0.07518018886637258, 0.00019161809520964402, 0.14890468072887494, -0.12565426040592914, 0.00029575823625907743, 0.1831014431758534], "max": [-0.03428035351441223, -0.17110343573570036, -0.07468661336164135, -0.12489243767420707], "min": [-0.03658699864320627, -0.17311388338833605, -0.0756737643711038, -0.1264160831376512], "raw_data_size": "70"}}