{"user_2_441": {"weights": 1, "gauss": [-0.09174128603002932, 0.0010935300817320373, 0.5], "max": [-0.08892453920119171], "min": [-0.09455803285886692], "raw_data_size": "9991"}}