{"user_1_668": {"weights": [0.166036077, 0.3134942627, 0.5204696603], "gauss": [0.1406979612, 5.69358e-05, 0.0830180385, 0.0811925199, 8.36567e-05, 0.1567471313, 0.1072980677, 8.64525e-05, 0.2602348302], "max": [0.140844618, 0.0814080053, 0.1075207547], "min": [0.1405513045, 0.0809770345, 0.1070753807], "raw_data_size": "30"}, "user_3_668": {"weights": [0.200641494, 0.2229379912, 0.5764205148], "gauss": [0.1393603915, 0.0001091013, 0.100320747, 0.0729931111, 0.0004113252, 0.1114689956, 0.107663718, 0.0001135746, 0.2882102574], "max": [0.1396414177, 0.0740526147, 0.1079562669], "min": [0.1390793652, 0.0719336074, 0.1073711691], "raw_data_size": "70"}, "user_2_668": {"weights": [0.1693367626, 0.2514447445, 0.2894943891, 0.2897241037], "gauss": [0.1383723441, 0.0001511688, 0.0846683813, 0.0747502657, 0.0001068872, 0.1257223723, 0.1136772764, 0.0001318674, 0.1447471946, 0.1013206538, 8.05337e-05, 0.1448620519], "max": [0.1387617291, 0.0750255888, 0.1140169444, 0.101528095], "min": [0.137982959, 0.0744749425, 0.1133376084, 0.1011132127], "raw_data_size": "57"}}