{"user_2_1668": {"weights": [0.1727587756, 0.3363948317, 0.4908463927], "gauss": [-0.2460537972, 0.0007213037, 0.0863793878, -0.3137270378, 0.0002361939, 0.1681974158, -0.3625129039, 0.0003189191, 0.2454231964], "max": [-0.2441958421, -0.3131186426, -0.3616914227], "min": [-0.2479117524, -0.3143354329, -0.3633343851], "raw_data_size": "57"}, "user_1_1668": {"weights": [0.0333333297, 0.0982533341, 0.0991855756, 0.331260496, 0.4379672646], "gauss": [-0.2121525258, 1e-06, 0.0166666649, -0.2526625757, 5.42191e-05, 0.049126667, -0.379275743, 1.6293e-05, 0.0495927878, -0.3536448131, 4.23117e-05, 0.165630248, -0.309989041, 0.0002340014, 0.2189836323], "max": [-0.21214995, -0.2525229167, -0.3792337751, -0.3535358254, -0.3093862932], "min": [-0.2121551016, -0.2528022348, -0.379317711, -0.3537538008, -0.3105917887], "raw_data_size": "30"}, "user_3_1668": {"weights": [0.1862163903, 0.2075657651, 0.2627884282, 0.3434294163], "gauss": [-0.2433151074, 0.0005661323, 0.0931081951, -0.3913718995, 0.0008124117, 0.1037828826, -0.334330933, 0.0002848045, 0.1313942141, -0.300585036, 0.0001857545, 0.1717147082], "max": [-0.2418568471, -0.3892792657, -0.3335973252, -0.300106564], "min": [-0.2447733676, -0.3934645333, -0.3350645407, -0.3010635081], "raw_data_size": "70"}}