{"user_5_345": {"weights": 1, "gauss": [-0.08658614672775024, 0.001857390372887204, 0.5], "max": [-0.08180182617713776], "min": [-0.09137046727836272], "raw_data_size": "9994"}}