{"user_2_3343": {"weights": 1, "gauss": [0.16076304226581112, 0.0008465437979280126, 0.5], "max": [0.16294359458725166], "min": [0.15858248994437057], "raw_data_size": "9991"}}