{"user_3_1181": {"weights": [0.041688969157940486, 0.18859425761963136, 0.35961372327371377, 0.4101030499487145], "gauss": [0.08355527392388122, 1.3024112204571392e-05, 0.020844484578970243, 0.1356639397188776, 0.000320670605729485, 0.09429712880981568, 0.1899408590922812, 0.00028510534074946317, 0.17980686163685689, 0.22247168499125647, 0.0004681678806149604, 0.20505152497435725], "max": [0.08358882181375046, 0.13648993246190239, 0.19067524178358197, 0.22367760553712487], "min": [0.08352172603401198, 0.13483794697585283, 0.18920647640098043, 0.22126576444538806], "raw_data_size": "70"}}