{"user_2_1181": {"weights": [0.01754379318021993, 0.29568131565845, 0.6867748911613301], "gauss": [0.053287975490093085, 1.0000000000065052e-06, 0.008771896590109966, 0.147674900291941, 0.0003691536792407639, 0.147840657829225, 0.21409733593274452, 0.00047832044548327165, 0.34338744558066503], "max": [0.05329055131939665, 0.14862577715644223, 0.2153294077527069], "min": [0.05328539966078952, 0.14672402342743976, 0.21286526411278214], "raw_data_size": "57"}}