{"user_1_3950": {"weights": [1.0], "gauss": [0.29555173464713214, 0.001996157581669488, 0.5], "max": [0.3006934958404977], "min": [0.29040997345376657], "raw_data_size": "9995"}}