{"user_2_3776": {"weights": [1.0], "gauss": [0.44493622424309714, 0.0010334951345427601, 0.5], "max": [0.4475983312957276], "min": [0.44227411719046666], "raw_data_size": "57"}}