{"user_1_1277": {"weights": 1, "gauss": [0.35408620316249134, 0.0014842298236314433, 0.5], "max": [0.3579093258354024], "min": [0.35026308048958027], "raw_data_size": "9995"}}