{"user_3_2353": {"weights": [0.6194117069244371, 1.0000000008326672e-06, 0.007139566006483223, 0.5339798848040042, 0.00010330858493520678, 0.0668095353812835, 0.5676547389069417, 0.0001767232105930595, 0.09277414549525156, 0.4672695546381568, 0.0004015852641688346, 0.14441301133454823, 0.5093282801385058, 0.00012507505602801683, 0.18886374178243354], "gauss": [0.6194117069244371, 1.0000000008326672e-06, 0.007139566006483223, 0.5339798848040042, 0.00010330858493520678, 0.0668095353812835, 0.5676547389069417, 0.0001767232105930595, 0.09277414549525156, 0.4672695546381568, 0.0004015852641688346, 0.14441301133454823, 0.5093282801385058, 0.00012507505602801683, 0.18886374178243354], "max": [0.6194142827537429, 0.5342459900843884, 0.5681099477314046, 0.4683039697294763, 0.5096504521329658], "min": [0.6194091310951314, 0.5337137795236199, 0.5671995300824789, 0.46623513954683726, 0.5090061081440459], "raw_data_size": "70"}}