{"user_5_2492": {"weights": [1.0], "gauss": [-0.34409175268026376, 0.0010321520762484038, 0.5], "max": [-0.3414331051165443], "min": [-0.34675040024398324], "raw_data_size": "9994"}}