{"user_6_2015": {"weights": [1.0], "gauss": [0.08708678103536002, 0.0013665161291150083, 0.5], "max": [0.09060669332450667], "min": [0.08356686874621337], "raw_data_size": "9993"}}