{"user_2_3480": {"weights": [0.13333625206723124, 0.20001679432636169, 0.31750570570447184, 0.3491412479019353], "gauss": [-0.615159039505349, 0.000458965530793969, 0.06666812603361562, -0.5298432100021173, 0.0002990251135938361, 0.10000839716318084, -0.5829218492394288, 0.00010184722180708771, 0.15875285285223592, -0.555568381585469, 8.374637513910887e-05, 0.17457062395096765], "max": [-0.613976822641811, -0.5290729723520253, -0.5826595081810131, -0.5553526652183196], "min": [-0.616341256368887, -0.5306134476522093, -0.5831841902978445, -0.5557840979526183], "raw_data_size": "57"}}