{"user_3_2460": {"weights": [0.02909455387154383, 0.11716824975934183, 0.22013077915267465, 0.2965588732361828, 0.337047543980257], "gauss": [-0.31083047597719826, 0.00014535241313534574, 0.014547276935771914, -0.26635962042839534, 0.0002288097376479382, 0.058584124879670914, -0.1266206431221402, 0.0010109536355652228, 0.11006538957633732, -0.21345046784594476, 0.0004140379617505731, 0.1482794366180914, -0.16239772337364955, 0.00050054441167668, 0.1685237719901285], "max": [-0.3104560729721027, -0.2657702456012244, -0.12401659912312199, -0.21238397673128598, -0.16110840641032512], "min": [-0.3112048789822938, -0.26694899525556626, -0.1292246871211584, -0.21451695896060355, -0.16368704033697398], "raw_data_size": "70"}}