{"user_6_261": {"weights": [1.0], "gauss": [-0.19957689039205495, 0.0010749342383011898, 0.5], "max": [-0.19680804328165072], "min": [-0.20234573750245918], "raw_data_size": "9993"}}