{"user_1_261": {"weights": [1.0], "gauss": [-0.20056317941365254, 0.0010852102218545368, 0.5], "max": [-0.19776786312368883], "min": [-0.20335849570361625], "raw_data_size": "9995"}}