{"user_2_261": {"weights": [1.0], "gauss": [-0.19968907177645107, 0.0010532335092747955, 0.5], "max": [-0.1969761220397814], "min": [-0.20240202151312073], "raw_data_size": "9991"}}