{"user_5_261": {"weights": 1, "gauss": [-0.1998911306602239, 0.0010974124022157794, 0.5], "max": [-0.19706438363651851], "min": [-0.2027178776839293], "raw_data_size": "9994"}}