{"user_2_1631": {"weights": 1, "gauss": [-0.27750433475411823, 0.0008850497172928896, 0.5], "max": [-0.2752245977572175], "min": [-0.27978407175101894], "raw_data_size": "9991"}}