{"user_6_619": {"weights": [1.0], "gauss": [0.6490614264, 0.0006045404, 0.5], "max": [0.6506186192], "min": [0.6475042337], "raw_data_size": "9993"}, "user_1_619": {"weights": [1.0], "gauss": [0.6489849179, 0.000609217, 0.5], "max": [0.6505541568], "min": [0.647415679], "raw_data_size": "9995"}, "user_5_619": {"weights": [1.0], "gauss": [0.6499639236, 0.0006231451, 0.5], "max": [0.651569039], "min": [0.6483588081], "raw_data_size": "9994"}, "user_3_619": {"weights": [1.0], "gauss": [0.6490239915, 0.000589991, 0.5], "max": [0.6505437077], "min": [0.6475042753], "raw_data_size": "9991"}, "user_2_619": {"weights": [1.0], "gauss": [0.6490259975, 0.0006165983, 0.5], "max": [0.6506142496], "min": [0.6474377454], "raw_data_size": "9991"}, "user_4_619": {"weights": [1.0], "gauss": [0.6493616639, 0.0006052255, 0.5], "max": [0.6509206216], "min": [0.6478027062], "raw_data_size": "9996"}}