{"user_3_1619": {"weights": [0.08373340504839079, 0.09088373381243645, 0.22131335621565493, 0.25355177587492395, 0.3505177290485939], "gauss": [-0.5746248811724038, 5.6823775215735336e-05, 0.041866702524195394, -0.7122192217707589, 0.00027471741320159073, 0.04544186690621822, -0.6845465320986907, 3.8612975111012134e-05, 0.11065667810782746, -0.6188270453662673, 0.00020417464985308842, 0.12677588793746197, -0.6555354342175521, 0.00014925872473450685, 0.17525886452429695], "max": [-0.5744785128270649, -0.7115115966076391, -0.6844470716659025, -0.6183011263201339, -0.6551509692205706], "min": [-0.5747712495177428, -0.7129268469338788, -0.6846459925314788, -0.6193529644124007, -0.6559198992145336], "raw_data_size": "70"}}