{"user_1_1619": {"weights": [0.12294588313675754, 0.8770541168632425], "gauss": [-0.5898536808848769, 4.096595368876976e-05, 0.06147294156837877, -0.665225253172828, 0.0006551656649068362, 0.43852705843162126], "max": [-0.5897481595809175, -0.6635376582544819], "min": [-0.5899592021888362, -0.6669128480911741], "raw_data_size": "30"}}