{"user_2_1619": {"weights": [0.11761028761197957, 0.24512655986490925, 0.24601267036408717, 0.39125048215902397], "gauss": [-0.5912007671859812, 3.6034532259781145e-05, 0.058805143805989786, -0.6670338814222617, 3.0920771697833357e-05, 0.12256327993245462, -0.7021662688496535, 8.851367734360915e-05, 0.12300633518204358, -0.6404321615653715, 0.0002705189893933692, 0.19562524107951199], "max": [-0.5911079483818468, -0.6669542347924341, -0.7019382727257869, -0.6397353508253256], "min": [-0.5912935859901157, -0.6671135280520893, -0.7023942649735201, -0.6411289723054174], "raw_data_size": "57"}}