{"user_5_1341": {"weights": 1, "gauss": [-0.6091134527954979, 0.0033342005610880457, 0.5], "max": [-0.6005251212863382], "min": [-0.6177017843046576], "raw_data_size": "9994"}}