{"user_3_1117": {"weights": [0.0988885621, 0.4100374938, 0.4910739441], "gauss": [-0.5605421868, 9.3436e-06, 0.0494442811, -0.5191657507, 0.0004261876, 0.2050187469, -0.6004512031, 0.0003695421, 0.245536972], "max": [-0.5605181193, -0.5180679641, -0.5994993259], "min": [-0.5605662542, -0.5202635373, -0.6014030804], "raw_data_size": "70"}, "user_1_1117": {"weights": [0.4889694215, 0.5110305785], "gauss": [-0.5998901969, 0.0003753735, 0.2444847108, -0.5522885758, 0.0002165155, 0.2555152892], "max": [-0.5989232987, -0.5517308688], "min": [-0.6008570951, -0.5528462828], "raw_data_size": "30"}, "user_2_1117": {"weights": [0.0882555843, 0.1424484119, 0.3070890002, 0.4622070036], "gauss": [-0.6328603159, 5.83322e-05, 0.0441277922, -0.6047675615, 2.25089e-05, 0.071224206, -0.534592186, 0.0005214871, 0.1535445001, -0.5650952855, 0.0002463293, 0.2311035018], "max": [-0.6327100622, -0.6047095825, -0.5332489241, -0.5644607833], "min": [-0.6330105697, -0.6048255405, -0.5359354478, -0.5657297877], "raw_data_size": "57"}}