{"user_2_1313": {"weights": [0.2972418353823335, 0.30019447232580154, 0.40256369229186495], "gauss": [-1.0536804499564403, 7.904862562088566e-05, 0.14862091769116675, -1.1080967319970894, 0.0004150314762206554, 0.15009723616290077, -1.0186846015091422, 0.0005092255321464668, 0.20128184614593247], "max": [-1.0534768341901608, -1.107027681758745, -1.017372923461324], "min": [-1.0538840657227198, -1.1091657822354337, -1.0199962795569604], "raw_data_size": "57"}}