{"user_3_1313": {"weights": [0.07078670597660744, 0.0721309477114055, 0.2180412441152078, 0.2986908568670506, 0.34035024532972863], "gauss": [-1.0980964563410702, 6.472875963722713e-05, 0.03539335298830372, -1.1303234739230796, 6.947906623219657e-05, 0.03606547385570275, -1.0749970825096227, 6.086716308181705e-05, 0.1090206220576039, -1.0545705751255514, 0.00011515908927392415, 0.1493454284335253, -1.0127499686106818, 0.00046417911336357656, 0.17017512266486431], "max": [-1.0979297261052143, -1.1301445077082954, -1.0748402990873327, -1.0542739449688296, -1.0115543224483845], "min": [-1.0982631865769261, -1.1305024401378638, -1.0751538659319126, -1.0548672052822732, -1.013945614772979], "raw_data_size": "70"}}