{"user_3_3216": {"weights": [0.08431274358679293, 0.16731608897759853, 0.22708593220518128, 0.5212852352304274], "gauss": [0.010258043702917777, 1.7229076558051698e-05, 0.042156371793396465, -0.10801665574677828, 0.00019521833727764972, 0.08365804448879927, -0.020406115786902344, 6.930278708827114e-05, 0.11354296610259064, -0.06354407896480115, 0.00019656025193456523, 0.2606426176152137], "max": [0.010302422863189095, -0.10751380663302842, -0.020227603637102767, -0.06303777330795514], "min": [0.01021366454264646, -0.10851950486052814, -0.020584627936701922, -0.06405038462164715], "raw_data_size": "70"}}