{"user_1_3216": {"weights": [1.0], "gauss": [-0.05370435441533722, 0.0008288534417169733, 0.5], "max": [-0.05156936943181528], "min": [-0.055839339398859156], "raw_data_size": "30"}}