{"user_1_1515": {"weights": 1, "gauss": [-0.17404247148069255, 0.0021412896837503517, 0.5], "max": [-0.16852687476590142], "min": [-0.17955806819548367], "raw_data_size": "9995"}}