{"user_1_1770": {"weights": [0.1289733716, 0.8710266284], "gauss": [-0.8641562274, 0.000854655, 0.0644866858, -0.8237262379, 0.0003823102, 0.4355133142], "max": [-0.861954782, -0.822741472], "min": [-0.8663576728, -0.8247110038], "raw_data_size": "30"}, "user_2_1770": {"weights": [0.0175388743, 0.164275312, 0.2172755583, 0.2230220154, 0.37788824], "gauss": [-0.9021807313, 1e-06, 0.0087694371, -0.8582793902, 0.000123012, 0.082137656, -0.8345657837, 3.63628e-05, 0.1086377791, -0.7819137116, 0.0001192816, 0.1115110077, -0.8190154059, 5.05176e-05, 0.18894412], "max": [-0.9021781555, -0.8579625323, -0.8344721194, -0.7816064626, -0.8188852811], "min": [-0.9021833071, -0.8585962481, -0.834659448, -0.7822209605, -0.8191455306], "raw_data_size": "57"}, "user_3_1770": {"weights": [0.1494909039, 0.2080488233, 0.6424602728], "gauss": [-0.7856643198, 0.0005481643, 0.0747454519, -0.8648353704, 0.0002631765, 0.1040244117, -0.82639583, 0.0001711849, 0.3212301364], "max": [-0.784252342, -0.8641574726, -0.825954887], "min": [-0.7870762975, -0.8655132682, -0.8268367731], "raw_data_size": "70"}}