{"user_4_2889": {"weights": 1, "gauss": [0.7743879915048835, 0.0013941707118970404, 0.5], "max": [0.7779791372787375], "min": [0.7707968457310295], "raw_data_size": "9996"}}