{"user_5_1590": {"weights": 1, "gauss": [0.07637751409265989, 0.001797396458684248, 0.5], "max": [0.0810073005610338], "min": [0.07174772762428598], "raw_data_size": "9994"}}