{"user_6_1590": {"weights": [1.0], "gauss": [0.07645370803233897, 0.0017591499368155544, 0.5], "max": [0.08098497798892468], "min": [0.07192243807575327], "raw_data_size": "9993"}}