{"user_1_3460": {"weights": [0.09998238379548907, 0.30994930932951165, 0.5900683068749992], "gauss": [0.1284985804571213, 1.1744430575059685e-06, 0.049991191897744536, 0.0929893673127755, 8.075865321699013e-05, 0.15497465466475582, 0.05432968408863322, 0.00023937291098790028, 0.2950341534374996], "max": [0.12850160562196417, 0.09319738781824698, 0.05494626784723166], "min": [0.1284955552922784, 0.09278134680730403, 0.053713100330034784], "raw_data_size": "30"}}