{"user_3_2232": {"weights": [0.0428481227, 0.1430705991, 0.1464540342, 0.30343674, 0.364190504], "gauss": [0.0960589133, 4.2558e-06, 0.0214240613, -0.0155512432, 0.0001757629, 0.0715352995, 0.0530404016, 0.0001039321, 0.0732270171, 0.0291964108, 6.78859e-05, 0.15171837, 0.0079160845, 9.75908e-05, 0.182095252], "max": [0.0960698754, -0.015098508, 0.053308113, 0.0293712732, 0.0081674617], "min": [0.0960479512, -0.0160039785, 0.0527726902, 0.0290215484, 0.0076647074], "raw_data_size": "70"}, "user_2_2232": {"weights": [0.2539823774, 0.2720687459, 0.4739488768], "gauss": [-0.0119597683, 0.0002235199, 0.1269911887, 0.0406212884, 0.0008316747, 0.1360343729, 0.0189665152, 0.0001896926, 0.2369744384], "max": [-0.0113840192, 0.0427635405, 0.019455131], "min": [-0.0125355174, 0.0384790363, 0.0184778994], "raw_data_size": "57"}, "user_1_2232": {"weights": [0.4593453102, 0.5406546898], "gauss": [0.0371683495, 0.0002743926, 0.2296726551, 0.0079407716, 0.0003727915, 0.2703273449], "max": [0.037875138, 0.0089010189], "min": [0.036461561, 0.0069805243], "raw_data_size": "30"}}