{"user_6_3237": {"weights": [1.0], "gauss": [-0.03551922666094154, 0.0008238280344684464, 0.5], "max": [-0.03339718626867262], "min": [-0.037641267053210456], "raw_data_size": "9993"}}