{"user_5_3072": {"weights": 1, "gauss": [-0.4152889230494075, 0.001322008371594462, 0.5], "max": [-0.41188365514631753], "min": [-0.4186941909524975], "raw_data_size": "9994"}}