{"user_2_3208": {"weights": [1.0], "gauss": [-1.4008052455230091, 0.0019277103977134158, 0.5], "max": [-1.395839792591823], "min": [-1.4057706984541953], "raw_data_size": "9991"}}