{"user_1_1243": {"weights": [0.11930253659741977, 0.2517217147117659, 0.6289757486908143], "gauss": [0.23664145853517135, 0.000123099298274142, 0.059651268298709884, 0.1385340556838447, 0.0005166151658626505, 0.12586085735588295, 0.18247992542969266, 0.0002820351193693675, 0.31448787434540715], "max": [0.2369585413149122, 0.1398647681667315, 0.1832063997547942], "min": [0.2363243757554305, 0.1372033432009579, 0.18175345110459112], "raw_data_size": "30"}}