{"user_3_3938": {"weights": [0.13127313994942266, 0.21618672549766732, 0.3105958628432584, 0.3419442717096516], "gauss": [0.6241619310641628, 0.00028037795249988187, 0.06563656997471133, 0.5779942993954039, 0.0001490481967848779, 0.10809336274883366, 0.5191915473853124, 0.0003338485608266041, 0.1552979314216292, 0.5413286678844628, 0.0002370504654663198, 0.1709721358548258], "max": [0.6248841368102811, 0.5783782221083236, 0.5200514842912372, 0.5419392694198308], "min": [0.6234397253180446, 0.5776103766824843, 0.5183316104793876, 0.5407180663490947], "raw_data_size": "70"}}