{"user_1_3326": {"weights": [0.2918336656, 1.5529e-06, 0.033088088, 0.4284416774, 3.3401e-05, 0.0333311514, 0.3108903225, 3.82088e-05, 0.1098190138, 0.3349054625, 6.17279e-05, 0.1398255573, 0.3616595611, 0.000183919, 0.1839361895], "gauss": [0.2918336656, 1.5529e-06, 0.033088088, 0.4284416774, 3.3401e-05, 0.0333311514, 0.3108903225, 3.82088e-05, 0.1098190138, 0.3349054625, 6.17279e-05, 0.1398255573, 0.3616595611, 0.000183919, 0.1839361895], "max": [0.2918376657, 0.4285277126, 0.3109887419, 0.3350644629, 0.3621333051], "min": [0.2918296655, 0.4283556422, 0.3107919031, 0.334746462, 0.361185817], "raw_data_size": "30"}, "user_2_3326": {"weights": [0.0520250515, 0.0526342211, 0.209145226, 0.2753233687, 0.4108721327], "gauss": [0.3911666782, 6.9897e-06, 0.0260125257, 0.4347956883, 0.0001034957, 0.0263171106, 0.3095206462, 0.0003855021, 0.104572613, 0.3615797249, 6.93631e-05, 0.1376616844, 0.3295010302, 0.0001264461, 0.2054360664], "max": [0.3911846825, 0.4350622755, 0.3105136338, 0.3617583925, 0.3298267338], "min": [0.3911486739, 0.4345291011, 0.3085276586, 0.3614010573, 0.3291753267], "raw_data_size": "57"}, "user_3_3326": {"weights": [0.0896415693, 0.1719140449, 0.2581760844, 0.4802683015], "gauss": [0.2831921398, 0.0002514232, 0.0448207846, 0.4087054711, 0.0004840956, 0.0859570224, 0.3327289946, 9.16698e-05, 0.1290880422, 0.3545440283, 8.58122e-05, 0.2401341507], "max": [0.2838397629, 0.4099524186, 0.3329651203, 0.3547650658], "min": [0.2825445166, 0.4074585235, 0.332492869, 0.3543229909], "raw_data_size": "70"}}