{"user_3_2086": {"weights": 1, "gauss": [0.21082873516764983, 0.002017228080881352, 0.5], "max": [0.21602477037032572], "min": [0.20563269996497394], "raw_data_size": "9991"}}