{"user_1_2139": {"weights": [1.0], "gauss": [0.3203575747163388, 0.0005120803093872907, 0.5], "max": [0.32167660618302896], "min": [0.31903854324964864], "raw_data_size": "9995"}}