{"user_6_167": {"weights": 1, "gauss": [-0.000589639021191395, 0.0010139661783927828, 0.5], "max": [0.002022164773920227], "min": [-0.0032014428163030166], "raw_data_size": "9993"}}