{"user_6_1540": {"weights": [1.0], "gauss": [-0.195130428542586, 0.0006465674470672995, 0.5], "max": [-0.19346498116570923], "min": [-0.19679587591946276], "raw_data_size": "9993"}}