{"user_1_3787": {"weights": [0.16234219575248926, 0.24515308333639818, 0.5925047209111126], "gauss": [0.41439279806550555, 0.00017772447220185017, 0.08117109787624463, 0.26535081195527344, 0.0020136998443415063, 0.12257654166819909, 0.33790159289550314, 0.0009005547916591934, 0.2962523604555563], "max": [0.41485058596896085, 0.27053775902288013, 0.34022126831731025], "min": [0.41393501016205025, 0.26016386488766674, 0.33558191747369603], "raw_data_size": "30"}}