{"user_2_1887": {"weights": [0.0693765896, 0.4178977755, 0.5127256349], "gauss": [-0.0298784414, 0.0001365672, 0.0346882948, 0.0261927772, 0.0002761367, 0.2089488877, 0.0590745433, 0.0003597735, 0.2563628175], "max": [-0.0295266675, 0.0269040581, 0.0600012583], "min": [-0.0302302152, 0.0254814962, 0.0581478283], "raw_data_size": "57"}, "user_1_1887": {"weights": [0.4274575544, 0.5725424456], "gauss": [0.0244922783, 0.0006479386, 0.2137287772, 0.0540021423, 0.0003930883, 0.2862712228], "max": [0.0261612576, 0.0550146706], "min": [0.0228232989, 0.052989614], "raw_data_size": "30"}, "user_3_1887": {"weights": [0.1535173724, 0.3903755541, 0.4561070735], "gauss": [-0.0197977064, 0.0007995939, 0.0767586862, 0.0716101739, 0.0002190022, 0.1951877771, 0.0271872438, 0.0002501586, 0.2280535367], "max": [-0.0177380891, 0.0721742863, 0.0278316098], "min": [-0.0218573238, 0.0710460616, 0.0265428779], "raw_data_size": "70"}}