{"user_3_143": {"weights": [0.056946701856096474, 0.20549656021696386, 0.21771149530693099, 0.25128915173716465, 0.268556090882844], "gauss": [-0.17292606957090378, 3.4158857610755124e-05, 0.028473350928048237, -0.13106127826715483, 0.00028687365151634336, 0.10274828010848193, -0.074892179850892, 0.00035439559339112386, 0.10885574765346549, -0.10605167751278323, 0.00017924776823438873, 0.12564457586858233, -0.03466725002661606, 0.0003715522999914875, 0.134278045441422], "max": [-0.17283808218449426, -0.13032234070916296, -0.07397931729638654, -0.10558996585876936, -0.033710194724496996], "min": [-0.1730140569573133, -0.1318002158251467, -0.07580504240539745, -0.1065133891667971, -0.035624305328735124], "raw_data_size": "70"}}