{"user_5_2508": {"weights": [1.0], "gauss": [0.45395429227193357, 0.0014089214369853431, 0.5], "max": [0.45758343339571866], "min": [0.4503251511481485], "raw_data_size": "9994"}}