{"user_2_1994": {"weights": [-0.2981885293, 0.0001428796, 0.0474944319, -0.3263730893, 4.09323e-05, 0.0853795352, -0.3423094217, 3.80038e-05, 0.0977794899, -0.3835743154, 0.0001208483, 0.10196797, -0.3597141766, 3.40521e-05, 0.167378573], "gauss": [-0.2981885293, 0.0001428796, 0.0474944319, -0.3263730893, 4.09323e-05, 0.0853795352, -0.3423094217, 3.80038e-05, 0.0977794899, -0.3835743154, 0.0001208483, 0.10196797, -0.3597141766, 3.40521e-05, 0.167378573], "max": [-0.2978204958, -0.3262676546, -0.3422115303, -0.3832630308, -0.3596264643], "min": [-0.2985565627, -0.326478524, -0.342407313, -0.3838855999, -0.3598018889], "raw_data_size": "57"}, "user_3_1994": {"weights": [0.0686970948, 0.1160331144, 0.2022818019, 0.2746188286, 0.3383691603], "gauss": [-0.3253090467, 4.1267e-06, 0.0343485474, -0.2906935552, 0.0002166386, 0.0580165572, -0.3576101671, 3.02778e-05, 0.1011409009, -0.3445876108, 3.03489e-05, 0.1373094143, -0.3810308645, 8.00692e-05, 0.1691845801], "max": [-0.3252984169, -0.2901355312, -0.3575321767, -0.3445094372, -0.3808246199], "min": [-0.3253196764, -0.2912515791, -0.3576881575, -0.3446657845, -0.3812371092], "raw_data_size": "70"}, "user_1_1994": {"weights": [0.2333535675, 0.3362656698, 0.4303807627], "gauss": [-0.3165361343, 0.000369433, 0.1166767838, -0.3659710556, 0.0002918499, 0.1681328349, -0.3448706011, 0.0002242079, 0.2151903813], "max": [-0.315584538, -0.3652193001, -0.3442930798], "min": [-0.3174877305, -0.3667228111, -0.3454481224], "raw_data_size": "30"}}