{"user_1_1732": {"weights": [0.22549660155401371, 0.7745033984459863], "gauss": [-0.2299785692083653, 0.0001910357494360183, 0.11274830077700686, -0.16060605802349653, 0.0004156967617847698, 0.38725169922299313], "max": [-0.22948649372694258, -0.15953529412310094], "min": [-0.230470644689788, -0.16167682192389213], "raw_data_size": "30"}}