{"user_2_159": {"weights": [0.24813546057602096, 0.29296121519915314, 0.458903324224826], "gauss": [0.3591565929754257, 8.47056481723386e-05, 0.12406773028801048, 0.40172294809200404, 0.0001269451069706985, 0.14648060759957657, 0.3794201937094081, 0.00010004286201389833, 0.229451662112413], "max": [0.3593747802661641, 0.4020499370184813, 0.3796778870449944], "min": [0.35893840568468727, 0.4013959591655268, 0.3791625003738218], "raw_data_size": "57"}}