{"user_5_3736": {"weights": 1, "gauss": [0.48892792262591267, 0.0017682939754143634, 0.5], "max": [0.493482746065074], "min": [0.48437309918675137], "raw_data_size": "9994"}}