{"user_6_3736": {"weights": [1.0], "gauss": [0.4895456907173123, 0.0017652294294363258, 0.5], "max": [0.4940926204091413], "min": [0.4849987610254833], "raw_data_size": "9993"}}