{"user_1_1105": {"weights": [0.0674411995, 0.1629728528, 0.3079994407, 0.4615865069], "gauss": [0.1538585294, 0.0002787209, 0.0337205998, 0.2002369759, 2.01792e-05, 0.0814864264, 0.2272824643, 4.22987e-05, 0.1539997204, 0.2555904232, 0.0002850733, 0.2307932535], "max": [0.154576467, 0.200288954, 0.2273914184, 0.2563247232], "min": [0.1531405919, 0.2001849978, 0.2271735102, 0.2548561231], "raw_data_size": "30"}, "user_3_1105": {"weights": [0.1089637527, 0.0001628834, 0.0143011835, 0.1712612605, 0.0001577296, 0.0733505544, 0.2738300575, 0.0003354106, 0.0969987484, 0.2554917083, 0.0001494832, 0.144470761, 0.2269814343, 0.0001296422, 0.1708787527], "gauss": [0.1089637527, 0.0001628834, 0.0143011835, 0.1712612605, 0.0001577296, 0.0733505544, 0.2738300575, 0.0003354106, 0.0969987484, 0.2554917083, 0.0001494832, 0.144470761, 0.2269814343, 0.0001296422, 0.1708787527], "max": [0.1093833125, 0.1716675451, 0.2746940181, 0.2558767514, 0.2273153704], "min": [0.108544193, 0.170854976, 0.272966097, 0.2551066652, 0.2266474982], "raw_data_size": "70"}, "user_2_1105": {"weights": [0.1681423225, 0.2036693781, 0.2432579196, 0.3849303797], "gauss": [0.1778791357, 0.0014109075, 0.0840711613, 0.2779810468, 0.0001671866, 0.1018346891, 0.2541764624, 0.0001693618, 0.1216289598, 0.2274015515, 0.0002343366, 0.1924651899], "max": [0.1815133925, 0.2784116909, 0.2546127096, 0.2280051627], "min": [0.1742448789, 0.2775504027, 0.2537402152, 0.2267979403], "raw_data_size": "57"}}