{"user_1_3033": {"weights": [0.14156685158936555, 0.1657502126505733, 0.20765647282156113, 0.21804500351094383, 0.26698145942755613], "gauss": [0.20740857496269413, 3.241016123865692e-05, 0.07078342579468277, 0.19262523922050018, 1.6514978647448996e-05, 0.08287510632528665, 0.17354651777320568, 2.0802110263665574e-05, 0.10382823641078057, 0.1837683455374075, 1.3895175371500923e-05, 0.10902250175547192, 0.14033596143555413, 6.234860172983883e-05, 0.13349072971377807], "max": [0.2074920580057454, 0.19266777898644777, 0.1736001004583985, 0.18380413713730737, 0.14049656079092515], "min": [0.20732509191964285, 0.19258269945455259, 0.17349293508801286, 0.18373255393750765, 0.1401753620801831], "raw_data_size": "30"}}