{"user_5_1189": {"weights": [1.0], "gauss": [0.4349383178, 0.0014276257, 0.5], "max": [0.4386156378], "min": [0.4312609977], "raw_data_size": "9994"}, "user_4_1189": {"weights": [1.0], "gauss": [0.4349438708, 0.0014401087, 0.5], "max": [0.438653345], "min": [0.4312343967], "raw_data_size": "9996"}, "user_3_1189": {"weights": [1.0], "gauss": [0.4347889888, 0.0014523667, 0.5], "max": [0.4385300376], "min": [0.4310479399], "raw_data_size": "9991"}, "user_1_1189": {"weights": [1.0], "gauss": [0.4354695658, 0.0014637383, 0.5], "max": [0.4392399057], "min": [0.4316992259], "raw_data_size": "9995"}, "user_2_1189": {"weights": [1.0], "gauss": [0.4352874387, 0.0014332027, 0.5], "max": [0.4389791241], "min": [0.4315957532], "raw_data_size": "9991"}, "user_6_1189": {"weights": [1.0], "gauss": [0.4345909402, 0.0014030034, 0.5], "max": [0.4382048374], "min": [0.4309770429], "raw_data_size": "9993"}}