{"user_6_2847": {"weights": [1.0], "gauss": [0.1566877639401343, 0.0017678825202533273, 0.5], "max": [0.1612415275410347], "min": [0.1521340003392339], "raw_data_size": "9993"}}