{"user_3_3357": {"weights": [0.0793727465, 0.1287405725, 0.2094379644, 0.2267162786, 0.355732438], "gauss": [0.0843976984, 0.000344892, 0.0396863733, 0.0352785377, 0.000109869, 0.0643702863, 0.0064394207, 0.0001450675, 0.1047189822, -0.0205567612, 0.0001584759, 0.1133581393, -0.058793922, 0.0003594428, 0.177866219], "max": [0.0852860813, 0.0355615415, 0.0068130899, -0.0201485542, -0.0578680587], "min": [0.0835093155, 0.0349955338, 0.0060657515, -0.0209649681, -0.0597197854], "raw_data_size": "70"}, "user_1_3357": {"weights": [0.1000112286, 0.2187523136, 0.2400499043, 0.4411865536], "gauss": [0.0745124568, 0.0001149465, 0.0500056143, -0.0664520094, 0.0001867408, 0.1093761568, -0.0351569599, 0.0001058257, 0.1200249521, 0.002722095, 8.0777e-05, 0.2205932768], "max": [0.0748085393, -0.065970997, -0.0348843709, 0.0029301627], "min": [0.0742163744, -0.0669330217, -0.0354295488, 0.0025140274], "raw_data_size": "30"}, "user_2_3357": {"weights": [0.0889304787, 0.0893565893, 0.2109153874, 0.2431482192, 0.3676493254], "gauss": [0.0317430982, 8.60428e-05, 0.0444652393, 0.0777820265, 0.000245514, 0.0446782946, -0.0298281024, 0.0001032697, 0.1054576937, -0.0630978922, 0.0001611433, 0.1215741096, 0.0010439508, 8.28593e-05, 0.1838246627], "max": [0.0319647298, 0.0784144285, -0.0295620973, -0.0626828146, 0.0012573823], "min": [0.0315214666, 0.0771496244, -0.0300941076, -0.0635129697, 0.0008305194], "raw_data_size": "57"}}