{"user_2_798": {"weights": 1, "gauss": [0.2347485670252565, 0.0005135976595905385, 0.5], "max": [0.23607150692706394], "min": [0.23342562712344908], "raw_data_size": "9991"}}