{"user_4_3849": {"weights": [1.0], "gauss": [0.42203719932315464, 0.0008945450331515882, 0.5], "max": [0.4243413946328906], "min": [0.4197330040134187], "raw_data_size": "9996"}}