{"user_6_3849": {"weights": [1.0], "gauss": [0.4216328626308057, 0.0008606170666316516, 0.5], "max": [0.42384966529016976], "min": [0.4194160599714416], "raw_data_size": "9993"}}