{"user_2_3355": {"weights": 1, "gauss": [-0.498937233, 0.0012808943, 0.5], "max": [-0.4956378679], "min": [-0.5022365981], "raw_data_size": "9991"}, "user_6_3355": {"weights": 1, "gauss": [-0.4988522945, 0.0012866796, 0.5], "max": [-0.4955380276], "min": [-0.5021665614], "raw_data_size": "9993"}, "user_4_3355": {"weights": 1, "gauss": [-0.4994686381, 0.0013095417, 0.5], "max": [-0.4960954823], "min": [-0.5028417939], "raw_data_size": "9996"}, "user_1_3355": {"weights": 1, "gauss": [-0.4982462931, 0.0013039574, 0.5], "max": [-0.4948875215], "min": [-0.5016050647], "raw_data_size": "9995"}, "user_3_3355": {"weights": 1, "gauss": [-0.49909243, 0.0012720722, 0.5], "max": [-0.4958157892], "min": [-0.5023690709], "raw_data_size": "9991"}, "user_5_3355": {"weights": 1, "gauss": [-0.4985347832, 0.0012788471, 0.5], "max": [-0.4952406915], "min": [-0.501828875], "raw_data_size": "9994"}}