{"user_1_3761": {"weights": [1.0], "gauss": [0.31514807107417286, 0.0011622648764703636, 0.5], "max": [0.31814186700147085], "min": [0.3121542751468749], "raw_data_size": "9995"}}