{"user_3_2637": {"weights": [1.0], "gauss": [-0.37225367429768, 0.0034487183171819638, 0.5], "max": [-0.3633703645965969], "min": [-0.38113698399876317], "raw_data_size": "9991"}}