{"user_6_2637": {"weights": [1.0], "gauss": [-0.3720499787242426, 0.003405362224084301, 0.5], "max": [-0.36327834691824784], "min": [-0.3808216105302374], "raw_data_size": "9993"}}