{"user_4_1047": {"weights": [1.0], "gauss": [0.326317475429818, 0.0014730274085754658, 0.5], "max": [0.33011174259375736], "min": [0.3225232082658786], "raw_data_size": "9996"}}