{"user_1_212": {"weights": [0.0333333328, 0.4207325523, 0.5459341149], "gauss": [-0.0580560975, 1e-06, 0.0166666664, -0.1877525031, 0.0003833936, 0.2103662762, -0.1681105964, 0.0003443802, 0.2729670574], "max": [-0.0580535216, -0.1867649468, -0.1672235319], "min": [-0.0580586733, -0.1887400595, -0.1689976609], "raw_data_size": "30"}, "user_2_212": {"weights": [-0.0688812153, 0.0001181911, 0.0175437906, -0.2264283203, 1.09772e-05, 0.0347109581, -0.1421168038, 0.0001543771, 0.0757895903, -0.1970941412, 6.14083e-05, 0.1296111953, -0.1713468493, 0.0001083729, 0.2423444657], "gauss": [-0.0688812153, 0.0001181911, 0.0175437906, -0.2264283203, 1.09772e-05, 0.0347109581, -0.1421168038, 0.0001543771, 0.0757895903, -0.1970941412, 6.14083e-05, 0.1296111953, -0.1713468493, 0.0001083729, 0.2423444657], "max": [-0.0685767751, -0.2264000449, -0.1417191547, -0.1969359639, -0.1710676991], "min": [-0.0691856554, -0.2264565958, -0.1425144528, -0.1972523185, -0.1716259995], "raw_data_size": "57"}, "user_3_212": {"weights": [0.1823843799, 0.1963759526, 0.2161009707, 0.4051386969], "gauss": [-0.1207810007, 0.0002580563, 0.0911921899, -0.1571466365, 2.22786e-05, 0.0981879763, -0.2210569435, 0.0004588561, 0.1080504853, -0.1818811808, 0.000103221, 0.2025693485], "max": [-0.1201162916, -0.1570892507, -0.2198750084, -0.1816153012], "min": [-0.1214457098, -0.1572040223, -0.2222388786, -0.1821470604], "raw_data_size": "70"}}