{"user_2_2419": {"weights": [0.1836921846, 0.2052457131, 0.2584647501, 0.3525973522], "gauss": [0.4166179864, 0.0003950815, 0.0918460923, 0.3245477389, 0.0001254791, 0.1026228565, 0.3567493486, 8.81429e-05, 0.129232375, 0.3878776993, 0.0002183036, 0.1762986761], "max": [0.4176356488, 0.3248709517, 0.3569763897, 0.3884400121], "min": [0.415600324, 0.3242245261, 0.3565223075, 0.3873153866], "raw_data_size": "57"}, "user_3_2419": {"weights": [0.3415529421, 0.6584470579], "gauss": [0.3399266579, 0.0006397909, 0.1707764711, 0.3958720811, 0.0004549878, 0.3292235289], "max": [0.34157465, 0.3970440521], "min": [0.3382786658, 0.3947001101], "raw_data_size": "70"}, "user_1_2419": {"weights": [0.2007620735, 0.2036557896, 0.5955821369], "gauss": [0.3267312775, 0.0001887968, 0.1003810368, 0.4056645855, 0.000570813, 0.1018278948, 0.3674377848, 0.0002627069, 0.2977910685], "max": [0.3272175858, 0.4071349023, 0.3681144729], "min": [0.3262449692, 0.4041942687, 0.3667610966], "raw_data_size": "30"}}