{"user_1_1254": {"weights": [0.06668813296768411, 0.06760707999264763, 0.2179433664801946, 0.25905610472686985, 0.38870531583260376], "gauss": [-0.015574502093584762, 0.0001492806415004697, 0.033344066483842055, 0.041789176546476944, 0.00011863506495776664, 0.033803539996323816, 0.10389776859712643, 7.191874868712065e-05, 0.1089716832400973, 0.0778451155009653, 5.010790477505051e-05, 0.12952805236343493, 0.14655919276318066, 0.00021272317198795212, 0.19435265791630188], "max": [-0.015189980642755275, 0.04209476022322359, 0.10408301901746929, 0.07797418491042432, 0.1471071313431311], "min": [-0.01595902354441425, 0.0414835928697303, 0.10371251817678358, 0.07771604609150629, 0.14601125418323022], "raw_data_size": "30"}}