{"user_3_733": {"weights": 1, "gauss": [0.41073578129306576, 0.001534566542813891, 0.5], "max": [0.4146885627622915], "min": [0.40678299982384003], "raw_data_size": "9991"}}