{"user_6_2510": {"weights": [1.0], "gauss": [0.11348811862538342, 0.0022654575592601514, 0.5], "max": [0.11932355059247209], "min": [0.10765268665829476], "raw_data_size": "9993"}}