{"user_3_4030": {"weights": [1.0], "gauss": [-0.05406878963230679, 0.0007938457382115483, 0.5], "max": [-0.05202397851732407], "min": [-0.05611360074728951], "raw_data_size": "9991"}}