{"user_5_1262": {"weights": [1.0], "gauss": [-0.26787570050561116, 0.0008217260674525652, 0.5], "max": [-0.26575907442157687], "min": [-0.26999232658964545], "raw_data_size": "9994"}}