{"user_3_1588": {"weights": [1.0], "gauss": [0.07570465086240363, 0.0012301360364503015, 0.5], "max": [0.07887327131244382], "min": [0.07253603041236345], "raw_data_size": "9991"}}