{"user_3_2385": {"weights": 1, "gauss": [0.5008819710871567, 0.0037827531702569186, 0.5], "max": [0.510625697551197], "min": [0.49113824462311645], "raw_data_size": "9991"}}