{"user_1_2709": {"weights": [0.24000652458695187, 0.7599934754130481], "gauss": [0.5244500309466449, 0.0001707929702659806, 0.12000326229347594, 0.4826516234404076, 0.0001298141649036234, 0.37999673770652403], "max": [0.5248899644842961, 0.48298600257038204], "min": [0.5240100974089936, 0.4823172443104331], "raw_data_size": "30"}}