{"user_6_3216": {"weights": [1.0], "gauss": [-0.052119123917369205, 0.0010136216904952364, 0.5], "max": [-0.0495082074642788], "min": [-0.05473004037045961], "raw_data_size": "9993"}}