{"user_2_203": {"weights": [1.0], "gauss": [-0.18070709083570607, 0.009500839033943517, 0.5], "max": [-0.15623455124377314], "min": [-0.205179630427639], "raw_data_size": "9991"}}