{"user_5_203": {"weights": 1, "gauss": [-0.18234502013041978, 0.009587753838202517, 0.5], "max": [-0.1576486028387643], "min": [-0.20704143742207526], "raw_data_size": "9994"}}