{"user_2_67": {"weights": [0.16033887992300233, 0.16505605727325115, 0.17746074772612563, 0.19612586685423578, 0.3010184482233851], "gauss": [0.5899603696390133, 8.299991650389082e-06, 0.08016943996150117, 0.5764837743631421, 4.187158241990673e-06, 0.08252802863662557, 0.6137978548919436, 0.0003175476318343075, 0.08873037386306282, 0.5249306605139139, 6.678913533283881e-05, 0.09806293342711789, 0.5581501171352548, 4.71146763015563e-05, 0.15050922411169254], "max": [0.5899817490007256, 0.5764945597680404, 0.6146158033872949, 0.525102697925863, 0.5582714764990995], "min": [0.589938990277301, 0.5764729889582438, 0.6129799063965923, 0.5247586231019649, 0.55802875777141], "raw_data_size": "57"}}