{"user_1_67": {"weights": [0.16697926153823583, 0.1984295682414663, 0.20133190272468937, 0.4332592674956084], "gauss": [0.5198746079555059, 6.529646835814928e-05, 0.08348963076911792, 0.6158551057579494, 1.243287086469158e-05, 0.09921478412073315, 0.5533552775936326, 3.6570909239890366e-05, 0.10066595136234469, 0.5778946645573938, 0.0001229113372824543, 0.2166296337478042], "max": [0.520042800512121, 0.61588713071105, 0.5534494780133101, 0.5782112631817043], "min": [0.5197064153988907, 0.6158230808048489, 0.553261077173955, 0.5775780659330833], "raw_data_size": "30"}}