{"user_2_1759": {"weights": [0.07395822657651216, 0.18126194844176902, 0.19334671216736507, 0.20524189851884864, 0.346191214295505], "gauss": [0.6080705761248255, 0.00012796679547125056, 0.03697911328825608, 0.48861791448597547, 0.00010240631924046572, 0.09063097422088451, 0.5727106043892237, 5.025920452075738e-05, 0.09667335608368254, 0.5113651425761451, 6.790767199030167e-05, 0.10262094925942432, 0.5414418487521029, 8.72883166473094e-05, 0.1730956071477525], "max": [0.6084001967464816, 0.48888169568394363, 0.5728400635210014, 0.5115400611475934, 0.5416666885559804], "min": [0.6077409555031694, 0.4883541332880073, 0.5725811452574461, 0.5111902240046967, 0.5412170089482253], "raw_data_size": "57"}}