{"user_1_1759": {"weights": [0.49611892904341026, 0.5038810709565896], "gauss": [0.5205785676335104, 0.00033782292291586926, 0.24805946452170513, 0.568570940699008, 0.0007847761639692409, 0.2519405354782948], "max": [0.5214487418177677, 0.5705923901388867], "min": [0.5197083934492531, 0.5665494912591293], "raw_data_size": "30"}}