{"user_1_4024": {"weights": [0.13878224155213262, 0.19467474823358952, 0.29153186947873905, 0.3750111407355388], "gauss": [-0.2068952993658484, 0.00018148268952350343, 0.06939112077606631, -0.11470692714336149, 5.959942295277989e-05, 0.09733737411679476, -0.17420497255953413, 3.1813619437412146e-05, 0.14576593473936952, -0.14230468357833012, 7.393218065682408e-05, 0.1875055703677694], "max": [-0.2064278309360869, -0.11455340920324511, -0.1741230261063353, -0.142114246900919], "min": [-0.20736276779560991, -0.11486044508347787, -0.17428691901273297, -0.14249512025574124], "raw_data_size": "30"}}