{"user_3_2482": {"weights": [1.0], "gauss": [0.21493993603101536, 0.000953445811415556, 0.5], "max": [0.2173958496914055], "min": [0.21248402237062522], "raw_data_size": "9991"}}