{"user_5_2286": {"weights": [1.0], "gauss": [-0.7927265395629076, 0.0013615398944006585, 0.5], "max": [-0.7892194452049596], "min": [-0.7962336339208557], "raw_data_size": "9994"}}