{"user_1_2308": {"weights": [1.0], "gauss": [-0.38757121707971065, 0.005049525993179842, 0.5], "max": [-0.3745645000574461], "min": [-0.4005779341019752], "raw_data_size": "9995"}}