{"user_5_1401": {"weights": [1.0], "gauss": [0.2190566184570596, 0.0011565234480158174, 0.5], "max": [0.22203562544470015], "min": [0.21607761146941903], "raw_data_size": "9994"}}