{"user_2_365": {"weights": [1.0], "gauss": [0.1271514729260832, 0.0007392459885738671, 0.5], "max": [0.12905564440598274], "min": [0.12524730144618365], "raw_data_size": "9991"}}