{"user_5_3246": {"weights": 1, "gauss": [0.0411867068, 0.0004800212, 0.5], "max": [0.0424231594], "min": [0.0399502541], "raw_data_size": "9994"}, "user_2_3246": {"weights": 1, "gauss": [0.0411903349, 0.000479695, 0.5], "max": [0.0424259474], "min": [0.0399547224], "raw_data_size": "9991"}, "user_4_3246": {"weights": 1, "gauss": [0.041602348, 0.0004757813, 0.5], "max": [0.0428278795], "min": [0.0403768166], "raw_data_size": "9996"}, "user_3_3246": {"weights": 1, "gauss": [0.0413316578, 0.00048208, 0.5], "max": [0.0425734135], "min": [0.040089902], "raw_data_size": "9991"}, "user_1_3246": {"weights": 1, "gauss": [0.041240129, 0.0004946107, 0.5], "max": [0.0425141616], "min": [0.0399660963], "raw_data_size": "9995"}, "user_6_3246": {"weights": 1, "gauss": [0.0416398473, 0.0004826894, 0.5], "max": [0.0428831728], "min": [0.0403965217], "raw_data_size": "9993"}}