{"user_2_1073": {"weights": [1.0], "gauss": [-1.0764988118853738, 0.0009067959451257425, 0.5], "max": [-1.0741630603175796], "min": [-1.078834563453168], "raw_data_size": "9991"}}