{"user_2_3364": {"weights": [1.0], "gauss": [0.2823178652836967, 0.0017974897171021537, 0.5], "max": [0.2869478919698362], "min": [0.27768783859755714], "raw_data_size": "9991"}}