{"user_3_1535": {"weights": [0.154186410857439, 2.5299282252355365e-05, 0.04282304812050212, 0.08651800320252992, 2.9230239518015413e-05, 0.07865434354555373, 0.1272343192433223, 5.620308890643796e-05, 0.08320505139218631, 0.04797135941882545, 0.00013406904689397306, 0.08635219366408936, 0.11016085529246873, 5.0629889073371164e-05, 0.2089653632776684], "gauss": [0.154186410857439, 2.5299282252355365e-05, 0.04282304812050212, 0.08651800320252992, 2.9230239518015413e-05, 0.07865434354555373, 0.1272343192433223, 5.620308890643796e-05, 0.08320505139218631, 0.04797135941882545, 0.00013406904689397306, 0.08635219366408936, 0.11016085529246873, 5.0629889073371164e-05, 0.2089653632776684], "max": [0.15425157749002338, 0.08659329531003018, 0.12737908880667745, 0.04831669839851382, 0.11029126924437935], "min": [0.15412124422485463, 0.08644271109502966, 0.12708954967996713, 0.047626020439137086, 0.11003044134055812], "raw_data_size": "70"}}