{"user_1_1535": {"weights": [0.40187668610298005, 0.59812331389702], "gauss": [0.06770149291323474, 0.0003347995186487846, 0.20093834305149003, 0.10453795489818964, 0.00026592480230690815, 0.29906165694851], "max": [0.06856387932418434, 0.10522293179651222], "min": [0.06683910650228514, 0.10385297799986705], "raw_data_size": "30"}}