{"user_3_187": {"weights": [0.028643323811058018, 0.12792193400573443, 0.1541667004053281, 0.20593049939067093, 0.48333754238720844], "gauss": [0.08361173082020645, 0.00036727486979242104, 0.014321661905529009, -0.08859183431195565, 0.00010054751247425418, 0.06396096700286721, 0.005122143582385617, 0.00024145077810168325, 0.07708335020266405, -0.057043247294604534, 0.00015868903207425636, 0.10296524969533546, -0.12345307388704743, 0.00017912200292195886, 0.24166877119360422], "max": [0.08455776819227488, -0.08833284108292552, 0.005744079571984616, -0.056634491435635856, -0.12299168618301068], "min": [0.08266569344813803, -0.08885082754098578, 0.004500207592786618, -0.05745200315357321, -0.12391446159108419], "raw_data_size": "70"}}