{"user_1_3719": {"weights": [0.2551048046, 0.3356617111, 0.4092334843], "gauss": [0.1952707278, 4.83617e-05, 0.1275524023, 0.1460564585, 0.0001830965, 0.1678308555, 0.169389002, 0.0001058997, 0.2046167421], "max": [0.1953952993, 0.1465280839, 0.1696617816], "min": [0.1951461562, 0.145584833, 0.1691162224], "raw_data_size": "30"}, "user_3_3719": {"weights": [0.2199069698, 1.00182e-05, 0.0138339434, 0.1996393329, 3.58898e-05, 0.0703848942, 0.1353298193, 9.00369e-05, 0.0859812641, 0.181425028, 2.41493e-05, 0.1425465113, 0.1577982692, 5.70506e-05, 0.1872533871], "gauss": [0.2199069698, 1.00182e-05, 0.0138339434, 0.1996393329, 3.58898e-05, 0.0703848942, 0.1353298193, 9.00369e-05, 0.0859812641, 0.181425028, 2.41493e-05, 0.1425465113, 0.1577982692, 5.70506e-05, 0.1872533871], "max": [0.2199327749, 0.1997317788, 0.135561739, 0.1814872325, 0.1579452219], "min": [0.2198811647, 0.199546887, 0.1350978995, 0.1813628234, 0.1576513165], "raw_data_size": "70"}, "user_2_3719": {"weights": [0.2355736768, 0.2506970031, 0.2549622286, 0.2587670915], "gauss": [0.1428774578, 0.0001087497, 0.1177868384, 0.1809468647, 6.3522e-05, 0.1253485016, 0.1971820804, 7.28411e-05, 0.1274811143, 0.1627342499, 3.95604e-05, 0.1293835457], "max": [0.1431575785, 0.1811104866, 0.1973697067, 0.1628361508], "min": [0.142597337, 0.1807832427, 0.196994454, 0.162632349], "raw_data_size": "57"}}