{"user_5_3365": {"weights": 1, "gauss": [0.08812709295806084, 0.0010094858289793373, 0.5], "max": [0.09072735613786317], "min": [0.08552682977825851], "raw_data_size": "9994"}}