{"user_1_116": {"weights": [0.03330087467334226, 0.2770354673012975, 0.320784254379806, 0.3688794036455541], "gauss": [-0.06996957957744573, 1.0000000000112757e-06, 0.01665043733667113, 0.03150805707404116, 0.00010814640965121726, 0.13851773365064876, 0.0779946593200349, 0.00036919474731638726, 0.160392127189903, -0.01858040367953851, 0.00019714411031244758, 0.18443970182277705], "max": [-0.06996700374814216, 0.03178662376509437, 0.07894564196888877, -0.01807259410317363], "min": [-0.06997215540674931, 0.031229490382987952, 0.07704367667118102, -0.019088213255903392], "raw_data_size": "30"}}