{"user_6_3100": {"weights": 1, "gauss": [0.3859112098308489, 0.0013316199017555364, 0.5], "max": [0.3893412353949797], "min": [0.3824811842667181], "raw_data_size": "9993"}}