{"user_2_2951": {"weights": [1.0], "gauss": [0.017388791059444596, 0.000965232914544864, 0.5], "max": [0.01987506628547917], "min": [0.014902515833410023], "raw_data_size": "9991"}}