{"user_4_1600": {"weights": [1.0], "gauss": [-0.056519650588996266, 0.002543576383589757, 0.5], "max": [-0.04996783200433083], "min": [-0.0630714691736617], "raw_data_size": "9996"}}