{"user_3_1716": {"weights": [1.0], "gauss": [-0.3895645150218742, 0.001173287079810097, 0.5], "max": [-0.38654232778022407], "min": [-0.3925867022635244], "raw_data_size": "9991"}}