{"user_1_1591": {"weights": [1.0], "gauss": [0.043773092566081695, 0.003072705635733806, 0.5], "max": [0.05168785778378469], "min": [0.0358583273483787], "raw_data_size": "9995"}}