{"user_6_2320": {"weights": [1.0], "gauss": [0.20423607177182032, 0.003538640059654665, 0.5], "max": [0.21335100453219083], "min": [0.1951211390114498], "raw_data_size": "9993"}}