{"user_1_2320": {"weights": 1, "gauss": [0.20425576910042695, 0.0037603627919419935, 0.5], "max": [0.2139418217718861], "min": [0.1945697164289678], "raw_data_size": "9995"}}