{"user_1_1031": {"weights": [0.26162685711870476, 0.7383731428812952], "gauss": [-0.5414454680470224, 0.0010035003495629513, 0.13081342855935238, -0.5748737915417808, 0.0004441261928024566, 0.3691865714406476], "max": [-0.5388606224404966, -0.5737297982798866], "min": [-0.5440303136535483, -0.5760177848036749], "raw_data_size": "30"}}