{"user_5_872": {"weights": [1.0], "gauss": [-0.044450703474237956, 0.0021777610017062682, 0.5], "max": [-0.03884116286991694], "min": [-0.05006024407855897], "raw_data_size": "9994"}}