{"user_6_872": {"weights": 1, "gauss": [-0.04516732066626793, 0.002187702979856332, 0.5], "max": [-0.039532171223292736], "min": [-0.05080247010924312], "raw_data_size": "9993"}}