{"user_6_2466": {"weights": [1.0], "gauss": [0.0354160441, 0.0008194342, 0.5], "max": [0.0375267667], "min": [0.0333053216], "raw_data_size": "9993"}, "user_5_2466": {"weights": [1.0], "gauss": [0.0355334247, 0.0008299745, 0.5], "max": [0.0376712973], "min": [0.0333955521], "raw_data_size": "9994"}, "user_2_2466": {"weights": [1.0], "gauss": [0.0359562854, 0.000816633, 0.5], "max": [0.0380597927], "min": [0.0338527781], "raw_data_size": "9991"}, "user_4_2466": {"weights": [1.0], "gauss": [0.0354804102, 0.0008378823, 0.5], "max": [0.0376386519], "min": [0.0333221686], "raw_data_size": "9996"}, "user_3_2466": {"weights": [1.0], "gauss": [0.0353962874, 0.0008286692, 0.5], "max": [0.0375307978], "min": [0.033261777], "raw_data_size": "9991"}, "user_1_2466": {"weights": [1.0], "gauss": [0.0354097641, 0.0008206204, 0.5], "max": [0.0375235423], "min": [0.0332959859], "raw_data_size": "9995"}}