{"user_3_364": {"weights": [-0.1985242732, 3.4009e-06, 0.0214005409, -0.0907091127, 1.09508e-05, 0.0627492094, -0.1610256277, 9.50398e-05, 0.118666384, -0.1362927305, 9.71052e-05, 0.1452040619, -0.112523244, 0.0001337869, 0.1519798038], "gauss": [-0.1985242732, 3.4009e-06, 0.0214005409, -0.0907091127, 1.09508e-05, 0.0627492094, -0.1610256277, 9.50398e-05, 0.118666384, -0.1362927305, 9.71052e-05, 0.1452040619, -0.112523244, 0.0001337869, 0.1519798038], "max": [-0.1985155131, -0.0906809053, -0.1607808215, -0.1360426042, -0.1121786317], "min": [-0.1985330332, -0.0907373201, -0.161270434, -0.1365428568, -0.1128678563], "raw_data_size": "70"}, "user_2_364": {"weights": [0.0848844513, 0.2445595815, 0.3317373516, 0.3388186157], "gauss": [-0.0854605936, 0.0001271894, 0.0424422257, -0.1092823961, 0.0001348688, 0.1222797907, -0.1616358288, 0.0002525683, 0.1658686758, -0.1413468404, 0.0001088477, 0.1694093078], "max": [-0.0851329755, -0.108934997, -0.1609852559, -0.1410664673], "min": [-0.0857882117, -0.1096297951, -0.1622864017, -0.1416272134], "raw_data_size": "57"}, "user_1_364": {"weights": [0.1595606662, 0.2710454638, 0.56939387], "gauss": [-0.1256081143, 1.83098e-05, 0.0797803331, -0.0999111745, 0.0002988926, 0.1355227319, -0.1543498346, 0.0001766337, 0.284696935], "max": [-0.1255609513, -0.0991412782, -0.1538948563], "min": [-0.1256552773, -0.1006810707, -0.1548048129], "raw_data_size": "30"}}