{"user_4_508": {"weights": [1.0], "gauss": [0.249365888, 0.0010949772, 0.5], "max": [0.2521863623], "min": [0.2465454137], "raw_data_size": "9996"}, "user_6_508": {"weights": [1.0], "gauss": [0.2497660128, 0.0010748502, 0.5], "max": [0.2525346433], "min": [0.2469973822], "raw_data_size": "9993"}, "user_3_508": {"weights": [1.0], "gauss": [0.2496472631, 0.0010690062, 0.5], "max": [0.2524008406], "min": [0.2468936856], "raw_data_size": "9991"}, "user_1_508": {"weights": [1.0], "gauss": [0.2493632504, 0.001090302, 0.5], "max": [0.2521716822], "min": [0.2465548185], "raw_data_size": "9995"}, "user_5_508": {"weights": [1.0], "gauss": [0.2496143481, 0.0010911272, 0.5], "max": [0.2524249055], "min": [0.2468037907], "raw_data_size": "9994"}, "user_2_508": {"weights": [1.0], "gauss": [0.2490145464, 0.0010837007, 0.5], "max": [0.2518059745], "min": [0.2462231184], "raw_data_size": "9991"}}