{"user_1_3607": {"weights": 1, "gauss": [0.2889190020981536, 0.0006846278215550801, 0.5], "max": [0.29068248650294], "min": [0.28715551769336717], "raw_data_size": "9995"}}