{"user_2_3607": {"weights": 1, "gauss": [0.28852025855341196, 0.0006679686345927156, 0.5], "max": [0.29024083173624743], "min": [0.2867996853705765], "raw_data_size": "9991"}}