{"user_2_3431": {"weights": [1.0], "gauss": [0.22026804647892534, 0.001545968868882869, 0.5], "max": [0.22425019839376817], "min": [0.2162858945640825], "raw_data_size": "9991"}}