{"user_1_618": {"weights": 1, "gauss": [0.7577405765162722, 0.0012809172955699766, 0.5], "max": [0.761040000821624], "min": [0.7544411522109205], "raw_data_size": "9995"}}