{"user_3_2468": {"weights": [0.056730109062859545, 0.3378989452079393, 0.6053709457292012], "gauss": [0.34323267883591563, 5.9205945246789234e-05, 0.028365054531429772, 0.48030450202312025, 0.0006650868673133682, 0.16894947260396964, 0.41687274807362573, 0.0003272402197510006, 0.3026854728646006], "max": [0.34338518324462664, 0.48201765226535154, 0.41771566302096014], "min": [0.3430801744272046, 0.47859135178088896, 0.4160298331262913], "raw_data_size": "70"}}