{"user_3_2770": {"weights": [0.13703548648702274, 0.00015515449083761023, 0.04786115870288378, -0.017254631580549788, 0.00040872264454147833, 0.0535620163166296, 0.08556057700075603, 0.00020420397898942154, 0.11735810850905141, 0.02726129323990295, 5.03835939733184e-05, 0.12070250126583955, 0.056634302966185594, 0.0001498045696663655, 0.16051621520559567], "gauss": [0.13703548648702274, 0.00015515449083761023, 0.04786115870288378, -0.017254631580549788, 0.00040872264454147833, 0.0535620163166296, 0.08556057700075603, 0.00020420397898942154, 0.11735810850905141, 0.02726129323990295, 5.03835939733184e-05, 0.12070250126583955, 0.056634302966185594, 0.0001498045696663655, 0.16051621520559567], "max": [0.13743513797109946, -0.01620183181571585, 0.08608657159373827, 0.027391072777677532, 0.05702017396653775], "min": [0.13663583500294602, -0.018307431345383728, 0.0850345824077738, 0.02713151370212837, 0.056248431965833436], "raw_data_size": "70"}}