{"user_3_3203": {"weights": [0.14668482223521784, 0.4074433404355989, 0.44587183732918323], "gauss": [0.057418093788642134, 7.976704212257668e-05, 0.07334241111760892, 0.13943799229289097, 0.00017957216296905329, 0.20372167021779944, 0.09999628851023927, 0.00012423777265414726, 0.22293591866459161], "max": [0.05762356007319889, 0.1399005395323683, 0.10031630380564947], "min": [0.05721262750408538, 0.13897544505341364, 0.09967627321482907], "raw_data_size": "70"}}