{"user_3_1740": {"weights": [0.0745072424, 0.1557011786, 0.23835476, 0.2637112481, 0.2677255709], "gauss": [0.225337579, 0.0002516437, 0.0372536212, 0.3646306057, 0.0002825177, 0.0778505893, 0.2809323485, 0.0001931373, 0.11917738, 0.3107760514, 0.0002229614, 0.1318556241, 0.3365154982, 0.0001988335, 0.1338627855], "max": [0.2259857703, 0.3653583231, 0.2814298373, 0.311350362, 0.3370276593], "min": [0.2246893878, 0.3639028883, 0.2804348597, 0.3102017408, 0.336003337], "raw_data_size": "70"}, "user_1_1740": {"weights": [0.1762587469, 0.3638636092, 0.4598776438], "gauss": [0.3738895481, 0.000412402, 0.0881293735, 0.2760581332, 7.10377e-05, 0.1819318046, 0.3268483113, 0.0001262053, 0.2299388219], "max": [0.3749518253, 0.2762411141, 0.3271733946], "min": [0.372827271, 0.2758751523, 0.3265232279], "raw_data_size": "30"}, "user_2_1740": {"weights": [0.0538866786, 0.3390716519, 0.6070416695], "gauss": [0.4164257177, 0.0003635459, 0.0269433393, 0.2786242381, 0.0002660825, 0.169535826, 0.3321294855, 0.0003386681, 0.3035208347], "max": [0.4173621499, 0.2793096212, 0.3330018368], "min": [0.4154892855, 0.277938855, 0.3312571342], "raw_data_size": "57"}}