{"user_3_1869": {"weights": 1, "gauss": [-0.277625462703072, 0.0009102446749417449, 0.5], "max": [-0.2752808277959577], "min": [-0.27997009761018626], "raw_data_size": "9991"}}