{"user_4_1094": {"weights": [1.0], "gauss": [-0.4685935853674772, 0.0005692780952342426, 0.5], "max": [-0.4671272221679043], "min": [-0.4700599485670501], "raw_data_size": "9996"}}