{"user_6_1094": {"weights": 1, "gauss": [-0.46855710830518943, 0.0005807062584218527, 0.5], "max": [-0.4670613081079922], "min": [-0.4700529085023867], "raw_data_size": "9993"}}