{"user_1_3818": {"weights": [1.0], "gauss": [0.1056079002, 0.001036585, 0.5], "max": [0.1082779662], "min": [0.1029378341], "raw_data_size": "9995"}, "user_2_3818": {"weights": [1.0], "gauss": [0.1054473383, 0.0010153002, 0.5], "max": [0.1080625783], "min": [0.1028320983], "raw_data_size": "9991"}, "user_3_3818": {"weights": [1.0], "gauss": [0.1056990707, 0.0010317704, 0.5], "max": [0.1083567352], "min": [0.1030414062], "raw_data_size": "9991"}, "user_4_3818": {"weights": [1.0], "gauss": [0.1055809001, 0.0010114381, 0.5], "max": [0.108186192], "min": [0.1029756081], "raw_data_size": "9996"}, "user_6_3818": {"weights": [1.0], "gauss": [0.1054547172, 0.0010340839, 0.5], "max": [0.1081183408], "min": [0.1027910936], "raw_data_size": "9993"}, "user_5_3818": {"weights": [1.0], "gauss": [0.1052848103, 0.0010170954, 0.5], "max": [0.1079046745], "min": [0.1026649461], "raw_data_size": "9994"}}