{"user_5_3375": {"weights": [1.0], "gauss": [0.09757967580814035, 0.001245758203236617, 0.5], "max": [0.10078853629317365], "min": [0.09437081532310705], "raw_data_size": "9994"}}