{"user_2_2988": {"weights": [1.0], "gauss": [0.5561231171575551, 0.0015476008163237398, 0.5], "max": [0.560109472690438], "min": [0.5521367616246723], "raw_data_size": "9991"}}