{"user_2_1504": {"weights": 1, "gauss": [0.03428251301223469, 0.0007144511942498538, 0.5], "max": [0.036122817334338975], "min": [0.03244220869013041], "raw_data_size": "9991"}}