{"user_4_1504": {"weights": 1, "gauss": [0.03354553641830206, 0.0007080991682968896, 0.5], "max": [0.03536947900581979], "min": [0.03172159383078433], "raw_data_size": "9996"}}