{"user_1_2013": {"weights": [0.13707211758390556, 0.19308545167933086, 0.1946946252846096, 0.475147805452154], "gauss": [0.00042212854915226475, 0.00024724346573439757, 0.06853605879195278, -0.06800549864513135, 7.863515668967376e-05, 0.09654272583966543, -0.04148357352845208, 1.6415882143533095e-05, 0.0973473126423048, -0.12296199038220551, 0.00027122928544713154, 0.237573902726077], "max": [0.0010589855133019146, -0.06780294790424093, -0.04144128901818316, -0.12226335004077016], "min": [-0.000214728414997385, -0.06820804938602176, -0.041525858038721004, -0.12366063072364086], "raw_data_size": "30"}}