{"user_1_3653": {"weights": 1, "gauss": [-0.4694026372532259, 0.0017295544874790503, 0.5], "max": [-0.46494760012229286], "min": [-0.47385767438415893], "raw_data_size": "9995"}}