{"user_4_3653": {"weights": 1, "gauss": [-0.46940388798689814, 0.0017460511019128367, 0.5], "max": [-0.4649063583930972], "min": [-0.4739014175806991], "raw_data_size": "9996"}}