{"user_1_321": {"weights": [1.0], "gauss": [-0.0453627381, 0.0012476309, 0.5], "max": [-0.0421490539], "min": [-0.0485764223], "raw_data_size": "9995"}, "user_2_321": {"weights": [1.0], "gauss": [-0.045273094, 0.0012529543, 0.5], "max": [-0.0420456975], "min": [-0.0485004905], "raw_data_size": "9991"}, "user_3_321": {"weights": [1.0], "gauss": [-0.0446702733, 0.0012725349, 0.5], "max": [-0.0413924406], "min": [-0.047948106], "raw_data_size": "9991"}, "user_4_321": {"weights": [1.0], "gauss": [-0.04540517, 0.00127519, 0.5], "max": [-0.0421204981], "min": [-0.0486898419], "raw_data_size": "9996"}, "user_6_321": {"weights": [1.0], "gauss": [-0.04421542, 0.0012666204, 0.5], "max": [-0.0409528221], "min": [-0.047478018], "raw_data_size": "9993"}, "user_5_321": {"weights": [1.0], "gauss": [-0.0451132788, 0.001287539, 0.5], "max": [-0.0417967981], "min": [-0.0484297595], "raw_data_size": "9994"}}