{"user_3_2648": {"weights": 1, "gauss": [0.589601261209728, 0.0004671701386773909, 0.5], "max": [0.5908046117426762], "min": [0.5883979106767798], "raw_data_size": "9991"}}