{"user_5_2169": {"weights": 1, "gauss": [0.22520905983201067, 0.001373433452599471, 0.5], "max": [0.22874678996569073], "min": [0.22167132969833062], "raw_data_size": "9994"}}