{"user_2_1407": {"weights": [1.0], "gauss": [0.698376596873435, 0.0004999933716919581, 0.5], "max": [0.6996644944518193], "min": [0.6970886992950507], "raw_data_size": "9991"}}