{"user_5_1793": {"weights": [1.0], "gauss": [0.0941791228865053, 0.0024191041728746773, 0.5], "max": [0.10041032230333333], "min": [0.08794792346967728], "raw_data_size": "9994"}}