{"user_1_1793": {"weights": 1, "gauss": [0.09403481441257404, 0.0024822628721277154, 0.5], "max": [0.10042869985771206], "min": [0.08764092896743601], "raw_data_size": "9995"}}