{"user_3_2319": {"weights": 1, "gauss": [0.034579086030612424, 0.00011935286856275986, 0.5], "max": [0.034886518646919], "min": [0.034271653414305846], "raw_data_size": "9991"}}