{"user_4_2512": {"weights": [1.0], "gauss": [0.4289260942872894, 0.001217845394254734, 0.5], "max": [0.4320630561410028], "min": [0.42578913243357597], "raw_data_size": "9996"}}