{"user_2_571": {"weights": 1, "gauss": [0.36996118608287465, 0.0029306067874723665, 0.5], "max": [0.37750992892322527], "min": [0.36241244324252403], "raw_data_size": "9991"}}