{"user_1_3083": {"weights": 1, "gauss": [-0.12233990106357986, 0.0006246907488142585, 0.5], "max": [-0.1207308043271282], "min": [-0.12394899780003153], "raw_data_size": "9995"}}