{"user_2_388": {"weights": [0.4025683942597442, 0.5974316057402558], "gauss": [-0.08651213965559332, 0.0004840921982066222, 0.2012841971298721, -0.02858050057168805, 0.0005926182387216322, 0.2987158028701279], "max": [-0.0852652007858333, -0.02705401714657133], "min": [-0.08775907852535333, -0.030106983996804768], "raw_data_size": "57"}}