{"user_1_1916": {"weights": [1.0], "gauss": [0.5747699005608565, 0.004825425195138149, 0.5], "max": [0.5871993721805765], "min": [0.5623404289411366], "raw_data_size": "9995"}}