{"user_2_1873": {"weights": [0.068201131, 0.4260190057, 0.5057798633], "gauss": [0.0725742059, 3.16749e-05, 0.0341005655, 0.0044192456, 0.0005182853, 0.2130095029, -0.0312091257, 0.0006338419, 0.2528899317], "max": [0.0726557951, 0.0057542601, -0.0295764572], "min": [0.0724926167, 0.0030842311, -0.0328417941], "raw_data_size": "57"}, "user_1_1873": {"weights": [0.0333000814, 0.0333333332, 0.1679056118, 0.1993143093, 0.5661466643], "gauss": [-0.0946486816, 1e-06, 0.0166500407, 0.0685130581, 1e-06, 0.0166666666, -0.0010081635, 1.17256e-05, 0.0839528059, 0.0258600387, 3.13008e-05, 0.0996571547, -0.0339204193, 0.0002647674, 0.2830733321], "max": [-0.0946461058, 0.068515634, -0.0009779604, 0.0259406643, -0.0332384235], "min": [-0.0946512574, 0.0685104823, -0.0010383665, 0.0257794131, -0.034602415], "raw_data_size": "30"}, "user_3_1873": {"weights": [0.1018079864, 0.4278767545, 0.4703152591], "gauss": [0.0673184798, 0.0001560895, 0.0509039932, 0.0217961629, 0.0001707229, 0.2139383772, -0.030770856, 0.0006009956, 0.2351576296], "max": [0.0677205397, 0.0222359159, -0.0292227939], "min": [0.06691642, 0.0213564099, -0.0323189181], "raw_data_size": "70"}}