{"user_2_3487": {"weights": [0.09760512477955874, 0.3474102820717899, 0.5549845931486513], "gauss": [0.07749082945373244, 0.00041477550074821973, 0.04880256238977937, 0.18201234947801884, 0.00019693072618635104, 0.17370514103589496, 0.14157157602780762, 0.0003248662448048768, 0.27749229657432567], "max": [0.07855922034295387, 0.1825196094132988, 0.14240837602090992], "min": [0.076422438564511, 0.18150508954273886, 0.14073477603470533], "raw_data_size": "57"}}