{"user_4_2511": {"weights": [1.0], "gauss": [0.36057621293733033, 0.0016759817603715355, 0.5], "max": [0.36489325586790883], "min": [0.35625917000675184], "raw_data_size": "9996"}}