{"user_2_3": {"weights": [0.017857142857142898, 0.2802156573467127, 0.7019271997961445], "gauss": [-1.0308774709701516, 1.000000002220446e-06, 0.008928571428571449, -1.1149590159352962, 0.001143318047338442, 0.14010782867335636, -1.0454283798767483, 0.0006734117512415529, 0.35096359989807224], "max": [-1.0308748951408424, -1.1120140238056855, -1.043693786154546], "min": [-1.0308800467994608, -1.117904008064907, -1.0471629735989505], "raw_data_size": "57"}}