{"user_3_3": {"weights": [0.08829910072764784, 0.19373095012251781, 0.3140527488394581, 0.40391720031037626], "gauss": [-0.9935688807041102, 0.00014913534911584103, 0.04414955036382392, -1.0328478946714923, 0.00020982806944366727, 0.09686547506125891, -1.1082601948477626, 0.0006163507250812318, 0.15702637441972905, -1.0595658456394852, 8.110648189982205e-05, 0.20195860015518813], "max": [-0.9931847335016626, -1.0323074133815122, -1.1066725805888347, -1.0593569291866998], "min": [-0.9939530279065578, -1.0333883759614724, -1.1098478091066906, -1.0597747620922706], "raw_data_size": "70"}}