{"user_4_3851": {"weights": 1, "gauss": [-0.0663990103, 0.0017966855, 0.5], "max": [-0.0617710553], "min": [-0.0710269653], "raw_data_size": "9996"}, "user_6_3851": {"weights": 1, "gauss": [-0.066658577, 0.0017834927, 0.5], "max": [-0.0620646043], "min": [-0.0712525497], "raw_data_size": "9993"}, "user_2_3851": {"weights": 1, "gauss": [-0.0675782549, 0.0018255742, 0.5], "max": [-0.0628758874], "min": [-0.0722806223], "raw_data_size": "9991"}, "user_1_3851": {"weights": 1, "gauss": [-0.0666993059, 0.0018573333, 0.5], "max": [-0.0619151324], "min": [-0.0714834795], "raw_data_size": "9995"}, "user_3_3851": {"weights": 1, "gauss": [-0.0663248324, 0.0017986275, 0.5], "max": [-0.061691875], "min": [-0.0709577899], "raw_data_size": "9991"}, "user_5_3851": {"weights": 1, "gauss": [-0.0665284278, 0.0018345536, 0.5], "max": [-0.061802931], "min": [-0.0712539246], "raw_data_size": "9994"}}