{"user_5_1121": {"weights": [1.0], "gauss": [-0.18402674440473604, 0.0010047379595635511, 0.5], "max": [-0.1814387109261043], "min": [-0.18661477788336778], "raw_data_size": "9994"}}