{"user_2_3931": {"weights": [1.0], "gauss": [0.17133343979492277, 0.0018991886945113913, 0.5], "max": [0.176225425687214], "min": [0.16644145390263154], "raw_data_size": "9991"}}