{"user_4_3931": {"weights": [1.0], "gauss": [0.1709670212506285, 0.0018618191251665226, 0.5], "max": [0.17576274951114018], "min": [0.1661712929901168], "raw_data_size": "9996"}}