{"user_5_1267": {"weights": 1, "gauss": [-0.12141711548882057, 0.0009110330932540132, 0.5], "max": [-0.11907044975071408], "min": [-0.12376378122692706], "raw_data_size": "9994"}}