{"user_2_213": {"weights": [0.11104007788902104, 0.3847172163379816, 0.5042427057729975], "gauss": [-0.2693406553857465, 0.00023803974116978665, 0.05552003894451052, -0.2138244264098175, 0.00020412299811524326, 0.1923586081689908, -0.162755226657182, 0.00032479459992513615, 0.25212135288649873], "max": [-0.2687275056450321, -0.213298640409744, -0.1619186112090604], "min": [-0.26995380512646083, -0.214350212409891, -0.16359184210530361], "raw_data_size": "57"}}