{"user_2_1748": {"weights": [0.11940975238248945, 0.18007692043450413, 0.1995159327383219, 0.2329025638962984, 0.2680948305483861], "gauss": [0.07674369449642506, 0.0002572645470036377, 0.059704876191244725, 0.02235841872871728, 2.4975460151917628e-05, 0.09003846021725206, 0.0015334736099034112, 3.465602699452474e-05, 0.09975796636916096, 0.04613967928454449, 5.369047280434709e-05, 0.1164512819481492, -0.021171438036092408, 0.000307179502308773, 0.13404741527419306], "max": [0.07740636405536126, 0.022422751250846206, 0.0016227416197804898, 0.04627797677771532, -0.020380196072595905], "min": [0.07608102493748885, 0.022294086206588352, 0.0014442056000263327, 0.046001381791373655, -0.02196267999958891], "raw_data_size": "57"}}