{"user_1_1865": {"weights": [1.0], "gauss": [0.30883172429644334, 0.0011199507688569716, 0.5], "max": [0.31171652630539726], "min": [0.30594692228748943], "raw_data_size": "9995"}}