{"user_2_3317": {"weights": [1.0], "gauss": [0.4775779718262262, 0.0007209926909519095, 0.5], "max": [0.4794351259272247], "min": [0.4757208177252277], "raw_data_size": "9991"}}