{"user_1_3412": {"weights": 1, "gauss": [0.34148417766859507, 0.0028609059209392237, 0.5], "max": [0.3488533829744469], "min": [0.33411497236274323], "raw_data_size": "9995"}}