{"user_2_1083": {"weights": 1, "gauss": [0.1840826040056449, 0.0010509405726928228, 0.5], "max": [0.18678964752907554], "min": [0.1813755604822143], "raw_data_size": "9991"}}