{"user_6_1083": {"weights": 1, "gauss": [0.18397406531470425, 0.0010392448312395986, 0.5], "max": [0.18665098260457294], "min": [0.18129714802483557], "raw_data_size": "9993"}}