{"user_6_596": {"weights": [1.0], "gauss": [0.4752608116332831, 0.0021672078723280466, 0.5], "max": [0.48084316917770753], "min": [0.46967845408885867], "raw_data_size": "9993"}}