{"user_2_596": {"weights": [1.0], "gauss": [0.4755345557197371, 0.002149551316503461, 0.5], "max": [0.4810714329902688], "min": [0.46999767844920537], "raw_data_size": "9991"}}