{"user_3_1133": {"weights": [0.4404641372, 3.96648e-05, 0.0187325606, 0.2924113713, 3.39818e-05, 0.0618695404, 0.3347808989, 0.000177852, 0.0965960835, 0.3969357627, 0.0001865087, 0.152843317, 0.3609258679, 0.0001040683, 0.1699584985], "gauss": [0.4404641372, 3.96648e-05, 0.0187325606, 0.2924113713, 3.39818e-05, 0.0618695404, 0.3347808989, 0.000177852, 0.0965960835, 0.3969357627, 0.0001865087, 0.152843317, 0.3609258679, 0.0001040683, 0.1699584985], "max": [0.4405663069, 0.2924989027, 0.3352390152, 0.3974161771, 0.36119393], "min": [0.4403619676, 0.29232384, 0.3343227825, 0.3964553482, 0.3606578057], "raw_data_size": "70"}, "user_2_1133": {"weights": [0.1313620957, 0.1866693422, 0.300684433, 0.381284129], "gauss": [0.3181734613, 0.0002109455, 0.0656810479, 0.409219149, 0.0003282709, 0.0933346711, 0.3518639848, 3.00238e-05, 0.1503422165, 0.3740245586, 5.7358e-05, 0.1906420645], "max": [0.318716821, 0.4100647188, 0.351941321, 0.374172303], "min": [0.3176301016, 0.4083735793, 0.3517866486, 0.3738768142], "raw_data_size": "57"}, "user_1_1133": {"weights": [0.1346215966, 0.1709769178, 0.3334299166, 0.360971569], "gauss": [0.322391542, 6.00638e-05, 0.0673107983, 0.4162181541, 0.0003105724, 0.0854884589, 0.3522616567, 2.40172e-05, 0.1667149583, 0.3734435266, 1.42573e-05, 0.1804857845], "max": [0.3225462561, 0.4170181355, 0.3523235208, 0.3734802508], "min": [0.322236828, 0.4154181728, 0.3521997926, 0.3734068023], "raw_data_size": "30"}}