{"user_2_2140": {"weights": [1.0], "gauss": [0.07838899320947479, 0.0012246454379547503, 0.5], "max": [0.08154347081501612], "min": [0.07523451560393346], "raw_data_size": "9991"}}