{"user_4_2140": {"weights": [1.0], "gauss": [0.07838093308679356, 0.0012385424350376424, 0.5], "max": [0.08157120698465233], "min": [0.07519065918893479], "raw_data_size": "9996"}}