{"user_5_2030": {"weights": [1.0], "gauss": [0.3258477039254669, 0.0011485353471540466, 0.5], "max": [0.32880613492882804], "min": [0.3228892729221058], "raw_data_size": "9994"}}