{"user_2_108": {"weights": 1, "gauss": [-0.47006158342416315, 0.005577139454516127, 0.5], "max": [-0.4556958241872418], "min": [-0.4844273426610845], "raw_data_size": "9991"}}