{"user_3_108": {"weights": 1, "gauss": [-0.46954696032362253, 0.005716246713662331, 0.5], "max": [-0.454822884532256], "min": [-0.48427103611498906], "raw_data_size": "9991"}}