{"user_1_2369": {"weights": [0.1647619884271741, 0.2167921960590066, 0.23913771429047384, 0.3793081012233456], "gauss": [0.10253778855483442, 0.0001928392580106936, 0.08238099421358705, 0.08153524284783008, 8.757151656359107e-05, 0.1083960980295033, 0.03294286798871868, 0.00015603971338778443, 0.11956885714523692, 0.05821368786051807, 0.00012615282329108928, 0.1896540506116728], "max": [0.10303450956649299, 0.0817608121263508, 0.0333447996549803, 0.05853863599947668], "min": [0.10204106754317585, 0.08130967356930936, 0.032540936322457054, 0.05788873972155945], "raw_data_size": "30"}}