{"user_1_932": {"weights": [1.0], "gauss": [0.18770289303832188, 0.0017651072795185688, 0.5], "max": [0.1922495080928133], "min": [0.18315627798383047], "raw_data_size": "9995"}}