{"user_6_1030": {"weights": [1.0], "gauss": [-0.3837077632907828, 0.0008406157893308387, 0.5], "max": [-0.38154248050759854], "min": [-0.3858730460739671], "raw_data_size": "9993"}}