{"user_5_1993": {"weights": [1.0], "gauss": [0.04135784059086679, 0.0029594891557016296, 0.5], "max": [0.04898097948165824], "min": [0.033734701700075344], "raw_data_size": "9994"}}