{"user_2_3236": {"weights": [1.0], "gauss": [0.0677343595, 0.0026620196, 0.5], "max": [0.0745912675], "min": [0.0608774514], "raw_data_size": "9991"}, "user_6_3236": {"weights": [1.0], "gauss": [0.0666877717, 0.0026400544, 0.5], "max": [0.0734881012], "min": [0.0598874423], "raw_data_size": "9993"}, "user_4_3236": {"weights": [1.0], "gauss": [0.0672192249, 0.0026686831, 0.5], "max": [0.074093297], "min": [0.0603451528], "raw_data_size": "9996"}, "user_3_3236": {"weights": [1.0], "gauss": [0.0670919534, 0.0026867829, 0.5], "max": [0.0740126474], "min": [0.0601712594], "raw_data_size": "9991"}, "user_5_3236": {"weights": [1.0], "gauss": [0.0664058009, 0.0026578047, 0.5], "max": [0.073251852], "min": [0.0595597498], "raw_data_size": "9994"}, "user_1_3236": {"weights": [1.0], "gauss": [0.0672239104, 0.0027323726, 0.5], "max": [0.0742620357], "min": [0.0601857851], "raw_data_size": "9995"}}