{"user_5_3346": {"weights": [1.0], "gauss": [0.21259396775940873, 0.0005740499457053812, 0.5], "max": [0.2140726224312573], "min": [0.21111531308756015], "raw_data_size": "9994"}}