{"user_2_1799": {"weights": 1, "gauss": [-0.21316431489395268, 0.002276741956232237, 0.5], "max": [-0.20729981624647043], "min": [-0.21902881354143494], "raw_data_size": "9991"}}