{"user_4_563": {"weights": [1.0], "gauss": [-0.3987181434, 0.0016792772, 0.5], "max": [-0.394392612], "min": [-0.4030436749], "raw_data_size": "9996"}, "user_3_563": {"weights": [1.0], "gauss": [-0.3987578765, 0.0016979256, 0.5], "max": [-0.39438431], "min": [-0.403131443], "raw_data_size": "9991"}, "user_6_563": {"weights": [1.0], "gauss": [-0.3989275242, 0.0016940567, 0.5], "max": [-0.3945639232], "min": [-0.4032911251], "raw_data_size": "9993"}, "user_1_563": {"weights": [1.0], "gauss": [-0.3983399829, 0.0017315452, 0.5], "max": [-0.393879818], "min": [-0.4028001479], "raw_data_size": "9995"}, "user_5_563": {"weights": [1.0], "gauss": [-0.3992057854, 0.001661828, 0.5], "max": [-0.3949252001], "min": [-0.4034863706], "raw_data_size": "9994"}, "user_2_563": {"weights": [1.0], "gauss": [-0.3984238144, 0.0016677958, 0.5], "max": [-0.3941278571], "min": [-0.4027197717], "raw_data_size": "9991"}}