{"user_4_2892": {"weights": 1, "gauss": [-0.03945936428632426, 0.0016325432296947213, 0.5], "max": [-0.035254211595966235], "min": [-0.043664516976682284], "raw_data_size": "9996"}}