{"user_5_3279": {"weights": [1.0], "gauss": [0.4625659108060304, 0.0005082011183247238, 0.5], "max": [0.4638749501387075], "min": [0.46125687147335326], "raw_data_size": "9994"}}