{"user_2_2865": {"weights": [0.1418024723, 0.2388624913, 0.269609349, 0.3497256873], "gauss": [0.3260649863, 0.0020057859, 0.0709012362, 0.1955200211, 8.99357e-05, 0.1194312457, 0.1508290735, 0.0001643529, 0.1348046745, 0.2425198532, 0.0004403737, 0.1748628437], "max": [0.3312315484, 0.19575168, 0.1512524186, 0.2436541806], "min": [0.3208984242, 0.1952883621, 0.1504057284, 0.2413855258], "raw_data_size": "57"}, "user_1_2865": {"weights": [0.160314042, 0.839685958], "gauss": [0.3167607951, 0.0043937741, 0.080157021, 0.2000363158, 0.0019365998, 0.419842979], "max": [0.3280784073, 0.2050246663], "min": [0.305443183, 0.1950479653], "raw_data_size": "30"}, "user_3_2865": {"weights": [0.0559850754, 0.2094952683, 0.221738729, 0.2256960215, 0.2870849059], "gauss": [0.0818471091, 0.000133082, 0.0279925377, 0.1549716038, 0.0003591281, 0.1047476341, 0.2273321884, 0.0002326817, 0.1108693645, 0.193535647, 0.0002201995, 0.1128480107, 0.2936712423, 0.0020519783, 0.143542453], "max": [0.0821899055, 0.1558966564, 0.2279315368, 0.1941028433, 0.2989567881], "min": [0.0815043126, 0.1540465512, 0.2267328401, 0.1929684506, 0.2883856965], "raw_data_size": "70"}}