{"user_4_536": {"weights": 1, "gauss": [-0.8738576718, 0.0015443778, 0.5], "max": [-0.8698796182], "min": [-0.8778357255], "raw_data_size": "9996"}, "user_3_536": {"weights": 1, "gauss": [-0.8736598602, 0.0015570734, 0.5], "max": [-0.8696491048], "min": [-0.8776706156], "raw_data_size": "9991"}, "user_6_536": {"weights": 1, "gauss": [-0.8741682193, 0.0015333535, 0.5], "max": [-0.8702185624], "min": [-0.8781178761], "raw_data_size": "9993"}, "user_5_536": {"weights": 1, "gauss": [-0.8743597539, 0.0015560678, 0.5], "max": [-0.8703515888], "min": [-0.878367919], "raw_data_size": "9994"}, "user_1_536": {"weights": 1, "gauss": [-0.8740735698, 0.0015516597, 0.5], "max": [-0.8700767592], "min": [-0.8780703803], "raw_data_size": "9995"}, "user_2_536": {"weights": 1, "gauss": [-0.8740380832, 0.0015302103, 0.5], "max": [-0.8700965228], "min": [-0.8779796437], "raw_data_size": "9991"}}