{"user_3_2398": {"weights": [1.0], "gauss": [0.3095194786, 0.0015854264, 0.5], "max": [0.3136032664], "min": [0.3054356908], "raw_data_size": "9991"}, "user_6_2398": {"weights": [1.0], "gauss": [0.3101972246, 0.0015613417, 0.5], "max": [0.3142189744], "min": [0.3061754748], "raw_data_size": "9993"}, "user_1_2398": {"weights": [1.0], "gauss": [0.3093369233, 0.0015838662, 0.5], "max": [0.3134166923], "min": [0.3052571543], "raw_data_size": "9995"}, "user_5_2398": {"weights": [1.0], "gauss": [0.3092332385, 0.001543675, 0.5], "max": [0.3132094818], "min": [0.3052569952], "raw_data_size": "9994"}, "user_2_2398": {"weights": [1.0], "gauss": [0.3099852892, 0.001575195, 0.5], "max": [0.3140427225], "min": [0.3059278558], "raw_data_size": "9991"}, "user_4_2398": {"weights": [1.0], "gauss": [0.3094216979, 0.0015730413, 0.5], "max": [0.3134735839], "min": [0.305369812], "raw_data_size": "9996"}}