{"user_5_3768": {"weights": [1.0], "gauss": [0.3851490293800664, 0.0012631282239207997, 0.5], "max": [0.38840263207338127], "min": [0.3818954266867515], "raw_data_size": "9994"}}