{"user_2_3711": {"weights": [1.0], "gauss": [0.2499898034, 0.000228599, 0.5], "max": [0.2505786354], "min": [0.2494009714], "raw_data_size": "9991"}, "user_4_3711": {"weights": [1.0], "gauss": [0.250112924, 0.0002352405, 0.5], "max": [0.2507188634], "min": [0.2495069846], "raw_data_size": "9996"}, "user_5_3711": {"weights": [1.0], "gauss": [0.2499323745, 0.0002327467, 0.5], "max": [0.2505318902], "min": [0.2493328589], "raw_data_size": "9994"}, "user_3_3711": {"weights": [1.0], "gauss": [0.2501967318, 0.0002404033, 0.5], "max": [0.2508159697], "min": [0.2495774938], "raw_data_size": "9991"}, "user_1_3711": {"weights": [1.0], "gauss": [0.2499163826, 0.0002380299, 0.5], "max": [0.2505295069], "min": [0.2493032583], "raw_data_size": "9995"}, "user_6_3711": {"weights": [1.0], "gauss": [0.2502375881, 0.0002377367, 0.5], "max": [0.2508499574], "min": [0.2496252189], "raw_data_size": "9993"}}