{"user_6_1646": {"weights": [1.0], "gauss": [-1.6488010473, 0.0053767118, 0.5], "max": [-1.6349515555], "min": [-1.6626505391], "raw_data_size": "9993"}, "user_5_1646": {"weights": [1.0], "gauss": [-1.6493569777, 0.0053609577, 0.5], "max": [-1.6355480659], "min": [-1.6631658895], "raw_data_size": "9994"}, "user_3_1646": {"weights": [1.0], "gauss": [-1.6494819759, 0.0053940084, 0.5], "max": [-1.6355879311], "min": [-1.6633760208], "raw_data_size": "9991"}, "user_4_1646": {"weights": [1.0], "gauss": [-1.6497718423, 0.005379919, 0.5], "max": [-1.6359140894], "min": [-1.6636295953], "raw_data_size": "9996"}, "user_2_1646": {"weights": [1.0], "gauss": [-1.6507179438, 0.0053679493, 0.5], "max": [-1.6368910228], "min": [-1.6645448648], "raw_data_size": "9991"}, "user_1_1646": {"weights": [1.0], "gauss": [-1.6499800828, 0.0054941611, 0.5], "max": [-1.6358280617], "min": [-1.6641321039], "raw_data_size": "9995"}}