{"user_2_18": {"weights": [0.15640366540060616, 0.23828323531936899, 0.26707300386605326, 0.3382400954139716], "gauss": [0.0943605978146199, 8.121807478001373e-05, 0.07820183270030308, 0.156573928939042, 8.928348816916978e-05, 0.11914161765968449, 0.1427901283737348, 0.00021561506183853562, 0.13353650193302663, 0.19916113908024133, 0.0006929702632698088, 0.1691200477069858], "max": [0.0945698017116161, 0.15680390796419122, 0.14334551596830503, 0.2009461121908597], "min": [0.09415139391762371, 0.1563439499138928, 0.1422347407791646, 0.19737616596962296], "raw_data_size": "57"}}