{"user_2_1304": {"weights": [0.1480979614, 0.1711167936, 0.3281537698, 0.3526314753], "gauss": [-0.2328511867, 0.0001263444, 0.0740489807, -0.3046491037, 0.000150769, 0.0855583968, -0.2556972018, 3.38455e-05, 0.1640768849, -0.2823206442, 7.45431e-05, 0.1763157376], "max": [-0.232525745, -0.3042607483, -0.2556100217, -0.2821286339], "min": [-0.2331766284, -0.305037459, -0.255784382, -0.2825126544], "raw_data_size": "57"}, "user_3_1304": {"weights": [-0.2177953311, 2.5352e-05, 0.0704854827, -0.2769386864, 1.0566e-05, 0.0873302991, -0.2439135755, 7.94351e-05, 0.1099162441, -0.2632056448, 2.92836e-05, 0.1139757195, -0.2903215098, 9.47643e-05, 0.1182922546], "gauss": [-0.2177953311, 2.5352e-05, 0.0704854827, -0.2769386864, 1.0566e-05, 0.0873302991, -0.2439135755, 7.94351e-05, 0.1099162441, -0.2632056448, 2.92836e-05, 0.1139757195, -0.2903215098, 9.47643e-05, 0.1182922546], "max": [-0.2177300288, -0.2769114703, -0.2437089643, -0.2631302153, -0.2900774133], "min": [-0.2178606335, -0.2769659026, -0.2441181868, -0.2632810742, -0.2905656064], "raw_data_size": "70"}, "user_1_1304": {"weights": [-0.2333027347, 9.8067e-06, 0.0499622363, -0.2589901148, 9.9564e-06, 0.0717295708, -0.2763872719, 8.0634e-06, 0.0966575027, -0.2516409466, 1.41889e-05, 0.1116383259, -0.300754248, 8.78751e-05, 0.1700123643], "gauss": [-0.2333027347, 9.8067e-06, 0.0499622363, -0.2589901148, 9.9564e-06, 0.0717295708, -0.2763872719, 8.0634e-06, 0.0966575027, -0.2516409466, 1.41889e-05, 0.1116383259, -0.300754248, 8.78751e-05, 0.1700123643], "max": [-0.2332774743, -0.2589644688, -0.276366502, -0.2516043984, -0.3005278969], "min": [-0.2333279951, -0.2590157607, -0.2764080418, -0.2516774948, -0.3009805991], "raw_data_size": "30"}}