{"user_6_956": {"weights": [1.0], "gauss": [-0.5716927055285568, 0.00047700046068058124, 0.5], "max": [-0.5704640337641295], "min": [-0.5729213772929841], "raw_data_size": "9993"}}