{"user_2_1919": {"weights": [0.06641984782096227, 0.3229260193693043, 0.6106541328097335], "gauss": [0.5390317179483124, 0.0006321932497007345, 0.03320992391048114, 0.5543571796415429, 0.00015293444948474743, 0.16146300968465216, 0.6049746823661204, 0.0005450351141839384, 0.30532706640486673], "max": [0.5406601398463974, 0.5547511126780478, 0.6063785997846985], "min": [0.5374032960502274, 0.5539632466050379, 0.6035707649475422], "raw_data_size": "57"}}