{"user_1_1919": {"weights": [0.09496298299871829, 0.4041316730613795, 0.5009053439399023], "gauss": [0.6299956896826726, 0.0009400571785963253, 0.047481491499359145, 0.5991965088265362, 0.0002860512067298916, 0.20206583653068974, 0.554804489856645, 0.00017813440113709122, 0.25045267196995114], "max": [0.6324171165103125, 0.5999333279071466, 0.555263333667064], "min": [0.6275742628550327, 0.5984596897459258, 0.5543456460462259], "raw_data_size": "30"}}