{"user_4_560": {"weights": [1.0], "gauss": [0.2274184790130457, 0.002591618719725685, 0.5], "max": [0.234094046454941], "min": [0.22074291157115042], "raw_data_size": "9996"}}