{"user_1_411": {"weights": [0.17440288599647447, 0.4023435078210612, 0.42325360618246427], "gauss": [-0.285776291218151, 7.310176343025454e-05, 0.08720144299823723, -0.22309259683598553, 0.00031934380423668987, 0.2011717539105306, -0.3172620041825097, 0.0002735767672863283, 0.21162680309123214], "max": [-0.28558799355376624, -0.2222700217071259, -0.3165573171285634], "min": [-0.2859645888825358, -0.22391517196484517, -0.31796669123645604], "raw_data_size": "30"}}