{"user_5_2526": {"weights": [1.0], "gauss": [0.03103107952037826, 0.0016591309253809964, 0.5], "max": [0.03530471757639884], "min": [0.026757441464357688], "raw_data_size": "9994"}}