{"user_3_2976": {"weights": [0.02411621714763651, 1.2665170750752081e-06, 0.0211349254460473, -0.14426612651105206, 0.0003406107169040333, 0.042227273722970686, -0.01888186864052518, 0.00032401506832453254, 0.07148131183064939, -0.04708324584315616, 0.00010144611199183, 0.13746716341158885, -0.09150362225586757, 0.0002680008518643897, 0.22768932558874383], "gauss": [0.02411621714763651, 1.2665170750752081e-06, 0.0211349254460473, -0.14426612651105206, 0.0003406107169040333, 0.042227273722970686, -0.01888186864052518, 0.00032401506832453254, 0.07148131183064939, -0.04708324584315616, 0.00010144611199183, 0.13746716341158885, -0.09150362225586757, 0.0002680008518643897, 0.22768932558874383], "max": [0.024119479479431934, -0.14338877144534784, -0.01804726113274345, -0.0468219379751565, -0.09081329780825921], "min": [0.024112954815841085, -0.14514348157675627, -0.019716476148306912, -0.04734455371115582, -0.09219394670347593], "raw_data_size": "70"}}