{"user_1_1917": {"weights": [0.4170860576799621, 0.582913942320038], "gauss": [0.060532085876157944, 0.00022261369568090075, 0.20854302883998105, 0.01740884645480633, 0.00025744151457122424, 0.291456971160019], "max": [0.06110550075686413, 0.018071971851988902], "min": [0.05995867099545176, 0.016745721057623758], "raw_data_size": "30"}}