{"user_6_592": {"weights": [1.0], "gauss": [-0.3030381947, 0.0014443003, 0.5], "max": [-0.2993179237], "min": [-0.3067584658], "raw_data_size": "9993"}, "user_4_592": {"weights": [1.0], "gauss": [-0.3035108146, 0.0014514484, 0.5], "max": [-0.2997721312], "min": [-0.3072494979], "raw_data_size": "9996"}, "user_2_592": {"weights": [1.0], "gauss": [-0.302922216, 0.0014689555, 0.5], "max": [-0.2991384374], "min": [-0.3067059945], "raw_data_size": "9991"}, "user_1_592": {"weights": [1.0], "gauss": [-0.30331849, 0.0015107178, 0.5], "max": [-0.299427139], "min": [-0.3072098411], "raw_data_size": "9995"}, "user_3_592": {"weights": [1.0], "gauss": [-0.303144988, 0.0014696887, 0.5], "max": [-0.2993593208], "min": [-0.3069306552], "raw_data_size": "9991"}, "user_5_592": {"weights": [1.0], "gauss": [-0.3038242133, 0.0014302752, 0.5], "max": [-0.3001400684], "min": [-0.3075083582], "raw_data_size": "9994"}}