{"user_6_1021": {"weights": 1, "gauss": [0.5155098717039577, 0.00155973727875383, 0.5], "max": [0.5195274886924094], "min": [0.511492254715506], "raw_data_size": "9993"}}