{"user_2_3133": {"weights": [0.2587926800506576, 0.3485757575076563, 0.3926315624416861], "gauss": [0.0978979845960458, 0.0005373735224284544, 0.1293963400253288, 0.02592932630701456, 0.00036662759117211355, 0.17428787875382815, 0.06671477770208459, 0.00013599114185983214, 0.19631578122084306], "max": [0.09928216706206831, 0.026873696399845236, 0.06706506767031022], "min": [0.0965138021300233, 0.02498495621418388, 0.06636448773385896], "raw_data_size": "57"}}