{"user_1_3183": {"weights": [1.0], "gauss": [0.0581806592022379, 0.0023845672978458107, 0.5], "max": [0.06432289752431355], "min": [0.052038420880162244], "raw_data_size": "30"}}