{"user_5_873": {"weights": [1.0], "gauss": [0.0416490199, 0.0010081971, 0.5], "max": [0.0442459634], "min": [0.0390520763], "raw_data_size": "9994"}, "user_1_873": {"weights": [1.0], "gauss": [0.0415360014, 0.0009916049, 0.5], "max": [0.0440902063], "min": [0.0389817965], "raw_data_size": "9995"}, "user_2_873": {"weights": [1.0], "gauss": [0.0419073036, 0.0009738082, 0.5], "max": [0.0444156673], "min": [0.0393989399], "raw_data_size": "9991"}, "user_6_873": {"weights": [1.0], "gauss": [0.0418583818, 0.0009949694, 0.5], "max": [0.0444212531], "min": [0.0392955105], "raw_data_size": "9993"}, "user_3_873": {"weights": [1.0], "gauss": [0.0414502994, 0.0009925127, 0.5], "max": [0.0440068428], "min": [0.038893756], "raw_data_size": "9991"}, "user_4_873": {"weights": [1.0], "gauss": [0.0411106902, 0.0009882537, 0.5], "max": [0.0436562629], "min": [0.0385651175], "raw_data_size": "9996"}}