{"user_2_1269": {"weights": [0.0175438596, 0.0919623908, 0.1195152276, 0.3581215903, 0.4128569317], "gauss": [-0.657833159, 1e-06, 0.0087719298, -0.49121898, 0.0001634258, 0.0459811954, -0.5845566928, 6.60775e-05, 0.0597576138, -0.5482301466, 0.0001187283, 0.1790607951, -0.5189938376, 0.0001032787, 0.2064284659], "max": [-0.6578305831, -0.4907980229, -0.5843864885, -0.5479243228, -0.5187278092], "min": [-0.6578357348, -0.4916399371, -0.584726897, -0.5485359705, -0.519259866], "raw_data_size": "57"}, "user_3_1269": {"weights": [0.0631398932, 0.2608180784, 0.2858716473, 0.3901703811], "gauss": [-0.63106817, 0.0004202542, 0.0315699466, -0.5700980985, 0.0001277198, 0.1304090392, -0.5438177516, 0.0001240785, 0.1429358237, -0.5150240974, 0.0001782082, 0.1950851906], "max": [-0.6299856669, -0.5697691141, -0.5434981466, -0.5145650634], "min": [-0.6321506732, -0.5704270829, -0.5441373565, -0.5154831314], "raw_data_size": "70"}, "user_1_1269": {"weights": [-0.471352756, 1e-06, 0.0166638282, -0.5830687598, 0.0001047618, 0.069447995, -0.5585926053, 8.8169e-06, 0.1138306713, -0.5415756541, 5.8786e-06, 0.145905407, -0.5162751075, 0.0001189936, 0.1541520985], "gauss": [-0.471352756, 1e-06, 0.0166638282, -0.5830687598, 0.0001047618, 0.069447995, -0.5585926053, 8.8169e-06, 0.1138306713, -0.5415756541, 5.8786e-06, 0.145905407, -0.5162751075, 0.0001189936, 0.1541520985], "max": [-0.4713501802, -0.5827989114, -0.5585698945, -0.5415605118, -0.5159686001], "min": [-0.4713553319, -0.5833386082, -0.558615316, -0.5415907965, -0.5165816148], "raw_data_size": "30"}}