{"user_5_68": {"weights": [1.0], "gauss": [0.362635797, 0.0036824525, 0.5], "max": [0.3721211661], "min": [0.3531504279], "raw_data_size": "9994"}, "user_1_68": {"weights": [1.0], "gauss": [0.3628121905, 0.0036385676, 0.5], "max": [0.3721845195], "min": [0.3534398616], "raw_data_size": "9995"}, "user_3_68": {"weights": [1.0], "gauss": [0.3627954343, 0.0036164289, 0.5], "max": [0.3721107378], "min": [0.3534801307], "raw_data_size": "9991"}, "user_2_68": {"weights": [1.0], "gauss": [0.3627823051, 0.0036578532, 0.5], "max": [0.3722043105], "min": [0.3533602997], "raw_data_size": "9991"}, "user_6_68": {"weights": [1.0], "gauss": [0.3619056988, 0.0036235075, 0.5], "max": [0.3712392356], "min": [0.352572162], "raw_data_size": "9993"}, "user_4_68": {"weights": [1.0], "gauss": [0.3620951055, 0.0036332341, 0.5], "max": [0.3714536965], "min": [0.3527365145], "raw_data_size": "9996"}}