{"user_1_3206": {"weights": [0.06360677534285877, 0.15295244507758984, 0.7834407795795514], "gauss": [0.7559238413390852, 4.371772600457845e-06, 0.03180338767142939, 0.7686203382809143, 5.1517555902684916e-05, 0.07647622253879492, 0.7358336618384062, 7.353686247121749e-05, 0.3917203897897757], "max": [0.7559351022790579, 0.7687530387110556, 0.7360230802436506], "min": [0.7559125803991125, 0.7684876378507729, 0.7356442434331617], "raw_data_size": "30"}}