{"user_4_3869": {"weights": [1.0], "gauss": [0.3170594435016286, 0.002053175610911117, 0.5], "max": [0.3223480734055454], "min": [0.31177081359771186], "raw_data_size": "9996"}}