{"user_2_570": {"weights": [0.19534002995669153, 0.3451792215031, 0.4594807485402085], "gauss": [-0.9051961173726725, 0.0002511416343991814, 0.09767001497834576, -0.9535662486043387, 0.0002788628959927421, 0.17258961075155, -0.929577850428312, 0.0001369707185696335, 0.22974037427010424], "max": [-0.904549219391446, -0.952847945385168, -0.9292250372376921], "min": [-0.905843015353899, -0.9542845518235094, -0.9299306636189318], "raw_data_size": "57"}}