{"user_3_2554": {"weights": [1.0], "gauss": [0.23322532979950283, 0.001096394746391351, 0.5], "max": [0.23604945551551473], "min": [0.23040120408349093], "raw_data_size": "9991"}}