{"user_1_3566": {"weights": 1, "gauss": [-0.29947127174393917, 0.0013757826754428315, 0.5], "max": [-0.29592749041321864], "min": [-0.3030150530746597], "raw_data_size": "9995"}}