{"user_1_1946": {"weights": [1.0], "gauss": [0.040584017821956815, 0.0008880098407464178, 0.5], "max": [0.04287137959159123], "min": [0.0382966560523224], "raw_data_size": "9995"}}