{"user_1_2164": {"weights": [0.03333333333332985, 0.06666198748492588, 0.15093885260983642, 0.29604173583560217, 0.4530240907363056], "gauss": [0.02666375413537014, 1.0000000000017347e-06, 0.016666666666664925, 0.0045104506833265195, 1.0799006959691805e-06, 0.03333099374246294, -0.08233592576092372, 3.695795917259517e-05, 0.07546942630491821, -0.05680142904241342, 9.357792812888661e-05, 0.14802086791780109, -0.024003341854085335, 4.146395902408326e-05, 0.2265120453681528], "max": [0.026666329964673694, 0.00451323232318412, -0.08224072836668758, -0.05656038827297364, -0.02389653777338995], "min": [0.026661178306066586, 0.004507669043468919, -0.08243112315515985, -0.0570424698118532, -0.024110145934780718], "raw_data_size": "30"}}