{"user_1_885": {"weights": [1.0], "gauss": [-0.591239188114802, 0.00021772574709680203, 0.5], "max": [-0.590678363755293], "min": [-0.591800012474311], "raw_data_size": "30"}}