{"user_2_885": {"weights": [0.09007604044810487, 0.9099239595518951], "gauss": [-0.6389495683220963, 0.0018175149945559288, 0.045038020224052434, -0.5905972444922276, 0.0003086798758006039, 0.45496197977594754], "max": [-0.6342679599394796, -0.5898021378227246], "min": [-0.6436311767047129, -0.5913923511617306], "raw_data_size": "57"}}