{"user_1_2122": {"weights": [0.2318519687, 0.2806160311, 0.4875320002], "gauss": [0.4810894335, 0.0010176816, 0.1159259844, 0.4472792002, 0.0001953172, 0.1403080155, 0.3936423922, 0.0006238674, 0.2437660001], "max": [0.4837108074, 0.4477823041, 0.3952493681], "min": [0.4784680595, 0.4467760963, 0.3920354162], "raw_data_size": "30"}, "user_3_2122": {"weights": [0.3460113602, 0.000194684, 0.0243660345, 0.4493949388, 2.36143e-05, 0.065301859, 0.3777380838, 5.44412e-05, 0.0938067527, 0.4899673079, 0.0005973049, 0.1562612879, 0.417396986, 0.0001964488, 0.1602640659], "gauss": [0.3460113602, 0.000194684, 0.0243660345, 0.4493949388, 2.36143e-05, 0.065301859, 0.3777380838, 5.44412e-05, 0.0938067527, 0.4899673079, 0.0005973049, 0.1562612879, 0.417396986, 0.0001964488, 0.1602640659], "max": [0.3465128328, 0.4494557653, 0.3778783149, 0.4915058634, 0.4179030045], "min": [0.3455098876, 0.4493341124, 0.3775978526, 0.4884287524, 0.4168909674], "raw_data_size": "70"}, "user_2_2122": {"weights": [0.1190125308, 0.2490805258, 0.3072217979, 0.3246851455], "gauss": [0.3668945483, 0.0003717248, 0.0595062654, 0.4709376388, 0.0008400939, 0.1245402629, 0.4492123083, 0.000233231, 0.1536108989, 0.4029520948, 0.0002418825, 0.1623425727], "max": [0.367852048, 0.4731015774, 0.4498130716, 0.4035751428], "min": [0.3659370486, 0.4687737002, 0.4486115451, 0.4023290469], "raw_data_size": "57"}}