{"user_1_3557": {"weights": [1.0], "gauss": [0.0814242771, 0.0002184451, 0.5], "max": [0.0819869544], "min": [0.0808615999], "raw_data_size": "9995"}, "user_3_3557": {"weights": [1.0], "gauss": [0.081395965, 0.0002125411, 0.5], "max": [0.0819434345], "min": [0.0808484954], "raw_data_size": "9991"}, "user_5_3557": {"weights": [1.0], "gauss": [0.0814144247, 0.0002195483, 0.5], "max": [0.0819799436], "min": [0.0808489058], "raw_data_size": "9994"}, "user_2_3557": {"weights": [1.0], "gauss": [0.0815648587, 0.0002165661, 0.5], "max": [0.082122696], "min": [0.0810070214], "raw_data_size": "9991"}, "user_4_3557": {"weights": [1.0], "gauss": [0.0815501551, 0.0002168711, 0.5], "max": [0.082108778], "min": [0.0809915323], "raw_data_size": "9996"}, "user_6_3557": {"weights": [1.0], "gauss": [0.0812883719, 0.0002189643, 0.5], "max": [0.0818523865], "min": [0.0807243573], "raw_data_size": "9993"}}