{"user_2_3271": {"weights": 1, "gauss": [0.29710342092416236, 0.002019901043792834, 0.5], "max": [0.30230634122303296], "min": [0.29190050062529177], "raw_data_size": "9991"}}