{"user_3_1020": {"weights": [0.10701564717332572, 0.12319603974934003, 0.35016619235381335, 0.4196221207235209], "gauss": [0.5152075946641701, 0.0005931590433031199, 0.05350782358666286, 0.3305045735438446, 0.00046914974694840697, 0.061598019874670014, 0.45616154540507886, 0.00020594911968602092, 0.17508309617690668, 0.40263209472417105, 0.00027816423758289424, 0.20981106036176045], "max": [0.5167354711095753, 0.33171302320978685, 0.4566920351826062, 0.4033485983185364], "min": [0.5136797182187649, 0.32929612387790236, 0.4556310556275515, 0.4019155911298057], "raw_data_size": "70"}}