{"user_5_504": {"weights": [1.0], "gauss": [0.327600934326589, 0.00078724067810526, 0.5], "max": [0.3296287319341982], "min": [0.32557313671897975], "raw_data_size": "9994"}}