{"user_6_504": {"weights": 1, "gauss": [0.32687866298003754, 0.0007840130709393368, 0.5], "max": [0.32889814682252844], "min": [0.32485917913754664], "raw_data_size": "9993"}}