{"user_1_1905": {"weights": [0.0333162394, 0.3265704173, 0.6401133434], "gauss": [-0.1292467713, 1e-06, 0.0166581197, -0.0436493711, 0.0002552001, 0.1632852086, -0.0786038556, 0.0001627512, 0.3200566717], "max": [-0.1292441955, -0.0429920192, -0.0781846363], "min": [-0.1292493472, -0.0443067229, -0.079023075], "raw_data_size": "30"}, "user_3_1905": {"weights": [0.1517624178, 0.8482375822], "gauss": [-0.1174105504, 0.000484788, 0.0758812089, -0.0571536504, 0.0003990961, 0.4241187911], "max": [-0.1161618192, -0.056125647], "min": [-0.1186592815, -0.0581816539], "raw_data_size": "70"}, "user_2_1905": {"weights": [0.0350452027, 0.0355084924, 0.3050941416, 0.6243521633], "gauss": [-0.0003976737, 3.1366e-06, 0.0175226013, -0.145459731, 0.0003075755, 0.0177542462, -0.0802060548, 0.0001300114, 0.1525470708, -0.0588195491, 0.000219134, 0.3121760817], "max": [-0.0003895942, -0.144667469, -0.0798711677, -0.0582550975], "min": [-0.0004057531, -0.146251993, -0.080540942, -0.0593840008], "raw_data_size": "57"}}