{"user_3_3685": {"weights": 1, "gauss": [0.617425087043835, 0.002667239767098455, 0.5], "max": [0.6242954413955182], "min": [0.6105547326921519], "raw_data_size": "9991"}}