{"user_6_783": {"weights": [1.0], "gauss": [-0.38790417602584243, 0.000723880995829539, 0.5], "max": [-0.38603958214450257], "min": [-0.3897687699071823], "raw_data_size": "9993"}}