{"user_2_2233": {"weights": [0.3398663735, 0.6601336265], "gauss": [0.0789275244, 0.0006266142, 0.1699331868, 0.0265328437, 0.0004865025, 0.3300668132], "max": [0.0805415755, 0.027785991], "min": [0.0773134733, 0.0252796964], "raw_data_size": "57"}, "user_1_2233": {"weights": [0.1196741483, 0.0001346275, 0.0324982502, -0.0134853385, 0.0002302663, 0.0558116361, 0.0137441348, 1.37417e-05, 0.0754526569, 0.0839052883, 8.50056e-05, 0.100757861, 0.0405031672, 6.98618e-05, 0.2354795957], "gauss": [0.1196741483, 0.0001346275, 0.0324982502, -0.0134853385, 0.0002302663, 0.0558116361, 0.0137441348, 1.37417e-05, 0.0754526569, 0.0839052883, 8.50056e-05, 0.100757861, 0.0405031672, 6.98618e-05, 0.2354795957], "max": [0.1200209259, -0.0128922119, 0.013779531, 0.0841242482, 0.0406831193], "min": [0.1193273708, -0.0140784652, 0.0137087386, 0.0836863284, 0.040323215], "raw_data_size": "30"}, "user_3_2233": {"weights": [0.066818906, 0.2981686578, 0.6350124362], "gauss": [-0.0359454673, 0.0001089431, 0.033409453, 0.0784524249, 0.0016136412, 0.1490843289, 0.0421130571, 0.0005492665, 0.3175062181], "max": [-0.0356648485, 0.0826088892, 0.0435278738], "min": [-0.0362260861, 0.0742959606, 0.0406982404], "raw_data_size": "70"}}