{"user_1_1225": {"weights": [-0.14670591684309975, 3.4868207259172434e-06, 0.033090614390748445, -0.07803149473648587, 2.3359092474525007e-05, 0.06674116797175966, -0.11524900696857204, 1.64410426550268e-05, 0.13015241505692896, -0.1327149864937477, 1.4625917168007957e-05, 0.13369029437029037, -0.09934381289918402, 1.8841389723606896e-05, 0.13632550821027256], "gauss": [-0.14670591684309975, 3.4868207259172434e-06, 0.033090614390748445, -0.07803149473648587, 2.3359092474525007e-05, 0.06674116797175966, -0.11524900696857204, 1.64410426550268e-05, 0.13015241505692896, -0.1327149864937477, 1.4625917168007957e-05, 0.13369029437029037, -0.09934381289918402, 1.8841389723606896e-05, 0.13632550821027256], "max": [-0.14669693538809772, -0.07797132570158567, -0.11520665764912033, -0.13267731262771507, -0.09929528069541436], "min": [-0.14671489829810178, -0.07809166377138606, -0.11529135628802376, -0.1327526603597803, -0.09939234510295368], "raw_data_size": "30"}}