{"user_1_801": {"weights": [1.0], "gauss": [0.11530894128647298, 0.0016278423049999192, 0.5], "max": [0.11950198519724836], "min": [0.1111158973756976], "raw_data_size": "9995"}}