{"user_6_801": {"weights": [1.0], "gauss": [0.11534856726639667, 0.0015812915344154486, 0.5], "max": [0.11942170433819778], "min": [0.11127543019459556], "raw_data_size": "9993"}}