{"user_4_3798": {"weights": 1, "gauss": [-0.2348396305667231, 0.0016067785382326758, 0.5], "max": [-0.23070084332362992], "min": [-0.2389784178098163], "raw_data_size": "9996"}}