{"user_2_2666": {"weights": [0.16605249757955678, 0.3482709035780343, 0.4856765988424089], "gauss": [0.14444255198707506, 0.00012410262869292404, 0.08302624878977839, 0.055342261033085406, 0.00033033205364061183, 0.17413545178901715, 0.0871908483923251, 0.00026396532500157384, 0.24283829942120444], "max": [0.14476221917470974, 0.05619314001675438, 0.08787077801158497], "min": [0.14412288479944038, 0.054491382049416434, 0.08651091877306524], "raw_data_size": "57"}}