{"user_1_3878": {"weights": [0.1002539287, 0.1331798144, 0.1983968171, 0.2403188818, 0.327850558], "gauss": [-0.2608397214, 0.0001066424, 0.0501269643, -0.2985566737, 2.69599e-05, 0.0665899072, -0.3208434943, 7.6588e-06, 0.0991984085, -0.3423809649, 4.45967e-05, 0.1201594409, -0.3691821338, 0.0001192598, 0.163925279], "max": [-0.2605650287, -0.2984872295, -0.3208237667, -0.3422660915, -0.3688749408], "min": [-0.2611144142, -0.298626118, -0.3208632219, -0.3424958382, -0.3694893267], "raw_data_size": "30"}, "user_2_3878": {"weights": [0.0393357779, 0.0870527482, 0.1191531655, 0.3770434247, 0.3774148836], "gauss": [-0.397015679, 0.0029961171, 0.019667889, -0.2567023439, 9.60022e-05, 0.0435263741, -0.296792066, 1.34898e-05, 0.0595765828, -0.3655661842, 0.0001860312, 0.1885217124, -0.3279578615, 0.0001391708, 0.1887074418], "max": [-0.3892981926, -0.2564550586, -0.2967573186, -0.3650869997, -0.3275993812], "min": [-0.4047331653, -0.2569496293, -0.2968268134, -0.3660453688, -0.3283163418], "raw_data_size": "57"}, "user_3_3878": {"weights": [0.073895086, 0.0963518601, 0.1385511945, 0.2373816499, 0.4538202095], "gauss": [-0.269545786, 4.10704e-05, 0.036947543, -0.2946400691, 3.45821e-05, 0.0481759301, -0.4026701174, 0.0005829165, 0.0692755973, -0.3728125209, 0.0001466987, 0.1186908249, -0.3340647448, 0.0001162834, 0.2269101048], "max": [-0.2694399955, -0.2945509916, -0.401168624, -0.3724346501, -0.3337652186], "min": [-0.2696515764, -0.2947291466, -0.4041716107, -0.3731903916, -0.3343642709], "raw_data_size": "70"}}