{"user_6_2614": {"weights": [1.0], "gauss": [-0.10855123994610141, 0.0007050066884279033, 0.5], "max": [-0.10673526305885085], "min": [-0.11036721683335197], "raw_data_size": "9993"}}