{"user_3_2614": {"weights": [1.0], "gauss": [-0.10846092975627575, 0.0007251769862036587, 0.5], "max": [-0.10659299762495308], "min": [-0.11032886188759841], "raw_data_size": "9991"}}