{"user_2_464": {"weights": 1, "gauss": [0.3566733035, 0.0007743302, 0.5], "max": [0.3586678458], "min": [0.3546787612], "raw_data_size": "9991"}, "user_4_464": {"weights": 1, "gauss": [0.357112491, 0.0007623868, 0.5], "max": [0.3590762692], "min": [0.3551487128], "raw_data_size": "9996"}, "user_3_464": {"weights": 1, "gauss": [0.3567708486, 0.0007555283, 0.5], "max": [0.3587169606], "min": [0.3548247367], "raw_data_size": "9991"}, "user_1_464": {"weights": 1, "gauss": [0.3574153524, 0.0007740437, 0.5], "max": [0.359409157], "min": [0.3554215479], "raw_data_size": "9995"}, "user_5_464": {"weights": 1, "gauss": [0.3576737965, 0.0007617984, 0.5], "max": [0.3596360591], "min": [0.3557115339], "raw_data_size": "9994"}, "user_6_464": {"weights": 1, "gauss": [0.3570143083, 0.0007692296, 0.5], "max": [0.3589957124], "min": [0.3550329043], "raw_data_size": "9993"}}