{"user_2_109": {"weights": [0.03478207480016816, 0.22471549771007637, 0.3585986674042291, 0.38190376008552634], "gauss": [0.38181651949493656, 4.225523205486536e-05, 0.01739103740008408, 0.4331261261474615, 0.00017914032510937716, 0.11235774885503819, 0.49079001819828927, 0.00012565412219081484, 0.17929933370211454, 0.46221650855491325, 1.4537841634991832e-05, 0.19095188004276317], "max": [0.3819253617598917, 0.4335875610463255, 0.4911136817683401, 0.46225395555340704], "min": [0.3817076772299814, 0.43266469124859747, 0.49046635462823845, 0.46217906155641947], "raw_data_size": "57"}}