{"user_1_131": {"weights": [1.0], "gauss": [-0.09941922056804105, 0.0013067516461420798, 0.5], "max": [-0.09605325138544751], "min": [-0.10278518975063458], "raw_data_size": "9995"}}