{"user_6_131": {"weights": [1.0], "gauss": [-0.0998007267979772, 0.0012439646467907624, 0.5], "max": [-0.0965964862081947], "min": [-0.1030049673877597], "raw_data_size": "9993"}}