{"user_3_335": {"weights": [1.0], "gauss": [0.16244528910943437, 0.001084508122385373, 0.5], "max": [0.1652387969110114], "min": [0.15965178130785734], "raw_data_size": "70"}}