{"user_5_2930": {"weights": [1.0], "gauss": [0.1573853220784286, 0.00036422997902829906, 0.5], "max": [0.15832351633164068], "min": [0.1564471278252165], "raw_data_size": "9994"}}