{"user_2_974": {"weights": [1.0], "gauss": [-0.1448137525, 0.0028614935, 0.5], "max": [-0.1374430337], "min": [-0.1521844713], "raw_data_size": "9991"}, "user_1_974": {"weights": [1.0], "gauss": [-0.1444250586, 0.002991449, 0.5], "max": [-0.1367195967], "min": [-0.1521305205], "raw_data_size": "9995"}, "user_5_974": {"weights": [1.0], "gauss": [-0.1438404456, 0.0028874423, 0.5], "max": [-0.136402887], "min": [-0.1512780042], "raw_data_size": "9994"}, "user_4_974": {"weights": [1.0], "gauss": [-0.1443570306, 0.0028856974, 0.5], "max": [-0.1369239666], "min": [-0.1517900946], "raw_data_size": "9996"}, "user_6_974": {"weights": [1.0], "gauss": [-0.1442059576, 0.0028820013, 0.5], "max": [-0.1367824142], "min": [-0.1516295009], "raw_data_size": "9993"}, "user_3_974": {"weights": [1.0], "gauss": [-0.1441846033, 0.0029166834, 0.5], "max": [-0.1366717249], "min": [-0.1516974818], "raw_data_size": "9991"}}