{"user_1_1847": {"weights": [1.0], "gauss": [0.2060881428, 0.0005596658, 0.5], "max": [0.2075297463], "min": [0.2046465393], "raw_data_size": "9995"}, "user_4_1847": {"weights": [1.0], "gauss": [0.2055846901, 0.0005773178, 0.5], "max": [0.2070717621], "min": [0.2040976181], "raw_data_size": "9996"}, "user_5_1847": {"weights": [1.0], "gauss": [0.2056594951, 0.0005740885, 0.5], "max": [0.207138249], "min": [0.2041807412], "raw_data_size": "9994"}, "user_3_1847": {"weights": [1.0], "gauss": [0.2061810781, 0.0005597498, 0.5], "max": [0.2076228981], "min": [0.2047392581], "raw_data_size": "9991"}, "user_6_1847": {"weights": [1.0], "gauss": [0.2057187898, 0.0005821545, 0.5], "max": [0.2072183205], "min": [0.2042192591], "raw_data_size": "9993"}, "user_2_1847": {"weights": [1.0], "gauss": [0.2064778195, 0.0005802773, 0.5], "max": [0.2079725147], "min": [0.2049831243], "raw_data_size": "9991"}}