{"user_3_3714": {"weights": 1, "gauss": [0.24243368223479628, 0.0004794765043307146, 0.5], "max": [0.24366873186501453], "min": [0.24119863260457802], "raw_data_size": "9991"}}