{"user_3_3828": {"weights": [-0.04425713657730612, 1.501353074712182e-05, 0.028358937949814984, -0.2710055288584239, 0.00035465809484765034, 0.045210593286526816, -0.20022192762492474, 0.00030423042063616637, 0.1053587076914902, -0.15209251892884085, 0.00023727120043284363, 0.1392470816269987, -0.11246525817120993, 0.00041065844453846013, 0.18182467944516933], "gauss": [-0.04425713657730612, 1.501353074712182e-05, 0.028358937949814984, -0.2710055288584239, 0.00035465809484765034, 0.045210593286526816, -0.20022192762492474, 0.00030423042063616637, 0.1053587076914902, -0.15209251892884085, 0.00023727120043284363, 0.1392470816269987, -0.11246525817120993, 0.00041065844453846013, 0.18182467944516933], "max": [-0.044218464284857956, -0.2700919901449745, -0.1994382819924191, -0.1514813488178777, -0.11140747211601795], "min": [-0.04429580886975429, -0.2719190675718733, -0.2010055732574304, -0.152703689039804, -0.11352304422640191], "raw_data_size": "70"}}