{"user_4_1210": {"weights": 1, "gauss": [0.2018552904041685, 0.00117225218260012, 0.5], "max": [0.20487481192725904], "min": [0.19883576888107796], "raw_data_size": "9996"}}