{"user_1_1962": {"weights": [1.0], "gauss": [0.15067859891349877, 0.0022122774592700815, 0.5], "max": [0.15637704802066735], "min": [0.1449801498063302], "raw_data_size": "9995"}}