{"user_2_1962": {"weights": 1, "gauss": [0.15091459869079593, 0.0021701091607621145, 0.5], "max": [0.1565044294589869], "min": [0.14532476792260496], "raw_data_size": "9991"}}