{"user_2_1822": {"weights": [0.09217114238531096, 0.907828857614689], "gauss": [0.22546539967562548, 0.002745192392600181, 0.04608557119265548, 0.36817903654917294, 0.0021462686303755354, 0.4539144288073445], "max": [0.23253654668436455, 0.373707458180582], "min": [0.21839425266688642, 0.3626506149177639], "raw_data_size": "57"}}