{"user_4_570": {"weights": 1, "gauss": [-0.9338219625975238, 0.0007337299132748877, 0.5], "max": [-0.9319319995860199], "min": [-0.9357119256090277], "raw_data_size": "9996"}}