{"user_6_1318": {"weights": [1.0], "gauss": [0.155028024714272, 0.0014778474077831022, 0.5], "max": [0.1588347073734135], "min": [0.1512213420551305], "raw_data_size": "9993"}}