{"user_2_46": {"weights": [0.15013414347612283, 0.38789945859185065, 0.4619663979320266], "gauss": [0.39764687144886524, 6.304744814791718e-05, 0.07506707173806142, 0.3565982186484576, 0.00016204338862077405, 0.19394972929592533, 0.3243996818612749, 0.0003520297888384695, 0.2309831989660133], "max": [0.39780927091331864, 0.35701561475731336, 0.3253064505070871], "min": [0.39748447198441184, 0.3561808225396018, 0.32349291321546264], "raw_data_size": "57"}}