{"user_1_46": {"weights": [0.033332896131360576, 0.397393657898335, 0.5692734459703044], "gauss": [0.26302790641784607, 1.0000000001665334e-06, 0.016666448065680288, 0.32326428180586536, 7.484680986498304e-05, 0.1986968289491675, 0.36960085653758645, 0.0005299579636132413, 0.2846367229851522], "max": [0.26303048224715003, 0.32345707441199273, 0.37096593778991055], "min": [0.2630253305885421, 0.323071489199738, 0.36823577528526236], "raw_data_size": "30"}}