{"user_3_1666": {"weights": [0.2898580148, 0.3125107303, 0.3976312549], "gauss": [0.1236155395, 0.0001920808, 0.1449290074, 0.0850570327, 0.0001307796, 0.1562553652, 0.1018796709, 0.0001022315, 0.1988156274], "max": [0.1241103069, 0.0853938986, 0.1021430019], "min": [0.1231207721, 0.0847201669, 0.1016163399], "raw_data_size": "70"}, "user_2_1666": {"weights": [0.0350342891, 0.0880682253, 0.3284320772, 0.5484654083], "gauss": [0.1501983006, 4.54242e-05, 0.0175171446, 0.0677488922, 0.0003430887, 0.0440341127, 0.0967359711, 5.06921e-05, 0.1642160386, 0.1132525412, 6.49734e-05, 0.2742327042], "max": [0.1503153056, 0.0686326301, 0.0968665452, 0.1134199016], "min": [0.1500812956, 0.0668651543, 0.0966053971, 0.1130851807], "raw_data_size": "57"}, "user_1_1666": {"weights": [0.0333333079, 0.147539946, 0.198997846, 0.2106901746, 0.4094387255], "gauss": [0.0369230397, 1e-06, 0.0166666539, 0.1078362114, 4.6707e-06, 0.073769973, 0.0994455363, 5.4094e-06, 0.099498923, 0.0878527684, 9.57809e-05, 0.1053450873, 0.1187598476, 3.3101e-05, 0.2047193627], "max": [0.0369256155, 0.1078482424, 0.09945947, 0.0880994837, 0.1188451103], "min": [0.0369204639, 0.1078241805, 0.0994316027, 0.0876060532, 0.118674585], "raw_data_size": "30"}}