{"user_1_3225": {"weights": [-0.09356540759522032, 3.384431203199288e-05, 0.050470166974428875, -0.16379480369737, 3.650279437625897e-05, 0.05428120219070909, -0.10959174279873811, 2.3748131034892194e-06, 0.06508662820302487, -0.12993974147331722, 5.812761092465171e-05, 0.13240516175555714, -0.14665959442779963, 4.4947700755508215e-05, 0.1977568408762801], "gauss": [-0.09356540759522032, 3.384431203199288e-05, 0.050470166974428875, -0.16379480369737, 3.650279437625897e-05, 0.05428120219070909, -0.10959174279873811, 2.3748131034892194e-06, 0.06508662820302487, -0.12993974147331722, 5.812761092465171e-05, 0.13240516175555714, -0.14665959442779963, 4.4947700755508215e-05, 0.1977568408762801], "max": [-0.09347823042452987, -0.16370077872995423, -0.10958562568555569, -0.1297900146697522, -0.14654381682306644], "min": [-0.09365258476591078, -0.1638888286647858, -0.10959785991192053, -0.13008946827688223, -0.14677537203253282], "raw_data_size": "30"}}