{"user_3_2049": {"weights": 1, "gauss": [-0.10881767876919833, 0.0009021594603518837, 0.5], "max": [-0.10649386999475009], "min": [-0.11114148754364657], "raw_data_size": "9991"}}