{"user_3_2193": {"weights": [0.12562983823713, 0.2391913129684626, 0.25955449970670436, 0.37562434908770315], "gauss": [0.16238713660216123, 0.0007995384867872821, 0.062814919118565, 0.2937500224793749, 0.0005525142955100361, 0.1195956564842313, 0.24768009618174996, 0.0002138752882856605, 0.12977724985335218, 0.21202617082768327, 0.0003472671815851956, 0.18781217454385157], "max": [0.16444661126574306, 0.2951732049923793, 0.24823100241662113, 0.21292067181017124], "min": [0.1603276619385794, 0.29232683996637043, 0.2471291899468788, 0.2111316698451953], "raw_data_size": "70"}}