{"user_1_2193": {"weights": [1.0], "gauss": [0.22348011583089822, 0.001603794272826613, 0.5], "max": [0.22761121611570892], "min": [0.21934901554608752], "raw_data_size": "30"}}