{"user_3_1122": {"weights": [0.3169614425033759, 0.33893290423955363, 0.34410565325707054], "gauss": [-0.09947001653438706, 0.0011029618575552648, 0.15848072125168794, -0.035152379443617786, 0.00022590948038202617, 0.16946645211977682, -0.06979368998544275, 3.1144324596822686e-05, 0.17205282662853527], "max": [-0.09662897506099948, -0.03457047518410026, -0.06971346752150702], "min": [-0.10231105800777464, -0.03573428370313531, -0.06987391244937848], "raw_data_size": "70"}}