{"user_1_4057": {"weights": [0.13204964995384183, 1.0000000000346944e-06, 0.016666655992444022, 0.1517920422876291, 1.4304040940454593e-05, 0.03334089279531671, 0.22077863697495506, 7.505098768492601e-05, 0.10135584497195636, 0.17491796120523417, 1.6363516905893965e-05, 0.1594596096559505, 0.1924438749589343, 3.280779642483061e-05, 0.18917699658433243], "gauss": [0.13204964995384183, 1.0000000000346944e-06, 0.016666655992444022, 0.1517920422876291, 1.4304040940454593e-05, 0.03334089279531671, 0.22077863697495506, 7.505098768492601e-05, 0.10135584497195636, 0.17491796120523417, 1.6363516905893965e-05, 0.1594596096559505, 0.1924438749589343, 3.280779642483061e-05, 0.18917699658433243], "max": [0.13205222578314546, 0.1518288870554427, 0.22097195550829418, 0.1749601108315895, 0.19252838224235025], "min": [0.1320470741245382, 0.1517551975198155, 0.22058531844161594, 0.17487581157887885, 0.19235936767551837], "raw_data_size": "30"}}