{"user_3_272": {"weights": [1.0], "gauss": [0.1323964998187528, 0.0009285468452247769, 0.5], "max": [0.13478827799240065], "min": [0.13000472164510493], "raw_data_size": "9991"}}