{"user_3_1211": {"weights": [1.0], "gauss": [-0.1157964107, 0.0028591354, 0.5], "max": [-0.1084317659], "min": [-0.1231610555], "raw_data_size": "9991"}, "user_1_1211": {"weights": [1.0], "gauss": [-0.1149016129, 0.0029532265, 0.5], "max": [-0.1072946056], "min": [-0.1225086202], "raw_data_size": "9995"}, "user_5_1211": {"weights": [1.0], "gauss": [-0.1163771623, 0.0028613216, 0.5], "max": [-0.1090068862], "min": [-0.1237474384], "raw_data_size": "9994"}, "user_2_1211": {"weights": [1.0], "gauss": [-0.1168239426, 0.0028232351, 0.5], "max": [-0.1095517708], "min": [-0.1240961143], "raw_data_size": "9991"}, "user_6_1211": {"weights": [1.0], "gauss": [-0.1166901557, 0.0028368824, 0.5], "max": [-0.1093828309], "min": [-0.1239974805], "raw_data_size": "9993"}, "user_4_1211": {"weights": [1.0], "gauss": [-0.1165849503, 0.002910448, 0.5], "max": [-0.109088133], "min": [-0.1240817677], "raw_data_size": "9996"}}