{"user_1_1513": {"weights": [1.0], "gauss": [0.10466039485722764, 0.0013010240449123727, 0.5], "max": [0.10801161071673465], "min": [0.10130917899772063], "raw_data_size": "9995"}}