{"user_6_894": {"weights": 1, "gauss": [0.460553411, 0.0021152356, 0.5], "max": [0.466001897], "min": [0.4551049251], "raw_data_size": "9993"}, "user_2_894": {"weights": 1, "gauss": [0.4598108809, 0.0021541079, 0.5], "max": [0.4653594952], "min": [0.4542622666], "raw_data_size": "9991"}, "user_1_894": {"weights": 1, "gauss": [0.4611864933, 0.0021930007, 0.5], "max": [0.4668352887], "min": [0.4555376978], "raw_data_size": "9995"}, "user_4_894": {"weights": 1, "gauss": [0.4604822178, 0.0021734648, 0.5], "max": [0.4660806921], "min": [0.4548837435], "raw_data_size": "9996"}, "user_3_894": {"weights": 1, "gauss": [0.4608954406, 0.002101111, 0.5], "max": [0.4663075439], "min": [0.4554833374], "raw_data_size": "9991"}, "user_5_894": {"weights": 1, "gauss": [0.4610999698, 0.0021085556, 0.5], "max": [0.4665312491], "min": [0.4556686905], "raw_data_size": "9994"}}