{"user_5_828": {"weights": [1.0], "gauss": [0.27287679514241125, 0.0009081104991959234, 0.5], "max": [0.27521593277710055], "min": [0.27053765750772196], "raw_data_size": "9994"}}