{"user_4_3841": {"weights": [1.0], "gauss": [0.007981514177115786, 0.0005703465183345088, 0.5], "max": [0.009450629452218903], "min": [0.0065123989020126685], "raw_data_size": "9996"}}