{"user_1_3519": {"weights": [0.09583960282883623, 0.42680082679954096, 0.4773595703716228], "gauss": [0.04627312286224467, 1.2883153213338143e-05, 0.047919801414418116, 0.014116295309329901, 0.00012025528042375062, 0.21340041339977048, -0.031070971979628895, 0.0003912378105350924, 0.2386797851858114], "max": [0.0463063076658137, 0.014426052384551889, -0.03006321016259629], "min": [0.04623993805867564, 0.013806538234107914, -0.0320787337966615], "raw_data_size": "30"}}