{"user_2_1999": {"weights": [0.21158753349080936, 0.21228967066809762, 0.23947216674012153, 0.3366506291009715], "gauss": [0.14114287308803064, 0.00018233026809395366, 0.10579376674540468, 0.19897513812737455, 0.00018499197815430895, 0.10614483533404881, 0.10986861185236878, 0.00015452420286960343, 0.11973608337006077, 0.175638222688521, 0.0002582121937715402, 0.16832531455048574], "max": [0.14161252473551098, 0.1994516458856259, 0.11026663982222784, 0.17630333322377137], "min": [0.1406732214405503, 0.1984986303691232, 0.10947058388250971, 0.17497311215327063], "raw_data_size": "57"}}