{"user_5_936": {"weights": [1.0], "gauss": [-0.7170345235845269, 0.0005372362567146173, 0.5], "max": [-0.7156506946915525], "min": [-0.7184183524775013], "raw_data_size": "9994"}}