{"user_4_2131": {"weights": [1.0], "gauss": [0.35128967785570436, 0.000349510232398222, 0.5], "max": [0.3521899565542059], "min": [0.35038939915720285], "raw_data_size": "9996"}}