{"user_1_3446": {"weights": [1.0], "gauss": [0.09012640738771847, 0.0050957757966153564, 0.5], "max": [0.10325225600895555], "min": [0.0770005587664814], "raw_data_size": "9995"}}