{"user_3_741": {"weights": [0.09998340528873488, 0.116489065291015, 0.2473130069574237, 0.2603269997879429, 0.27588752267488337], "gauss": [-0.05987069929199864, 5.61688683151667e-05, 0.04999170264436744, -0.009792219884748701, 7.064511611370457e-05, 0.0582445326455075, 0.07679144208552834, 0.0002056413585069214, 0.12365650347871185, 0.01760265943618359, 5.5330191168700336e-05, 0.13016349989397144, 0.04567088523762485, 4.0703564807633693e-05, 0.13794376133744168], "max": [-0.05972601787504525, -0.009610250124510406, 0.07732113912279207, 0.01774518056396689, 0.045775730672615256], "min": [-0.06001538070895203, -0.009974189644986996, 0.0762617450482646, 0.017460138308400288, 0.04556603980263445], "raw_data_size": "70"}}