{"user_1_941": {"weights": [0.15902620215324556, 0.31853178000801635, 0.5224420178387381], "gauss": [0.01904522026347278, 0.0006207720849661517, 0.07951310107662278, 0.025493216369148274, 9.781287681355215e-05, 0.15926589000400818, 0.0668628145479418, 0.00013374704017117097, 0.26122100891936906], "max": [0.020644223190753742, 0.02574516564350904, 0.06720732409327763], "min": [0.017446217336191817, 0.025241267094787505, 0.06651830500260596], "raw_data_size": "30"}}