{"user_3_1940": {"weights": 1, "gauss": [0.12593610215401915, 0.0020450796373455106, 0.5], "max": [0.13120387821198487], "min": [0.12066832609605344], "raw_data_size": "9991"}}