{"user_2_2522": {"weights": 1, "gauss": [-0.20975855472258245, 0.0015868177731165392, 0.5], "max": [-0.20567118300319667], "min": [-0.21384592644196823], "raw_data_size": "9991"}}