{"user_1_3455": {"weights": [0.13293237278521425, 0.418160491442402, 0.44890713577238367], "gauss": [0.4355400589881179, 3.1051722081564367e-05, 0.06646618639260712, 0.511415885379479, 0.000209886095024563, 0.209080245721201, 0.4715169648825332, 7.268005452506953e-05, 0.22445356788619183], "max": [0.4356200429237812, 0.5119565161334507, 0.4717041762967624], "min": [0.43546007505245454, 0.5108752546255073, 0.47132975346830397], "raw_data_size": "30"}}