{"user_1_2273": {"weights": [1.0], "gauss": [0.24848664565994455, 0.0011848416355696504, 0.5], "max": [0.25153859546490964], "min": [0.24543469585497943], "raw_data_size": "9995"}}