{"user_6_2273": {"weights": [1.0], "gauss": [0.2480286094680251, 0.001172242393430187, 0.5], "max": [0.2510481057758849], "min": [0.24500911316016533], "raw_data_size": "9993"}}