{"user_5_1108": {"weights": 1, "gauss": [0.10891551606708835, 0.0006117603429081777, 0.5], "max": [0.11049130628510036], "min": [0.10733972584907635], "raw_data_size": "9994"}}