{"user_4_2169": {"weights": [1.0], "gauss": [0.2254487632, 0.0014160226, 0.5], "max": [0.2290961957], "min": [0.2218013307], "raw_data_size": "9996"}, "user_5_2169": {"weights": [1.0], "gauss": [0.2252090598, 0.0013734335, 0.5], "max": [0.22874679], "min": [0.2216713297], "raw_data_size": "9994"}, "user_3_2169": {"weights": [1.0], "gauss": [0.2253701208, 0.0013546974, 0.5], "max": [0.2288595901], "min": [0.2218806515], "raw_data_size": "9991"}, "user_1_2169": {"weights": [1.0], "gauss": [0.2252784115, 0.0014389712, 0.5], "max": [0.2289849556], "min": [0.2215718673], "raw_data_size": "9995"}, "user_2_2169": {"weights": [1.0], "gauss": [0.2261142845, 0.0013617729, 0.5], "max": [0.229621979], "min": [0.2226065901], "raw_data_size": "9991"}, "user_6_2169": {"weights": [1.0], "gauss": [0.2257659079, 0.0013535224, 0.5], "max": [0.2292523507], "min": [0.2222794652], "raw_data_size": "9993"}}