{"user_3_3504": {"weights": [0.0987924237557853, 0.3708567169718193, 0.5303508592723954], "gauss": [0.2874014153733165, 0.0005827782755772605, 0.04939621187789265, 0.18149363761170098, 0.0005722642443141541, 0.18542835848590966, 0.11792452854731558, 0.0018539308350837616, 0.2651754296361977], "max": [0.28890255273302007, 0.18296769262157864, 0.12269993791907721], "min": [0.2859002780136129, 0.18001958260182332, 0.11314911917555395], "raw_data_size": "70"}}