{"user_1_1507": {"weights": [0.14441559701564402, 0.855584402984356], "gauss": [0.08402810812096796, 0.00010269848412110074, 0.07220779850782201, 0.019446380833855192, 0.0017431655052712967, 0.427792201492178], "max": [0.08429264188579715, 0.023936477623268622], "min": [0.08376357435613878, 0.014956284044441761], "raw_data_size": "30"}}