{"user_1_1892": {"weights": 1, "gauss": [0.06727773814062242, 0.0007083606683903125, 0.5], "max": [0.06910235430774367], "min": [0.06545312197350117], "raw_data_size": "9995"}}