{"user_6_2153": {"weights": [1.0], "gauss": [0.334543824655507, 0.0013606017806954268, 0.5], "max": [0.3380485025926831], "min": [0.33103914671833096], "raw_data_size": "9993"}}