{"user_3_1111": {"weights": [-0.5594820994, 1.28028e-05, 0.0207153512, -0.5127453512, 0.0003351281, 0.0593182521, -0.4692684552, 0.0001834483, 0.1061683838, -0.3665638205, 0.0001101349, 0.1088808668, -0.4211711194, 0.0002294121, 0.2049171461], "gauss": [-0.5594820994, 1.28028e-05, 0.0207153512, -0.5127453512, 0.0003351281, 0.0593182521, -0.4692684552, 0.0001834483, 0.1061683838, -0.3665638205, 0.0001101349, 0.1088808668, -0.4211711194, 0.0002294121, 0.2049171461], "max": [-0.5594491217, -0.5118821183, -0.4687959236, -0.3662801317, -0.4205801929], "min": [-0.5595150771, -0.5136085841, -0.4697409868, -0.3668475093, -0.421762046], "raw_data_size": "70"}, "user_1_1111": {"weights": [0.165386048, 0.834613952], "gauss": [-0.5421281081, 0.0003157734, 0.082693024, -0.4028956814, 0.0012747743, 0.417306976], "max": [-0.5413147298, -0.3996120804], "min": [-0.5429414864, -0.4061792825], "raw_data_size": "30"}, "user_2_1111": {"weights": [0.1677703384, 0.2415849109, 0.2557304627, 0.3349142879], "gauss": [-0.5274846027, 0.0006588688, 0.0838851692, -0.392108121, 0.0002363196, 0.1207924554, -0.3520953629, 0.000121286, 0.1278652314, -0.4401932897, 0.0006819969, 0.167457144], "max": [-0.5257874691, -0.391499402, -0.3517829509, -0.4384365821], "min": [-0.5291817362, -0.39271684, -0.352407775, -0.4419499974], "raw_data_size": "57"}}