{"user_2_54": {"weights": [0.15125403500250606, 0.1957735668158315, 0.6529723981816625], "gauss": [-0.7324128903146864, 0.0004016988537889056, 0.07562701750125303, -0.7981825721955323, 0.0017439522352326864, 0.09788678340791575, -0.7804648350905887, 0.0002867319635573008, 0.32648619909083126], "max": [-0.7313781826358949, -0.7936904489240304, -0.7797262624965937], "min": [-0.7334475979934778, -0.8026746954670343, -0.7812034076845837], "raw_data_size": "57"}}