{"user_2_278": {"weights": [0.42116741974647237, 0.5788325802535277], "gauss": [-0.04875401576862516, 0.0003598551348580197, 0.21058370987323619, -0.0678542881935707, 0.0003077737101492482, 0.28941629012676384], "max": [-0.047827090367225336, -0.0670615156521063], "min": [-0.049680941170024986, -0.0686470607350351], "raw_data_size": "57"}}