{"user_3_58": {"weights": [0.09847636251904086, 0.37732871336160606, 0.5241949241193531], "gauss": [-0.03720680175365927, 2.9820857938871353e-05, 0.04923818125952043, -0.09012180257965044, 0.00018535054356228178, 0.18866435668080303, -0.06596760324227793, 7.51678836482882e-05, 0.26209746205967654], "max": [-0.037129988313923355, -0.089644371218114, -0.06577398360489092], "min": [-0.03728361519339519, -0.09059923394118688, -0.06616122287966494], "raw_data_size": "70"}}