{"user_5_2754": {"weights": 1, "gauss": [-0.06925820005025675, 0.0028240998556482407, 0.5], "max": [-0.06198380088592979], "min": [-0.0765325992145837], "raw_data_size": "9994"}}