{"user_6_1173": {"weights": [1.0], "gauss": [0.5376097284015816, 0.0008761374361971598, 0.5], "max": [0.5398665088836745], "min": [0.5353529479194887], "raw_data_size": "9993"}}