{"user_4_1173": {"weights": 1, "gauss": [0.5375220723885904, 0.0009079181958893391, 0.5], "max": [0.5398607146827874], "min": [0.5351834300943934], "raw_data_size": "9996"}}