{"user_5_2546": {"weights": [1.0], "gauss": [0.289131628753665, 0.0006893707709779974, 0.5], "max": [0.29090733018656023], "min": [0.28735592732076976], "raw_data_size": "9994"}}