{"user_3_3199": {"weights": [0.0732795291, 0.0832571955, 0.3674339422, 0.4760293332], "gauss": [0.2346542931, 0.0001492261, 0.0366397646, 0.1802931198, 0.0008881563, 0.0416285978, 0.2699239497, 0.0001614173, 0.1837169711, 0.3036920462, 0.0003022278, 0.2380146666], "max": [0.235038674, 0.1825808588, 0.2703397332, 0.3044705335], "min": [0.2342699123, 0.1780053808, 0.2695081662, 0.3029135588], "raw_data_size": "70"}, "user_2_3199": {"weights": [0.3017565926, 0.6982434074], "gauss": [0.2495478486, 0.0017980957, 0.1508782963, 0.2851415598, 0.0004513333, 0.3491217037], "max": [0.2541794363, 0.2863041175], "min": [0.244916261, 0.2839790022], "raw_data_size": "57"}, "user_1_3199": {"weights": [0.3189377305, 0.6810622695], "gauss": [0.2455536616, 0.0005045635, 0.1594688652, 0.2929742437, 0.0002233068, 0.3405311348], "max": [0.246853331, 0.293549444], "min": [0.2442539921, 0.2923990434], "raw_data_size": "30"}}