{"user_3_2037": {"weights": [1.0], "gauss": [0.3189640864, 0.0011185875, 0.5], "max": [0.3218453769], "min": [0.3160827959], "raw_data_size": "9991"}, "user_1_2037": {"weights": [1.0], "gauss": [0.3187974547, 0.0011235053, 0.5], "max": [0.3216914126], "min": [0.3159034969], "raw_data_size": "9995"}, "user_2_2037": {"weights": [1.0], "gauss": [0.3190620149, 0.0011102352, 0.5], "max": [0.3219217912], "min": [0.3162022385], "raw_data_size": "9991"}, "user_6_2037": {"weights": [1.0], "gauss": [0.3183425003, 0.0010773359, 0.5], "max": [0.3211175337], "min": [0.315567467], "raw_data_size": "9993"}, "user_4_2037": {"weights": [1.0], "gauss": [0.3185963267, 0.0011310329, 0.5], "max": [0.3215096743], "min": [0.3156829791], "raw_data_size": "9996"}, "user_5_2037": {"weights": [1.0], "gauss": [0.3183658857, 0.0011352591, 0.5], "max": [0.3212901193], "min": [0.3154416521], "raw_data_size": "9994"}}