{"user_4_1429": {"weights": 1, "gauss": [0.529227550667734, 0.00039883352418704123, 0.5], "max": [0.5302548777465727], "min": [0.5282002235888953], "raw_data_size": "9996"}}