{"user_2_2000": {"weights": [1.0], "gauss": [0.26111292937525976, 0.0006957475603883702, 0.5], "max": [0.26290505632918076], "min": [0.25932080242133876], "raw_data_size": "9991"}}