{"user_1_737": {"weights": [0.19101417895753708, 0.808985821042463], "gauss": [-0.3221576808918909, 0.0006672964586607451, 0.09550708947876854, -0.3578435655373331, 0.00032274701407208797, 0.4044929105212315], "max": [-0.32043883911951815, -0.3570122243208533], "min": [-0.32387652266426364, -0.3586749067538129], "raw_data_size": "30"}}