{"user_3_737": {"weights": [0.07344343805832144, 0.165093667705909, 0.18744195717679163, 0.2845107925541155, 0.2895101445048625], "gauss": [-0.30667659049764956, 2.779196970856168e-05, 0.03672171902916072, -0.36769539209436136, 3.613583607495096e-05, 0.0825468338529545, -0.32413754988370286, 2.9235419676725382e-05, 0.09372097858839581, -0.3540199423020368, 4.611870752116342e-05, 0.14225539627705774, -0.3354203541699204, 3.844282629625228e-05, 0.14475507225243125], "max": [-0.3066050031276709, -0.3676023123488913, -0.324062244432998, -0.353901148383762, -0.33532133201143527], "min": [-0.3067481778676282, -0.36778847183983143, -0.3242128553344077, -0.3541387362203116, -0.3355193763284055], "raw_data_size": "70"}}