{"user_1_3066": {"weights": [0.09998607132743359, 0.3584199931093597, 0.5415939355632068], "gauss": [-0.44001319408065603, 0.00012157908358764635, 0.049993035663716795, -0.5169828841414675, 0.0002392539733382094, 0.17920999655467984, -0.5580475207590633, 0.0003140588895596809, 0.2707969677816034], "max": [-0.43970002711445233, -0.5163666067459525, -0.5572385586682954], "min": [-0.44032636104685974, -0.5175991615369826, -0.5588564828498311], "raw_data_size": "30"}}