{"user_2_824": {"weights": [1.0], "gauss": [-0.6960970870387175, 0.001085400010701425, 0.5], "max": [-0.6933012818850806], "min": [-0.6988928921923545], "raw_data_size": "9991"}}