{"user_2_3030": {"weights": [0.3615008327, 0.6384991673], "gauss": [0.13435789, 0.0003277115, 0.1807504163, 0.1812337376, 0.000251298, 0.3192495837], "max": [0.1352020189, 0.1818810383], "min": [0.1335137611, 0.1805864369], "raw_data_size": "57"}, "user_1_3030": {"weights": [0.1601698476, 0.4187899963, 0.4210401561], "gauss": [0.1230000969, 3.22894e-05, 0.0800849238, 0.1550726155, 0.0002067973, 0.2093949981, 0.1909487552, 0.0001217355, 0.2105200781], "max": [0.1230832689, 0.1556052901, 0.191262325], "min": [0.122916925, 0.1545399409, 0.1906351855], "raw_data_size": "30"}, "user_3_3030": {"weights": [0.2132973049, 0.3649826786, 0.4217200165], "gauss": [0.1984994507, 0.0006224791, 0.1066486524, 0.1624524324, 0.0001985789, 0.1824913393, 0.1277399345, 0.00051806, 0.2108600082], "max": [0.2001028507, 0.1629639378, 0.1290743687], "min": [0.1968960508, 0.1619409269, 0.1264055003], "raw_data_size": "70"}}