{"user_3_1806": {"weights": [0.5842249786767176, 0.00036397521054318163, 0.03500204292186416, 0.6852015295648364, 0.00018297895043225998, 0.05574028550220585, 0.630199057007516, 9.629619801046385e-05, 0.1201766479429369, 0.6061524675724079, 0.00012758742014665103, 0.14166685782070473, 0.6552518555873162, 9.625977756674741e-05, 0.14741416581228836], "gauss": [0.5842249786767176, 0.00036397521054318163, 0.03500204292186416, 0.6852015295648364, 0.00018297895043225998, 0.05574028550220585, 0.630199057007516, 9.629619801046385e-05, 0.1201766479429369, 0.6061524675724079, 0.00012758742014665103, 0.14166685782070473, 0.6552518555873162, 9.625977756674741e-05, 0.14741416581228836], "max": [0.5851625166898001, 0.6856728521072925, 0.6304470995761717, 0.6064811109879858, 0.6554998043431258], "min": [0.5832874406636351, 0.6847302070223803, 0.6299510144388603, 0.60582382415683, 0.6550039068315067], "raw_data_size": "70"}}