{"user_6_2799": {"weights": [1.0], "gauss": [-0.033470225565623735, 0.002456901208188006, 0.5], "max": [-0.02714166743764837], "min": [-0.0397987836935991], "raw_data_size": "9993"}}