{"user_2_2799": {"weights": [1.0], "gauss": [-0.035614903651510835, 0.0025066294126200464, 0.5], "max": [-0.02915825415734655], "min": [-0.042071553145675115], "raw_data_size": "9991"}}