{"user_4_862": {"weights": 1, "gauss": [0.2563519697096512, 0.0015289322870245942, 0.5], "max": [0.2602902382977112], "min": [0.25241370112159117], "raw_data_size": "9996"}}