{"user_6_1440": {"weights": 1, "gauss": [0.5219063072559706, 0.0008776487869018014, 0.5], "max": [0.5241669807194964], "min": [0.5196456337924449], "raw_data_size": "9993"}}