{"user_1_342": {"weights": 1, "gauss": [-0.13443890523416327, 0.001974942260403934, 0.5], "max": [-0.1293517910869977], "min": [-0.13952601938132883], "raw_data_size": "9995"}}