{"user_4_2593": {"weights": 1, "gauss": [0.10877824464684635, 0.0007170143535333546, 0.5], "max": [0.11062515122974273], "min": [0.10693133806394997], "raw_data_size": "9996"}}