{"user_5_527": {"weights": 1, "gauss": [0.3543338976474558, 0.0011214907916836092, 0.5], "max": [0.3572226664923347], "min": [0.35144512880257694], "raw_data_size": "9994"}}