{"user_4_1518": {"weights": 1, "gauss": [0.6098225588208636, 0.0006671395575510154, 0.5], "max": [0.6115409964427602], "min": [0.608104121198967], "raw_data_size": "9996"}}