{"user_3_3040": {"weights": 1, "gauss": [-0.14428457882455312, 0.0007032315731188937, 0.5], "max": [-0.1424731743313327], "min": [-0.14609598331777354], "raw_data_size": "9991"}}