{"user_2_2574": {"weights": [-0.0038719769374860507, 0.00015732084303167373, 0.03562359505292084, 0.027506044040916736, 4.625946008912312e-06, 0.05144899787839478, 0.03917095524743844, 1.1233274788906807e-05, 0.10837545010263738, 0.051250298097502194, 4.900376090591859e-05, 0.14068498354579517, 0.06751108258203187, 0.00010269183476085863, 0.16386697342025183], "gauss": [-0.0038719769374860507, 0.00015732084303167373, 0.03562359505292084, 0.027506044040916736, 4.625946008912312e-06, 0.05144899787839478, 0.03917095524743844, 1.1233274788906807e-05, 0.10837545010263738, 0.051250298097502194, 4.900376090591859e-05, 0.14068498354579517, 0.06751108258203187, 0.00010269183476085863, 0.16386697342025183], "max": [-0.0034667452999460487, 0.027517959688203128, 0.03919989024581452, 0.05137652342082776, 0.06777559921924409], "min": [-0.004277208575026053, 0.027494128393630343, 0.039142020249062354, 0.051124072774176625, 0.06724656594481965], "raw_data_size": "57"}}