{"user_2_762": {"weights": 1, "gauss": [-0.0030939836, 0.0017271134, 0.5], "max": [0.0013547658], "min": [-0.0075427329], "raw_data_size": "9991"}, "user_3_762": {"weights": 1, "gauss": [-0.0033437936, 0.0017392544, 0.5], "max": [0.001136229], "min": [-0.0078238161], "raw_data_size": "9991"}, "user_4_762": {"weights": 1, "gauss": [-0.0030599709, 0.0017103299, 0.5], "max": [0.001345547], "min": [-0.0074654889], "raw_data_size": "9996"}, "user_5_762": {"weights": 1, "gauss": [-0.0034069567, 0.0017501367, 0.5], "max": [0.0011010968], "min": [-0.0079150101], "raw_data_size": "9994"}, "user_1_762": {"weights": 1, "gauss": [-0.0033369674, 0.0017506171, 0.5], "max": [0.0011723235], "min": [-0.0078462583], "raw_data_size": "9995"}, "user_6_762": {"weights": 1, "gauss": [-0.0034470455, 0.0017365776, 0.5], "max": [0.0010260821], "min": [-0.0079201731], "raw_data_size": "9993"}}