{"user_2_1835": {"weights": [0.19863357995020586, 0.20638470769710737, 0.25434031006316504, 0.3406414022895218], "gauss": [-0.04832154492417091, 0.00015394596949109095, 0.09931678997510293, -0.06893792743585477, 0.00011581285303057125, 0.10319235384855369, 0.006480876602482495, 0.00027264214751906773, 0.12717015503158252, -0.02281207841617602, 0.00017644844316950427, 0.1703207011447609], "max": [-0.04792500638479251, -0.06863961329529102, 0.007183156235444612, -0.022357577345694428], "min": [-0.048718083463549305, -0.06923624157641851, 0.0057785969695203785, -0.023266579486657613], "raw_data_size": "57"}}