{"user_6_2964": {"weights": 1, "gauss": [0.2742003603854343, 0.0006591059908952608, 0.5], "max": [0.275898104910927], "min": [0.2725026158599417], "raw_data_size": "9993"}}