{"user_2_1803": {"weights": 1, "gauss": [-0.20540137693572216, 0.001845611884821802, 0.5], "max": [-0.20064739575982005], "min": [-0.21015535811162428], "raw_data_size": "9991"}}