{"user_3_4076": {"weights": [0.1884575368, 0.1981951325, 0.2822549255, 0.3310924052], "gauss": [0.1348327098, 0.0009185201, 0.0942287684, -0.0280916419, 0.000862166, 0.0990975662, 0.0816845181, 0.0001663758, 0.1411274627, 0.0266552222, 0.0005264613, 0.1655462026], "max": [0.1371986607, -0.0258708495, 0.0821130736, 0.0280112966], "min": [0.1324667589, -0.0303124342, 0.0812559626, 0.0252991478], "raw_data_size": "70"}, "user_2_4076": {"weights": [0.0713565185, 0.109359423, 0.1250022809, 0.3404631362, 0.3538186414], "gauss": [-0.0811404776, 0.0004582057, 0.0356782592, 0.1461015867, 0.0001872172, 0.0546797115, -0.008165208, 0.0003365611, 0.0625011404, 0.0917155032, 0.0002437472, 0.1702315681, 0.0428680019, 0.0002188656, 0.1769093207], "max": [-0.0799602178, 0.1465838262, -0.0072982841, 0.0923433544, 0.0434317624], "min": [-0.0823207373, 0.1456193471, -0.0090321319, 0.0910876521, 0.0423042415], "raw_data_size": "57"}, "user_1_4076": {"weights": [0.0333330683, 0.3064562674, 0.6602106643], "gauss": [-0.1122358963, 1e-06, 0.0166665341, 0.1017048223, 0.0010500926, 0.1532281337, 0.0318427011, 0.0009331145, 0.3301053322], "max": [-0.1122333205, 0.1044096817, 0.0342462448], "min": [-0.1122384721, 0.098999963, 0.0294391573], "raw_data_size": "30"}}