{"user_5_15": {"weights": 1, "gauss": [-0.3558720092740728, 0.0009854165259134118, 0.5], "max": [-0.3533337445104237], "min": [-0.3584102740377219], "raw_data_size": "9994"}}