{"user_1_15": {"weights": 1, "gauss": [-0.3564805023672347, 0.000996301649948127, 0.5], "max": [-0.3539141993821242], "min": [-0.35904680535234523], "raw_data_size": "9995"}}