{"user_5_2380": {"weights": [1.0], "gauss": [-0.2249298603135982, 0.0013066562480189131, 0.5], "max": [-0.22156413686028584], "min": [-0.2282955837669106], "raw_data_size": "9994"}}