{"user_3_2248": {"weights": [0.1221509283484133, 0.18230610453216364, 0.28242682947393616, 0.4131161376454869], "gauss": [0.24908374098029065, 6.016477533905034e-05, 0.06107546417420665, 0.3531093727308428, 0.0004365187767837998, 0.09115305226608182, 0.2831052954918593, 0.00012436582915138672, 0.14121341473696808, 0.3171196343589705, 0.00012739957258539502, 0.20655806882274344], "max": [0.24923871517165042, 0.35423377058763184, 0.2834256406389476, 0.3174477939112956], "min": [0.2489287667889309, 0.3519849748740538, 0.282784950344771, 0.31679147480664543], "raw_data_size": "70"}}