{"user_2_3462": {"weights": [0.1308920036, 0.1736080392, 0.6954999572], "gauss": [-0.220172346, 0.0003017175, 0.0654460018, -0.097090763, 8.99752e-05, 0.0868040196, -0.1544453449, 0.0004922053, 0.3477499786], "max": [-0.2193951732, -0.0968590024, -0.153177508], "min": [-0.2209495188, -0.0973225237, -0.1557131818], "raw_data_size": "57"}, "user_3_3462": {"weights": [0.1357417666, 0.187849156, 0.333421312, 0.3429877654], "gauss": [-0.2312143712, 0.0009932152, 0.0678708833, -0.1436407957, 2.72516e-05, 0.093924578, -0.1787849646, 0.0002262079, 0.166710656, -0.1180237309, 0.0005227916, 0.1714938827], "max": [-0.2286560184, -0.1435706002, -0.1782022916, -0.116677109], "min": [-0.233772724, -0.1437109913, -0.1793676376, -0.1193703528], "raw_data_size": "70"}, "user_1_3462": {"weights": [0.4829486963, 0.5170513037], "gauss": [-0.135452332, 0.0006856263, 0.2414743482, -0.1792971279, 0.0007853464, 0.2585256518], "max": [-0.1336862757, -0.1772742095], "min": [-0.1372183882, -0.1813200463], "raw_data_size": "30"}}