{"user_5_4010": {"weights": [1.0], "gauss": [0.2863673918778037, 0.0012789877687613266, 0.5], "max": [0.2896618460514597], "min": [0.28307293770414765], "raw_data_size": "9994"}}