{"user_1_3874": {"weights": [0.4929023475299952, 0.5070976524700048], "gauss": [0.3074850319711984, 0.0006766607320654584, 0.2464511737649976, 0.389494291864041, 0.0007129981181526736, 0.2535488262350024], "max": [0.3092279945134135, 0.3913308533101539], "min": [0.30574206942898335, 0.3876577304179281], "raw_data_size": "30"}}