{"user_1_3735": {"weights": [0.3467349983, 0.6532650017], "gauss": [0.2102538101, 0.0002472325, 0.1733674992, 0.1812622859, 0.0004531014, 0.3266325008], "max": [0.2108906388, 0.1824293978], "min": [0.2096169815, 0.180095174], "raw_data_size": "30"}, "user_3_3735": {"weights": [0.3736310908, 0.6263689092], "gauss": [0.222546696, 0.0003628137, 0.1868155454, 0.1674088803, 0.0005300023, 0.3131844546], "max": [0.2234812421, 0.1687740756], "min": [0.2216121499, 0.1660436849], "raw_data_size": "70"}, "user_2_3735": {"weights": [0.1506569578, 5.3899e-06, 0.0253810843, 0.1229529786, 0.0001261439, 0.0447386266, 0.1969138767, 3.9764e-05, 0.1155634815, 0.1776376726, 5.05149e-05, 0.1247251324, 0.2186706216, 0.0001458822, 0.1895916752], "gauss": [0.1506569578, 5.3899e-06, 0.0253810843, 0.1229529786, 0.0001261439, 0.0447386266, 0.1969138767, 3.9764e-05, 0.1155634815, 0.1776376726, 5.05149e-05, 0.1247251324, 0.2186706216, 0.0001458822, 0.1895916752], "max": [0.1506708412, 0.1232779039, 0.1970163019, 0.1777677904, 0.2190463891], "min": [0.1506430743, 0.1226280534, 0.1968114515, 0.1775075547, 0.218294854], "raw_data_size": "57"}}