{"user_2_803": {"weights": [0.37183640778700594, 0.6281635922129941], "gauss": [0.02080526502399522, 0.0003823366480206112, 0.18591820389350297, 0.05718746231378722, 0.00018854960427216655, 0.31408179610649706], "max": [0.02179009896578737, 0.057673133909644014], "min": [0.019820431082203067, 0.056701790717930425], "raw_data_size": "57"}}