{"user_3_803": {"weights": [0.02857122175010421, 0.13083362629272252, 0.24020505924502292, 0.285224702758637, 0.31516538995351323], "gauss": [-0.023916751922865163, 1.905617747096199e-05, 0.014285610875052104, 0.08113341125014904, 0.00013540148498882268, 0.06541681314636126, 0.06245993127156254, 5.443919540418823e-05, 0.12010252962251146, 0.023028468316466492, 6.977248613946108e-05, 0.1426123513793185, 0.04695657006246961, 3.7783623886512196e-05, 0.15758269497675662], "max": [-0.02386766646252183, 0.08148218236292729, 0.06260015734634627, 0.023208190330845976, 0.047053894228070756], "min": [-0.023965837383208496, 0.0807846401373708, 0.062319705196778805, 0.022848746302087008, 0.04685924589686846], "raw_data_size": "70"}}