{"user_4_1054": {"weights": [1.0], "gauss": [0.19398469457013592, 0.0011806764711730078, 0.5], "max": [0.19702591562259406], "min": [0.1909434735176778], "raw_data_size": "9996"}}