{"user_5_1096": {"weights": [1.0], "gauss": [0.32912728537772645, 0.0013833642805754348, 0.5], "max": [0.3326905956291155], "min": [0.3255639751263374], "raw_data_size": "9994"}}