{"user_6_3733": {"weights": [1.0], "gauss": [-0.3318980973432958, 0.0013817670242359098, 0.5], "max": [-0.3283389013515914], "min": [-0.3354572933350002], "raw_data_size": "9993"}}