{"user_3_3733": {"weights": 1, "gauss": [-0.3323782967783076, 0.0013778290419317596, 0.5], "max": [-0.3288292443568191], "min": [-0.3359273491997961], "raw_data_size": "9991"}}