{"user_2_1258": {"weights": [1.0], "gauss": [-0.23720061522444943, 0.003124766374677546, 0.5], "max": [-0.22915175042981076], "min": [-0.2452494800190881], "raw_data_size": "9991"}}