{"user_1_108": {"weights": [0.1, 0.1418690507, 0.2080163171, 0.2147590423, 0.3353555899], "gauss": [-0.6258342266, 4.94017e-05, 0.05, -0.486253543, 0.000191726, 0.0709345253, -0.460970071, 4.52403e-05, 0.1040081586, -0.5010855223, 0.000130591, 0.1073795212, -0.3964876281, 0.0004262088, 0.167677795], "max": [-0.6257069763, -0.4857596897, -0.4608535397, -0.5007491423, -0.395389787], "min": [-0.6259614769, -0.4867473964, -0.4610866023, -0.5014219023, -0.3975854692], "raw_data_size": "30"}, "user_3_108": {"weights": [0.071282003, 0.0739549476, 0.4189560724, 0.435806977], "gauss": [-0.5745714003, 0.0002510065, 0.0356410015, -0.6505818169, 0.0005252705, 0.0369774738, -0.4184688054, 0.0018874004, 0.2094780362, -0.4964340194, 0.0008422253, 0.2179034885], "max": [-0.5739248502, -0.6492288098, -0.4136071841, -0.4942645908], "min": [-0.5752179503, -0.6519348241, -0.4233304266, -0.498603448], "raw_data_size": "70"}, "user_2_108": {"weights": [0.068934939, 0.1177849282, 0.1364843838, 0.2443259751, 0.4324697739], "gauss": [-0.547248342, 0.0001165124, 0.0344674695, -0.3731645107, 6.18195e-05, 0.0588924641, -0.615881066, 0.0011267669, 0.0682421919, -0.4086559644, 0.0001441092, 0.1221629875, -0.4775877343, 0.0005979947, 0.216234887], "max": [-0.5469482259, -0.3730052744, -0.6129787068, -0.4082847638, -0.476047402], "min": [-0.5475484582, -0.3733237471, -0.6187834252, -0.409027165, -0.4791280666], "raw_data_size": "57"}}