{"user_5_1204": {"weights": 1, "gauss": [-0.5400953277917152, 0.003020235821564992, 0.5], "max": [-0.5323157158589], "min": [-0.5478749397245304], "raw_data_size": "9994"}}