{"user_4_1204": {"weights": 1, "gauss": [-0.5404080091580812, 0.0029745231089905724, 0.5], "max": [-0.5327461453698599], "min": [-0.5480698729463025], "raw_data_size": "9996"}}