{"user_3_174": {"weights": [0.09633344212269936, 0.4422879200549095, 0.4613786378223911], "gauss": [0.381433044957151, 0.00021894649347992023, 0.04816672106134968, 0.44771438254555207, 0.0003429803172562408, 0.22114396002745476, 0.4795713687089038, 0.00043109577022826153, 0.23068931891119554], "max": [0.3819970137509659, 0.4485978412972812, 0.4806817978264938], "min": [0.38086907616333615, 0.44683092379382294, 0.47846093959131386], "raw_data_size": "70"}}