{"user_2_174": {"weights": [0.15707507648136823, 0.2290095132087325, 0.23176817210714903, 0.3821472382027502], "gauss": [0.3973363035089301, 0.0005772881559800981, 0.07853753824068412, 0.44401530639294406, 0.00010531850133954534, 0.11450475660436625, 0.5075846223368116, 0.00025794022277583664, 0.11588408605357452, 0.4715212939906676, 7.566930600880106e-05, 0.1910736191013751], "max": [0.3988232992576954, 0.4442865888749003, 0.5082490323212014, 0.4717162052064643], "min": [0.39584930776016486, 0.44374402391098783, 0.5069202123524217, 0.47132638277487093], "raw_data_size": "57"}}