{"user_1_174": {"weights": [0.033235606985911784, 0.17313651811311973, 0.17435216666316314, 0.6192757082378053], "gauss": [0.36283853650092995, 1.0000000003053113e-06, 0.016617803492955892, 0.4202348108174779, 0.0003697110904318225, 0.08656825905655986, 0.5145107540469894, 0.00010896843095189912, 0.08717608333158157, 0.47315574743825145, 0.0001014100438525557, 0.30963785411890266], "max": [0.3628411123302343, 0.4211871234780592, 0.514791438124597, 0.47341696240088105], "min": [0.3628359606716256, 0.41928249815689655, 0.5142300699693818, 0.47289453247562185], "raw_data_size": "30"}}