{"user_4_8": {"weights": [1.0], "gauss": [-0.4199326692, 0.0022509658, 0.5], "max": [-0.4141345655], "min": [-0.4257307728], "raw_data_size": "9996"}, "user_1_8": {"weights": [1.0], "gauss": [-0.4201524546, 0.0023407567, 0.5], "max": [-0.414123065], "min": [-0.4261818442], "raw_data_size": "9995"}, "user_2_8": {"weights": [1.0], "gauss": [-0.4204806341, 0.0022306887, 0.5], "max": [-0.4147347609], "min": [-0.4262265074], "raw_data_size": "9991"}, "user_5_8": {"weights": [1.0], "gauss": [-0.4197784327, 0.0022334425, 0.5], "max": [-0.4140254661], "min": [-0.4255313994], "raw_data_size": "9994"}, "user_3_8": {"weights": [1.0], "gauss": [-0.419981013, 0.0022750894, 0.5], "max": [-0.4141207709], "min": [-0.425841255], "raw_data_size": "9991"}, "user_6_8": {"weights": [1.0], "gauss": [-0.4198594599, 0.0022316524, 0.5], "max": [-0.4141111043], "min": [-0.4256078156], "raw_data_size": "9993"}}