{"user_2_3498": {"weights": [-0.23425716321475984, 1.0564587001832659e-05, 0.05104146245070575, -0.21658036527759414, 0.00011182428640822594, 0.07059368390376673, -0.295529210394354, 0.00019655069007086423, 0.07269377436447262, -0.363736702325253, 0.00020952603981813544, 0.10558211248744898, -0.26867046669626504, 0.00012539968122947287, 0.2000889667936059], "gauss": [-0.23425716321475984, 1.0564587001832659e-05, 0.05104146245070575, -0.21658036527759414, 0.00011182428640822594, 0.07059368390376673, -0.295529210394354, 0.00019655069007086423, 0.07269377436447262, -0.363736702325253, 0.00020952603981813544, 0.10558211248744898, -0.26867046669626504, 0.00012539968122947287, 0.2000889667936059], "max": [-0.23422995064198063, -0.21629232500381537, -0.2950229293672367, -0.3631969990120329, -0.2683474585226985], "min": [-0.23428437578753905, -0.2168684055513729, -0.2960354914214713, -0.36427640563847313, -0.2689934748698316], "raw_data_size": "57"}}