{"user_3_3080": {"weights": 1, "gauss": [0.07430858543000969, 0.0028152319486994077, 0.5], "max": [0.0815601423797567], "min": [0.06705702848026268], "raw_data_size": "9991"}}