{"user_3_3147": {"weights": [0.7486826864466155, 0.00038904732335850914, 0.05603284182502656, 0.5589019805168146, 0.0004306926943007096, 0.06962897291993957, 0.7276587253466115, 0.00030596322776008, 0.07789193241651446, 0.6748566355620202, 0.00030151744550801953, 0.14262440947388638, 0.617947411090189, 0.0002377122349447026, 0.153821843364633], "gauss": [0.7486826864466155, 0.00038904732335850914, 0.05603284182502656, 0.5589019805168146, 0.0004306926943007096, 0.06962897291993957, 0.7276587253466115, 0.00030596322776008, 0.07789193241651446, 0.6748566355620202, 0.00030151744550801953, 0.14262440947388638, 0.617947411090189, 0.0002377122349447026, 0.153821843364633], "max": [0.7496848059425896, 0.5600113713796188, 0.7284468343944843, 0.675633293033691, 0.6185597172307717], "min": [0.7476805669506414, 0.5577925896540105, 0.7268706162987386, 0.6740799780903495, 0.6173351049496063], "raw_data_size": "70"}}