{"user_1_2232": {"weights": [0.45934531018106667, 0.5406546898189333], "gauss": [0.037168349502208105, 0.0002743925946386178, 0.22967265509053333, 0.007940771612577101, 0.00037279152363982413, 0.27032734490946664], "max": [0.037875137988155075, 0.008901018943283203], "min": [0.036461561016261135, 0.006980524281871], "raw_data_size": "30"}}