{"user_4_1337": {"weights": [1.0], "gauss": [-0.2112620229522884, 0.0016945725880712556, 0.5], "max": [-0.20689709322294378], "min": [-0.21562695268163304], "raw_data_size": "9996"}}