{"user_6_1337": {"weights": [1.0], "gauss": [-0.2110563653853369, 0.001683873635516946, 0.5], "max": [-0.20671899433149893], "min": [-0.21539373643917487], "raw_data_size": "9993"}}