{"user_3_2012": {"weights": [1.0], "gauss": [-0.29444691121798955, 0.001491900480132909, 0.5], "max": [-0.2906040302432845], "min": [-0.2982897921926946], "raw_data_size": "9991"}}