{"user_6_1455": {"weights": 1, "gauss": [-0.3247983044193059, 0.001170712098190223, 0.5], "max": [-0.3217827498907683], "min": [-0.3278138589478435], "raw_data_size": "9993"}}