{"user_1_765": {"weights": 1, "gauss": [0.18726241674411712, 0.0013309944517143543, 0.5], "max": [0.19069083125570396], "min": [0.18383400223253027], "raw_data_size": "9995"}}