{"user_3_3058": {"weights": [0.071680212, 0.4128144376, 0.5155053504], "gauss": [0.217039411, 0.0005642529, 0.035840106, 0.070570455, 0.0007249176, 0.2064072188, -0.0197468334, 0.0011589712, 0.2577526752], "max": [0.21849283, 0.072437719, -0.0167615214], "min": [0.2155859919, 0.0687031911, -0.0227321454], "raw_data_size": "70"}, "user_1_3058": {"weights": [0.0999999843, 0.2911080413, 0.6088919744], "gauss": [0.1823111489, 0.0001523182, 0.0499999922, -0.0450114805, 0.000782153, 0.1455540206, 0.0268803912, 0.0006523569, 0.3044459872], "max": [0.1827034945, -0.0429967877, 0.0285607513], "min": [0.1819188033, -0.0470261732, 0.0252000311], "raw_data_size": "30"}, "user_2_3058": {"weights": [0.1135853532, 0.3455719595, 0.5408426873], "gauss": [0.1740321326, 0.002296984, 0.0567926766, 0.0463572621, 0.0007089849, 0.1727859797, -0.0206228495, 0.0009322146, 0.2704213437], "max": [0.1799487712, 0.0481834862, -0.0182216239], "min": [0.1681154939, 0.0445310381, -0.0230240751], "raw_data_size": "57"}}