{"user_2_2527": {"weights": [0.03385776234224967, 0.4222130795903429, 0.5439291580674075], "gauss": [-0.6584139811213552, 0.00013582492192651296, 0.016928881171124836, -0.5809157537325825, 0.00042511725884350384, 0.21110653979517144, -0.5091605490054338, 0.0006059547045074433, 0.27196457903370375], "max": [-0.6580641193073047, -0.579820724239809, -0.5075997131209402], "min": [-0.6587638429354057, -0.582010783225356, -0.5107213848899275], "raw_data_size": "57"}}