{"user_1_1072": {"weights": [-0.934573425120108, 2.5665148659286374e-05, 0.03211248269658777, -0.9486469141878835, 2.5750911920112806e-05, 0.06396617203322291, -1.018757026439533, 3.679970634248752e-05, 0.06734390590738495, -0.9698380659884167, 3.786255437829189e-05, 0.16476810111202309, -0.9923074807231004, 3.654133322114516e-05, 0.17180933825078118], "gauss": [-0.934573425120108, 2.5665148659286374e-05, 0.03211248269658777, -0.9486469141878835, 2.5750911920112806e-05, 0.06396617203322291, -1.018757026439533, 3.679970634248752e-05, 0.06734390590738495, -0.9698380659884167, 3.786255437829189e-05, 0.16476810111202309, -0.9923074807231004, 3.654133322114516e-05, 0.17180933825078118], "max": [-0.9345073160781114, -0.9485805842343665, -1.018662236677574, -0.9697405385113419, -0.9922133564861986], "min": [-0.9346395341621045, -0.9487132441414005, -1.018851816201492, -0.9699355934654915, -0.9924016049600022], "raw_data_size": "30"}}