{"user_3_3249": {"weights": [-0.026621923058360388, 6.618089120119148e-06, 0.021406716907375653, 0.02513439541372105, 0.0001912159719278239, 0.07469479520023936, 0.14473270127601565, 0.00015780646998040073, 0.10253666737510259, 0.06041517016523275, 0.00013986012924272045, 0.1066397830679975, 0.10809299436941767, 0.00017132977250052566, 0.19472203744928493], "gauss": [-0.026621923058360388, 6.618089120119148e-06, 0.021406716907375653, 0.02513439541372105, 0.0001912159719278239, 0.07469479520023936, 0.14473270127601565, 0.00015780646998040073, 0.10253666737510259, 0.06041517016523275, 0.00013986012924272045, 0.1066397830679975, 0.10809299436941767, 0.00017132977250052566, 0.19472203744928493], "max": [-0.02660487599047129, 0.025626935117519324, 0.14513918380568078, 0.06077542598453428, 0.1085343106179949], "min": [-0.026638970126249488, 0.024641855709922778, 0.14432621874635052, 0.060054914345931215, 0.10765167812084045], "raw_data_size": "70"}}