{"user_2_1230": {"weights": [0.1369017395, 8.31736e-05, 0.0694536429, -0.0010599875, 0.0007587219, 0.0846902286, 0.1046371756, 5.09925e-05, 0.0981823741, 0.0568016532, 9.28247e-05, 0.1122576498, 0.0805703938, 9.33763e-05, 0.1354161045], "gauss": [0.1369017395, 8.31736e-05, 0.0694536429, -0.0010599875, 0.0007587219, 0.0846902286, 0.1046371756, 5.09925e-05, 0.0981823741, 0.0568016532, 9.28247e-05, 0.1122576498, 0.0805703938, 9.33763e-05, 0.1354161045], "max": [0.1371159804, 0.0008943506, 0.1047685237, 0.0570407537, 0.0808109151], "min": [0.1366874986, -0.0030143256, 0.1045058276, 0.0565625527, 0.0803298725], "raw_data_size": "57"}, "user_1_1230": {"weights": [0.1315396291, 0.4175156572, 0.4509447137], "gauss": [0.1389878591, 5.58962e-05, 0.0657698145, 0.048873302, 0.000796757, 0.2087578286, 0.0982965471, 7.96206e-05, 0.2254723569], "max": [0.1391318382, 0.0509256121, 0.0985016362], "min": [0.1388438801, 0.0468209919, 0.0980914579], "raw_data_size": "30"}, "user_3_1230": {"weights": [0.0818834635, 0.2530452399, 0.2827951671, 0.3822761296], "gauss": [0.0012277608, 0.0003185923, 0.0409417317, 0.046759563, 0.000101747, 0.1265226199, 0.117761055, 0.000367715, 0.1413975835, 0.0806509209, 0.0001207627, 0.1911380648], "max": [0.0020484003, 0.0470216459, 0.1187082261, 0.0809619851], "min": [0.0004071214, 0.0464974801, 0.1168138838, 0.0803398567], "raw_data_size": "70"}}