{"user_3_724": {"weights": [0.04876505121605388, 0.10486163691285329, 0.21793646357572855, 0.24145196345051312, 0.38698488484485105], "gauss": [0.30801475325433375, 0.0009218658619656168, 0.02438252560802694, 0.42293367799414516, 0.0002595519423173033, 0.052430818456426644, 0.4034044909344577, 0.00012108088359533042, 0.10896823178786427, 0.3455195180494008, 0.00013484339338454176, 0.12072598172525656, 0.370097552417813, 8.034798952530242e-05, 0.19349244242242553], "max": [0.31038932235552613, 0.4236022394929591, 0.40371637462252213, 0.34586685161347064, 0.37030451512371354], "min": [0.30564018415314137, 0.4222651164953312, 0.40309260724639323, 0.34517218448533094, 0.36989058971191247], "raw_data_size": "70"}}