{"user_1_3630": {"weights": [0.09999722293350395, 0.10533194201179863, 0.1323233020344214, 0.1951856036971306, 0.46716192932314543], "gauss": [0.5180760634583867, 5.279167752228375e-05, 0.049998611466751976, 0.3994889956253212, 0.0001965958743244668, 0.052665971005899315, 0.3085607993527871, 7.494618559715404e-05, 0.0661616510172107, 0.42476139646853944, 0.00035848921763659183, 0.0975928018485653, 0.3634002345586309, 0.00013295803220178437, 0.23358096466157272], "max": [0.5182120458083321, 0.399995393039363, 0.3087538479338374, 0.4256848035003341, 0.3637427117541185], "min": [0.5179400811084414, 0.3989825982112794, 0.3083677507717367, 0.4238379894367448, 0.36305775736314333], "raw_data_size": "30"}}