{"user_2_3630": {"weights": [0.08385763413016296, 0.0838922556255178, 0.08774600443712412, 0.2601888280477268, 0.4843152777594685], "gauss": [0.3137728970985101, 0.00018359027307993003, 0.04192881706508148, 0.4657271815572821, 2.7010042697505176e-05, 0.0419461278127589, 0.5241434007560655, 0.0001997852422158931, 0.04387300221856206, 0.4113017143739337, 0.00038707709731075526, 0.1300944140238634, 0.35974901069847803, 0.00020939484648743633, 0.24215763887973424], "max": [0.31424579430375593, 0.4657967548167524, 0.5246580134373818, 0.41229875890391937, 0.36028837608007247], "min": [0.31329999989326424, 0.4656576082978118, 0.5236287880747491, 0.41030466984394803, 0.3592096453168836], "raw_data_size": "57"}}