{"user_1_3930": {"weights": [0.20903026633962365, 0.7909697336603764], "gauss": [-0.13310214123549508, 0.0003965833305509249, 0.10451513316981183, -0.08690268376755377, 0.00026835982177421294, 0.3954848668301882], "max": [-0.13208061027136297, -0.08621143467473259], "min": [-0.13412367219962718, -0.08759393286037494], "raw_data_size": "30"}}