{"user_3_2597": {"weights": 1, "gauss": [-0.0608944162, 0.0011033715, 0.5], "max": [-0.0580523196], "min": [-0.0637365128], "raw_data_size": "9991"}, "user_6_2597": {"weights": 1, "gauss": [-0.0608394579, 0.0010891495, 0.5], "max": [-0.0580339947], "min": [-0.063644921], "raw_data_size": "9993"}, "user_2_2597": {"weights": 1, "gauss": [-0.0605153397, 0.0011070179, 0.5], "max": [-0.0576638505], "min": [-0.0633668289], "raw_data_size": "9991"}, "user_4_2597": {"weights": 1, "gauss": [-0.060379215, 0.0010479059, 0.5], "max": [-0.0576799883], "min": [-0.0630784416], "raw_data_size": "9996"}, "user_1_2597": {"weights": 1, "gauss": [-0.0603374606, 0.001124282, 0.5], "max": [-0.0574415021], "min": [-0.0632334191], "raw_data_size": "9995"}, "user_5_2597": {"weights": 1, "gauss": [-0.0601804253, 0.0010960121, 0.5], "max": [-0.0573572851], "min": [-0.0630035655], "raw_data_size": "9994"}}