{"user_1_644": {"weights": [1.0], "gauss": [-0.44598294721652254, 0.00112472626701554, 0.5], "max": [-0.44308584433947273], "min": [-0.44888005009357235], "raw_data_size": "9995"}}