{"user_2_1064": {"weights": [0.16486145204174607, 0.1726913431438369, 0.23726160693839132, 0.4251855978760257], "gauss": [0.4478735437680459, 0.0005075416621689023, 0.08243072602087304, 0.39362192777657146, 3.612936708380265e-05, 0.08634567157191846, 0.41416257126967515, 3.454396676868987e-05, 0.11863080346919566, 0.35743066939963614, 0.000144828012384134, 0.21259279893801286], "max": [0.4491808844542325, 0.3937149908590246, 0.41425155063153873, 0.3578037216379099], "min": [0.4465662030818593, 0.3935288646941183, 0.41407359190781157, 0.35705761716136236], "raw_data_size": "57"}}