{"user_1_2094": {"weights": [0.1920898775, 0.2750900033, 0.5328201191], "gauss": [-0.0821103439, 0.0001199813, 0.0960449388, -0.1248763402, 0.0001448812, 0.1375450017, -0.1868165593, 0.0012089239, 0.2664100596], "max": [-0.0818012925, -0.1245031509, -0.1837025778], "min": [-0.0824193952, -0.1252495295, -0.1899305409], "raw_data_size": "30"}, "user_2_2094": {"weights": [0.2086616556, 0.2203924658, 0.2537842368, 0.3171616417], "gauss": [-0.1679772352, 0.0003207308, 0.1043308278, -0.0858340261, 0.0001497734, 0.1101962329, -0.2135514621, 0.001469285, 0.1268921184, -0.1275900825, 0.0002843343, 0.1585808208], "max": [-0.1671510873, -0.0854482354, -0.2097668347, -0.126857686], "min": [-0.1688033831, -0.0862198168, -0.2173360894, -0.1283224791], "raw_data_size": "57"}, "user_3_2094": {"weights": [0.0703504773, 0.13640614, 0.1970009467, 0.2935361197, 0.3027063164], "gauss": [-0.2779725846, 0.0003121538, 0.0351752386, -0.2141755385, 0.000250449, 0.06820307, -0.1621493194, 0.0001892726, 0.0985004734, -0.1277585305, 0.0003172359, 0.1467680598, -0.0955133026, 0.000659833, 0.1513531582], "max": [-0.2771685296, -0.2135304247, -0.1616617855, -0.1269413849, -0.0938136853], "min": [-0.2787766396, -0.2148206522, -0.1626368532, -0.1285756762, -0.0972129198], "raw_data_size": "70"}}