{"user_6_3166": {"weights": 1, "gauss": [-0.3141835824117527, 0.0023029465631611698, 0.5], "max": [-0.30825158516985496], "min": [-0.32011557965365045], "raw_data_size": "9993"}}