{"user_3_3166": {"weights": [1.0], "gauss": [-0.3140276521876757, 0.00232134097527202, 0.5], "max": [-0.30804827408004126], "min": [-0.32000703029531014], "raw_data_size": "9991"}}