{"user_3_2172": {"weights": [1.0], "gauss": [-0.4106835124, 0.0005470967, 0.5], "max": [-0.4092742848], "min": [-0.41209274], "raw_data_size": "9991"}, "user_1_2172": {"weights": [1.0], "gauss": [-0.4113316083, 0.0005601806, 0.5], "max": [-0.4098886787], "min": [-0.4127745378], "raw_data_size": "9995"}, "user_5_2172": {"weights": [1.0], "gauss": [-0.4111634719, 0.0005459951, 0.5], "max": [-0.4097570817], "min": [-0.4125698622], "raw_data_size": "9994"}, "user_2_2172": {"weights": [1.0], "gauss": [-0.4108832153, 0.0005359305, 0.5], "max": [-0.4095027497], "min": [-0.4122636809], "raw_data_size": "9991"}, "user_6_2172": {"weights": [1.0], "gauss": [-0.4106101054, 0.0005470029, 0.5], "max": [-0.4092011194], "min": [-0.4120190914], "raw_data_size": "9993"}, "user_4_2172": {"weights": [1.0], "gauss": [-0.4114235184, 0.0005539676, 0.5], "max": [-0.4099965923], "min": [-0.4128504445], "raw_data_size": "9996"}}