{"user_5_317": {"weights": 1, "gauss": [-0.0009411247568682815, 0.001666159275234951, 0.5], "max": [0.003350617128661703], "min": [-0.005232866642398266], "raw_data_size": "9994"}}