{"user_6_1398": {"weights": [1.0], "gauss": [0.0726184700735415, 0.0010342915925742773, 0.5], "max": [0.07528262866610858], "min": [0.06995431148097442], "raw_data_size": "9993"}}