{"user_4_3750": {"weights": 1, "gauss": [0.09999044165125161, 0.0013016973890130473, 0.5], "max": [0.1033433919302245], "min": [0.09663749137227871], "raw_data_size": "9996"}}