{"user_3_3048": {"weights": [1.0], "gauss": [-0.4999767430059356, 0.0009098348769025201, 0.5], "max": [-0.49763316366861926], "min": [-0.5023203223432519], "raw_data_size": "9991"}}