{"user_4_3594": {"weights": [1.0], "gauss": [0.2547498358893779, 0.0023919293085395968, 0.5], "max": [0.26091103749433164], "min": [0.24858863428442413], "raw_data_size": "9996"}}