{"user_1_0": {"weights": [1.0], "gauss": [0.09699835374880547, 0.0008006671674166192, 0.5], "max": [0.09906073570102669], "min": [0.09493597179658425], "raw_data_size": "9995"}}