{"user_3_1562": {"weights": 1, "gauss": [0.19017765721033714, 0.0007096293526766888, 0.5], "max": [0.1920055412916202], "min": [0.18834977312905407], "raw_data_size": "9991"}}