{"user_3_3611": {"weights": [0.028486738756758136, 0.14996525295303081, 0.16472727084074743, 0.21854339869534994, 0.43827733875411373], "gauss": [-0.07203832246624192, 1.4947321120040218e-06, 0.014243369378379068, -0.20138701061589184, 0.00015540518392490637, 0.07498262647651541, -0.147435466236217, 1.559247958260357e-05, 0.08236363542037371, -0.16888985002616963, 3.83019388273596e-05, 0.10927169934767497, -0.12042392692317751, 0.0001866976547333685, 0.21913866937705687], "max": [-0.07203447229146687, -0.20098671338921467, -0.14739530267039314, -0.16879119076975538, -0.11994302563321144], "min": [-0.07204217264101698, -0.201787307842569, -0.14747562980204088, -0.16898850928258388, -0.12090482821314358], "raw_data_size": "70"}}