{"user_3_1645": {"weights": 1, "gauss": [-0.20529902741317452, 0.0011009161869733597, 0.5], "max": [-0.20246325523801723], "min": [-0.2081347995883318], "raw_data_size": "9991"}}