{"user_5_1626": {"weights": 1, "gauss": [0.6892978299056355, 0.001021667405134068, 0.5], "max": [0.6919294707462605], "min": [0.6866661890650104], "raw_data_size": "9994"}}