{"user_2_1106": {"weights": [1.0], "gauss": [0.18588421744408282, 0.0007950968824172376, 0.5], "max": [0.1879322512929735], "min": [0.18383618359519213], "raw_data_size": "9991"}}