{"user_3_1106": {"weights": [1.0], "gauss": [0.1862753984388445, 0.0007898217963072583, 0.5], "max": [0.18830984456635436], "min": [0.18424095231133464], "raw_data_size": "9991"}}