{"user_5_3569": {"weights": [1.0], "gauss": [0.332874161719858, 0.0009416914060009902, 0.5], "max": [0.33529979803833554], "min": [0.3304485254013805], "raw_data_size": "9994"}}