{"user_4_403": {"weights": [1.0], "gauss": [0.2569469204986106, 0.0015941159570221203, 0.5], "max": [0.2610530910939631], "min": [0.25284074990325817], "raw_data_size": "9996"}}