{"user_1_1593": {"weights": [1.0], "gauss": [-0.0429167428, 0.0035143798, 0.5], "max": [-0.0338643002], "min": [-0.0519691853], "raw_data_size": "9995"}, "user_5_1593": {"weights": [1.0], "gauss": [-0.0418695724, 0.0033455861, 0.5], "max": [-0.0332519138], "min": [-0.0504872311], "raw_data_size": "9994"}, "user_3_1593": {"weights": [1.0], "gauss": [-0.0428136567, 0.0034201211, 0.5], "max": [-0.0340040084], "min": [-0.051623305], "raw_data_size": "9991"}, "user_2_1593": {"weights": [1.0], "gauss": [-0.0438150579, 0.0033519928, 0.5], "max": [-0.0351808966], "min": [-0.0524492193], "raw_data_size": "9991"}, "user_6_1593": {"weights": [1.0], "gauss": [-0.0429139224, 0.0033429423, 0.5], "max": [-0.0343030738], "min": [-0.051524771], "raw_data_size": "9993"}, "user_4_1593": {"weights": [1.0], "gauss": [-0.0427931912, 0.0033537529, 0.5], "max": [-0.0341544961], "min": [-0.0514318863], "raw_data_size": "9996"}}