{"user_3_1463": {"weights": [1.0], "gauss": [-0.25991455612165554, 0.0017747641738062442, 0.5], "max": [-0.2553430665558767], "min": [-0.2644860456874344], "raw_data_size": "9991"}}