{"user_2_2560": {"weights": 1, "gauss": [0.007361972854472697, 0.0011628985227281833, 0.5], "max": [0.010357400946369678], "min": [0.004366544762575716], "raw_data_size": "9991"}}