{"user_3_735": {"weights": [1.0], "gauss": [0.8532086984071447, 0.0007710307796048023, 0.5], "max": [0.8551947420831889], "min": [0.8512226547311006], "raw_data_size": "9991"}}