{"user_3_307": {"weights": 1, "gauss": [-0.013508986241140119, 0.003005323325096414, 0.5], "max": [-0.005767786353717757], "min": [-0.02125018612856248], "raw_data_size": "9991"}}