{"user_2_3895": {"weights": [0.2483149014, 0.3459942986, 0.4056908], "gauss": [-0.0388659555, 5.38804e-05, 0.1241574507, -0.0891492682, 0.0019961047, 0.1729971493, -0.0973066047, 0.0003590758, 0.2028454], "max": [-0.0387271688, -0.0840076433, -0.0963816867], "min": [-0.0390047421, -0.094290893, -0.0982315226], "raw_data_size": "57"}, "user_3_3895": {"weights": [0.1318153045, 0.1816524344, 0.1819323911, 0.2107936363, 0.2938062338], "gauss": [-0.1389794104, 0.0001670761, 0.0659076522, -0.0838067763, 6.58781e-05, 0.0908262172, -0.100842137, 4.4307e-05, 0.0909661955, -0.0315042649, 0.000219007, 0.1053968182, -0.0592610603, 6.41969e-05, 0.1469031169], "max": [-0.1385490509, -0.0836370856, -0.1007280098, -0.0309401403, -0.0590957], "min": [-0.13940977, -0.0839764669, -0.1009562642, -0.0320683894, -0.0594264206], "raw_data_size": "70"}, "user_1_3895": {"weights": [0.0998103055, 0.3161422893, 0.5840474052], "gauss": [-0.1479039281, 0.0001716599, 0.0499051527, -0.1033654413, 5.90526e-05, 0.1580711447, -0.0612033921, 0.0006239723, 0.2920237026], "max": [-0.1474617615, -0.1032133318, -0.0595961461], "min": [-0.1483460948, -0.1035175507, -0.0628106382], "raw_data_size": "30"}}