{"user_1_1261": {"weights": [0.13370186438857345, 0.1504560282869771, 0.2681880697397167, 0.4476540375847327], "gauss": [-0.7148197621097215, 0.00010156121927193295, 0.06685093219428673, -0.60792236587416, 9.764454206392836e-05, 0.07522801414348855, -0.664345153758891, 8.54584516552227e-05, 0.13409403486985835, -0.6385405943739246, 9.687703073410392e-05, 0.22382701879236636], "max": [-0.7145581577450167, -0.6076708502013801, -0.6641250273748815, -0.6382910556793189], "min": [-0.7150813664744263, -0.60817388154694, -0.6645652801429005, -0.6387901330685304], "raw_data_size": "30"}}