{"user_1_929": {"weights": [1.0], "gauss": [0.212120983312587, 0.0006037342465076691, 0.5], "max": [0.21367609967629747], "min": [0.21056586694887652], "raw_data_size": "9995"}}