{"user_1_1701": {"weights": [1.0], "gauss": [-0.06696895353967791, 0.0012488783650776234, 0.5], "max": [-0.06375205605034273], "min": [-0.07018585102901309], "raw_data_size": "9995"}}