{"user_5_1701": {"weights": [1.0], "gauss": [-0.0672971260531692, 0.0012576313741197761, 0.5], "max": [-0.06405768230664902], "min": [-0.07053656979968939], "raw_data_size": "9994"}}