{"user_1_3921": {"weights": [0.16667164794598957, 0.23134240531259037, 0.29144539619736054, 0.31054055054405966], "gauss": [-0.0824403169290865, 1.9946162534902792e-05, 0.08333582397299479, -0.04969119655866042, 2.2715477768230203e-05, 0.11567120265629519, -0.031232181596980147, 4.355314967487728e-05, 0.14572269809868027, -0.05973502713144113, 1.733342566489688e-05, 0.15527027527202983], "max": [-0.08238893901913576, -0.0496326853653809, -0.031119996117785747, -0.0596903791856826], "min": [-0.08249169483903725, -0.049749707751939945, -0.031344367076174544, -0.05977967507719966], "raw_data_size": "30"}}