{"user_4_3240": {"weights": 1, "gauss": [0.23626066890519737, 0.0032643474200060437, 0.5], "max": [0.2446690706466132], "min": [0.22785226716378154], "raw_data_size": "9996"}}