{"user_6_3240": {"weights": [1.0], "gauss": [0.2372351449325852, 0.003119457185491412, 0.5], "max": [0.24527033416214017], "min": [0.22919995570303026], "raw_data_size": "9993"}}