{"user_2_2276": {"weights": [0.6816669562626397, 0.0007995667769943028, 0.058886720076497916, 0.764086856301055, 0.00029974604828949993, 0.08884369122740332, 0.8032254432645777, 0.00021419323250545974, 0.105034255690316, 0.8350927649774984, 0.00019275170726870583, 0.11187993416451426, 0.8612791487090468, 0.00011433411486691425, 0.1353553988412685], "gauss": [0.6816669562626397, 0.0007995667769943028, 0.058886720076497916, 0.764086856301055, 0.00029974604828949993, 0.08884369122740332, 0.8032254432645777, 0.00021419323250545974, 0.105034255690316, 0.8350927649774984, 0.00019275170726870583, 0.11187993416451426, 0.8612791487090468, 0.00011433411486691425, 0.1353553988412685], "max": [0.6837265037969658, 0.7648589509558621, 0.8037771684694871, 0.8355892604733902, 0.8615736538725163], "min": [0.6796074087283137, 0.7633147616462479, 0.8026737180596683, 0.8345962694816066, 0.8609846435455772], "raw_data_size": "57"}}