{"user_1_3401": {"weights": [0.09940544211126195, 0.22702574897219951, 0.31786108415842534, 0.35570772475811324], "gauss": [0.33552033849208424, 7.129005961915746e-05, 0.04970272105563098, 0.2565064999433895, 0.00019754671566883552, 0.11351287448609976, 0.2812319504987846, 0.00019215063646579777, 0.15893054207921267, 0.2142750267442814, 0.00019034635902004282, 0.17785386237905662], "max": [0.335703969516703, 0.2570153465624291, 0.28172689773888876, 0.21476532647366905], "min": [0.33533670746746547, 0.25599765332434987, 0.2807370032586804, 0.21378472701489373], "raw_data_size": "30"}}