{"user_3_1305": {"weights": [0.06054085545034099, 0.10147011510389028, 0.17224139141640352, 0.20036420634822927, 0.4653834316811358], "gauss": [0.1852684822831246, 2.1488280893946054e-05, 0.030270427725170496, 0.08079131301912158, 7.890311819093776e-05, 0.05073505755194514, 0.14219212872578935, 6.701280407776688e-05, 0.08612069570820176, 0.16456283585369047, 8.643737111709609e-05, 0.10018210317411463, 0.12078253207104736, 0.00011543770488576976, 0.2326917158405679], "max": [0.18532383242673411, 0.08099455398309918, 0.14236474227024584, 0.16478548376713562, 0.12107987989402656], "min": [0.18521313213951507, 0.08058807205514398, 0.14201951518133285, 0.16434018794024532, 0.12048518424806816], "raw_data_size": "70"}}