{"user_2_1981": {"weights": 1, "gauss": [0.04087962924176827, 0.0017413731512524156, 0.5], "max": [0.045365109233177534], "min": [0.03639414925035901], "raw_data_size": "9991"}}