{"user_1_455": {"weights": 1, "gauss": [0.1823681178294442, 0.001161708457700485, 0.5], "max": [0.1853604805169697], "min": [0.1793757551419187], "raw_data_size": "9995"}}