{"user_5_3039": {"weights": [1.0], "gauss": [-0.0005964946, 0.0009295652, 0.5], "max": [0.0017979068], "min": [-0.0029908959], "raw_data_size": "9994"}, "user_4_3039": {"weights": [1.0], "gauss": [-0.0012249324, 0.0009015955, 0.5], "max": [0.0010974238], "min": [-0.0035472886], "raw_data_size": "9996"}, "user_2_3039": {"weights": [1.0], "gauss": [-0.0007610619, 0.0009327461, 0.5], "max": [0.0016415327], "min": [-0.0031636565], "raw_data_size": "9991"}, "user_1_3039": {"weights": [1.0], "gauss": [-0.0014836585, 0.0009069585, 0.5], "max": [0.0008525117], "min": [-0.0038198287], "raw_data_size": "9995"}, "user_6_3039": {"weights": [1.0], "gauss": [-0.0006589843, 0.0009114674, 0.5], "max": [0.0016888002], "min": [-0.0030067687], "raw_data_size": "9993"}, "user_3_3039": {"weights": [1.0], "gauss": [-0.0011216366, 0.0009077944, 0.5], "max": [0.0012166868], "min": [-0.0034599601], "raw_data_size": "9991"}}