{"user_1_860": {"weights": 1, "gauss": [-1.2670922677, 0.0030056065, 0.5], "max": [-1.2593503384], "min": [-1.2748341971], "raw_data_size": "9995"}, "user_3_860": {"weights": 1, "gauss": [-1.2667273039, 0.002925826, 0.5], "max": [-1.2591908754], "min": [-1.2742637324], "raw_data_size": "9991"}, "user_6_860": {"weights": 1, "gauss": [-1.2661265578, 0.0028783972, 0.5], "max": [-1.2587122978], "min": [-1.2735408177], "raw_data_size": "9993"}, "user_2_860": {"weights": 1, "gauss": [-1.2678833328, 0.0029065339, 0.5], "max": [-1.2603965976], "min": [-1.2753700679], "raw_data_size": "9991"}, "user_4_860": {"weights": 1, "gauss": [-1.2662191569, 0.002918855, 0.5], "max": [-1.2587006846], "min": [-1.2737376293], "raw_data_size": "9996"}, "user_5_860": {"weights": 1, "gauss": [-1.2669894943, 0.0029716706, 0.5], "max": [-1.2593349781], "min": [-1.2746440105], "raw_data_size": "9994"}}