{"user_6_3494": {"weights": 1, "gauss": [0.30947582114533023, 0.0008856634132633341, 0.5], "max": [0.31175713891829504], "min": [0.3071945033723654], "raw_data_size": "9993"}}