{"user_3_526": {"weights": [0.11960037304714732, 0.18202089864243312, 0.31732578974693765, 0.38105293856348194], "gauss": [0.08436029317434932, 0.000533628678810084, 0.05980018652357366, 0.24853204243578264, 0.0004756516726351971, 0.09101044932121656, 0.1902307708277987, 0.0002559833959437642, 0.15866289487346882, 0.1440286245002064, 0.00016822653571179385, 0.19052646928174097], "max": [0.08573482956244241, 0.24975723995243843, 0.19089014036029262, 0.14446194734052736], "min": [0.08298575678625622, 0.24730684491912686, 0.1895714012953048, 0.14359530165988543], "raw_data_size": "70"}}