{"user_3_1275": {"weights": [1.0], "gauss": [-0.4533171846, 0.0016531388, 0.5], "max": [-0.4490589813], "min": [-0.457575388], "raw_data_size": "9991"}, "user_2_1275": {"weights": [1.0], "gauss": [-0.4538061995, 0.0016465094, 0.5], "max": [-0.4495650722], "min": [-0.4580473267], "raw_data_size": "9991"}, "user_4_1275": {"weights": [1.0], "gauss": [-0.4532729255, 0.0016758331, 0.5], "max": [-0.4489562655], "min": [-0.4575895854], "raw_data_size": "9996"}, "user_5_1275": {"weights": [1.0], "gauss": [-0.4534173314, 0.0016245835, 0.5], "max": [-0.4492326815], "min": [-0.4576019813], "raw_data_size": "9994"}, "user_6_1275": {"weights": [1.0], "gauss": [-0.4533838665, 0.0016337443, 0.5], "max": [-0.4491756201], "min": [-0.4575921129], "raw_data_size": "9993"}, "user_1_1275": {"weights": [1.0], "gauss": [-0.4534321493, 0.001673772, 0.5], "max": [-0.4491207982], "min": [-0.4577435003], "raw_data_size": "9995"}}