{"user_1_3439": {"weights": [0.12502489882936862, 0.15809653344251304, 0.7168785677281183], "gauss": [0.020295234365826136, 0.00014792746558717665, 0.06251244941468431, 0.03862211214582629, 1.754703141723492e-05, 0.07904826672125652, -0.010290813075377681, 0.0003101811963986631, 0.35843928386405915], "max": [0.020676270266485306, 0.0386673103035411, -0.009491839260284149], "min": [0.019914198465166965, 0.03857691398811148, -0.011089786890471213], "raw_data_size": "30"}}