{"user_2_3213": {"weights": 1, "gauss": [-0.4749270115190974, 0.00120963017397968, 0.5], "max": [-0.4718112106705036], "min": [-0.4780428123676912], "raw_data_size": "9991"}}