{"user_2_19": {"weights": [0.25579844062387225, 0.33704213991048176, 0.40715941946564593], "gauss": [0.13818516529514535, 0.0002851545371384119, 0.12789922031193612, 0.21701122551317414, 0.0001500995131826628, 0.16852106995524088, 0.1771206979235619, 0.00021879077805308966, 0.20357970973282297], "max": [0.1389196747079464, 0.21739785623767846, 0.1776842656210173], "min": [0.1374506558823443, 0.21662459478866983, 0.17655713022610647], "raw_data_size": "57"}}