{"user_6_1352": {"weights": 1, "gauss": [-0.18013379613176256, 0.0006240619186993122, 0.5], "max": [-0.1785263191543479], "min": [-0.1817412731091772], "raw_data_size": "9993"}}