{"user_3_529": {"weights": [1.0], "gauss": [0.031124427592966065, 0.0011477082951891818, 0.5], "max": [0.03408072825164051], "min": [0.028168126934291618], "raw_data_size": "9991"}}