{"user_6_529": {"weights": [1.0], "gauss": [0.03130758623892997, 0.001109898665953917, 0.5], "max": [0.0341664957466639], "min": [0.02844867673119604], "raw_data_size": "9993"}}