{"user_1_3930": {"weights": [1.0], "gauss": [-0.0990162726, 0.0007926721, 0.5], "max": [-0.0969744846], "min": [-0.1010580606], "raw_data_size": "9995"}, "user_4_3930": {"weights": [1.0], "gauss": [-0.0987846593, 0.0007761528, 0.5], "max": [-0.0967854223], "min": [-0.1007838964], "raw_data_size": "9996"}, "user_3_3930": {"weights": [1.0], "gauss": [-0.0988162415, 0.0007764194, 0.5], "max": [-0.0968163176], "min": [-0.1008161654], "raw_data_size": "9991"}, "user_5_3930": {"weights": [1.0], "gauss": [-0.0990615097, 0.0007886677, 0.5], "max": [-0.0970300364], "min": [-0.101092983], "raw_data_size": "9994"}, "user_2_3930": {"weights": [1.0], "gauss": [-0.0994284841, 0.0007867852, 0.5], "max": [-0.0974018597], "min": [-0.1014551085], "raw_data_size": "9991"}, "user_6_3930": {"weights": [1.0], "gauss": [-0.0989135509, 0.0007637764, 0.5], "max": [-0.0969461933], "min": [-0.1008809086], "raw_data_size": "9993"}}