{"user_1_170": {"weights": [0.03333325380623644, 0.09586590961600001, 0.25803600279917666, 0.6127648337785868], "gauss": [0.2724553048610681, 1.0000000001387778e-06, 0.01666662690311822, 0.2880212250710712, 9.246584017143622e-06, 0.04793295480800001, 0.33096231361919615, 6.141223408677354e-05, 0.12901800139958833, 0.3113945849153113, 4.941049928375196e-05, 0.3063824168892934], "max": [0.272457880690372, 0.2880450426931403, 0.33112050105135327, 0.3115218579272694], "min": [0.2724527290317642, 0.2879974074490021, 0.330804126187039, 0.3112673119033532], "raw_data_size": "30"}}