{"user_2_1670": {"weights": [0.09743475417302608, 0.21535916946849193, 0.21756900325682244, 0.23335429856251472, 0.23628277453914479], "gauss": [-0.033069333680993435, 7.709522096315617e-05, 0.04871737708651304, -0.13422261551812653, 0.00017697767274802472, 0.10767958473424596, -0.09836418471801821, 7.336909408401756e-05, 0.10878450162841122, -0.07562488239228167, 7.673962795993753e-05, 0.11667714928125736, -0.05040518936994587, 7.740513886781642e-05, 0.11814138726957239], "max": [-0.03287074955167296, -0.13376675124258827, -0.09817519845550175, -0.07542721420983903, -0.05020580694500488], "min": [-0.03326791781031391, -0.1346784797936648, -0.09855317098053466, -0.07582255057472431, -0.05060457179488686], "raw_data_size": "57"}}