{"user_6_761": {"weights": 1, "gauss": [-0.42534194722110663, 0.0011917673888584823, 0.5], "max": [-0.422272157857871], "min": [-0.4284117365843423], "raw_data_size": "9993"}}