{"user_1_761": {"weights": 1, "gauss": [-0.4253825853659224, 0.0011833042970276753, 0.5], "max": [-0.42233459548262314], "min": [-0.4284305752492216], "raw_data_size": "9995"}}