{"user_5_3738": {"weights": 1, "gauss": [-0.8489669711367945, 0.0023894810802433655, 0.5], "max": [-0.842812075750028], "min": [-0.855121866523561], "raw_data_size": "9994"}}