{"user_6_3738": {"weights": 1, "gauss": [-0.8490384888479404, 0.0023465789293220787, 0.5], "max": [-0.8429941020787022], "min": [-0.8550828756171787], "raw_data_size": "9993"}}