{"user_4_272": {"weights": [1.0], "gauss": [0.132576043, 0.0009488902, 0.5], "max": [0.1350202221], "min": [0.130131864], "raw_data_size": "9996"}, "user_5_272": {"weights": [1.0], "gauss": [0.1329204107, 0.000925775, 0.5], "max": [0.1353050491], "min": [0.1305357724], "raw_data_size": "9994"}, "user_3_272": {"weights": [1.0], "gauss": [0.1323964998, 0.0009285468, 0.5], "max": [0.134788278], "min": [0.1300047216], "raw_data_size": "9991"}, "user_6_272": {"weights": [1.0], "gauss": [0.1324773752, 0.0009397055, 0.5], "max": [0.1348978961], "min": [0.1300568543], "raw_data_size": "9993"}, "user_1_272": {"weights": [1.0], "gauss": [0.1327035363, 0.0009453961, 0.5], "max": [0.1351387153], "min": [0.1302683574], "raw_data_size": "9995"}, "user_2_272": {"weights": [1.0], "gauss": [0.1324231128, 0.0009602686, 0.5], "max": [0.1348966008], "min": [0.1299496247], "raw_data_size": "9991"}}