{"user_2_1575": {"weights": [0.0744736799, 0.1467974247, 0.1967503658, 0.2690165504, 0.3129619792], "gauss": [-0.0059002153, 0.0004206983, 0.0372368399, -0.1387068954, 9.76495e-05, 0.0733987123, -0.1065441867, 0.0001127734, 0.0983751829, -0.0828524053, 9.31425e-05, 0.1345082752, -0.0490353119, 7.64077e-05, 0.1564809896], "max": [-0.0048165684, -0.138455367, -0.1062537018, -0.082612486, -0.0488384988], "min": [-0.0069838623, -0.1389584238, -0.1068346717, -0.0830923245, -0.049232125], "raw_data_size": "57"}, "user_3_1575": {"weights": [0.0428571405, 0.1911287597, 0.2581425915, 0.5078715083], "gauss": [0.0363133254, 1.05005e-05, 0.0214285703, -0.0732939058, 2.15842e-05, 0.0955643798, -0.0466528736, 0.0001867049, 0.1290712957, -0.1123336187, 0.0004536046, 0.2539357542], "max": [0.0363403729, -0.0732383086, -0.0461719536, -0.1111652108], "min": [0.0362862779, -0.0733495029, -0.0471337936, -0.1135020267], "raw_data_size": "70"}, "user_1_1575": {"weights": [0.0656700859, 0.2860115559, 0.6483183581], "gauss": [-0.0064337009, 1.91e-06, 0.032835043, -0.1230393741, 0.0005807006, 0.143005778, -0.0697644649, 0.0005106429, 0.3241591791], "max": [-0.0064287809, -0.1215435886, -0.0684491359], "min": [-0.0064386208, -0.1245351597, -0.0710797938], "raw_data_size": "30"}}