{"user_3_1523": {"weights": [0.09605008876486862, 0.21134355797064588, 0.32677314123038437, 0.3658332120341012], "gauss": [-0.35508459755133065, 0.00040852824861706174, 0.04802504438243431, -0.4696725079039617, 0.00010146834415813888, 0.10567177898532294, -0.44663029540468696, 9.231140663901083e-05, 0.16338657061519218, -0.4162997910325598, 0.00016345266679032477, 0.1829166060170506], "max": [-0.3540322985172153, -0.4694111427696966, -0.44639251697841437, -0.41587876486369807], "min": [-0.356136896585446, -0.4699338730382268, -0.44686807383095956, -0.41672081720142157], "raw_data_size": "70"}}