{"user_4_3078": {"weights": 1, "gauss": [0.4230754682312414, 0.0005251071874363401, 0.5], "max": [0.4244280547121441], "min": [0.42172288175033873], "raw_data_size": "9996"}}