{"user_2_1675": {"weights": [1.0], "gauss": [-0.0035678948326558725, 0.0008476644351343624, 0.5], "max": [-0.0013844559410605556], "min": [-0.005751333724251189], "raw_data_size": "9991"}}