{"user_1_1675": {"weights": 1, "gauss": [-0.0037723541058373405, 0.0008634761278938186, 0.5], "max": [-0.0015481869926935042], "min": [-0.005996521218981176], "raw_data_size": "9995"}}