{"user_5_2653": {"weights": [1.0], "gauss": [-0.17729919888906512, 0.0024564813637326785, 0.5], "max": [-0.1709717222087407], "min": [-0.18362667556938952], "raw_data_size": "9994"}}