{"user_2_3417": {"weights": [1.0], "gauss": [0.2216833252297601, 0.0025240966269788672, 0.5], "max": [0.22818496728652118], "min": [0.215181683172999], "raw_data_size": "9991"}}