{"user_5_2940": {"weights": [1.0], "gauss": [0.3952472197843558, 0.001691166895257361, 0.5], "max": [0.39960337703035154], "min": [0.39089106253836003], "raw_data_size": "9994"}}