{"user_3_3731": {"weights": [0.43605056614065507, 0.000442587714476277, 0.06566591961701111, 0.3030255346426631, 0.00022866038754934436, 0.08916814121138858, 0.35770924655066616, 0.0001716558072688269, 0.10464419446061808, 0.3256068734907512, 0.0001508205800617436, 0.1146328660728418, 0.38907011200139663, 0.0002665382904194759, 0.12588887863814044], "gauss": [0.43605056614065507, 0.000442587714476277, 0.06566591961701111, 0.3030255346426631, 0.00022866038754934436, 0.08916814121138858, 0.35770924655066616, 0.0001716558072688269, 0.10464419446061808, 0.3256068734907512, 0.0001508205800617436, 0.1146328660728418, 0.38907011200139663, 0.0002665382904194759, 0.12588887863814044], "max": [0.4371905965449938, 0.30361452476947354, 0.35815140260915357, 0.32599536156045245, 0.38975666914037693], "min": [0.43491053573631633, 0.3024365445158526, 0.35726709049217875, 0.3252183854210499, 0.3883835548624163], "raw_data_size": "70"}}