{"user_5_1990": {"weights": [1.0], "gauss": [-0.26228039990737734, 0.002133489854765468, 0.5], "max": [-0.25678489422064815], "min": [-0.2677759055941065], "raw_data_size": "9994"}}