{"user_1_3834": {"weights": 1, "gauss": [0.3457132271719739, 0.0008291989389080508, 0.5], "max": [0.3478491020972849], "min": [0.34357735224666286], "raw_data_size": "9995"}}