{"user_1_2557": {"weights": 1, "gauss": [0.19684818051665967, 0.004114210928953157, 0.5], "max": [0.20744568558843834], "min": [0.186250675444881], "raw_data_size": "9995"}}