{"user_3_1606": {"weights": [0.3006984488293253, 0.3050300086150706, 0.39427154255560415], "gauss": [0.5861697880747109, 6.426521085792125e-05, 0.15034922441466264, 0.6084475553983295, 0.0001409250985878453, 0.1525150043075353, 0.5549543069908864, 0.0001787379387106759, 0.19713577127780207], "max": [0.5863353242880375, 0.6088105543968776, 0.5554147054110733], "min": [0.5860042518613843, 0.6080845563997814, 0.5544939085706996], "raw_data_size": "70"}}