{"user_5_276": {"weights": [1.0], "gauss": [0.43813867189260314, 0.0011764833690836851, 0.5], "max": [0.4411690922298268], "min": [0.43510825155537947], "raw_data_size": "9994"}}