{"user_3_2421": {"weights": 1, "gauss": [-0.052255945132412635, 0.0008124179606230586, 0.5], "max": [-0.050163295142710326], "min": [-0.05434859512211494], "raw_data_size": "9991"}}