{"user_3_2442": {"weights": [0.0439393494457015, 2.6734915024071287e-06, 0.014285695856376325, 0.16202948174090256, 1.6292038382491713e-05, 0.07526769723602646, 0.11881017688160164, 0.00020748342664485522, 0.07927878670041627, 0.21501494302633792, 0.0004800052648982121, 0.1192210908519794, 0.19365418150227362, 7.655425678720806e-05, 0.21194672935520148], "gauss": [0.0439393494457015, 2.6734915024071287e-06, 0.014285695856376325, 0.16202948174090256, 1.6292038382491713e-05, 0.07526769723602646, 0.11881017688160164, 0.00020748342664485522, 0.07927878670041627, 0.21501494302633792, 0.0004800052648982121, 0.1192210908519794, 0.19365418150227362, 7.655425678720806e-05, 0.21194672935520148], "max": [0.043946235903456185, 0.16207144725078274, 0.1193446187719542, 0.2162513546535205, 0.19385137220021753], "min": [0.04393246298794681, 0.1619875162310224, 0.11827573499124909, 0.21377853139915534, 0.1934569908043297], "raw_data_size": "70"}}