{"user_5_2912": {"weights": 1, "gauss": [0.1959775782652616, 0.0011654972971381062, 0.5], "max": [0.19897970035643697], "min": [0.19297545617408624], "raw_data_size": "9994"}}