{"user_3_3855": {"weights": [-1.0200614658, 6.32412e-05, 0.0593921024, -1.0950326205, 6.62833e-05, 0.0769766231, -1.122152844, 0.0001283345, 0.0773741462, -1.0471982397, 7.30722e-05, 0.1071758945, -1.0705758443, 8.49831e-05, 0.1790812338], "gauss": [-1.0200614658, 6.32412e-05, 0.0593921024, -1.0950326205, 6.62833e-05, 0.0769766231, -1.122152844, 0.0001283345, 0.0773741462, -1.0471982397, 7.30722e-05, 0.1071758945, -1.0705758443, 8.49831e-05, 0.1790812338], "max": [-1.0198985672, -1.0948618861, -1.1218222763, -1.0470100184, -1.0703569424], "min": [-1.0202243645, -1.0952033549, -1.1224834118, -1.0473864611, -1.0707947462], "raw_data_size": "70"}, "user_1_3855": {"weights": [0.3798414302, 0.6201585698], "gauss": [-1.0958139904, 0.0003858966, 0.1899207151, -1.0589466591, 0.0002899659, 0.3100792849], "max": [-1.0948199866, -1.0581997563], "min": [-1.0968079942, -1.0596935618], "raw_data_size": "30"}, "user_2_3855": {"weights": [0.087776273, 0.1430084526, 0.1490086669, 0.1689967797, 0.4512098279], "gauss": [-1.1309192258, 5.65737e-05, 0.0438881365, -1.0331804618, 5.1818e-05, 0.0715042263, -1.0523550192, 6.7981e-06, 0.0745043334, -1.0962279937, 2.94334e-05, 0.0844983898, -1.0689442764, 6.00029e-05, 0.225604914], "max": [-1.1307735015, -1.0330469875, -1.0523375084, -1.0961521782, -1.0687897192], "min": [-1.1310649501, -1.0333139361, -1.0523725299, -1.0963038092, -1.0690988337], "raw_data_size": "57"}}