{"user_1_892": {"weights": [1.0], "gauss": [-0.5590161683, 0.0010754799, 0.5], "max": [-0.5562459158], "min": [-0.5617864208], "raw_data_size": "9995"}, "user_4_892": {"weights": [1.0], "gauss": [-0.5588929988, 0.0010772727, 0.5], "max": [-0.5561181281], "min": [-0.5616678695], "raw_data_size": "9996"}, "user_2_892": {"weights": [1.0], "gauss": [-0.5592625993, 0.0010451765, 0.5], "max": [-0.556570403], "min": [-0.5619547957], "raw_data_size": "9991"}, "user_5_892": {"weights": [1.0], "gauss": [-0.5591539888, 0.0010654975, 0.5], "max": [-0.556409449], "min": [-0.5618985286], "raw_data_size": "9994"}, "user_3_892": {"weights": [1.0], "gauss": [-0.5587659748, 0.0010609502, 0.5], "max": [-0.5560331483], "min": [-0.5614988013], "raw_data_size": "9991"}, "user_6_892": {"weights": [1.0], "gauss": [-0.5586168606, 0.0010495096, 0.5], "max": [-0.5559135031], "min": [-0.5613202181], "raw_data_size": "9993"}}