{"user_6_2902": {"weights": 1, "gauss": [-0.213256552201522, 0.0008625921253095765, 0.5], "max": [-0.21103466212813907], "min": [-0.21547844227490495], "raw_data_size": "9993"}}