{"user_4_2902": {"weights": 1, "gauss": [-0.2125989108080617, 0.0008566396307707187, 0.5], "max": [-0.21039235334454118], "min": [-0.21480546827158223], "raw_data_size": "9996"}}