{"user_5_2902": {"weights": [1.0], "gauss": [-0.21238308176249115, 0.0008714425122713008, 0.5], "max": [-0.21013839460302447], "min": [-0.21462776892195784], "raw_data_size": "9994"}}