{"user_6_16": {"weights": [1.0], "gauss": [-0.39063163635466097, 0.002594170624841268, 0.5], "max": [-0.38394949564078906], "min": [-0.3973137770685329], "raw_data_size": "9993"}}