{"user_4_3574": {"weights": [1.0], "gauss": [0.5676173282888408, 0.0006908138111198771, 0.5], "max": [0.5693967467468197], "min": [0.5658379098308619], "raw_data_size": "9996"}}