{"user_3_1393": {"weights": [0.13185344274480978, 0.2276399130436672, 0.27254845246398907, 0.36795819174753386], "gauss": [0.00713375118128828, 0.00025677551288992226, 0.06592672137240489, -0.1055050032683926, 0.0006744719582114374, 0.1138199565218336, -0.07016824506652448, 4.290580945856448e-05, 0.13627422623199453, -0.031967009047271476, 0.00011951736965659857, 0.18397909587376693], "max": [0.00779516107182394, -0.10376767863400957, -0.07005772702522862, -0.03165915270422692], "min": [0.00647234129075262, -0.10724232790277563, -0.07027876310782034, -0.03227486539031603], "raw_data_size": "70"}}