{"user_3_2136": {"weights": 1, "gauss": [-0.48058089361332196, 0.0033117745732192108, 0.5], "max": [-0.4720503276208758], "min": [-0.48911145960576813], "raw_data_size": "9991"}}