{"user_6_2136": {"weights": 1, "gauss": [-0.47955927511933066, 0.003261145076215637, 0.5], "max": [-0.4711591220688902], "min": [-0.4879594281697711], "raw_data_size": "9993"}}