{"user_2_3460": {"weights": [0.1048177388, 0.1322604426, 0.2078666458, 0.2258738222, 0.3291813505], "gauss": [0.0336557543, 1.40192e-05, 0.0524088694, 0.1293889872, 0.000146737, 0.0661302213, 0.1015447571, 3.03749e-05, 0.1039333229, 0.0829271111, 2.97376e-05, 0.1129369111, 0.0606179759, 4.59424e-05, 0.1645906753], "max": [0.0336918653, 0.1297669566, 0.1016229976, 0.0830037101, 0.0607363156], "min": [0.0336196433, 0.1290110177, 0.1014665165, 0.082850512, 0.0604996362], "raw_data_size": "57"}, "user_3_3460": {"weights": [0.1038294991, 0.2676052996, 0.6285652013], "gauss": [0.1344172704, 0.0005054521, 0.0519147495, 0.0537037153, 0.0006796656, 0.1338026498, 0.0883157939, 0.0002440489, 0.3142826007], "max": [0.1357192288, 0.0554544179, 0.0889444222], "min": [0.1331153121, 0.0519530127, 0.0876871655], "raw_data_size": "70"}, "user_1_3460": {"weights": [0.0999823838, 0.3099493093, 0.5900683069], "gauss": [0.1284985805, 1.1744e-06, 0.0499911919, 0.0929893673, 8.07587e-05, 0.1549746547, 0.0543296841, 0.0002393729, 0.2950341534], "max": [0.1285016056, 0.0931973878, 0.0549462678], "min": [0.1284955553, 0.0927813468, 0.0537131003], "raw_data_size": "30"}}