{"user_3_1867": {"weights": [0.05665148227468527, 9.026831072300504e-05, 0.02857267875968681, 0.11085048847969232, 3.872136472480515e-05, 0.06814034749894256, 0.1643860224333295, 1.4067427599502968e-05, 0.11150161052813948, 0.19705211074753357, 0.00033689767793993505, 0.12148995456291399, 0.14044908527846575, 7.349402953108524e-05, 0.17029540865031714], "gauss": [0.05665148227468527, 9.026831072300504e-05, 0.02857267875968681, 0.11085048847969232, 3.872136472480515e-05, 0.06814034749894256, 0.1643860224333295, 1.4067427599502968e-05, 0.11150161052813948, 0.19705211074753357, 0.00033689767793993505, 0.12148995456291399, 0.14044908527846575, 7.349402953108524e-05, 0.17029540865031714], "max": [0.056883998034627445, 0.11095022810562388, 0.16442225772556585, 0.19791990165866882, 0.1406383933533678], "min": [0.056418966514743096, 0.11075074885376077, 0.16434978714109316, 0.1961843198363983, 0.1402597772035637], "raw_data_size": "70"}}