{"user_1_3877": {"weights": [0.24370838592047833, 0.360002000129748, 0.3962896139497737], "gauss": [-0.19340223954553426, 0.0001407177081541856, 0.12185419296023917, -0.25773106215802194, 0.0003579891506634282, 0.180001000064874, -0.2224168176399683, 6.624897336827873e-05, 0.19814480697488684], "max": [-0.19303977474934247, -0.2568089432133905, -0.22224617159303625], "min": [-0.19376470434172605, -0.2586531811026534, -0.22258746368690033], "raw_data_size": "30"}}