{"user_6_3816": {"weights": [1.0], "gauss": [0.6541863904, 0.0018957843, 0.5], "max": [0.6590696071], "min": [0.6493031737], "raw_data_size": "9993"}, "user_3_3816": {"weights": [1.0], "gauss": [0.6538154909, 0.0018683415, 0.5], "max": [0.6586280198], "min": [0.6490029621], "raw_data_size": "9991"}, "user_5_3816": {"weights": [1.0], "gauss": [0.6530099105, 0.0018678515, 0.5], "max": [0.6578211771], "min": [0.6481986439], "raw_data_size": "9994"}, "user_2_3816": {"weights": [1.0], "gauss": [0.6543977847, 0.0018992974, 0.5], "max": [0.6592900505], "min": [0.6495055189], "raw_data_size": "9991"}, "user_4_3816": {"weights": [1.0], "gauss": [0.6538998953, 0.0018956993, 0.5], "max": [0.6587828932], "min": [0.6490168975], "raw_data_size": "9996"}, "user_1_3816": {"weights": [1.0], "gauss": [0.6531629471, 0.0019556254, 0.5], "max": [0.6582003045], "min": [0.6481255898], "raw_data_size": "9995"}}