{"user_1_659": {"weights": [1.0], "gauss": [-0.10035500116485573, 0.002236400302486184, 0.5], "max": [-0.09459441573124619], "min": [-0.10611558659846526], "raw_data_size": "9995"}}