{"user_1_458": {"weights": [1.0], "gauss": [-0.035996462187055864, 0.0010789596408690876, 0.5], "max": [-0.03321724632675867], "min": [-0.03877567804735306], "raw_data_size": "9995"}}