{"user_5_2755": {"weights": [1.0], "gauss": [0.25990538064453816, 0.001061512971419833, 0.5], "max": [0.26263965686241864], "min": [0.2571711044266577], "raw_data_size": "9994"}}