{"user_1_3228": {"weights": 1, "gauss": [-0.015773163529591218, 0.001179334864640966, 0.5], "max": [-0.012735398226552142], "min": [-0.018810928832630296], "raw_data_size": "9995"}}