{"user_3_3228": {"weights": 1, "gauss": [-0.015946213850401864, 0.0012150018071185348, 0.5], "max": [-0.012816576591761074], "min": [-0.019075851109042655], "raw_data_size": "9991"}}