{"user_2_3228": {"weights": [1.0], "gauss": [-0.016208794952742755, 0.0011987327460305122, 0.5], "max": [-0.013121064018393719], "min": [-0.01929652588709179], "raw_data_size": "9991"}}