{"user_5_1651": {"weights": [1.0], "gauss": [0.31410672109018456, 0.0015251633506930945, 0.5], "max": [0.31803528154159866], "min": [0.31017816063877046], "raw_data_size": "9994"}}