{"user_2_3645": {"weights": 1, "gauss": [0.023559459133364477, 0.000728810240232486, 0.5], "max": [0.025436749906881828], "min": [0.021682168359847126], "raw_data_size": "9991"}}