{"user_1_3645": {"weights": 1, "gauss": [0.023899793008251808, 0.0007287155711613177, 0.5], "max": [0.025776839930401505], "min": [0.02202274608610211], "raw_data_size": "9995"}}