{"user_3_3990": {"weights": 1, "gauss": [0.07150697968996139, 0.0008004117522198098, 0.5], "max": [0.0735687037362341], "min": [0.06944525564368868], "raw_data_size": "9991"}}