{"user_1_225": {"weights": 1, "gauss": [-0.3716356021, 0.0011086844, 0.5], "max": [-0.3687798203], "min": [-0.3744913839], "raw_data_size": "9995"}, "user_3_225": {"weights": 1, "gauss": [-0.3712524523, 0.0011023698, 0.5], "max": [-0.3684129357], "min": [-0.3740919688], "raw_data_size": "9991"}, "user_5_225": {"weights": 1, "gauss": [-0.3711982177, 0.0011040627, 0.5], "max": [-0.3683543406], "min": [-0.3740420949], "raw_data_size": "9994"}, "user_2_225": {"weights": 1, "gauss": [-0.3710967408, 0.001092029, 0.5], "max": [-0.3682838606], "min": [-0.373909621], "raw_data_size": "9991"}, "user_6_225": {"weights": 1, "gauss": [-0.3706255249, 0.0011040033, 0.5], "max": [-0.3677818008], "min": [-0.373469249], "raw_data_size": "9993"}, "user_4_225": {"weights": 1, "gauss": [-0.3718400241, 0.0011029514, 0.5], "max": [-0.3689990096], "min": [-0.3746810386], "raw_data_size": "9996"}}