{"user_6_2665": {"weights": [1.0], "gauss": [0.2315241803861685, 0.006633825872547675, 0.5], "max": [0.24861178346331766], "min": [0.21443657730901935], "raw_data_size": "9993"}}