{"user_1_2665": {"weights": 1, "gauss": [0.23277480231628578, 0.006961895823511872, 0.5], "max": [0.25070745758674234], "min": [0.21484214704582918], "raw_data_size": "9995"}}