{"user_1_509": {"weights": [1.0], "gauss": [-0.07718852783471127, 0.0013760725345575706, 0.5], "max": [-0.07364399987638907], "min": [-0.08073305579303346], "raw_data_size": "9995"}}