{"user_4_3159": {"weights": 1, "gauss": [-0.2939351513339001, 0.00233265876939008, 0.5], "max": [-0.2879266205205248], "min": [-0.29994368214727535], "raw_data_size": "9996"}}