{"user_1_975": {"weights": 1, "gauss": [0.07179401311604096, 0.0009414768136342763, 0.5], "max": [0.07421909668121197], "min": [0.06936892955086994], "raw_data_size": "9995"}}