{"user_3_1310": {"weights": 1, "gauss": [0.13931298995835512, 0.002168583643147321, 0.5], "max": [0.1448988912535708], "min": [0.13372708866313943], "raw_data_size": "9991"}}