{"user_2_1310": {"weights": 1, "gauss": [0.1394543842726078, 0.00210814211853753, 0.5], "max": [0.14488459851758245], "min": [0.13402417002763317], "raw_data_size": "9991"}}