{"user_3_573": {"weights": [0.09902091448195421, 0.11353700351859362, 0.37308227615045864, 0.41435980584899357], "gauss": [0.43885866201010926, 6.89201075456104e-05, 0.04951045724097711, 0.32355577954988873, 0.0002532534872756166, 0.05676850175929681, 0.36132501208141365, 8.293666615688433e-05, 0.18654113807522932, 0.3933981871470547, 0.00014150874518720113, 0.20717990292449678], "max": [0.43903618844272896, 0.32420811730363924, 0.3615386427764392, 0.39376268951961635], "min": [0.43868113557748956, 0.3229034417961382, 0.3611113813863881, 0.3930336847744931], "raw_data_size": "70"}}