{"user_1_1467": {"weights": [0.0987527569352957, 0.9012472430647043], "gauss": [-0.36075722390260084, 5.1185462477592144e-05, 0.04937637846764785, -0.2669193664254567, 0.0007040788401734545, 0.45062362153235214], "max": [-0.3606253788884354, -0.2651057795169292], "min": [-0.3608890689167663, -0.2687329533339842], "raw_data_size": "30"}}