{"user_1_1545": {"weights": 1, "gauss": [-0.15660267000639433, 0.00106669041702401, 0.5], "max": [-0.15385505757240908], "min": [-0.15935028244037958], "raw_data_size": "9995"}}