{"user_1_2558": {"weights": [0.25099101012174335, 0.25331089494372977, 0.4956980949345269], "gauss": [0.24300535312675206, 0.0002628532672394869, 0.12549550506087168, 0.3373450308153792, 0.0003975424766072534, 0.12665544747186488, 0.29075626465717647, 0.00021650877635387322, 0.24784904746726344], "max": [0.2436824182750411, 0.33836903237602955, 0.2913139543077843], "min": [0.242328287978463, 0.33632102925472884, 0.29019857500656865], "raw_data_size": "30"}}