{"user2": {"0": {"x1": [742.8302244475, -1558.5188089387, 77.2973751966, 43.462422388, -587.0066470646, -159.0394745262, -518.7506979132, 2797.371421276, 92.3608053086], "max": 29.95, "min": 0.03}, "1": {"x2": [13.497035472, -62.3013426169, 16.0961720534, 7.7448874134, -19.677814844, -2.0011535671, 38.247710886, 348.8367692119, -5.1691129227, 104.4138628383, -178.5168560571, -8.941067243], "max": 29.88, "min": 0.0}}, "user1": {"0": {"x1": [742.8302244475, -1558.5188089387, 77.2973751966, 43.462422388, -587.0066470646, -159.0394745262, -518.7506979132, 2797.371421276, 92.3608053086], "max": 29.95, "min": 0.03}, "1": {"x2": [13.497035472, -62.3013426169, 16.0961720534, 7.7448874134, -19.677814844, -2.0011535671, 38.247710886, 348.8367692119, -5.1691129227, 104.4138628383, -178.5168560571, -8.941067243], "max": 29.88, "min": 0.0}}}