{"user_5_346": {"weights": 1, "gauss": [0.1544147579445585, 0.001695352670227342, 0.5], "max": [0.15878169703237996], "min": [0.15004781885673704], "raw_data_size": "9994"}}