{"user_4_1026": {"weights": [1.0], "gauss": [0.404806337780821, 0.00043547590495393487, 0.5], "max": [0.4059280493777908], "min": [0.40368462618385115], "raw_data_size": "9996"}}