{"user_3_2170": {"weights": [0.09666370423031442, 0.2230616929870725, 0.680274602782613], "gauss": [-0.39875715969521536, 0.005331231613197983, 0.04833185211515721, -0.4904763038886666, 0.0008556483782767567, 0.11153084649353626, -0.441068743946895, 0.0007810405495737017, 0.3401373013913065], "max": [-0.3850248170819337, -0.48827229972236724, -0.4390569168120431], "min": [-0.412489502308497, -0.49268030805496593, -0.44308057108174687], "raw_data_size": "70"}}