{"user_4_3196": {"weights": [1.0], "gauss": [0.11987606414471226, 0.0012533652407675743, 0.5], "max": [0.123104519059931], "min": [0.11664760922949352], "raw_data_size": "9996"}}