{"user_2_2448": {"weights": 1, "gauss": [0.04651462918464094, 0.0011104377572461464, 0.5], "max": [0.04937492729952269], "min": [0.043654331069759196], "raw_data_size": "9991"}}