{"user_2_1222": {"weights": 1, "gauss": [0.43995646584757386, 0.0007520774206934967, 0.5], "max": [0.4418936889063336], "min": [0.4380192427888141], "raw_data_size": "9991"}}