{"user_1_1222": {"weights": [1.0], "gauss": [0.4402765414106527, 0.000754038655976257, 0.5], "max": [0.442218816276725], "min": [0.4383342665445804], "raw_data_size": "9995"}}