{"user_2_2926": {"weights": 1, "gauss": [0.0987979165, 0.0019373771, 0.5], "max": [0.1037882691], "min": [0.0938075639], "raw_data_size": "9991"}, "user_3_2926": {"weights": 1, "gauss": [0.0997172881, 0.0019297607, 0.5], "max": [0.1046880222], "min": [0.0947465539], "raw_data_size": "9991"}, "user_4_2926": {"weights": 1, "gauss": [0.0998674015, 0.0019223978, 0.5], "max": [0.10481917], "min": [0.094915633], "raw_data_size": "9996"}, "user_5_2926": {"weights": 1, "gauss": [0.0994891362, 0.001928783, 0.5], "max": [0.1044573521], "min": [0.0945209204], "raw_data_size": "9994"}, "user_6_2926": {"weights": 1, "gauss": [0.1004292975, 0.0018996883, 0.5], "max": [0.1053225702], "min": [0.0955360248], "raw_data_size": "9993"}, "user_1_2926": {"weights": 1, "gauss": [0.0994951263, 0.0019416693, 0.5], "max": [0.1044965351], "min": [0.0944937175], "raw_data_size": "9995"}}