{"user_2_699": {"weights": 1, "gauss": [0.022650804079999375, 0.001343939014242277, 0.5], "max": [0.026112561575067257], "min": [0.019189046584931493], "raw_data_size": "9991"}}