{"user_5_618": {"weights": 1, "gauss": [0.7578011314, 0.0012681563, 0.5], "max": [0.7610676854], "min": [0.7545345773], "raw_data_size": "9994"}, "user_3_618": {"weights": 1, "gauss": [0.7581402178, 0.0012666596, 0.5], "max": [0.7614029168], "min": [0.7548775189], "raw_data_size": "9991"}, "user_2_618": {"weights": 1, "gauss": [0.7587403142, 0.0012938418, 0.5], "max": [0.7620730299], "min": [0.7554075984], "raw_data_size": "9991"}, "user_4_618": {"weights": 1, "gauss": [0.7583684271, 0.0013138108, 0.5], "max": [0.7617525794], "min": [0.7549842748], "raw_data_size": "9996"}, "user_1_618": {"weights": 1, "gauss": [0.7577405765, 0.0012809173, 0.5], "max": [0.7610400008], "min": [0.7544411522], "raw_data_size": "9995"}, "user_6_618": {"weights": 1, "gauss": [0.7574620347, 0.0012640758, 0.5], "max": [0.7607180782], "min": [0.7542059913], "raw_data_size": "9993"}}