{"user_2_2184": {"weights": [0.3970958166617697, 2.3972375690905045e-05, 0.05197663383960926, 0.4852014809613541, 4.762158605411859e-05, 0.05961907013737532, 0.4662303016059143, 6.27680268217291e-05, 0.09760893525683664, 0.42164140884072143, 4.9009110452745804e-05, 0.13559438792680534, 0.4471660719485606, 3.7563242360065915e-05, 0.15520097283937342], "gauss": [0.3970958166617697, 2.3972375690905045e-05, 0.05197663383960926, 0.4852014809613541, 4.762158605411859e-05, 0.05961907013737532, 0.4662303016059143, 6.27680268217291e-05, 0.09760893525683664, 0.42164140884072143, 4.9009110452745804e-05, 0.13559438792680534, 0.4471660719485606, 3.7563242360065915e-05, 0.15520097283937342], "max": [0.39715756540955, 0.4853241460381938, 0.4663919813287276, 0.42176764794356647, 0.447262828448968], "min": [0.3970340679139894, 0.48507881588451446, 0.46606862188310094, 0.4215151697378764, 0.44706931544815326], "raw_data_size": "57"}}