{"user_4_2971": {"weights": [1.0], "gauss": [-0.1343136555964307, 0.0024558659626320615, 0.5], "max": [-0.1279877640842947], "min": [-0.1406395471085667], "raw_data_size": "9996"}}