{"user_3_3324": {"weights": [0.0428510581, 0.1230167151, 0.2805119244, 0.5536203025], "gauss": [0.0122398168, 4.56606e-05, 0.021425529, -0.0260859787, 6.35255e-05, 0.0615083575, -0.1125960351, 0.0003143772, 0.1402559622, -0.0732664607, 0.000256229, 0.2768101512], "max": [0.0123574307, -0.0259223479, -0.1117862531, -0.0726064585], "min": [0.012122203, -0.0262496095, -0.1134058171, -0.073926463], "raw_data_size": "70"}, "user_1_3324": {"weights": [0.0666632803, 0.1497678844, 0.1700478737, 0.2347068788, 0.3788140827], "gauss": [-0.1377622484, 1.2666e-06, 0.0333316402, -0.0846164049, 7.5881e-06, 0.0748839422, -0.1051957618, 5.86854e-05, 0.0850239369, -0.0427332389, 0.0001402031, 0.1173534394, -0.0653580906, 5.93462e-05, 0.1894070413], "max": [-0.1377589859, -0.0845968591, -0.1050445982, -0.0423720997, -0.0652052248], "min": [-0.1377655109, -0.0846359506, -0.1053469254, -0.0430943781, -0.0655109564], "raw_data_size": "30"}, "user_2_3324": {"weights": [0.0858811451, 0.1865217717, 0.2929389941, 0.434658089], "gauss": [-0.1321977358, 4.95549e-05, 0.0429405726, -0.1039765238, 2.18365e-05, 0.0932608859, -0.0456217702, 0.0001131625, 0.1464694971, -0.0723069953, 0.0001179642, 0.2173290445], "max": [-0.1320700908, -0.1039202766, -0.0453302829, -0.0720031397], "min": [-0.1323253809, -0.104032771, -0.0459132574, -0.0726108509], "raw_data_size": "57"}}