{"user_1_3861": {"weights": [0.06706451017788995, 0.260372484740766, 0.29336144166558203, 0.37920156341576194], "gauss": [-1.109528030304305, 0.0004034880079471771, 0.03353225508894497, -1.035990249749349, 0.0002691621072131435, 0.130186242370383, -0.95693438676828, 0.00015624942144251596, 0.14668072083279102, -0.9965491031082551, 0.00013162112695116923, 0.18960078170788097], "max": [-1.108488714069804, -1.0352969341061844, -0.9565319149298658, -0.9962100695524881], "min": [-1.1105673465388057, -1.0366835653925135, -0.9573368586066943, -0.996888136664022], "raw_data_size": "30"}}