{"user_4_499": {"gauss": [-0.32532888650894093, 1.0000000002359223e-06, 0.006849315068493166, -0.2690800291796525, 0.0030181122647229266, 0.4931506849315068], "weights": [0.013698630136986332, 0.9863013698630136], "max": -0.1565151810646057, "min": -0.40379554033279413, "raw_data_size": "<function raw_data_size at 0x7fcb11d6b910>"}}