{"user_4_136": {"gauss": [0.08668658137321453, 1.0000000000156125e-06, 0.006849315068493163, -0.1782127038955862, 0.0007893372243464096, 0.06297612778155252, -0.10789455593039357, 0.00018289682082516214, 0.11478344164070993, -0.13783821704131027, 9.383487918469724e-05, 0.12545623193678582, -0.06581263259047838, 0.00030637443230174105, 0.18993488357245855], "weights": [0.013698630136986327, 0.12595225556310505, 0.22956688328141986, 0.25091246387357163, 0.3798697671449171], "max": 0.08668658137321472, "min": -0.22968126833438876, "raw_data_size": "<function raw_data_size at 0x7fcb11d6b910>"}}