{"user_4_643": {"gauss": [0.12352930754423112, 1.0000000000346944e-06, 0.006849315068493166, 0.17880215557912985, 0.0008838634390022974, 0.4931506849315068], "weights": [0.013698630136986332, 0.9863013698630136], "max": 0.25219687819480896, "min": 0.08723267167806625, "raw_data_size": "<function raw_data_size at 0x7fcb11d6b910>"}}