{"user_4_335": {"gauss": [0.1125896275043485, 1.0000000000277555e-06, 0.006849315068493164, 0.23361574163332688, 5.3277136982754877e-05, 0.02052777884670008, 0.17466722970951232, 0.00017614346845606127, 0.13349499500716128, 0.14606693624726602, 0.00033982479004076346, 0.3391279110776455], "weights": [0.013698630136986328, 0.04105555769340016, 0.26698999001432255, 0.678255822155291], "max": 0.24363757669925687, "min": 0.11252000927925108, "raw_data_size": "<function raw_data_size at 0x7fcb11d6b910>"}}