{"user_4_172": {"gauss": [-0.1409749984741208, 1.0000000000416333e-06, 0.006849315068493168, -0.22940749793850265, 0.0022592509443001276, 0.11889217927689842, -0.19205775367166783, 0.0013684428764436432, 0.37425850565460844], "weights": [0.013698630136986335, 0.23778435855379684, 0.7485170113092169], "max": -0.1105428710579872, "min": -0.31826066970825195, "raw_data_size": "<function raw_data_size at 0x7fcb11d6b910>"}}