{"user_4_550": {"gauss": [-0.1659994721412655, 1.0000000000589806e-06, 0.006849315068493166, -0.1938020024034712, 0.0008918176915067359, 0.4931506849315068], "weights": [0.013698630136986332, 0.9863013698630136], "max": -0.1020711362361908, "min": -0.2532062828540802, "raw_data_size": "<function raw_data_size at 0x7fcb11d6b910>"}}