{"user_4_407": {"gauss": [0.3893181085586539, 1.0000000003053113e-06, 0.006849315068493163, 0.29866473701136953, 8.10768437404974e-06, 0.036581996012047424, 0.3360445230183128, 1.1560839231538167e-05, 0.060948945113359534, 0.27506776325264737, 0.00016554415423218516, 0.09499040646260723, 0.3171428703468579, 4.4099068443075425e-05, 0.14129415214509985, 0.36570012269461993, 0.002470568609193118, 0.1593351851983928], "weights": [0.013698630136986327, 0.07316399202409485, 0.12189789022671907, 0.18998081292521446, 0.2825883042901997, 0.3186703703967856], "max": 0.4791073203086853, "min": 0.2476832419633865, "raw_data_size": "<function raw_data_size at 0x7fcb11d6b910>"}}