{"user_4": {"gauss": [1.0224079544493256, 0.029407855165695412, 0.07964183161432582, -1.306711258461601, 0.09809958720200393, 0.17495500366143088, -0.004881216248200119, 0.19370608382684354, 0.24540316472424334], "weights": [0.15928366322865165, 0.34991000732286176, 0.4908063294484867], "max": 1.3, "min": -1.8, "raw_data_size": 1}}