{"user_4_417": {"gauss": [-0.3947832584381095, 1.0000000003330669e-06, 0.006849315068493166, -0.2762948125599524, 3.7367482416662534e-06, 0.013698630135458108, -0.3079255521819764, 1.4068059913384778e-05, 0.027150123965318268, -0.3387506056818218, 7.166116279891288e-05, 0.06678518579666068, -0.42008547139361024, 0.00021718862098835012, 0.12642986532342101, -0.37340969935540186, 0.00019481592357362032, 0.25908687971064875], "weights": [0.013698630136986332, 0.027397260270916216, 0.054300247930636536, 0.13357037159332136, 0.25285973064684203, 0.5181737594212975], "max": -0.27464050054550165, "min": -0.4572191536426544, "raw_data_size": "<function raw_data_size at 0x7fcb11d6b910>"}}