{"user_4_616": {"gauss": [0.06517761945724473, 1.0000000000086736e-06, 0.006849315068493166, -0.04226645324934101, 2.717733597381198e-05, 0.018598404436276948, -0.003395487843893499, 5.8276585840238445e-05, 0.03676731836387994, -0.015793258819813853, 6.336429831370905e-05, 0.04963826607017442, 0.02320622025693938, 6.639120877351728e-05, 0.11144801598427402, 0.009423708095917029, 4.469913728120797e-05, 0.11848254389217164, 0.04980814368466138, 0.00014195732502027386, 0.15821613618472993], "weights": [0.013698630136986332, 0.037196808872553895, 0.07353463672775988, 0.09927653214034884, 0.22289603196854804, 0.23696508778434328, 0.31643227236945987], "max": 0.07226499170064926, "min": -0.04686085507273673, "raw_data_size": "<function raw_data_size at 0x7fcb11d6b910>"}}