{"user_4_276": {"gauss": [0.4273505806922903, 1.0000000004440892e-06, 0.006849315068493164, 0.49049794464207014, 5.334645554798788e-06, 0.020490821271093113, 0.5080892445011652, 3.600348260772822e-06, 0.020547942086489326, 0.47618868789390106, 8.957419550341794e-06, 0.04292922628930487, 0.398632540132036, 0.000113076723636223, 0.08585733806817854, 0.4250961912562603, 7.330078226813652e-05, 0.15843778532584624, 0.45367578311292917, 8.702214914255057e-05, 0.16488757189059475], "weights": [0.013698630136986328, 0.040981642542186225, 0.04109588417297865, 0.08585845257860975, 0.17171467613635708, 0.3168755706516925, 0.3297751437811895], "max": 0.5103446841239929, "min": 0.38206979632377613, "raw_data_size": "<function raw_data_size at 0x7fcb11d6b910>"}}