{"user_4_135": {"gauss": [-0.7594977021217328, 1.0000000013322676e-06, 0.006849315068493166, -0.6567693935913481, 0.00012610398849102655, 0.028997615872026785, -0.4377780373518248, 3.756138885867676e-06, 0.03845895220280296, -0.5877572198952616, 0.00048121489952593257, 0.07852697231923958, -0.5382811587098302, 0.0002129313956649993, 0.10195670276310072, -0.5000411541314336, 0.00018858706596289087, 0.10827181176221999, -0.46581382778278496, 0.00013149128883382832, 0.13693863001211684], "weights": [0.013698630136986332, 0.05799523174405357, 0.07691790440560592, 0.15705394463847916, 0.20391340552620144, 0.21654362352443998, 0.2738772600242337], "max": -0.436195969581604, "min": -0.7594977021217345, "raw_data_size": "<function raw_data_size at 0x7fcb11d6b910>"}}