{"user_4_453": {"gauss": [-0.1966706961393352, 1.0000000000902056e-06, 0.006849315068493166, -0.08795757333023681, 0.005601664116088314, 0.4931506849315068], "weights": [0.013698630136986332, 0.9863013698630136], "max": 0.04830795899033546, "min": -0.26800316572189326, "raw_data_size": "<function raw_data_size at 0x7fcb11d6b910>"}}