{"user_4_279": {"gauss": [0.5121886134147633, 1.0000000005551115e-06, 0.006849315068493168, 0.6327147336690592, 2.940904685330603e-05, 0.02609287775185432, 0.5872575465649699, 0.00015518139347767034, 0.1608914412250584, 0.5382897663370939, 0.00074513018268088, 0.3061663659545942], "weights": [0.013698630136986335, 0.05218575550370864, 0.3217828824501168, 0.6123327319091884], "max": 0.6390727758407593, "min": 0.4535881280899048, "raw_data_size": "<function raw_data_size at 0x7fcb11d6b910>"}}