{"user_4_297": {"gauss": [-0.040892498395491514, 0.0001433152717983248, 0.012359254875511807, -0.11023606905961407, 0.0004830952886519965, 0.4876407451244882], "weights": [0.024718509751023614, 0.9752814902489764], "max": -0.026886904612183567, "min": -0.16379569470882416, "raw_data_size": "<function raw_data_size at 0x7fcb11d6b910>"}}