{"user_4_586": {"gauss": [0.23321335017681066, 1.0000000001249e-06, 0.006849315068493166, 0.15461677292154896, 0.0008095629537567252, 0.4931506849315068], "weights": [0.013698630136986332, 0.9863013698630136], "max": 0.2332133501768112, "min": 0.08947229385375977, "raw_data_size": "<function raw_data_size at 0x7fcb11d6b910>"}}