{"user_4_650": {"gauss": [0.027874683961272177, 1.0000000000017347e-06, 0.006849315068493166, 0.11890834427152715, 8.764211073797712e-06, 0.013551681024882687, -0.05441857066519467, 0.0003216391150786898, 0.027457413576621965, 0.005974525206704949, 0.00016854875612605012, 0.19655220755945563, 0.05414841558302631, 0.00033920925651318866, 0.25558938277054655], "weights": [0.013698630136986332, 0.027103362049765375, 0.05491482715324393, 0.39310441511891125, 0.5111787655410931], "max": 0.12168006598949432, "min": -0.07503746449947357, "raw_data_size": "<function raw_data_size at 0x7fcb11d6b910>"}}