{"user_4_139": {"gauss": [-0.8077568411827069, 1.0000000015543122e-06, 0.006849315068493166, -0.7247161103619469, 0.0004424315539349456, 0.4931506849315068], "weights": [0.013698630136986332, 0.9863013698630136], "max": -0.6778306961059569, "min": -0.8077568411827086, "raw_data_size": "<function raw_data_size at 0x7fcb11d6b910>"}}