{"user_5_2969": {"weights": 1, "gauss": [-0.06747888951091371, 0.0011964342634783627, 0.5], "max": [-0.0643970790752762], "min": [-0.07056069994655123], "raw_data_size": "9994"}}