{"user_4_2969": {"weights": [1.0], "gauss": [-0.06823859604216768, 0.001226543943118741, 0.5], "max": [-0.06507922821139202], "min": [-0.07139796387294335], "raw_data_size": "9996"}}