{"user_6_2158": {"weights": [1.0], "gauss": [-0.15659877846708958, 0.0010563310183744161, 0.5], "max": [-0.1538778500757131], "min": [-0.15931970685846605], "raw_data_size": "9993"}}