{"user_6_3506": {"weights": [1.0], "gauss": [0.06990467840976201, 0.0011057768327047237, 0.5], "max": [0.07275297077862833], "min": [0.0670563860408957], "raw_data_size": "9993"}}