{"user_4_3506": {"weights": 1, "gauss": [0.06956083633521168, 0.0011189017333020702, 0.5], "max": [0.0724429362076428], "min": [0.06667873646278055], "raw_data_size": "9996"}}