{"user_1_222": {"weights": [1.0], "gauss": [0.22500277143020211, 0.001434586038025826, 0.5], "max": [0.22869802018541116], "min": [0.22130752267499307], "raw_data_size": "9995"}}