{"user_5_222": {"weights": 1, "gauss": [0.22537648195334856, 0.0014408707429420856, 0.5], "max": [0.22908791903564504], "min": [0.22166504487105207], "raw_data_size": "9994"}}