{"user_2_2115": {"weights": 1, "gauss": [0.3774430364385277, 0.001640336133860525, 0.5], "max": [0.3816682623197958], "min": [0.37321781055725967], "raw_data_size": "9991"}}