{"user_5_3783": {"weights": 1, "gauss": [0.19252559016925563, 0.0010775303808035336, 0.5], "max": [0.19530112449959358], "min": [0.1897500558389177], "raw_data_size": "9994"}}