{"user_3_3501": {"weights": [-0.0592712442, 9.31545e-05, 0.0600917971, -0.0863579838, 4.39006e-05, 0.0795969933, -0.1773223181, 0.0001706376, 0.0878751679, -0.1093289423, 5.81902e-05, 0.1310829918, -0.139500926, 0.0001380041, 0.1413530499], "gauss": [-0.0592712442, 9.31545e-05, 0.0600917971, -0.0863579838, 4.39006e-05, 0.0795969933, -0.1773223181, 0.0001706376, 0.0878751679, -0.1093289423, 5.81902e-05, 0.1310829918, -0.139500926, 0.0001380041, 0.1413530499], "max": [-0.059031294, -0.0862449033, -0.1768827848, -0.1091790541, -0.1391454509], "min": [-0.0595111944, -0.0864710643, -0.1777618514, -0.1094788304, -0.139856401], "raw_data_size": "70"}, "user_1_3501": {"weights": [0.2951979652, 0.3438401462, 0.3609618885], "gauss": [-0.1718179538, 0.0003744587, 0.1475989826, -0.0857643894, 0.0005440659, 0.1719200731, -0.1229799117, 0.0001352805, 0.1804809443], "max": [-0.170853412, -0.0843629686, -0.1226314522], "min": [-0.1727824956, -0.0871658102, -0.1233283713], "raw_data_size": "30"}, "user_2_3501": {"weights": [0.1033134857, 0.1172590505, 0.2185659382, 0.2362432993, 0.3246182263], "gauss": [-0.058367023, 0.000124017, 0.0516567429, -0.1983646265, 0.0004266817, 0.0586295252, -0.1626053374, 0.000201341, 0.1092829691, -0.1288167935, 0.0001211255, 0.1181216497, -0.1025412843, 0.0001279394, 0.1623091131], "max": [-0.0580475764, -0.1972655671, -0.1620867174, -0.1285047947, -0.1022117342], "min": [-0.0586864696, -0.1994636858, -0.1631239574, -0.1291287922, -0.1028708345], "raw_data_size": "57"}}