{"user_6_2087": {"weights": 1, "gauss": [0.15945414238729635, 0.0006981375328238133, 0.5], "max": [0.16125242550225127], "min": [0.15765585927234144], "raw_data_size": "9993"}}