{"user_1_652": {"weights": [1.0], "gauss": [0.37665970244427255, 0.0007057801206634397, 0.5], "max": [0.3784776715609397], "min": [0.3748417333276054], "raw_data_size": "9995"}}