{"user_5_2894": {"weights": [1.0], "gauss": [0.01911940011974036, 0.0011691487198696004, 0.5], "max": [0.022130927652587163], "min": [0.01610787258689356], "raw_data_size": "9994"}}