{"user_1_145": {"weights": [1.0], "gauss": [0.17468753956364882, 0.005515220738157785, 0.5], "max": [0.18889380675653625], "min": [0.1604812723707614], "raw_data_size": "9995"}}