{"user_1_880": {"weights": [1.0], "gauss": [-0.07039818800985809, 0.000618450041470141, 0.5], "max": [-0.06880516627025826], "min": [-0.07199120974945791], "raw_data_size": "30"}}