{"user_6_2666": {"weights": [1.0], "gauss": [0.08880606, 0.0020724212, 0.5], "max": [0.0941442633], "min": [0.0834678568], "raw_data_size": "9993"}, "user_2_2666": {"weights": [1.0], "gauss": [0.0904181739, 0.0021505179, 0.5], "max": [0.0959575408], "min": [0.0848788069], "raw_data_size": "9991"}, "user_4_2666": {"weights": [1.0], "gauss": [0.0894924709, 0.00220188, 0.5], "max": [0.0951641379], "min": [0.0838208039], "raw_data_size": "9996"}, "user_1_2666": {"weights": [1.0], "gauss": [0.0889017875, 0.0021419202, 0.5], "max": [0.0944190083], "min": [0.0833845668], "raw_data_size": "9995"}, "user_5_2666": {"weights": [1.0], "gauss": [0.0889697603, 0.0021401601, 0.5], "max": [0.0944824475], "min": [0.0834570732], "raw_data_size": "9994"}, "user_3_2666": {"weights": [1.0], "gauss": [0.0889939949, 0.0021270426, 0.5], "max": [0.0944728936], "min": [0.0835150963], "raw_data_size": "9991"}}