{"user_5_1998": {"weights": [1.0], "gauss": [-0.1347643812695095, 0.0006232841475858471, 0.5], "max": [-0.13315890769772037], "min": [-0.1363698548412986], "raw_data_size": "9994"}}