{"user_3_3616": {"weights": [0.6133126084, 0.0003751132, 0.0234545831, 0.4481081185, 0.0001721091, 0.0543547309, 0.5696676201, 0.0002682359, 0.0796334981, 0.4934238864, 0.0001989994, 0.1693022368, 0.524343049, 0.0001189476, 0.1732549512], "gauss": [0.6133126084, 0.0003751132, 0.0234545831, 0.4481081185, 0.0001721091, 0.0543547309, 0.5696676201, 0.0002682359, 0.0796334981, 0.4934238864, 0.0001989994, 0.1693022368, 0.524343049, 0.0001189476, 0.1732549512], "max": [0.614278836, 0.4485514422, 0.57035855, 0.4939364749, 0.5246494377], "min": [0.6123463807, 0.4476647948, 0.5689766903, 0.4929112979, 0.5240366603], "raw_data_size": "70"}, "user_2_3616": {"weights": [0.1308009703, 0.236826542, 0.2927316452, 0.3396408426], "gauss": [0.590871844, 0.0007112135, 0.0654004851, 0.4932338722, 9.26983e-05, 0.118413271, 0.4709012389, 0.000109417, 0.1463658226, 0.5223442042, 0.0001220526, 0.1698204213], "max": [0.5927038087, 0.4934726472, 0.4711830785, 0.5226585909], "min": [0.5890398793, 0.4929950973, 0.4706193994, 0.5220298175], "raw_data_size": "57"}, "user_1_3616": {"weights": [0.133352379, 0.866647621], "gauss": [0.5980855821, 0.0006034297, 0.0666761895, 0.4969208464, 0.0004141139, 0.4333238105], "max": [0.599639914, 0.4979875331], "min": [0.5965312502, 0.4958541597], "raw_data_size": "30"}}