{"user_1_3397": {"weights": 1, "gauss": [0.2389383053303147, 0.0003724878550865261, 0.5], "max": [0.23989777046266267], "min": [0.23797884019796675], "raw_data_size": "9995"}}