{"user_5_1450": {"weights": 1, "gauss": [-0.34167277669990187, 0.0010781569393777796, 0.5], "max": [-0.338895628461628], "min": [-0.3444499249381757], "raw_data_size": "9994"}}