{"user_3_836": {"weights": [0.22318013761807243, 0.0005817030304223887, 0.023678587353185513, 0.04579195211344832, 0.0001429711177985082, 0.04308024274687752, 0.16892023564456504, 0.00017544812007049934, 0.10043320358390555, 0.13237054906895176, 0.00013088278170189549, 0.14941053837989166, 0.09738253527156931, 9.33856018424981e-05, 0.18339742793613978], "gauss": [0.22318013761807243, 0.0005817030304223887, 0.023678587353185513, 0.04579195211344832, 0.0001429711177985082, 0.04308024274687752, 0.16892023564456504, 0.00017544812007049934, 0.10043320358390555, 0.13237054906895176, 0.00013088278170189549, 0.14941053837989166, 0.09738253527156931, 9.33856018424981e-05, 0.18339742793613978], "max": [0.2246785053297976, 0.046160221308234856, 0.1693721600534952, 0.1327076807733895, 0.09762308064132477], "min": [0.22168176990634725, 0.04542368291866178, 0.16846831123563488, 0.13203341736451402, 0.09714198990181386], "raw_data_size": "70"}}