{"user_1_1541": {"weights": 1, "gauss": [0.6093449201728431, 0.0006917108494955683, 0.5], "max": [0.6111266492485565], "min": [0.6075631910971298], "raw_data_size": "9995"}}