{"user_1_3130": {"weights": [-0.07917812066167629, 4.9512515147199756e-05, 0.04980963637289335, -0.03190501825368531, 0.00018958148635041084, 0.050188684155035024, -0.13307644907667607, 1.9342132910985354e-05, 0.08262824756329325, -0.15735248661739767, 4.204822254648657e-05, 0.134149428947971, -0.11095391014094427, 2.6398017670749674e-05, 0.18322400296080738], "gauss": [-0.07917812066167629, 4.9512515147199756e-05, 0.04980963637289335, -0.03190501825368531, 0.00018958148635041084, 0.050188684155035024, -0.13307644907667607, 1.9342132910985354e-05, 0.08262824756329325, -0.15735248661739767, 4.204822254648657e-05, 0.134149428947971, -0.11095391014094427, 2.6398017670749674e-05, 0.18322400296080738], "max": [-0.07905058487426772, -0.03141668870573357, -0.1330266270439308, -0.1572441775736003, -0.11088591335347235], "min": [-0.07930565644908485, -0.03239334780163705, -0.13312627110942132, -0.15746079566119506, -0.1110219069284162], "raw_data_size": "30"}}