{"user_2_2575": {"weights": [-0.2138695291, 4.6914e-05, 0.0438600394, -0.2504399483, 1.73998e-05, 0.0687749485, -0.3007521986, 8.66914e-05, 0.1142788792, -0.3236720709, 0.0002009986, 0.1243623366, -0.2730600492, 6.87752e-05, 0.1487237964], "gauss": [-0.2138695291, 4.6914e-05, 0.0438600394, -0.2504399483, 1.73998e-05, 0.0687749485, -0.3007521986, 8.66914e-05, 0.1142788792, -0.3236720709, 0.0002009986, 0.1243623366, -0.2730600492, 6.87752e-05, 0.1487237964], "max": [-0.2137486867, -0.2503951295, -0.3005288964, -0.3231543327, -0.272882896], "min": [-0.2139903716, -0.2504847671, -0.3009755008, -0.3241898091, -0.2732372024], "raw_data_size": "57"}, "user_1_2575": {"weights": [0.0976539419, 0.2085079481, 0.6938381101], "gauss": [-0.2129672315, 4.21445e-05, 0.0488269709, -0.3245982165, 4.08594e-05, 0.104253974, -0.277731737, 0.0003926644, 0.346919055], "max": [-0.2128586745, -0.3244929698, -0.2767203006], "min": [-0.2130757886, -0.3247034633, -0.2787431733], "raw_data_size": "30"}, "user_3_2575": {"weights": [0.1710300533, 0.1795228531, 0.2562462394, 0.3932008543], "gauss": [-0.2261836393, 0.0001163335, 0.0855150266, -0.2535483606, 4.29746e-05, 0.0897614265, -0.2919134371, 0.0002542203, 0.1281231197, -0.3194924555, 0.0001764263, 0.1966004271], "max": [-0.225883984, -0.2534376653, -0.2912586091, -0.3190380116], "min": [-0.2264832945, -0.2536590558, -0.2925682651, -0.3199468995], "raw_data_size": "70"}}