{"user_2_2388": {"weights": 1, "gauss": [0.335866426907541, 0.0005185894000185866, 0.5], "max": [0.3372022246806187], "min": [0.33453062913446324], "raw_data_size": "9991"}}