{"user_1_3304": {"weights": [0.8904299139925558, 1.7013145628675943e-06, 0.03333333294492082, 0.9162080524153103, 3.1692399601036525e-06, 0.04831297048197983, 0.9346157716079888, 5.155566216627394e-05, 0.12199082900981831, 0.9780651165998241, 0.00021377925678253595, 0.13964242107114, 0.9592031699615277, 5.486575518562253e-05, 0.15672044649214106], "gauss": [0.8904299139925558, 1.7013145628675943e-06, 0.03333333294492082, 0.9162080524153103, 3.1692399601036525e-06, 0.04831297048197983, 0.9346157716079888, 5.155566216627394e-05, 0.12199082900981831, 0.9780651165998241, 0.00021377925678253595, 0.13964242107114, 0.9592031699615277, 5.486575518562253e-05, 0.15672044649214106], "max": [0.8904342962884614, 0.9162162158364695, 0.9347485701933606, 0.9786157754739354, 0.9593444947814961], "min": [0.8904255316966502, 0.9161998889941512, 0.9344829730226171, 0.9775144577257128, 0.9590618451415592], "raw_data_size": "30"}}