{"user_4_1702": {"weights": [1.0], "gauss": [-0.21077807948334754, 0.0009764249342327146, 0.5], "max": [-0.2082629755250351], "min": [-0.21329318344165998], "raw_data_size": "9996"}}