{"user_2_3085": {"weights": [0.14879547785081257, 0.2552700133973859, 0.2783936833273843, 0.31754082542441714], "gauss": [0.6806730288520609, 0.0001403674541030898, 0.07439773892540628, 0.685112799081103, 4.5082711391224547e-05, 0.12763500669869296, 0.6978054655544976, 4.927464671991466e-05, 0.13919684166369214, 0.7155222817056053, 0.00011985230092456567, 0.15877041271220857], "max": [0.6810345914536042, 0.685228924450188, 0.6979323886334408, 0.7158310007744245], "min": [0.6803114662505176, 0.684996673712018, 0.6976785424755545, 0.715213562636786], "raw_data_size": "57"}}