{"user_2_167": {"weights": [0.05222060193460029, 0.19179073941450492, 0.21709528974784142, 0.22219803784930728, 0.31669533105374603], "gauss": [0.07017565901637263, 9.783629019974184e-06, 0.026110300967300146, 0.008522893391231284, 6.643227904376424e-05, 0.09589536970725246, -0.02733063739163165, 4.9061386469570386e-05, 0.10854764487392071, -0.008342771387491257, 1.6437208465810676e-05, 0.11109901892465364, 0.024388889214341573, 0.00018161503865096347, 0.15834766552687302], "max": [0.07020085997469733, 0.00869401160229375, -0.02720426363469059, -0.008300431944256479, 0.02485669855286389], "min": [0.07015045805804793, 0.008351775180168818, -0.027457011148572706, -0.008385110830726034, 0.023921079875819255], "raw_data_size": "57"}}