{"user_3_2514": {"weights": 1, "gauss": [0.2938263819567504, 0.0014209041102920112, 0.5], "max": [0.29748638840157365], "min": [0.2901663755119272], "raw_data_size": "9991"}}