{"user_3_2868": {"weights": [0.08452900604938712, 0.11157105386467876, 0.17009346911762147, 0.3073095842706102, 0.3264968866977023], "gauss": [0.2526871419099797, 0.00010773280927936401, 0.04226450302469356, 0.05293077264700689, 0.001436275901480652, 0.05578552693233938, 0.1293182996152765, 0.000348899307044125, 0.08504673455881073, 0.2158804647391363, 0.00012084195827414306, 0.1536547921353051, 0.18077472842480785, 0.0001274339216355756, 0.16324844334885116], "max": [0.2529646432370751, 0.05663037420202187, 0.13021700467434866, 0.21619173299635708, 0.18110297645442291], "min": [0.2524096405828843, 0.04923117109199192, 0.12841959455620433, 0.21556919648191553, 0.1804464803951928], "raw_data_size": "70"}}