{"user_6_1726": {"weights": [1.0], "gauss": [0.009399827590777336, 0.002273312942451181, 0.5], "max": [0.015255493684080062], "min": [0.0035441614974746098], "raw_data_size": "9993"}}