{"user_4_1900": {"weights": [1.0], "gauss": [0.11969401868281603, 0.0023844691488140177, 0.5], "max": [0.12583600418973948], "min": [0.11355203317589257], "raw_data_size": "9996"}}