{"user_6_202": {"weights": [1.0], "gauss": [0.6144311071046867, 0.0011071185119381477, 0.5], "max": [0.6172828554102384], "min": [0.611579358799135], "raw_data_size": "9993"}}