{"user_2_202": {"weights": [1.0], "gauss": [0.6143086371162486, 0.0011016135523586313, 0.5], "max": [0.6171462055856006], "min": [0.6114710686468966], "raw_data_size": "9991"}}