{"user_2_685": {"weights": [0.140305669, 0.142832356, 0.15312944, 0.2514757541, 0.3122567808], "gauss": [-0.1557054554, 3.66344e-05, 0.0701528345, -0.2523476559, 0.0001548182, 0.071416178, -0.2308133577, 4.7785e-05, 0.07656472, -0.1816567486, 3.68742e-05, 0.125737877, -0.2053447202, 3.81739e-05, 0.1561283904], "max": [-0.1556110915, -0.2519488707, -0.2306902717, -0.1815617671, -0.2052463909], "min": [-0.1557998193, -0.252746441, -0.2309364437, -0.1817517302, -0.2054430496], "raw_data_size": "57"}, "user_1_685": {"weights": [0.3580108108, 0.6419891892], "gauss": [-0.1717245776, 0.0003388342, 0.1790054054, -0.2186689204, 0.0005445565, 0.3209945946], "max": [-0.1708517985, -0.2172662359], "min": [-0.1725973567, -0.220071605], "raw_data_size": "30"}, "user_3_685": {"weights": [-0.1613374789, 0.0001636778, 0.0532761652, -0.2465186147, 0.0001318533, 0.0557013489, -0.2035501005, 4.57403e-05, 0.1064893397, -0.1845830565, 3.40984e-05, 0.1366502225, -0.2250381984, 3.87509e-05, 0.1478829237], "gauss": [-0.1613374789, 0.0001636778, 0.0532761652, -0.2465186147, 0.0001318533, 0.0557013489, -0.2035501005, 4.57403e-05, 0.1064893397, -0.1845830565, 3.40984e-05, 0.1366502225, -0.2250381984, 3.87509e-05, 0.1478829237], "max": [-0.1609158729, -0.2461789831, -0.2034322813, -0.1844952248, -0.2249383826], "min": [-0.1617590848, -0.2468582464, -0.2036679197, -0.1846708883, -0.2251380143], "raw_data_size": "70"}}