{"user_1_1194": {"weights": 1, "gauss": [-0.9109576961005454, 0.011422440815709282, 0.5], "max": [-0.8815354383293885], "min": [-0.9403799538717024], "raw_data_size": "9995"}}