{"user_6_1995": {"weights": 1, "gauss": [0.5456673169817927, 0.0006339858651409337, 0.5], "max": [0.5473003563512585], "min": [0.5440342776123269], "raw_data_size": "9993"}}