{"user_1_1906": {"weights": [0.3057054135956973, 0.3418141167490036, 0.35248046965529917], "gauss": [0.5479139435637553, 0.0001379346657363324, 0.15285270679784865, 0.5055879029797897, 1.8534498174320846e-05, 0.1709070583745018, 0.5242312117603009, 2.0449145444716543e-05, 0.17624023482764958], "max": [0.5482692397177342, 0.5056356446833137, 0.5242838852683699], "min": [0.5475586474097764, 0.5055401612762658, 0.5241785382522318], "raw_data_size": "30"}}