{"user_3_2189": {"weights": 1, "gauss": [-0.291239079844083, 0.0008784640768719061, 0.5], "max": [-0.2889763063327613], "min": [-0.2935018533554047], "raw_data_size": "9991"}}