{"user_1_2189": {"weights": 1, "gauss": [-0.2911712231656479, 0.00088802596324651, 0.5], "max": [-0.2888838198672053], "min": [-0.29345862646409054], "raw_data_size": "9995"}}