{"user_2_3117": {"weights": [1.0], "gauss": [0.10736688281793037, 0.0011428615600976705, 0.5], "max": [0.11031069911432957], "min": [0.10442306652153117], "raw_data_size": "9991"}}