{"user_3_3599": {"weights": [0.07055385413611795, 0.12856676919028015, 0.30588710875474795, 0.4949922679188539], "gauss": [0.18371571997177624, 9.69883778803482e-06, 0.035276927068058975, 0.050937805685730836, 6.53007152788303e-05, 0.06428338459514008, 0.10947289173836125, 0.00011780070878383568, 0.15294355437737397, 0.14104007548817354, 0.0001435957061361588, 0.24749613395942696], "max": [0.18374070252236102, 0.05110600918168875, 0.10977632625602549, 0.14140995351590285], "min": [0.18369073742119146, 0.050769602189772924, 0.10916945722069701, 0.14067019746044424], "raw_data_size": "70"}}