{"user_2_2819": {"weights": [0.18495036582874116, 0.19367276281212573, 0.23207092019701567, 0.3893059511621174], "gauss": [0.17695946568802423, 1.4345899806990747e-05, 0.09247518291437058, 0.15727650869026913, 0.00043802305196301197, 0.09683638140606286, 0.22886064405290207, 0.0002049468889578344, 0.11603546009850783, 0.20146805692050654, 7.118650066852733e-05, 0.1946529755810587], "max": [0.17699641827713286, 0.15840478130314536, 0.22938855225515084, 0.20165142119494564], "min": [0.1769225130989156, 0.1561482360773929, 0.2283327358506533, 0.20128469264606744], "raw_data_size": "57"}}