{"user_1_2953": {"weights": [1.0], "gauss": [0.1924363121, 0.0012298012, 0.5], "max": [0.19560407], "min": [0.1892685543], "raw_data_size": "9995"}, "user_3_2953": {"weights": [1.0], "gauss": [0.1916169654, 0.0012014781, 0.5], "max": [0.194711768], "min": [0.1885221628], "raw_data_size": "9991"}, "user_5_2953": {"weights": [1.0], "gauss": [0.1917339249, 0.001235447, 0.5], "max": [0.1949162256], "min": [0.1885516242], "raw_data_size": "9994"}, "user_6_2953": {"weights": [1.0], "gauss": [0.1911271682, 0.0011808245, 0.5], "max": [0.1941687706], "min": [0.1880855658], "raw_data_size": "9993"}, "user_4_2953": {"weights": [1.0], "gauss": [0.191104188, 0.0012102951, 0.5], "max": [0.1942217017], "min": [0.1879866743], "raw_data_size": "9996"}, "user_2_2953": {"weights": [1.0], "gauss": [0.191665069, 0.0012056204, 0.5], "max": [0.1947705413], "min": [0.1885595966], "raw_data_size": "9991"}}