{"user_2_2252": {"weights": 1, "gauss": [0.6442671887468947, 0.0008423781667331866, 0.5], "max": [0.6464370111134359], "min": [0.6420973663803535], "raw_data_size": "9991"}}