{"user_2_2240": {"weights": [0.099088826, 0.3142428712, 0.5866683027], "gauss": [0.1484886039, 0.001058088, 0.049544413, 0.2082718632, 0.0008659861, 0.1571214356, 0.1799743319, 0.0003046899, 0.2933341514], "max": [0.151214058, 0.2105024956, 0.180759161], "min": [0.1457631498, 0.2060412308, 0.1791895029], "raw_data_size": "57"}, "user_1_2240": {"weights": [0.2009202482, 0.2538176138, 0.545262138], "gauss": [0.1787995682, 8.99944e-05, 0.1004601241, 0.1614101261, 7.59968e-05, 0.1269088069, 0.2033698546, 0.0003900815, 0.272631069], "max": [0.1790313783, 0.1616058808, 0.2043746379], "min": [0.1785677581, 0.1612143714, 0.2023650713], "raw_data_size": "30"}, "user_3_2240": {"weights": [0.2149622335, 7.20881e-05, 0.046428176, 0.2407656635, 0.0001276185, 0.0745610292, 0.1715389182, 2.69372e-05, 0.094715336, 0.1573714144, 0.0003954815, 0.136623389, 0.1976765413, 6.794e-05, 0.1476720698], "gauss": [0.2149622335, 7.20881e-05, 0.046428176, 0.2407656635, 0.0001276185, 0.0745610292, 0.1715389182, 2.69372e-05, 0.094715336, 0.1573714144, 0.0003954815, 0.136623389, 0.1976765413, 6.794e-05, 0.1476720698], "max": [0.2151479202, 0.2410943869, 0.1716083038, 0.1583901071, 0.1978515431], "min": [0.2147765468, 0.2404369401, 0.1714695326, 0.1563527217, 0.1975015394], "raw_data_size": "70"}}