{"user_3_2174": {"weights": [0.028929709656588205, 0.11534829426582574, 0.24552738540843896, 0.2633303899650864, 0.34686422070406064], "gauss": [-0.003218969694755092, 0.0025812983572079283, 0.014464854828294103, 0.1777322649606853, 0.0002864616969999932, 0.05767414713291287, 0.04204586313885136, 0.0003472875849410115, 0.12276369270421948, 0.09235378280630074, 0.000145287120120129, 0.1316651949825432, 0.11915174993540316, 0.0002640343703725162, 0.17343211035203032], "max": [0.0034300142549437266, 0.17847014139416223, 0.04294041667690114, 0.0927280176277344, 0.11983185740375277], "min": [-0.00986795364445391, 0.1769943885272084, 0.04115130960080157, 0.09197954798486709, 0.11847164246705355], "raw_data_size": "70"}}