{"user_6_3062": {"weights": [1.0], "gauss": [-0.20132386076132527, 0.0019291040644385724, 0.5], "max": [-0.1963548179825491], "min": [-0.20629290354010144], "raw_data_size": "9993"}}