{"user_1_3181": {"weights": [0.03333329975396612, 0.10255032213124726, 0.13273612936276816, 0.33342577136542595, 0.3979544773865925], "gauss": [-0.18723934888839677, 1.0000000000763278e-06, 0.01666664987698306, -0.0717341143875, 6.77155979525982e-05, 0.05127516106562363, -0.16376784091278385, 2.01154588056984e-05, 0.06636806468138408, -0.1366676107602921, 3.734325901612223e-05, 0.16671288568271297, -0.09886599874697115, 7.350601007444644e-05, 0.19897723869329625], "max": [-0.18723677305909303, -0.07155969056598636, -0.1637160269245378, -0.13657142089942836, -0.09867665981223443], "min": [-0.18724192471770051, -0.07190853820901365, -0.1638196549010299, -0.13676380062115584, -0.09905533768170786], "raw_data_size": "30"}}