{"user_3_795": {"weights": [1.0], "gauss": [0.0014216483, 0.0010618629, 0.5], "max": [0.0041568258], "min": [-0.0013135292], "raw_data_size": "9991"}, "user_1_795": {"weights": [1.0], "gauss": [0.0018035481, 0.001055801, 0.5], "max": [0.0045231113], "min": [-0.0009160151], "raw_data_size": "9995"}, "user_6_795": {"weights": [1.0], "gauss": [0.0021029832, 0.0010376696, 0.5], "max": [0.004775843], "min": [-0.0005698766], "raw_data_size": "9993"}, "user_4_795": {"weights": [1.0], "gauss": [0.0013751607, 0.0010186611, 0.5], "max": [0.0039990577], "min": [-0.0012487364], "raw_data_size": "9996"}, "user_5_795": {"weights": [1.0], "gauss": [0.0016444069, 0.001053411, 0.5], "max": [0.0043578138], "min": [-0.001069], "raw_data_size": "9994"}, "user_2_795": {"weights": [1.0], "gauss": [0.0013518144, 0.0010621819, 0.5], "max": [0.0040878137], "min": [-0.0013841848], "raw_data_size": "9991"}}