{"user_3_2148": {"weights": [0.1244561297, 0.000475844, 0.0501393938, 0.2468380799, 0.0001323056, 0.0968306135, 0.195791146, 7.962e-05, 0.0986775456, 0.1726063696, 5.1996e-05, 0.1110876904, 0.2169871048, 3.74952e-05, 0.1432647567], "gauss": [0.1244561297, 0.000475844, 0.0501393938, 0.2468380799, 0.0001323056, 0.0968306135, 0.195791146, 7.962e-05, 0.0986775456, 0.1726063696, 5.1996e-05, 0.1110876904, 0.2169871048, 3.74952e-05, 0.1432647567], "max": [0.1256818226, 0.2471788766, 0.1959962335, 0.1727403025, 0.2170836861], "min": [0.1232304369, 0.2464972832, 0.1955860585, 0.1724724367, 0.2168905234], "raw_data_size": "70"}, "user_1_2148": {"weights": [0.0926439147, 0.1896500577, 0.7177060276], "gauss": [0.1271832683, 0.0002243653, 0.0463219574, 0.2397693416, 0.0004488156, 0.0948250288, 0.1988012245, 0.0003029535, 0.3588530138], "max": [0.1277611951, 0.2409254139, 0.199581581], "min": [0.1266053415, 0.2386132692, 0.198020868], "raw_data_size": "30"}, "user_2_2148": {"weights": [0.0834764585, 0.9165235415], "gauss": [0.1198428466, 0.0003176796, 0.0417382293, 0.2108290938, 0.0008447804, 0.4582617707], "max": [0.1206611351, 0.2130051039], "min": [0.1190245581, 0.2086530837], "raw_data_size": "57"}}