{"user_5_3944": {"weights": [1.0], "gauss": [1.0131643365390766, 0.001160043430987383, 0.5], "max": [1.0161524104020032], "min": [1.01017626267615], "raw_data_size": "9994"}}