{"user_2_3799": {"weights": [0.0495912709148455, 0.2602600142128723, 0.6901487148722822], "gauss": [0.3575651524263277, 4.7437999923543136e-05, 0.02479563545742275, 0.2913703932477834, 0.00031685921902231586, 0.13013000710643616, 0.31456363558825134, 0.00013326586884187985, 0.3450743574361411], "max": [0.3576873446166325, 0.2921865685092407, 0.31490690571837715], "min": [0.3574429602360229, 0.29055421798632614, 0.31422036545812554], "raw_data_size": "57"}}