{"user_4_3167": {"weights": 1, "gauss": [0.0786142885202166, 0.002706693016651866, 0.5], "max": [0.08558626770821964], "min": [0.07164230933221355], "raw_data_size": "9996"}}