{"user_4_1700": {"weights": [1.0], "gauss": [0.005653463775386307, 0.0012340625673254542, 0.5], "max": [0.008832198298716], "min": [0.002474729252056615], "raw_data_size": "9996"}}