{"user_2_520": {"weights": 1, "gauss": [-0.012975728231295943, 0.0007556497975834507, 0.5], "max": [-0.011029303339459695], "min": [-0.01492215312313219], "raw_data_size": "9991"}}