{"user_1_3447": {"weights": 1, "gauss": [0.47403728063608486, 0.0015429288263414654, 0.5], "max": [0.47801160192026554], "min": [0.4700629593519042], "raw_data_size": "9995"}}