{"user_1_2144": {"weights": [1.0], "gauss": [0.3946399602422558, 0.0016313609639250204, 0.5], "max": [0.3988420676177996], "min": [0.39043785286671195], "raw_data_size": "9995"}}