{"user_1_876": {"weights": [0.4084252809712032, 0.5915747190287969], "gauss": [-0.44531204527216633, 0.0005976959879650236, 0.2042126404856016, -0.38889319615166873, 0.0003998680618368379, 0.29578735951439844], "max": [-0.44377248243175244, -0.3878632042804361], "min": [-0.44685160811258023, -0.3899231880229014], "raw_data_size": "30"}}