{"user_3_1057": {"weights": 1, "gauss": [-0.006700119623289474, 0.0035198256653641478, 0.5], "max": [0.0023663504689390045], "min": [-0.01576658971551795], "raw_data_size": "9991"}}