{"user_3_400": {"weights": [0.1893523574, 0.2553624283, 0.2671594143, 0.2881258], "gauss": [-0.0345359419, 0.0008838698, 0.0946761787, 0.0274776209, 0.0001168144, 0.1276812141, 0.0570606028, 0.0002583105, 0.1335797071, 0.0027109494, 0.0002017034, 0.1440629], "max": [-0.0322592443, 0.0277785148, 0.0577259666, 0.0032305028], "min": [-0.0368126395, 0.027176727, 0.056395239, 0.0021913959], "raw_data_size": "70"}, "user_2_400": {"weights": [-0.0636779927, 7.53788e-05, 0.0263185675, 0.0192974599, 1.98645e-05, 0.0558391061, 0.0690626857, 7.9977e-05, 0.0899909097, 0.0323118037, 3.75875e-05, 0.1329390146, -0.0030890769, 0.0001061034, 0.194912402], "gauss": [-0.0636779927, 7.53788e-05, 0.0263185675, 0.0192974599, 1.98645e-05, 0.0558391061, 0.0690626857, 7.9977e-05, 0.0899909097, 0.0323118037, 3.75875e-05, 0.1329390146, -0.0030890769, 0.0001061034, 0.194912402], "max": [-0.0634838298, 0.0193486276, 0.0692686929, 0.0324086227, -0.0028157726], "min": [-0.0638721556, 0.0192462923, 0.0688566786, 0.0322149847, -0.0033623812], "raw_data_size": "57"}, "user_1_400": {"weights": [0.0333333333, 0.097885714, 0.2747399429, 0.5940410097], "gauss": [-0.0757792592, 1e-06, 0.0166666666, 0.065196901, 6.85035e-05, 0.048942857, 0.0318497877, 5.1573e-05, 0.1373699715, -0.0021073122, 0.0001311074, 0.2970205049], "max": [-0.0757766834, 0.0653733543, 0.031982631, -0.0017696019], "min": [-0.075781835, 0.0650204477, 0.0317169443, -0.0024450225], "raw_data_size": "30"}}