{"user_2_3146": {"weights": [0.1056505511, 0.1517398078, 0.1637796478, 0.1944886028, 0.3843413905], "gauss": [-0.1212584023, 9.34314e-05, 0.0528252756, -0.0233672603, 0.0006376554, 0.0758699039, -0.0647469595, 6.34996e-05, 0.0818898239, -0.0838610359, 2.30253e-05, 0.0972443014, -0.0287945634, 0.0001422234, 0.1921706952], "max": [-0.1210177389, -0.0217247688, -0.0645833952, -0.0838017266, -0.0284282202], "min": [-0.1214990656, -0.0250097519, -0.0649105237, -0.0839203451, -0.0291609066], "raw_data_size": "57"}, "user_1_3146": {"weights": [0.4275809324, 0.5724190676], "gauss": [-0.0914411059, 0.0003682353, 0.2137904662, -0.0365607241, 0.0003687144, 0.2862095338], "max": [-0.0904925945, -0.0356109788], "min": [-0.0923896173, -0.0375104694], "raw_data_size": "30"}, "user_3_3146": {"weights": [0.1221527312, 0.1801850185, 0.1803364411, 0.1839552453, 0.333370564], "gauss": [-0.0866040001, 4.8538e-05, 0.0610763656, -0.1198350756, 0.0002543856, 0.0900925092, -0.0647373117, 5.40868e-05, 0.0901682205, -0.0064628069, 9.95377e-05, 0.0919776226, -0.0403295986, 4.67452e-05, 0.166685282], "max": [-0.0864789745, -0.1191798218, -0.0645979933, -0.0062064148, -0.040209191], "min": [-0.0867290256, -0.1204903295, -0.0648766301, -0.006719199, -0.0404500062], "raw_data_size": "70"}}