{"user_3_160": {"weights": [0.25898036591397755, 0.2616586876590277, 0.47936094642699467], "gauss": [0.7344387389768037, 8.543608464603347e-05, 0.12949018295698878, 0.6860115767905041, 6.954102372372272e-05, 0.13082934382951386, 0.7099514875508786, 5.90858787161409e-05, 0.23968047321349734], "max": [0.7346588077472154, 0.6861907025972104, 0.7101036826887015], "min": [0.734218670206392, 0.6858324509837977, 0.7097992924130556], "raw_data_size": "70"}}