{"user_2_470": {"weights": [0.27169204270248254, 1.8806023031849417e-05, 0.01721024013663881, 0.09648451512854998, 5.7987031144492895e-05, 0.022072481776255936, 0.22048318546220108, 0.0002309573586322795, 0.14953439104664948, 0.19143985878256825, 9.180704771471937e-05, 0.15207244769967157, 0.1466135151242816, 0.0002094099658431933, 0.1591104393407842], "gauss": [0.27169204270248254, 1.8806023031849417e-05, 0.01721024013663881, 0.09648451512854998, 5.7987031144492895e-05, 0.022072481776255936, 0.22048318546220108, 0.0002309573586322795, 0.14953439104664948, 0.19143985878256825, 9.180704771471937e-05, 0.15207244769967157, 0.1466135151242816, 0.0002094099658431933, 0.1591104393407842], "max": [0.27174048380769117, 0.09663387982259777, 0.22107809219443636, 0.19167633806634413, 0.14715291945075568], "min": [0.2716436015972739, 0.09633515043450219, 0.2198882787299658, 0.19120337949879238, 0.14607411079780755], "raw_data_size": "57"}}