{"user_3_2080": {"weights": [0.20192751749700014, 0.22658656548289466, 0.5714859170201053], "gauss": [-0.7882345945835441, 0.0006317772877867102, 0.10096375874850007, -0.8575648202988044, 7.691289352260055e-05, 0.11329328274144733, -0.8190674264104565, 0.00015992650141580144, 0.28574295851005266], "max": [-0.7866072441323464, -0.8573667058138482, -0.8186554830416957], "min": [-0.7898619450347417, -0.8577629347837606, -0.8194793697792173], "raw_data_size": "70"}}