{"user_1_593": {"weights": [1.0], "gauss": [0.1838518055, 0.0009427258, 0.5], "max": [0.1862801061], "min": [0.1814235049], "raw_data_size": "9995"}, "user_4_593": {"weights": [1.0], "gauss": [0.1845143609, 0.0009048106, 0.5], "max": [0.1868449987], "min": [0.1821837231], "raw_data_size": "9996"}, "user_3_593": {"weights": [1.0], "gauss": [0.1844829387, 0.0009340391, 0.5], "max": [0.1868888639], "min": [0.1820770134], "raw_data_size": "9991"}, "user_6_593": {"weights": [1.0], "gauss": [0.1846047951, 0.0009239875, 0.5], "max": [0.1869848292], "min": [0.1822247611], "raw_data_size": "9993"}, "user_2_593": {"weights": [1.0], "gauss": [0.1846289602, 0.0009233225, 0.5], "max": [0.1870072814], "min": [0.182250639], "raw_data_size": "9991"}, "user_5_593": {"weights": [1.0], "gauss": [0.1847825152, 0.0009510358, 0.5], "max": [0.1872322211], "min": [0.1823328092], "raw_data_size": "9994"}}