{"user_2_3146": {"weights": [0.10565055111734561, 0.15173980781164664, 0.1637796477511891, 0.19448860284312666, 0.38434139047669197], "gauss": [-0.12125840226935175, 9.343141123853673e-05, 0.05282527555867281, -0.023367260331495898, 0.0006376554292001475, 0.07586990390582332, -0.06474695946701539, 6.349964425550282e-05, 0.08188982387559456, -0.08386103585399109, 2.302529270341029e-05, 0.09724430142156333, -0.02879456341329877, 0.00014222339998191944, 0.19217069523834598], "max": [-0.1210177389024116, -0.021724768791395108, -0.06458339522257714, -0.08380172663032286, -0.028428220211974983], "min": [-0.1214990656362919, -0.025009751871596687, -0.06491052371145364, -0.08392034507765932, -0.029160906614622555], "raw_data_size": "57"}}