{"user_2_3897": {"weights": [1.0], "gauss": [0.09680587204126051, 0.0015297079050709858, 0.5], "max": [0.10074613848901276], "min": [0.09286560559350826], "raw_data_size": "9991"}}