{"user_5_3505": {"weights": [1.0], "gauss": [0.14189331728939322, 0.0014060249272041792, 0.5], "max": [0.14551499749840596], "min": [0.13827163708038048], "raw_data_size": "9994"}}