{"user_3_3505": {"weights": [1.0], "gauss": [0.14230538771559598, 0.001388836606170506, 0.5], "max": [0.14588279374361138], "min": [0.13872798168758058], "raw_data_size": "9991"}}