{"user_2_2822": {"weights": [0.017543758849671992, 0.187600650455442, 0.3920934663472558, 0.4027621243476301], "gauss": [0.3113266825675957, 1.0000000002081668e-06, 0.008771879424835996, 0.17106736206668272, 0.000905806094995856, 0.093800325227721, 0.09963706853071788, 0.0007697529207767181, 0.1960467331736279, 0.03241863491866228, 0.0006217375269711715, 0.20138106217381505], "max": [0.3113292583968998, 0.17340056394950623, 0.10161982066054691, 0.03402012465975065], "min": [0.31132410673829164, 0.1687341601838592, 0.09765431640088885, 0.03081714517757391], "raw_data_size": "57"}}