{"user_1_2793": {"weights": [1.0], "gauss": [0.540392586, 0.0036614188, 0.5], "max": [0.5498237759], "min": [0.530961396], "raw_data_size": "9995"}, "user_4_2793": {"weights": [1.0], "gauss": [0.539988108, 0.003568945, 0.5], "max": [0.5491811012], "min": [0.5307951148], "raw_data_size": "9996"}, "user_5_2793": {"weights": [1.0], "gauss": [0.540760702, 0.0035757206, 0.5], "max": [0.5499711479], "min": [0.5315502561], "raw_data_size": "9994"}, "user_6_2793": {"weights": [1.0], "gauss": [0.5403756312, 0.0035919967, 0.5], "max": [0.5496280016], "min": [0.5311232608], "raw_data_size": "9993"}, "user_3_2793": {"weights": [1.0], "gauss": [0.5405627044, 0.003582753, 0.5], "max": [0.5497912646], "min": [0.5313341442], "raw_data_size": "9991"}, "user_2_2793": {"weights": [1.0], "gauss": [0.5397768838, 0.0035669072, 0.5], "max": [0.5489646278], "min": [0.5305891398], "raw_data_size": "9991"}}