{"user_3_2611": {"weights": [0.09848031840384947, 0.1599375940493849, 0.22704001089873127, 0.22837479924622736, 0.286167277401807], "gauss": [0.23690748477669787, 0.00019636416047399169, 0.04924015920192473, 0.30837103199082616, 0.00025294119133768736, 0.07996879702469245, 0.43753418313544956, 0.00013439210085747122, 0.11352000544936564, 0.3963309503215328, 0.00012407123401172903, 0.11418739962311368, 0.34698143722903957, 0.00020216209959705755, 0.1430836387009035], "max": [0.23741328533541356, 0.3090225653235483, 0.4378803542470037, 0.3966505366418277, 0.3475021722892486], "min": [0.2364016842179822, 0.307719498658104, 0.4371880120238954, 0.39601136400123793, 0.3464607021688305], "raw_data_size": "70"}}