{"user_2_1180": {"weights": 1, "gauss": [0.24051136825713057, 0.0017167563156584842, 0.5], "max": [0.24493343948205634], "min": [0.2360892970322048], "raw_data_size": "9991"}}