{"user_1_1589": {"weights": 1, "gauss": [-0.08320536524813482, 0.0008890350551188831, 0.5], "max": [-0.08091536270127739], "min": [-0.08549536779499226], "raw_data_size": "9995"}}