{"user_2_3423": {"weights": [1.0], "gauss": [-0.6329206030789318, 0.001193346396235666, 0.5], "max": [-0.6298467464622235], "min": [-0.6359944596956402], "raw_data_size": "9991"}}