{"user_3_2481": {"weights": [0.2292537710697, 0.24343318225889027, 0.26039935845276513, 0.2669136882186447], "gauss": [-0.5330036515456098, 0.00015428998406549665, 0.11462688553485, -0.6035030096531974, 0.0008985600541262785, 0.12171659112944513, -0.577726620538451, 8.929826693362852e-05, 0.13019967922638256, -0.5575372530465392, 6.776102438313291e-05, 0.13345684410932235], "max": [-0.5326062268834098, -0.6011884723347805, -0.5774966034457273, -0.5573627122142947], "min": [-0.5334010762078099, -0.6058175469716143, -0.5779566376311748, -0.5577117938787838], "raw_data_size": "70"}}