{"user_2_3008": {"weights": [1.0], "gauss": [0.4301602267412171, 0.0008388493054250203, 0.5], "max": [0.43232095936339254], "min": [0.4279994941190417], "raw_data_size": "9991"}}