{"user_6_1023": {"weights": [1.0], "gauss": [0.3353683610151235, 0.0011027400784516517, 0.5], "max": [0.3382088312233971], "min": [0.3325278908068499], "raw_data_size": "9993"}}