{"user_6_3478": {"weights": 1, "gauss": [-0.21397612079499134, 0.0027826901018443975, 0.5], "max": [-0.20680838608796506], "min": [-0.22114385550201762], "raw_data_size": "9993"}}