{"user_2_717": {"weights": [1.0], "gauss": [-0.4443992818930057, 0.000900930358246398, 0.5], "max": [-0.4420786390757778], "min": [-0.4467199247102336], "raw_data_size": "9991"}}