{"user_3_717": {"weights": 1, "gauss": [-0.4448127497145009, 0.0008955470842806336, 0.5], "max": [-0.44250597329210306], "min": [-0.44711952613689876], "raw_data_size": "9991"}}