{"user_5_3338": {"weights": 1, "gauss": [-0.16255842572421703, 0.0009370899288116086, 0.5], "max": [-0.16014464202552353], "min": [-0.16497220942291052], "raw_data_size": "9994"}}