{"user_3_689": {"weights": 1, "gauss": [0.014092640653222797, 0.004603005557620069, 0.5], "max": [0.025949197252939017], "min": [0.002236084053506575], "raw_data_size": "9991"}}