{"user_2_1585": {"weights": [0.050816543432552874, 0.10214645390950695, 0.163725150118858, 0.22406594996565596, 0.4592459025734262], "gauss": [0.0750228007785574, 3.3520663335509206e-05, 0.025408271716276437, 0.10206151684493837, 8.382912264706565e-05, 0.05107322695475348, 0.1748700951272604, 0.0001222395647768212, 0.081862575059429, 0.1489724779049155, 7.229644755273292e-05, 0.11203297498282798, 0.12760502663458523, 5.568653771351084e-05, 0.2296229512867131], "max": [0.0751091442854514, 0.10227744635554348, 0.1751849633802656, 0.14915870121306432, 0.12774846565024087], "min": [0.0749364572716634, 0.10184558733433327, 0.1745552268742552, 0.14878625459676667, 0.1274615876189296], "raw_data_size": "57"}}