{"user_3_1712": {"weights": [-0.0539120548, 1.35768e-05, 0.0142857141, -0.0008545763, 6.56069e-05, 0.0543418749, 0.0938789484, 0.0001895275, 0.0874997679, 0.0618028139, 8.8628e-05, 0.1716108759, 0.0327692742, 0.0001116248, 0.1722617672], "gauss": [-0.0539120548, 1.35768e-05, 0.0142857141, -0.0008545763, 6.56069e-05, 0.0543418749, 0.0938789484, 0.0001895275, 0.0874997679, 0.0618028139, 8.8628e-05, 0.1716108759, 0.0327692742, 0.0001116248, 0.1722617672], "max": [-0.0538770832, -0.000685584, 0.0943671388, 0.0620311046, 0.0330568005], "min": [-0.0539470264, -0.0010235686, 0.0933907579, 0.0615745233, 0.0324817478], "raw_data_size": "70"}, "user_2_1712": {"weights": [0.0779808703, 0.1672403251, 0.2041270699, 0.2560131635, 0.2946385712], "gauss": [-0.0224932529, 0.0002486951, 0.0389904351, 0.0148468139, 8.48119e-05, 0.0836201626, 0.0397408552, 6.43314e-05, 0.102063535, 0.0801490893, 0.0001547362, 0.1280065817, 0.062675609, 4.36881e-05, 0.1473192856], "max": [-0.0218526568, 0.0150652749, 0.0399065619, 0.0805476633, 0.0627881421], "min": [-0.023133849, 0.0146283528, 0.0395751484, 0.0797505153, 0.0625630759], "raw_data_size": "57"}, "user_1_1712": {"weights": [0.0332908426, 0.1206499802, 0.1535292685, 0.1902565428, 0.5022733659], "gauss": [-0.0310295299, 1e-06, 0.0166454213, 0.0271466813, 2.12726e-05, 0.0603249901, 0.0043176423, 8.63733e-05, 0.0767646342, 0.0635403997, 0.0008700644, 0.0951282714, 0.0650538637, 8.65926e-05, 0.251136683], "max": [-0.031026954, 0.027201476, 0.0045401253, 0.0657815372, 0.0652769114], "min": [-0.0310321057, 0.0270918866, 0.0040951594, 0.0612992623, 0.0648308159], "raw_data_size": "30"}}