{"user_2_800": {"weights": [0.0692559807, 0.1096560065, 0.2540843393, 0.2809018671, 0.2861018064], "gauss": [-0.4408411115, 2.05678e-05, 0.0346279903, -0.4962626234, 0.0007401811, 0.0548280032, -0.4074731744, 0.0001543415, 0.1270421696, -0.31802511, 0.0002128242, 0.1404509336, -0.3513448294, 0.0002014118, 0.1430509032], "max": [-0.4407881323, -0.4943560433, -0.4070756172, -0.3174769113, -0.350826027], "min": [-0.4408940908, -0.4981692035, -0.4078707316, -0.3185733088, -0.3518636317], "raw_data_size": "57"}, "user_1_800": {"weights": [0.2639156147, 0.7360843853], "gauss": [-0.3262428609, 9.41798e-05, 0.1319578074, -0.400487294, 0.0042371402, 0.3680421926], "max": [-0.3260002697, -0.3895731442], "min": [-0.326485452, -0.4114014438], "raw_data_size": "30"}, "user_3_800": {"weights": [-0.4883378619, 0.001881995, 0.0255607252, -0.2878796275, 4.04504e-05, 0.0366786391, -0.4599569281, 0.0003090657, 0.0634634765, -0.4077645424, 0.0002406996, 0.1481698732, -0.3443926178, 0.0004473108, 0.2261272859], "gauss": [-0.4883378619, 0.001881995, 0.0255607252, -0.2878796275, 4.04504e-05, 0.0366786391, -0.4599569281, 0.0003090657, 0.0634634765, -0.4077645424, 0.0002406996, 0.1481698732, -0.3443926178, 0.0004473108, 0.2261272859], "max": [-0.4834901641, -0.2877754342, -0.4591608275, -0.4071445412, -0.3432404216], "min": [-0.4931855598, -0.2879838208, -0.4607530286, -0.4083845436, -0.3455448139], "raw_data_size": "70"}}