{"user_2_1229": {"weights": 1, "gauss": [-0.0050304531605404, 0.0015604747915810902, 0.5], "max": [-0.0010109364649364648], "min": [-0.009049969856144336], "raw_data_size": "9991"}}