{"user_5_1229": {"weights": 1, "gauss": [-0.006287757338400316, 0.0015843528547747944, 0.5], "max": [-0.0022067348279100453], "min": [-0.010368779848890588], "raw_data_size": "9994"}}