{"user_3_340": {"weights": [1.0], "gauss": [-0.2348710381, 0.0017050715, 0.5], "max": [-0.2304790651], "min": [-0.2392630111], "raw_data_size": "9991"}, "user_4_340": {"weights": [1.0], "gauss": [-0.2343162598, 0.001685818, 0.5], "max": [-0.2299738805], "min": [-0.2386586392], "raw_data_size": "9996"}, "user_5_340": {"weights": [1.0], "gauss": [-0.2342053915, 0.0017013517, 0.5], "max": [-0.229823], "min": [-0.238587783], "raw_data_size": "9994"}, "user_1_340": {"weights": [1.0], "gauss": [-0.2350739495, 0.001684907, 0.5], "max": [-0.2307339168], "min": [-0.2394139822], "raw_data_size": "9995"}, "user_6_340": {"weights": [1.0], "gauss": [-0.233399879, 0.001694427, 0.5], "max": [-0.2290353243], "min": [-0.2377644338], "raw_data_size": "9993"}, "user_2_340": {"weights": [1.0], "gauss": [-0.2345223909, 0.0017010693, 0.5], "max": [-0.2301407268], "min": [-0.238904055], "raw_data_size": "9991"}}