{"user_1_628": {"weights": 1, "gauss": [0.3220298111599861, 0.005110454876874448, 0.5], "max": [0.33519347058630367], "min": [0.3088661517336685], "raw_data_size": "9995"}}