{"user_3_1450": {"weights": [0.21927926368619938, 0.2568209336145637, 0.25866346992291595, 0.2652363327763209], "gauss": [-0.33219607142598406, 5.286129097785319e-05, 0.10963963184309969, -0.38334065930150935, 0.00028653935720024295, 0.12841046680728185, -0.29886317572523374, 0.0002580309190841336, 0.12933173496145797, -0.35604962999338485, 6.150645088176431e-05, 0.13261816638816046], "max": [-0.3320599097636599, -0.38260258282861287, -0.2981985321226352, -0.3558911998748463], "min": [-0.3323322330883082, -0.3840787357744058, -0.2995278193278323, -0.3562080601119234], "raw_data_size": "70"}}