{"user_6_2896": {"weights": [1.0], "gauss": [-0.002529673976986685, 0.0006793465070232806, 0.5], "max": [-0.00077979333693253], "min": [-0.00427955461704084], "raw_data_size": "9993"}}