{"user_2_3644": {"weights": [0.2053625198, 0.210732598, 0.271053835, 0.3128510471], "gauss": [0.2772234162, 0.0001793414, 0.1026812599, 0.3443726148, 0.0007875501, 0.105366299, 0.1907601487, 0.0002630131, 0.1355269175, 0.2331126562, 0.0001334839, 0.1564255236], "max": [0.2776853691, 0.3464012093, 0.1914376255, 0.2334564879], "min": [0.2767614633, 0.3423440203, 0.1900826719, 0.2327688246], "raw_data_size": "57"}, "user_3_3644": {"weights": [0.0911111283, 0.1948836251, 0.2075475983, 0.2157190684, 0.2907385798], "gauss": [0.3766701222, 0.0006530106, 0.0455555641, 0.1866155564, 0.0002243036, 0.0974418126, 0.3154906987, 0.0002710955, 0.1037737992, 0.2340203468, 0.0001535128, 0.1078595342, 0.2642999853, 0.000199123, 0.1453692899], "max": [0.378352166, 0.1871933243, 0.3161889943, 0.2344157696, 0.2648128922], "min": [0.3749880784, 0.1860377886, 0.3147924031, 0.2336249241, 0.2637870784], "raw_data_size": "70"}, "user_1_3644": {"weights": [0.1685823483, 0.1846963803, 0.6467212714], "gauss": [0.3480683383, 0.000456074, 0.0842911742, 0.2790632332, 0.0001233816, 0.0923481902, 0.2215126701, 0.000451187, 0.3233606357], "max": [0.3492431072, 0.279381043, 0.2226748509], "min": [0.3468935695, 0.2787454233, 0.2203504893], "raw_data_size": "30"}}