{"user_2_3742": {"weights": [0.33080494172284225, 0.6691950582771579], "gauss": [0.16466416453865823, 0.000688153540775462, 0.16540247086142112, 0.22453752506983277, 0.0003183700019974135, 0.33459752913857893], "max": [0.1664367305943286, 0.22535759185034862], "min": [0.16289159848298787, 0.2237174582893169], "raw_data_size": "57"}}