{"user_3_924": {"weights": [0.05231665350576163, 0.24228553179377776, 0.32447060493388086, 0.38092720976657984], "gauss": [-0.13907439016725484, 0.0001410662136283176, 0.026158326752880816, -0.25246212725525413, 0.0001927690663360283, 0.12114276589688888, -0.17546072659919784, 0.00017753756186409783, 0.16223530246694043, -0.2151046027508176, 0.00015552707841272228, 0.19046360488328992], "max": [-0.13871102768045032, -0.25196558704536803, -0.17500342014486767, -0.21470399154474676], "min": [-0.13943775265405936, -0.25295866746514023, -0.17591803305352802, -0.21550521395688846], "raw_data_size": "70"}}