{"user_6_594": {"weights": 1, "gauss": [0.08701382439327908, 0.0021532423528538586, 0.5], "max": [0.09256020914340263], "min": [0.08146743964315553], "raw_data_size": "9993"}}