{"user_3_3121": {"weights": [0.1276316729, 0.178152361, 0.2120051544, 0.2279613676, 0.2542494441], "gauss": [-0.1459411339, 0.0001625461, 0.0638158364, -0.1715149104, 0.0002989852, 0.0890761805, -0.2520414373, 0.0001018238, 0.1060025772, -0.2994190561, 0.0003922211, 0.1139806838, -0.2215949456, 0.0001219959, 0.1271247221], "max": [-0.1455224428, -0.1707447756, -0.2517791567, -0.2984087615, -0.2212807049], "min": [-0.1463598251, -0.1722850452, -0.252303718, -0.3004293507, -0.2219091863], "raw_data_size": "70"}, "user_2_3121": {"weights": [1.0], "gauss": [-0.2237254277, 0.002753852, 0.5], "max": [-0.216631975], "min": [-0.2308188803], "raw_data_size": "57"}, "user_1_3121": {"weights": [0.130519622, 0.2761685323, 0.5933118457], "gauss": [-0.1497507405, 0.0001536752, 0.065259811, -0.1940640167, 0.0001292206, 0.1380842661, -0.2577367851, 0.0013811344, 0.2966559229], "max": [-0.1493548995, -0.1937311666, -0.2541792187], "min": [-0.1501465815, -0.1943968667, -0.2612943515], "raw_data_size": "30"}}