{"user_6_3331": {"weights": [1.0], "gauss": [0.32629061234437623, 0.0019998688356434027, 0.5], "max": [0.3314419330944807], "min": [0.32113929159427174], "raw_data_size": "9993"}}