{"user_3_3331": {"weights": [1.0], "gauss": [0.32589144162762806, 0.0019806953987175488, 0.5], "max": [0.3309933748770492], "min": [0.3207895083782069], "raw_data_size": "9991"}}