{"user_4_1382": {"weights": [1.0], "gauss": [0.05312678003982731, 0.0008552688931382587, 0.5], "max": [0.055329806717186666], "min": [0.05092375336246795], "raw_data_size": "9996"}}