{"user_2_512": {"weights": [0.11208432461840512, 0.2542680565657977, 0.30860029926774113, 0.32504731954805605], "gauss": [-0.23330278508571436, 0.0024870754446532283, 0.05604216230920256, -0.20799556934273353, 0.0005232569144755912, 0.12713402828289885, -0.15142594663026676, 0.00027859010126909153, 0.15430014963387056, -0.12675215875085707, 0.00023637299886802407, 0.16252365977402802], "max": [-0.22689650327523966, -0.20664774884914272, -0.15070834608373918, -0.1261433022538051], "min": [-0.23970906689618907, -0.20934338983632433, -0.15214354717679435, -0.12736101524790905], "raw_data_size": "57"}}