{"user_1_2872": {"weights": [0.15154373281368, 0.34938732789738297, 0.49906893928893703], "gauss": [-0.25142854196811365, 0.001075610098454179, 0.07577186640684, -0.17278178114960652, 0.00026112333669281354, 0.17469366394869149, -0.23249461553433134, 0.00034092772529375245, 0.24953446964446852], "max": [-0.24865795395732226, -0.1721091720071127, -0.23161644390912742], "min": [-0.25419912997890504, -0.17345439029210033, -0.23337278715953527], "raw_data_size": "30"}}