{"user_3_4045": {"weights": [0.2276525184, 0.3378093543, 0.4345381273], "gauss": [-0.0962555056, 0.0006639413, 0.1138262592, -0.0601876144, 0.000186844, 0.1689046772, -0.0167413058, 0.0003881393, 0.2172690636], "max": [-0.0945453061, -0.0597063361, -0.0157415251], "min": [-0.0979657051, -0.0606688927, -0.0177410865], "raw_data_size": "70"}, "user_2_4045": {"weights": [0.0831961789, 0.1365159847, 0.3184403459, 0.4618474905], "gauss": [0.0032285182, 0.0001344387, 0.0415980895, -0.0890628905, 9.15844e-05, 0.0682579924, -0.0397889542, 9.12905e-05, 0.159220173, -0.0682446566, 7.47947e-05, 0.2309237452], "max": [0.0035748092, -0.0888269847, -0.0395538054, -0.0680519982], "min": [0.0028822272, -0.0892987962, -0.0400241029, -0.0684373151], "raw_data_size": "57"}, "user_1_4045": {"weights": [0.1099088456, 0.4336657516, 0.4564254028], "gauss": [-0.096597503, 2.55582e-05, 0.0549544228, -0.0680163353, 7.04954e-05, 0.2168328758, -0.0347975778, 0.0005148781, 0.2282127014], "max": [-0.0965316694, -0.0678347512, -0.0334713397], "min": [-0.0966633365, -0.0681979194, -0.0361238158], "raw_data_size": "30"}}