{"user_4_3038": {"weights": 1, "gauss": [0.39561556814859683, 0.0006661449044728086, 0.5], "max": [0.3973314437139477], "min": [0.393899692583246], "raw_data_size": "9996"}}