{"user_1_3899": {"weights": [0.033322627936124775, 0.0807931125491602, 0.10776511173930262, 0.27939240145916794, 0.4987267463162444], "gauss": [0.11869568377733204, 1.000000000031225e-06, 0.016661313968062388, -0.025927337687576737, 0.0003060002400443006, 0.0403965562745801, -0.0592726324239966, 0.00024199495437214816, 0.05388255586965131, 0.004706483163538266, 9.761064258591771e-05, 0.13969620072958397, 0.049918716169780504, 0.00030357532943935844, 0.2493633731581222], "max": [0.11869825960663567, -0.02513913330237763, -0.05864929472921384, 0.004957911517049311, 0.050700674399184915], "min": [0.11869310794802841, -0.026715542072775843, -0.05989597011877936, 0.0044550548100272215, 0.04913675794037609], "raw_data_size": "30"}}