{"user_1_3406": {"weights": [0.10486164131310705, 0.2003646216392781, 0.3088645936582195, 0.38590914338939547], "gauss": [0.29837936185451164, 9.8741141706284e-05, 0.05243082065655352, 0.20487107418647318, 0.0001409658886590896, 0.10018231081963905, 0.23930852396926378, 5.1825625426548224e-05, 0.15443229682910975, 0.263438050301172, 7.7223545343021e-05, 0.19295457169469774], "max": [0.29863370218078455, 0.20523417825328208, 0.23944201793391223, 0.2636369649721905], "min": [0.2981250215282387, 0.2045079701196643, 0.23917503000461532, 0.2632391356301535], "raw_data_size": "30"}}