{"user_2_3746": {"weights": [1.0], "gauss": [0.7062144564312111, 0.002918764774654941, 0.5], "max": [0.7137326962679336], "min": [0.6986962165944886], "raw_data_size": "9991"}}