{"user_3_1901": {"weights": [0.1481889221949163, 0.15473999399139002, 0.19532573190343158, 0.2190883605336577, 0.2826569913766043], "gauss": [0.22499618944139682, 0.00015946884504221864, 0.07409446109745815, 0.2518020715917715, 7.54406356177757e-05, 0.07736999699569501, 0.28683234263323487, 9.995508151400167e-05, 0.09766286595171579, 0.31750302822933085, 9.095538053441221e-05, 0.10954418026682886, 0.26644424257362587, 5.6158608812569396e-05, 0.14132849568830216], "max": [0.22540695396545968, 0.2519963937916741, 0.2870898098612373, 0.31773731376382686, 0.26658889756385185], "min": [0.22458542491733396, 0.25160774939186886, 0.28657487540523247, 0.31726874269483485, 0.2662995875833999], "raw_data_size": "70"}}