{"user_1_3854": {"weights": [0.6591303933548756, 9.438019033894307e-05, 0.03321600002399098, 0.5446858182892735, 1.1936053803589641e-05, 0.056008441741370596, 0.559555874101842, 4.521719548580727e-05, 0.10986168902836867, 0.5867494851104132, 0.00016701822860390358, 0.12264259058738247, 0.6258755489232294, 6.679782289151126e-05, 0.17827127861888734], "gauss": [0.6591303933548756, 9.438019033894307e-05, 0.03321600002399098, 0.5446858182892735, 1.1936053803589641e-05, 0.056008441741370596, 0.559555874101842, 4.521719548580727e-05, 0.10986168902836867, 0.5867494851104132, 0.00016701822860390358, 0.12264259058738247, 0.6258755489232294, 6.679782289151126e-05, 0.17827127861888734], "max": [0.6593735006148251, 0.5447165635264296, 0.5596723458789987, 0.587179695557878, 0.6260476087128466], "min": [0.658887286094926, 0.5446550730521175, 0.5594394023246854, 0.5863192746629485, 0.6257034891336122], "raw_data_size": "30"}}