{"user_3_1384": {"weights": [0.08543827132510398, 0.1402464433815567, 0.15461804561329417, 0.1843581734569794, 0.43533906622306584], "gauss": [0.2679664358859436, 6.465162258761825e-05, 0.04271913566255199, 0.41888814314205075, 0.00019685309731559586, 0.07012322169077835, 0.36302714451722745, 0.00014033784765698953, 0.07730902280664709, 0.3061151431535601, 0.00011728090176088457, 0.0921790867284897, 0.3346274580830023, 5.755452440220254e-05, 0.21766953311153292], "max": [0.26813296742992676, 0.4193952031186106, 0.3633886308576193, 0.3064172387370624, 0.3347757087135093], "min": [0.26779990434196044, 0.4183810831654909, 0.3626656581768356, 0.3058130475700578, 0.3344792074524953], "raw_data_size": "70"}}