{"user_3_1511": {"weights": [0.10611449682028436, 0.14786804923664496, 0.17832443152340857, 0.24730973671944614, 0.32038328570021596], "gauss": [0.14979994146862652, 4.406804189905394e-05, 0.05305724841014218, 0.2241408419764375, 7.414157195829895e-05, 0.07393402461832248, 0.2473592312902892, 0.0001805492095090015, 0.08916221576170429, 0.17154008528046913, 5.0960099991884496e-05, 0.12365486835972307, 0.19384711047882414, 5.304769272071363e-05, 0.16019164285010798], "max": [0.14991345322230012, 0.22433181801009885, 0.24782429523487506, 0.17167134979934, 0.1939837522802198], "min": [0.1496864297149529, 0.22394986594277613, 0.24689416734570332, 0.17140882076159825, 0.19371046867742847], "raw_data_size": "70"}}