{"user_3_2740": {"weights": [0.145496640030709, 0.15427381208908683, 0.2715420059868642, 0.42868754189334], "gauss": [0.05751519302672028, 0.0018691751049141312, 0.0727483200153545, -0.018983965709736785, 0.0002663734631835182, 0.07713690604454342, 0.02561482023461204, 8.539823834862053e-05, 0.1357710029934321, 0.06618301671537384, 0.00023066075240821604, 0.21434377094667], "max": [0.06232986903542219, -0.018297833137580873, 0.025834791519421873, 0.06677715944060555], "min": [0.05270051701801837, -0.019670098281892697, 0.02539484894980221, 0.06558887399014213], "raw_data_size": "70"}}