{"user_6_3082": {"weights": [1.0], "gauss": [0.14014751920547364, 0.001984143062845645, 0.5], "max": [0.14525833304918473], "min": [0.13503670536176254], "raw_data_size": "9993"}}