{"user_2_1709": {"weights": [0.16974677533446902, 0.23156601765021131, 0.23375723948174051, 0.3649299675335792], "gauss": [0.25356285384232036, 0.0001914875417285956, 0.08487338766723451, 0.22506976938658588, 2.889051993217634e-05, 0.11578300882510566, 0.20922791498851626, 1.9677782843729008e-05, 0.11687861974087026, 0.18830918563166008, 0.00019856225251880976, 0.1824649837667896], "max": [0.2540560930635694, 0.22514418643442194, 0.209278601598194, 0.1888206481002767], "min": [0.2530696146210713, 0.22499535233874982, 0.2091772283788385, 0.18779772316304344], "raw_data_size": "57"}}