{"user_2_3155": {"weights": 1, "gauss": [-0.21941873108486445, 0.0012655606787158175, 0.5], "max": [-0.216158862803209], "min": [-0.2226785993665199], "raw_data_size": "9991"}}