{"user_5_2326": {"weights": [1.0], "gauss": [0.34291798636414256, 0.0013306917823502895, 0.5], "max": [0.3463456212511121], "min": [0.339490351477173], "raw_data_size": "9994"}}