{"user_1_2924": {"weights": [0.38486080208477275, 0.6151391979152273], "gauss": [-0.11679377232772363, 0.003337807326114782, 0.19243040104238637, -0.16429042990491094, 0.0010815757645454827, 0.30756959895761365], "max": [-0.10819615040751697, -0.16150447535658638], "min": [-0.12539139424793028, -0.1670763844532355], "raw_data_size": "30"}}