{"user_3_91": {"weights": [1.0], "gauss": [-0.580608563309607, 0.002826480075773157, 0.5], "max": [-0.5733280331045334], "min": [-0.5878890935146805], "raw_data_size": "9991"}}