{"user_2_3095": {"weights": 1, "gauss": [-0.0047453282, 0.0023126147, 0.5], "max": [0.0012115725], "min": [-0.0107022289], "raw_data_size": "9991"}, "user_3_3095": {"weights": 1, "gauss": [-0.0061235373, 0.0023648478, 0.5], "max": [-3.2093e-05], "min": [-0.0122149816], "raw_data_size": "9991"}, "user_4_3095": {"weights": 1, "gauss": [-0.0063877847, 0.0023080777, 0.5], "max": [-0.0004425707], "min": [-0.0123329988], "raw_data_size": "9996"}, "user_5_3095": {"weights": 1, "gauss": [-0.005914192, 0.0024036192, 0.5], "max": [0.0002771207], "min": [-0.0121055048], "raw_data_size": "9994"}, "user_6_3095": {"weights": 1, "gauss": [-0.0065504691, 0.0023217442, 0.5], "max": [-0.0005700524], "min": [-0.0125308857], "raw_data_size": "9993"}, "user_1_3095": {"weights": 1, "gauss": [-0.0054351601, 0.0024090918, 0.5], "max": [0.0007702492], "min": [-0.0116405694], "raw_data_size": "9995"}}