{"user_1_2185": {"weights": [0.6649701871, 4.9945e-05, 0.0500048482, 0.6297227387, 3.31514e-05, 0.0665314105, 0.5543795227, 4.85306e-05, 0.0809231196, 0.5715186707, 4.12942e-05, 0.1358680044, 0.5998785031, 3.17414e-05, 0.1666726174], "gauss": [0.6649701871, 4.9945e-05, 0.0500048482, 0.6297227387, 3.31514e-05, 0.0665314105, 0.5543795227, 4.85306e-05, 0.0809231196, 0.5715186707, 4.12942e-05, 0.1358680044, 0.5998785031, 3.17414e-05, 0.1666726174], "max": [0.6650988369, 0.6298081311, 0.5545045292, 0.5716250375, 0.5999602636], "min": [0.6648415374, 0.6296373464, 0.5542545163, 0.5714123039, 0.5997967426], "raw_data_size": "30"}, "user_3_2185": {"weights": [0.1180206862, 0.1782032761, 0.2055767564, 0.2116574136, 0.2865418677], "gauss": [0.6599289788, 0.000230016, 0.0590103431, 0.6209218257, 4.05965e-05, 0.089101638, 0.5665226174, 7.37065e-05, 0.1027883782, 0.5444893513, 0.0001092071, 0.1058287068, 0.5923878935, 6.43099e-05, 0.1432709338], "max": [0.6605214608, 0.6210263954, 0.5667124728, 0.54477065, 0.5925535449], "min": [0.6593364969, 0.620817256, 0.566332762, 0.5442080525, 0.5922222421], "raw_data_size": "70"}, "user_2_2185": {"weights": [0.0528980465, 0.1429796943, 0.1845636756, 0.2723677488, 0.3471908348], "gauss": [0.6648103006, 5.35014e-05, 0.0264490232, 0.6284216587, 7.37785e-05, 0.0714898471, 0.5752241003, 4.26952e-05, 0.0922818378, 0.5574577275, 5.59642e-05, 0.1361838744, 0.6004489422, 5.3111e-05, 0.1735954174], "max": [0.6649481112, 0.6286116996, 0.5753340757, 0.5576018817, 0.6005857471], "min": [0.6646724901, 0.6282316178, 0.5751141248, 0.5573135734, 0.6003121373], "raw_data_size": "57"}}