{"user_6_740": {"weights": 1, "gauss": [0.1236423464704068, 0.0029550598538896694, 0.5], "max": [0.13125407623579674], "min": [0.11603061670501685], "raw_data_size": "9993"}}