{"user_1_451": {"weights": [1.0], "gauss": [-0.2710333151335946, 0.0010202272889205794, 0.5], "max": [-0.2684053837865127], "min": [-0.27366124648067647], "raw_data_size": "9995"}}