{"user_3_1344": {"weights": 1, "gauss": [0.14700649166190707, 0.00041502285020480936, 0.5], "max": [0.14807551968110702], "min": [0.14593746364270713], "raw_data_size": "9991"}}