{"user_1_638": {"weights": [1.0], "gauss": [-0.25842189491302686, 0.0007108099488579563, 0.5], "max": [-0.25659096981750446], "min": [-0.26025282000854927], "raw_data_size": "9995"}}