{"user_1_3347": {"weights": 1, "gauss": [-0.3918019214, 0.0017423965, 0.5], "max": [-0.3873138054], "min": [-0.3962900375], "raw_data_size": "9995"}, "user_6_3347": {"weights": 1, "gauss": [-0.39039553, 0.0016970923, 0.5], "max": [-0.3860241098], "min": [-0.3947669501], "raw_data_size": "9993"}, "user_4_3347": {"weights": 1, "gauss": [-0.3911885033, 0.0016939437, 0.5], "max": [-0.3868251934], "min": [-0.3955518133], "raw_data_size": "9996"}, "user_5_3347": {"weights": 1, "gauss": [-0.3911095387, 0.0017059047, 0.5], "max": [-0.3867154194], "min": [-0.395503658], "raw_data_size": "9994"}, "user_2_3347": {"weights": 1, "gauss": [-0.391868412, 0.0016847754, 0.5], "max": [-0.3875287181], "min": [-0.396208106], "raw_data_size": "9991"}, "user_3_3347": {"weights": 1, "gauss": [-0.391373868, 0.0017118097, 0.5], "max": [-0.3869645384], "min": [-0.3957831976], "raw_data_size": "9991"}}