{"user_4_2608": {"weights": [1.0], "gauss": [0.4193689294, 0.0012251183, 0.5], "max": [0.422524625], "min": [0.4162132339], "raw_data_size": "9996"}, "user_3_2608": {"weights": [1.0], "gauss": [0.4189453575, 0.0011854, 0.5], "max": [0.4219987456], "min": [0.4158919694], "raw_data_size": "9991"}, "user_5_2608": {"weights": [1.0], "gauss": [0.4185374985, 0.0011931993, 0.5], "max": [0.4216109762], "min": [0.4154640207], "raw_data_size": "9994"}, "user_1_2608": {"weights": [1.0], "gauss": [0.418822136, 0.0011958896, 0.5], "max": [0.4219025436], "min": [0.4157417285], "raw_data_size": "9995"}, "user_6_2608": {"weights": [1.0], "gauss": [0.4185872681, 0.0011743684, 0.5], "max": [0.4216122406], "min": [0.4155622956], "raw_data_size": "9993"}, "user_2_2608": {"weights": [1.0], "gauss": [0.4191380729, 0.0012123767, 0.5], "max": [0.4222609483], "min": [0.4160151976], "raw_data_size": "9991"}}