{"user_3_522": {"weights": 1, "gauss": [-0.1110685875884056, 0.002260045593284692, 0.5], "max": [-0.10524709592186633], "min": [-0.11689007925494486], "raw_data_size": "9991"}}