{"user_1_266": {"weights": [0.49052760993552275, 0.5094723900644772], "gauss": [0.4010203927610594, 0.0015896507275625904, 0.24526380496776137, 0.3675243392551617, 0.0006719788012297935, 0.2547361950322386], "max": [0.4051150616875229, 0.36925524194273307], "min": [0.39692572383459584, 0.36579343656759034], "raw_data_size": "30"}}