{"user_3_266": {"weights": [0.07679746040652953, 0.2571588832444416, 0.2700856471599674, 0.3959580091890613], "gauss": [0.45494557236513533, 0.001923285939357643, 0.038398730203264765, 0.409479765148676, 0.0002419551157946388, 0.1285794416222208, 0.3237973159180037, 0.00025699426880405787, 0.1350428235799837, 0.3610704027312166, 0.00024212269032852684, 0.19797900459453066], "max": [0.4598996286468363, 0.4101030002260834, 0.3244592892864333, 0.36169406945201893], "min": [0.44999151608343435, 0.4088565300712686, 0.3231353425495741, 0.36044673601041427], "raw_data_size": "70"}}