{"user_2_3692": {"weights": 1, "gauss": [0.3297750441602264, 0.0009754397789972909, 0.5], "max": [0.3322876105268149], "min": [0.32726247779363793], "raw_data_size": "9991"}}