{"user_3_1966": {"weights": [0.15458872788408526, 0.4209928941448438, 0.4244183779710709], "gauss": [0.14177243619896537, 0.0003100087932376973, 0.07729436394204263, 0.18099887513426138, 0.00011705010319164221, 0.2104964470724219, 0.2137223300962531, 0.0002300207011670861, 0.21220918898553545], "max": [0.14257096593294485, 0.18130037622004583, 0.21431482415874215], "min": [0.1409739064649859, 0.18069737404847694, 0.21312983603376406], "raw_data_size": "70"}}