{"user_3_2377": {"weights": 1, "gauss": [0.3391565152542475, 0.0028092658806239392, 0.5], "max": [0.34639270463101873], "min": [0.3319203258774763], "raw_data_size": "9991"}}