{"user_6_2974": {"weights": [1.0], "gauss": [-0.1736612691662474, 0.0012973066385844115, 0.5], "max": [-0.17031962871089315], "min": [-0.17700290962160167], "raw_data_size": "9993"}}