{"user_6_2884": {"weights": 1, "gauss": [-0.6851965642566376, 0.0016910086445843509, 0.5], "max": [-0.6808408146373627], "min": [-0.6895523138759124], "raw_data_size": "9993"}}