{"user_2_1528": {"weights": [1.0], "gauss": [0.022699305784422252, 0.002103322396596786, 0.5], "max": [0.028117105248386957], "min": [0.017281506320457548], "raw_data_size": "9991"}}