{"user_4_3220": {"weights": 1, "gauss": [0.22819228320479906, 0.0038610312760043166, 0.5], "max": [0.23813764070744978], "min": [0.21824692570214835], "raw_data_size": "9996"}}