{"user_3_3220": {"weights": [1.0], "gauss": [0.2287483290414499, 0.003926391360314223, 0.5], "max": [0.2388620429645485], "min": [0.2186346151183513], "raw_data_size": "9991"}}