{"user_2_1515": {"weights": [0.03457807971249363, 0.4238481095183571, 0.5415738107691492], "gauss": [-0.2760734507722022, 9.158103803057593e-06, 0.017289039856246816, -0.21054128787702908, 0.0004035197803870645, 0.21192405475917855, -0.16015776166390153, 0.0007306381401685585, 0.2707869053845746], "max": [-0.27604986106006135, -0.20950188980214646, -0.15827576253216488], "min": [-0.276097040484343, -0.2115806859519117, -0.16203976079563817], "raw_data_size": "57"}}