{"user_4_3333": {"weights": 1, "gauss": [-0.13071406950272907, 0.0009998225940446258, 0.5], "max": [-0.12813869716663864], "min": [-0.1332894418388195], "raw_data_size": "9996"}}