{"user_1_658": {"weights": [0.2585451627, 0.285353892, 0.4561009453], "gauss": [0.375389995, 0.000451434, 0.1292725814, 0.446258654, 0.000124351, 0.142676946, 0.4035451564, 0.0002405673, 0.2280504726], "max": [0.376552812, 0.446578961, 0.4041648166], "min": [0.374227178, 0.445938347, 0.4029254961], "raw_data_size": "30"}, "user_3_658": {"weights": [0.4734193138, 1.4669e-06, 0.014243729, 0.3609009633, 7.69748e-05, 0.086044655, 0.3864610182, 2.43877e-05, 0.1101072915, 0.4007297827, 1.12122e-05, 0.1224103573, 0.4308114644, 0.0001480678, 0.1671939672], "gauss": [0.4734193138, 1.4669e-06, 0.014243729, 0.3609009633, 7.69748e-05, 0.086044655, 0.3864610182, 2.43877e-05, 0.1101072915, 0.4007297827, 1.12122e-05, 0.1224103573, 0.4308114644, 0.0001480678, 0.1671939672], "max": [0.4734230922, 0.3610992372, 0.3865238367, 0.4007586634, 0.4311928617], "min": [0.4734155354, 0.3607026893, 0.3863981997, 0.4007009021, 0.4304300671], "raw_data_size": "70"}, "user_2_658": {"weights": [0.1356352939, 0.2514062107, 0.6129584955], "gauss": [0.4494322607, 6.3277e-05, 0.0678176469, 0.3716370943, 0.0003552687, 0.1257031053, 0.4075193422, 0.0002250317, 0.3064792477], "max": [0.4495952514, 0.3725522058, 0.4080989854], "min": [0.44926927, 0.3707219827, 0.4069396991], "raw_data_size": "57"}}