{"user_3_1602": {"weights": 1, "gauss": [-0.704201397785781, 0.0030960715183837853, 0.5], "max": [-0.6962264460428449], "min": [-0.712176349528717], "raw_data_size": "9991"}}