{"user_6_2841": {"weights": 1, "gauss": [-0.8146154390741205, 0.0013484662600179154, 0.5], "max": [-0.8111420201667193], "min": [-0.8180888579815216], "raw_data_size": "9993"}}