{"user_1_2841": {"weights": 1, "gauss": [-0.8154297008530662, 0.0013982380153627339, 0.5], "max": [-0.8118280783997588], "min": [-0.8190313233063736], "raw_data_size": "9995"}}