{"user_2_3872": {"weights": [0.053291524992022526, 0.08522658905018779, 0.1256340488193771, 0.3461599423943022, 0.38968789474411036], "gauss": [0.3410392815902256, 8.891173166626531e-05, 0.026645762496011263, 0.4332677468551089, 1.4547860651941246e-05, 0.042613294525093895, 0.41921135301963663, 7.236948226434613e-06, 0.06281702440968855, 0.4031532786141518, 3.948467623721041e-05, 0.1730799711971511, 0.37888101488267656, 5.082036719589078e-05, 0.19484394737205518], "max": [0.34126830303408084, 0.4333052196608801, 0.41922999416294654, 0.4032549844002447, 0.3790119194737169], "min": [0.3408102601463704, 0.43323027404933767, 0.41919271187632673, 0.40305157282805887, 0.37875011029163624], "raw_data_size": "57"}}