{"user_4_3098": {"weights": [1.0], "gauss": [-0.018684342829356885, 0.0007065437461055707, 0.5], "max": [-0.01686440674389894], "min": [-0.02050427891481483], "raw_data_size": "9996"}}