{"user_3_3098": {"weights": 1, "gauss": [-0.01840559311234215, 0.0006984458839757011, 0.5], "max": [-0.016606515737454426], "min": [-0.020204670487229875], "raw_data_size": "9991"}}