{"user_6_3254": {"weights": [1.0], "gauss": [-0.5168838259556268, 0.003464277089379713, 0.5], "max": [-0.5079604395131894], "min": [-0.5258072123980642], "raw_data_size": "9993"}}