{"user_1_3254": {"weights": 1, "gauss": [-0.5174832912574333, 0.003537089157400335, 0.5], "max": [-0.5083723533565364], "min": [-0.5265942291583302], "raw_data_size": "9995"}}