{"user_2_699": {"weights": [0.03556939962097205, 0.1064077851963184, 0.4075219805717287, 0.4505008346109808], "gauss": [-0.09776200935977858, 0.00032025387399804955, 0.017784699810486027, -0.036506779646435755, 0.00025351715501386186, 0.0532038925981592, 0.04987107435784123, 0.0003068090876463032, 0.20376099028586436, 0.017386737991528827, 0.00019129928685811636, 0.2252504173054904], "max": [-0.09693709004655934, -0.0358537627295987, 0.05066136219639568, 0.017879492300365972], "min": [-0.09858692867299781, -0.03715979656327281, 0.04908078651928678, 0.016893983682691682], "raw_data_size": "57"}}