{"user_2_1688": {"weights": [1.0], "gauss": [0.0055887826, 0.001784387, 0.5], "max": [0.0101850589], "min": [0.0009925062], "raw_data_size": "9991"}, "user_3_1688": {"weights": [1.0], "gauss": [0.0056952854, 0.0017565635, 0.5], "max": [0.0102198932], "min": [0.0011706777], "raw_data_size": "9991"}, "user_1_1688": {"weights": [1.0], "gauss": [0.0049202138, 0.0017553346, 0.5], "max": [0.009441656], "min": [0.0003987716], "raw_data_size": "9995"}, "user_5_1688": {"weights": [1.0], "gauss": [0.0044893014, 0.0017970698, 0.5], "max": [0.0091182463], "min": [-0.0001396436], "raw_data_size": "9994"}, "user_6_1688": {"weights": [1.0], "gauss": [0.0053547802, 0.001746268, 0.5], "max": [0.0098528685], "min": [0.0008566919], "raw_data_size": "9993"}, "user_4_1688": {"weights": [1.0], "gauss": [0.0052775942, 0.0017657597, 0.5], "max": [0.0098258898], "min": [0.0007292986], "raw_data_size": "9996"}}