{"user_1_275": {"weights": [1.0], "gauss": [-1.0225450312836875, 0.0008395472416523321, 0.5], "max": [-1.0203825008969258], "min": [-1.024707561670449], "raw_data_size": "9995"}}