{"user_3_220": {"weights": [0.07609850644208345, 0.2192946935652504, 0.3012950729881239, 0.4033117270045421], "gauss": [0.7753797270572192, 9.066923023556727e-05, 0.038049253221041725, 0.749755338558709, 2.7158500628592485e-05, 0.1096473467826252, 0.7181069072978916, 7.73543004992373e-05, 0.15064753649406196, 0.6979830117671666, 0.00022829353691974818, 0.20165586350227105], "max": [0.7756132755173902, 0.7498252942204686, 0.7183061587718731, 0.6985710569493753], "min": [0.7751461785970483, 0.7496853828969494, 0.7179076558239101, 0.6973949665849579], "raw_data_size": "70"}}