{"user_1_220": {"weights": [0.14251302182193573, 0.8574869781780642], "gauss": [0.74808407312985, 2.742788699958043e-05, 0.07125651091096787, 0.712771276713942, 0.00020051632845327527, 0.4287434890890321], "max": [0.748154722684918, 0.713287772548612], "min": [0.7480134235747821, 0.7122547808792721], "raw_data_size": "30"}}