{"user_6_2193": {"weights": 1, "gauss": [0.22843444463629142, 0.002492301158011168, 0.5], "max": [0.23485418699236546], "min": [0.22201470228021739], "raw_data_size": "9993"}}