{"user_2_3376": {"weights": 1, "gauss": [0.03465064852591604, 0.002809810662570581, 0.5], "max": [0.04188824116798949], "min": [0.027413055883842585], "raw_data_size": "9991"}}