{"user_6_1771": {"weights": [1.0], "gauss": [0.41371428992185577, 0.001379523313548402, 0.5], "max": [0.41726770649782263], "min": [0.4101608733458889], "raw_data_size": "9993"}}