{"user_4_850": {"weights": [1.0], "gauss": [0.48441283681714364, 0.0005913657651870065, 0.5], "max": [0.48593609408422794], "min": [0.48288957955005934], "raw_data_size": "9996"}}