{"user_4_1805": {"weights": 1, "gauss": [0.14545411532479205, 0.001259865743360267, 0.5], "max": [0.14869931442507683], "min": [0.14220891622450726], "raw_data_size": "9996"}}