{"user_6_216": {"weights": [1.0], "gauss": [-0.2715623881671583, 0.0030052152945187335, 0.5], "max": [-0.2638214665480636], "min": [-0.27930330978625295], "raw_data_size": "9993"}}