{"user_4_216": {"weights": [1.0], "gauss": [-0.27180666081379307, 0.0029786405484286535, 0.5], "max": [-0.26413419120441156], "min": [-0.27947913042317457], "raw_data_size": "9996"}}