{"user_4_681": {"weights": 1, "gauss": [0.09439016305731966, 0.0005497164575230744, 0.5], "max": [0.0958061388172507], "min": [0.09297418729738863], "raw_data_size": "9996"}}