{"user_2_2709": {"weights": 1, "gauss": [0.4952435888702523, 0.0007984161230324129, 0.5], "max": [0.49730017251638514], "min": [0.4931870052241195], "raw_data_size": "9991"}}