{"user_1_3752": {"weights": [1.0], "gauss": [0.044863071956871045, 0.0024040636193836456, 0.5], "max": [0.051055529475275266], "min": [0.038670614438466824], "raw_data_size": "9995"}}