{"user_6_3349": {"weights": 1, "gauss": [0.3128694271711875, 0.0010535749746391893, 0.5], "max": [0.3155832564643489], "min": [0.31015559787802605], "raw_data_size": "9993"}}