{"user_3_3524": {"weights": 1, "gauss": [0.842425210253468, 0.0010103946193536762, 0.5], "max": [0.8450278143221472], "min": [0.8398226061847887], "raw_data_size": "9991"}}