{"user_2_3191": {"weights": [0.08847948297090778, 0.1168082465063518, 0.18401583808063054, 0.2918316582426563, 0.3188647741994536], "gauss": [-0.15057486733616293, 5.168958803141482e-05, 0.04423974148545389, -0.17399705426675383, 9.742511855279467e-06, 0.0584041232531759, -0.25491986211669493, 0.0005895013142781087, 0.09200791904031527, -0.2475118548603843, 0.0001381295951779483, 0.14591582912132814, -0.20673499971351236, 0.00015122180295023307, 0.1594323870997268], "max": [-0.15044172378062323, -0.1739719592192268, -0.2534014073568968, -0.24715605660143758, -0.20634547816213766], "min": [-0.15070801089170263, -0.17402214931428084, -0.25643831687649304, -0.247867653119331, -0.20712452126488706], "raw_data_size": "57"}}