{"user_2_609": {"weights": [1.0], "gauss": [-0.1371957798180918, 0.0008284586490296977, 0.5], "max": [-0.13506181175314258], "min": [-0.13932974788304103], "raw_data_size": "9991"}}