{"user_1_4023": {"weights": [0.2130843957345307, 0.3519193504752671, 0.4349962537902021], "gauss": [-0.31420811057194853, 0.0004882078390307372, 0.10654219786726535, -0.21381353919526216, 0.000245937499803935, 0.17595967523763356, -0.2638032202889252, 8.069962808840325e-05, 0.21749812689510106], "max": [-0.31295057051395087, -0.21318004617642564, -0.26359535182210964], "min": [-0.3154656506299462, -0.2144470322140987, -0.2640110887557408], "raw_data_size": "30"}}