{"user_6_2084": {"weights": 1, "gauss": [-0.06595096204182009, 0.0007042412741461375, 0.5], "max": [-0.06413695673110585], "min": [-0.06776496735253433], "raw_data_size": "9993"}}