{"user_4_2084": {"weights": 1, "gauss": [-0.06635917988339332, 0.0007172182980807903, 0.5], "max": [-0.06451174797415535], "min": [-0.0682066117926313], "raw_data_size": "9996"}}