{"user_4_1276": {"weights": [1.0], "gauss": [0.43292013625315845, 0.0011567854380182807, 0.5], "max": [0.4358998180823246], "min": [0.4299404544239923], "raw_data_size": "9996"}}