{"user_3_1276": {"weights": 1, "gauss": [0.4330610496617147, 0.0011867226694534095, 0.5], "max": [0.4361178446888786], "min": [0.43000425463455083], "raw_data_size": "9991"}}