{"user_1_222": {"weights": [0.2410610380798762, 0.33447847333188896, 0.4244604885882348], "gauss": [0.26973247989646054, 2.1114873237372933e-05, 0.1205305190399381, 0.19224595710177478, 0.0004628752240030666, 0.16723923666594448, 0.22983146196383317, 0.00039070088121866034, 0.2122302442941174], "max": [0.2697868682056861, 0.19343824466764864, 0.23083784074259858], "min": [0.269678091587235, 0.19105366953590092, 0.22882508318506775], "raw_data_size": "30"}}