{"user_1_1154": {"weights": [0.09993980240245347, 0.1981265905639697, 0.27567697720616907, 0.42625662982740775], "gauss": [0.24825911871590528, 6.0164351820670255e-05, 0.049969901201226734, 0.38654074232890906, 0.00012898057645407867, 0.09906329528198485, 0.35411474159177425, 0.00012832645975621626, 0.13783848860308454, 0.3030004105478837, 0.00011463938978145582, 0.21312831491370388], "max": [0.248414091816354, 0.3868729742773281, 0.354445288647235, 0.30329570204742373], "min": [0.24810414561545657, 0.38620851038049003, 0.3537841945363135, 0.30270511904834363], "raw_data_size": "30"}}