{"user_4_519": {"weights": 1, "gauss": [-0.0409409544018201, 0.005922942442366631, 0.5], "max": [-0.025684465695538637], "min": [-0.05619744310810156], "raw_data_size": "9996"}}