{"user_1_94": {"weights": [0.5797945314142953, 7.590671729465381e-05, 0.05794632281398458, 0.5150393235854916, 3.940966476960849e-06, 0.06004138245491396, 0.5025627274297356, 0.000186912310933789, 0.10556827378070768, 0.5614355750972199, 0.00014281204520746782, 0.12330542797532752, 0.534577145763894, 0.00015259807513215328, 0.1531385929750663], "gauss": [0.5797945314142953, 7.590671729465381e-05, 0.05794632281398458, 0.5150393235854916, 3.940966476960849e-06, 0.06004138245491396, 0.5025627274297356, 0.000186912310933789, 0.10556827378070768, 0.5614355750972199, 0.00014281204520746782, 0.12330542797532752, 0.534577145763894, 0.00015259807513215328, 0.1531385929750663], "max": [0.579990054161039, 0.5150494748424274, 0.5030441816374329, 0.5618034345481651, 0.5349702123574845], "min": [0.5795990086675515, 0.5150291723285559, 0.5020812732220383, 0.5610677156462747, 0.5341840791703035], "raw_data_size": "30"}}