{"user_5_2394": {"weights": 1, "gauss": [0.055927609130367636, 0.002069165646919419, 0.5], "max": [0.061257426637599394], "min": [0.05059779162313588], "raw_data_size": "9994"}}