{"user_3_790": {"weights": [0.07256368390271523, 0.13416600124695882, 0.21938056308215073, 0.2757226813225453, 0.29816707044562973], "gauss": [-0.07983419559199387, 7.498488690589684e-05, 0.03628184195135761, 0.02458551662872091, 0.00023987745775167746, 0.06708300062347941, -0.05428119801337157, 6.916011261273841e-05, 0.10969028154107537, -0.0028309569375895103, 9.182706952684918e-05, 0.13786134066127265, -0.03341060330649183, 9.989482371283056e-05, 0.14908353522281487], "max": [-0.07964104732297836, 0.025203400013658495, -0.054103053368666935, -0.00259442608104323, -0.03315329129229947], "min": [-0.08002734386100938, 0.023967633243783325, -0.054459342658076206, -0.003067487794135791, -0.03366791532068419], "raw_data_size": "70"}}