{"user_2_790": {"weights": [0.13962664106127307, 0.14931994794134348, 0.33582641473755837, 0.375226996259825], "gauss": [0.024518045977875668, 0.00023922783578263476, 0.06981332053063653, -0.0710628492398319, 0.00018960134761335568, 0.07465997397067174, -0.035289098719345685, 5.9393619133701236e-05, 0.16791320736877918, -0.012383054476917779, 9.01978618510081e-05, 0.1876134981299125], "max": [0.025134256047509164, -0.07057446853265706, -0.035136110894737276, -0.012150720181244497], "min": [0.023901835908242172, -0.07155122994700674, -0.035442086543954095, -0.01261538877259106], "raw_data_size": "57"}}