{"user_4_2666": {"weights": [1.0], "gauss": [0.08949247094238369, 0.0022018799924303717, 0.5], "max": [0.09516413794978387], "min": [0.0838208039349835], "raw_data_size": "9996"}}