{"user_6_2666": {"weights": 1, "gauss": [0.08880606004622743, 0.0020724211996468967, 0.5], "max": [0.09414426330157387], "min": [0.08346785679088099], "raw_data_size": "9993"}}