{"user_1_2247": {"weights": [0.19197680764061748, 0.8080231923593825], "gauss": [0.02755666429273732, 6.319790529265925e-05, 0.09598840382030874, -0.01720297214179777, 0.00036556879918785726, 0.40401159617969123], "max": [0.027719451309113057, -0.016261329316386502], "min": [0.02739387727636158, -0.018144614967209035], "raw_data_size": "30"}}