{"user_2_2751": {"weights": [0.1926131889, 0.2978870719, 0.5094997392], "gauss": [-0.0406628099, 5.08629e-05, 0.0963065945, -0.0288941895, 1.76579e-05, 0.148943536, -0.0139722228, 2.3322e-05, 0.2547498696], "max": [-0.0405317957, -0.0288487058, -0.0139121493], "min": [-0.040793824, -0.0289396732, -0.0140322963], "raw_data_size": "57"}, "user_3_2751": {"weights": [-0.0293896363, 2.477e-06, 0.0596841672, -0.0063764261, 6.1646e-06, 0.0788894026, -0.0378981614, 2.11946e-05, 0.0957457412, -0.0142154598, 1.69602e-05, 0.0962773324, -0.0220796674, 7.807e-06, 0.1694033565], "gauss": [-0.0293896363, 2.477e-06, 0.0596841672, -0.0063764261, 6.1646e-06, 0.0788894026, -0.0378981614, 2.11946e-05, 0.0957457412, -0.0142154598, 1.69602e-05, 0.0962773324, -0.0220796674, 7.807e-06, 0.1694033565], "max": [-0.029383256, -0.006360547, -0.0378435677, -0.0141717732, -0.0220595578], "min": [-0.0293960167, -0.0063923052, -0.037952755, -0.0142591463, -0.022099777], "raw_data_size": "70"}, "user_1_2751": {"weights": [1.0], "gauss": [-0.0230136554, 0.0001080343, 0.5], "max": [-0.0227353776], "min": [-0.0232919332], "raw_data_size": "30"}}