{"user_3_179": {"weights": [1.0], "gauss": [-0.20241308168355765, 0.0030484212306381214, 0.5], "max": [-0.1945608689481194], "min": [-0.2102652944189959], "raw_data_size": "9991"}}