{"user_3_1036": {"weights": 1, "gauss": [-0.45140212606586455, 0.0025190475985506213, 0.5], "max": [-0.4449134894444834], "min": [-0.4578907626872457], "raw_data_size": "9991"}}