{"user_3_1531": {"weights": [-0.2372868072, 0.0001338775, 0.0403587962, -0.2129459725, 0.0003002032, 0.0525887039, -0.3460774678, 0.0001221357, 0.1110856547, -0.2958723769, 0.0001208891, 0.1407079012, -0.3188837312, 6.56058e-05, 0.155258944], "gauss": [-0.2372868072, 0.0001338775, 0.0403587962, -0.2129459725, 0.0003002032, 0.0525887039, -0.3460774678, 0.0001221357, 0.1110856547, -0.2958723769, 0.0001208891, 0.1407079012, -0.3188837312, 6.56058e-05, 0.155258944], "max": [-0.2369419617, -0.2121727004, -0.345762867, -0.2955609872, -0.3187147418], "min": [-0.2376316527, -0.2137192446, -0.3463920686, -0.2961837665, -0.3190527206], "raw_data_size": "70"}, "user_1_1531": {"weights": [0.243179895, 0.2643325254, 0.4924875796], "gauss": [-0.2438948164, 0.0006319208, 0.1215899475, -0.2908044918, 0.0002310123, 0.1321662627, -0.3260454579, 0.0002393507, 0.2462437898], "max": [-0.2422670963, -0.2902094436, -0.3254289314], "min": [-0.2455225366, -0.29139954, -0.3266619843], "raw_data_size": "30"}, "user_2_1531": {"weights": [-0.2118363308, 0.0002584909, 0.0450563651, -0.2499210211, 1.18097e-05, 0.0602191256, -0.2751309168, 1.37688e-05, 0.0675466778, -0.3329156432, 0.0002810526, 0.1417159941, -0.3142522324, 0.0001819185, 0.1854618374], "gauss": [-0.2118363308, 0.0002584909, 0.0450563651, -0.2499210211, 1.18097e-05, 0.0602191256, -0.2751309168, 1.37688e-05, 0.0675466778, -0.3329156432, 0.0002810526, 0.1417159941, -0.3142522324, 0.0001819185, 0.1854618374], "max": [-0.2111705022, -0.2498906013, -0.2750954507, -0.3321916996, -0.3137836414], "min": [-0.2125021593, -0.2499514408, -0.275166383, -0.3336395869, -0.3147208233], "raw_data_size": "57"}}