{"user_3_1988": {"weights": [-0.4669599647871693, 0.00016441419629842257, 0.026927152992813213, -0.328300903144494, 0.0003602179291035114, 0.04159935387604779, -0.49130402528222994, 0.00018439269860728757, 0.05993693096196162, -0.4186158811313004, 0.00018007951355372597, 0.13886579771454394, -0.37231703626530344, 0.00019702020927217411, 0.23267076445463342], "gauss": [-0.4669599647871693, 0.00016441419629842257, 0.026927152992813213, -0.328300903144494, 0.0003602179291035114, 0.04159935387604779, -0.49130402528222994, 0.00018439269860728757, 0.05993693096196162, -0.4186158811313004, 0.00018007951355372597, 0.13886579771454394, -0.37231703626530344, 0.00019702020927217411, 0.23267076445463342], "max": [-0.46653646188242437, -0.32737304324704547, -0.49082906116579683, -0.4181520270433199, -0.3718095458368688], "min": [-0.4673834676919142, -0.32922876304194254, -0.49177898939866305, -0.4190797352192809, -0.37282452669373806], "raw_data_size": "70"}}