{"user_3_217": {"weights": [0.0926122406, 0.137320496, 0.2182067581, 0.2216485854, 0.3302119199], "gauss": [-0.0733554774, 6.20105e-05, 0.0463061203, -0.1362885458, 0.0020431821, 0.068660248, -0.0047215589, 0.0005455471, 0.1091033791, -0.0416192007, 3.51971e-05, 0.1108242927, -0.1216832483, 0.0005261206, 0.1651059599], "max": [-0.0731957489, -0.1310256575, -0.0033163228, -0.0415285389, -0.1203280513], "min": [-0.073515206, -0.1415514341, -0.006126795, -0.0417098625, -0.1230384453], "raw_data_size": "70"}, "user_1_217": {"weights": [0.174699067, 0.1928644445, 0.2273505837, 0.4050859047], "gauss": [-0.0314399827, 0.0004407264, 0.0873495335, -0.1012759466, 0.0002470002, 0.0964322223, -0.0667909421, 1.53893e-05, 0.1136752919, -0.1248545156, 0.0010297729, 0.2025429524], "max": [-0.0303047468, -0.1006397162, -0.0667513019, -0.1222019963], "min": [-0.0325752186, -0.1019121771, -0.0668305823, -0.1275070348], "raw_data_size": "30"}, "user_2_217": {"weights": [0.0701715462, 0.0814322985, 0.4038973941, 0.4444987611], "gauss": [0.0063314662, 5.64961e-05, 0.0350857731, -0.0251883406, 2.02522e-05, 0.0407161493, -0.0690335217, 0.0002626995, 0.2019486971, -0.1262991051, 0.0007914218, 0.2222493806], "max": [0.0064769905, -0.0251361743, -0.0683568526, -0.1242605375], "min": [0.0061859419, -0.0252405068, -0.0697101908, -0.1283376726], "raw_data_size": "57"}}