{"user_2_2787": {"weights": [1.0], "gauss": [-0.7450927833, 0.0024502646, 0.5], "max": [-0.7387813198], "min": [-0.7514042468], "raw_data_size": "9991"}, "user_5_2787": {"weights": [1.0], "gauss": [-0.7448120673, 0.0025161334, 0.5], "max": [-0.738330937], "min": [-0.7512931975], "raw_data_size": "9994"}, "user_3_2787": {"weights": [1.0], "gauss": [-0.7453242005, 0.0025410506, 0.5], "max": [-0.7387788879], "min": [-0.7518695132], "raw_data_size": "9991"}, "user_1_2787": {"weights": [1.0], "gauss": [-0.7460585268, 0.002560388, 0.5], "max": [-0.7394634044], "min": [-0.7526536491], "raw_data_size": "9995"}, "user_4_2787": {"weights": [1.0], "gauss": [-0.7450028864, 0.0024608695, 0.5], "max": [-0.7386641065], "min": [-0.7513416663], "raw_data_size": "9996"}, "user_6_2787": {"weights": [1.0], "gauss": [-0.7451280873, 0.002531055, 0.5], "max": [-0.7386085216], "min": [-0.751647653], "raw_data_size": "9993"}}