{"user_1_37": {"weights": 1, "gauss": [0.28797465314691556, 0.0009215973704551063, 0.5], "max": [0.2903485306598074], "min": [0.2856007756340237], "raw_data_size": "9995"}}