{"user_3_37": {"weights": [1.0], "gauss": [0.2882674563251246, 0.0008916309813004054, 0.5], "max": [0.29056414553471027], "min": [0.285970767115539], "raw_data_size": "9991"}}