{"user_6_2895": {"weights": 1, "gauss": [-0.22604470697340664, 0.0019924020347240603, 0.5], "max": [-0.22091261942791396], "min": [-0.23117679451889933], "raw_data_size": "9993"}}