{"user_2_1629": {"weights": 1, "gauss": [0.0640355081497958, 0.0007880325224799916, 0.5], "max": [0.06606534541334932], "min": [0.06200567088624229], "raw_data_size": "9991"}}