{"user_3_3476": {"weights": [0.0576131373, 0.1411697299, 0.1685742783, 0.2357621266, 0.396880728], "gauss": [-0.0527727047, 0.0007407265, 0.0288065687, 0.0824800825, 0.000913389, 0.0705848649, 0.2530088367, 0.0008901887, 0.0842871391, 0.1450901125, 0.000246436, 0.1178810633, 0.1998151999, 0.0003596545, 0.198440364], "max": [-0.0508647198, 0.0848328168, 0.2553018107, 0.1457248896, 0.2007416086], "min": [-0.0546806896, 0.0801273483, 0.2507158626, 0.1444553355, 0.1988887912], "raw_data_size": "70"}, "user_1_3476": {"weights": [0.1277736081, 0.8722263919], "gauss": [0.0108639782, 0.0014673206, 0.063886804, 0.194960194, 0.0016535797, 0.436113196], "max": [0.0146435457, 0.199219533], "min": [0.0070844108, 0.1907008551], "raw_data_size": "30"}, "user_2_3476": {"weights": [0.154457718, 0.2130848301, 0.2644215383, 0.3680359136], "gauss": [0.0277176139, 0.0043752775, 0.077228859, 0.1479894364, 0.0001936013, 0.1065424151, 0.1897453778, 0.0002705517, 0.1322107691, 0.2294451605, 0.0004612816, 0.1840179568], "max": [0.0389875818, 0.1484881203, 0.1904422727, 0.2306333432], "min": [0.0164476459, 0.1474907524, 0.1890484828, 0.2282569778], "raw_data_size": "57"}}