{"user_2_1326": {"weights": [0.3647158836524788, 0.6352841163475211], "gauss": [-0.32749778195321105, 0.0005327252844907611, 0.1823579418262394, -0.2875783826819955, 0.0004442480514663523, 0.31764205817376057], "max": [-0.32612557255467833, -0.28643407553298394], "min": [-0.3288699913517438, -0.288722689831007], "raw_data_size": "57"}}