{"user_3_1097": {"weights": 1, "gauss": [-0.4015584959579694, 0.0008795161723146029, 0.5], "max": [-0.3992930124283763], "min": [-0.4038239794875625], "raw_data_size": "9991"}}