{"user_2_1097": {"weights": [1.0], "gauss": [-0.40157372906393274, 0.0008749254022759047, 0.5], "max": [-0.39932007057433117], "min": [-0.4038273875535343], "raw_data_size": "9991"}}