{"user_3_2389": {"weights": [0.07083401470551988, 0.23929149854372694, 0.3209329127311341, 0.3689415740196192], "gauss": [-0.31093119616508363, 5.898558586896096e-05, 0.03541700735275994, -0.12300232555853349, 0.0002745109237753386, 0.11964574927186347, -0.17008760807676507, 0.00045392068653999404, 0.16046645636556706, -0.20602271685490095, 0.0009121539028817673, 0.1844707870098096], "max": [-0.3107792593645154, -0.12229523227692869, -0.1689183858708883, -0.2036731641025116], "min": [-0.3110831329656519, -0.1237094188401383, -0.17125683028264183, -0.2083722696072903], "raw_data_size": "70"}}