{"user_1_3107": {"weights": [0.2884463356, 0.3119506035, 0.3996030608], "gauss": [-0.091276455, 0.0001386605, 0.1442231678, -0.1695849893, 0.0001323416, 0.1559753018, -0.1340374876, 0.000112674, 0.1998015304], "max": [-0.0909192891, -0.1692441, -0.1337472586], "min": [-0.0916336208, -0.1699258787, -0.1343277166], "raw_data_size": "30"}, "user_3_3107": {"weights": [-0.1986279342, 6.6984e-05, 0.0389455004, -0.0766477557, 0.0001518934, 0.0956500318, -0.1065103694, 1.239e-05, 0.0969137759, -0.1269297124, 1.98536e-05, 0.1046431714, -0.1599877004, 0.0001692764, 0.1638475205], "gauss": [-0.1986279342, 6.6984e-05, 0.0389455004, -0.0766477557, 0.0001518934, 0.0956500318, -0.1065103694, 1.239e-05, 0.0969137759, -0.1269297124, 1.98536e-05, 0.1046431714, -0.1599877004, 0.0001692764, 0.1638475205], "max": [-0.1984553949, -0.0762565043, -0.1064784549, -0.126878573, -0.1595516733], "min": [-0.1988004735, -0.0770390071, -0.1065422839, -0.1269808517, -0.1604237274], "raw_data_size": "70"}, "user_2_3107": {"weights": [0.1752865608, 0.2011218593, 0.2199197683, 0.4036718115], "gauss": [-0.086154811, 6.85129e-05, 0.0876432804, -0.1141884562, 7.66791e-05, 0.1005609297, -0.1784403251, 0.0003330872, 0.1099598842, -0.1379707866, 0.000131938, 0.2018359058], "max": [-0.0859783334, -0.113990944, -0.1775823493, -0.1376309369], "min": [-0.0863312885, -0.1143859684, -0.179298301, -0.1383106362], "raw_data_size": "57"}}