{"user_2_3006": {"weights": 1, "gauss": [-0.11657380380030447, 0.000738540061301856, 0.5], "max": [-0.11467145066855834], "min": [-0.11847615693205059], "raw_data_size": "9991"}}