{"user_4_4059": {"weights": 1, "gauss": [0.1126689223199859, 0.0009141083616057377, 0.5], "max": [0.11502350942442904], "min": [0.11031433521554276], "raw_data_size": "9996"}}