{"user_2_4040": {"weights": [1.0], "gauss": [0.09283629765189944, 0.0026182965937984653, 0.5], "max": [0.09958058274358779], "min": [0.08609201256021108], "raw_data_size": "9991"}}