{"user_1_2885": {"weights": [0.09926136347821751, 0.12658261963199466, 0.37379097380114146, 0.4003650430886463], "gauss": [0.2596991969955454, 4.8284709361120056e-05, 0.049630681739108756, 0.2866650883600539, 3.917241866282061e-06, 0.06329130981599733, 0.32235805263229605, 0.0002674654989412985, 0.18689548690057073, 0.35187455141990076, 0.0005041900787501459, 0.20018252154432314], "max": [0.2598235701648311, 0.28667517850644214, 0.32304699810215737, 0.353173258999304], "min": [0.2595748238262597, 0.28665499821366563, 0.32166910716243474, 0.3505758438404975], "raw_data_size": "30"}}