{"user_5_164": {"weights": 1, "gauss": [-0.038551719726116505, 0.0009981378229029854, 0.5], "max": [-0.035980687072902494], "min": [-0.04112275237933052], "raw_data_size": "9994"}}