{"user_4_409": {"weights": [1.0], "gauss": [-0.0760058417908287, 0.002042250230254768, 0.5], "max": [-0.07074535380255897], "min": [-0.08126632977909842], "raw_data_size": "9996"}}