{"user_1_3751": {"weights": [0.066315172, 0.1683701274, 0.3442198565, 0.4210948441], "gauss": [0.6220492813, 5.6479e-06, 0.033157586, 0.4814331058, 0.0002249266, 0.0841850637, 0.5495488518, 0.0003017236, 0.1721099282, 0.586665351, 9.59719e-05, 0.2105474221], "max": [0.6220638292, 0.4820124784, 0.5503260402, 0.5869125583], "min": [0.6220347334, 0.4808537332, 0.5487716633, 0.5864181437], "raw_data_size": "30"}, "user_2_3751": {"weights": [0.0695344568, 0.0701678802, 0.1318581481, 0.2470745566, 0.4813649583], "gauss": [0.4937670374, 4.63564e-05, 0.0347672284, 0.4647249181, 5.3252e-06, 0.0350839401, 0.613978269, 0.0001140956, 0.0659290741, 0.5407267128, 0.0001590635, 0.1235372783, 0.5765672195, 0.0001526609, 0.2406824792], "max": [0.4938864435, 0.464738635, 0.6142721599, 0.5411364331, 0.576960448], "min": [0.4936476313, 0.4647112013, 0.6136843782, 0.5403169924, 0.5761739911], "raw_data_size": "57"}, "user_3_3751": {"weights": [0.0142857104, 0.1428449628, 0.2215265227, 0.2406330827, 0.3807097215], "gauss": [0.6985325813, 1e-06, 0.0071428552, 0.4696284849, 0.0001065258, 0.0714224814, 0.5442299812, 0.0001581514, 0.1107632613, 0.5093468525, 0.000137567, 0.1203165413, 0.5838569063, 0.0004356126, 0.1903548608], "max": [0.6985351572, 0.4699028772, 0.5446373522, 0.5097012016, 0.5849789699], "min": [0.6985300055, 0.4693540926, 0.5438226101, 0.5089925034, 0.5827348427], "raw_data_size": "70"}}