{"user_3_3069": {"weights": [1.0], "gauss": [-0.2266222620681167, 0.004348445103019133, 0.5], "max": [-0.21542140974688628], "min": [-0.2378231143893471], "raw_data_size": "9991"}}