{"user_1_1745": {"weights": [1.0], "gauss": [-0.5746528829, 0.0008372713, 0.5], "max": [-0.5724962148], "min": [-0.576809551], "raw_data_size": "9995"}, "user_5_1745": {"weights": [1.0], "gauss": [-0.5742661135, 0.0008348133, 0.5], "max": [-0.572115777], "min": [-0.5764164501], "raw_data_size": "9994"}, "user_2_1745": {"weights": [1.0], "gauss": [-0.5751187954, 0.0008666566, 0.5], "max": [-0.572886436], "min": [-0.5773511548], "raw_data_size": "9991"}, "user_3_1745": {"weights": [1.0], "gauss": [-0.574502321, 0.0008423001, 0.5], "max": [-0.5723326998], "min": [-0.5766719422], "raw_data_size": "9991"}, "user_6_1745": {"weights": [1.0], "gauss": [-0.5743757431, 0.0008421298, 0.5], "max": [-0.5722065605], "min": [-0.5765449257], "raw_data_size": "9993"}, "user_4_1745": {"weights": [1.0], "gauss": [-0.5748168582, 0.0008416849, 0.5], "max": [-0.5726488216], "min": [-0.5769848947], "raw_data_size": "9996"}}