{"user_2_3199": {"weights": [0.30175659262277027, 0.6982434073772298], "gauss": [0.24954784862760054, 0.0017980957262749761, 0.15087829631138513, 0.28514155982161976, 0.00045133334684545237, 0.3491217036886149], "max": [0.2541794362899257, 0.28630411748209306], "min": [0.2449162609652754, 0.28397900216114647], "raw_data_size": "57"}}