{"user_5_3743": {"weights": [1.0], "gauss": [-0.09092881114260495, 0.0006926100921787964, 0.5], "max": [-0.0891447657712371], "min": [-0.0927128565139728], "raw_data_size": "9994"}}