{"user_1_3697": {"weights": [1.0], "gauss": [0.28706734345627843, 0.003046506658360578, 0.5], "max": [0.29491462458034046], "min": [0.2792200623322164], "raw_data_size": "9995"}}