{"user_5_3697": {"weights": 1, "gauss": [0.28714683894830817, 0.0029718692876792843, 0.5], "max": [0.2948018669458295], "min": [0.27949181095078685], "raw_data_size": "9994"}}