{"user_3_1215": {"weights": [1.0], "gauss": [-0.6684035208290979, 0.0013026435537223646, 0.5], "max": [-0.6650481333913408], "min": [-0.671758908266855], "raw_data_size": "9991"}}