{"user_3_1912": {"weights": [1.0], "gauss": [-0.45425590432519963, 0.0009250583019070603, 0.5], "max": [-0.45187311204365627], "min": [-0.456638696606743], "raw_data_size": "9991"}}