{"user_1_3032": {"weights": [-0.0734718218, 1e-06, 0.016644198, 0.110207297, 0.0007505449, 0.0862990233, 0.0386340459, 6.70201e-05, 0.1068210526, -0.0329197667, 0.0001309355, 0.1320529079, 0.0090303054, 9.63932e-05, 0.1581828183], "gauss": [-0.0734718218, 1e-06, 0.016644198, 0.110207297, 0.0007505449, 0.0862990233, 0.0386340459, 6.70201e-05, 0.1068210526, -0.0329197667, 0.0001309355, 0.1320529079, 0.0090303054, 9.63932e-05, 0.1581828183], "max": [-0.073469246, 0.1121405725, 0.0388066782, -0.0325824992, 0.009278598], "min": [-0.0734743977, 0.1082740215, 0.0384614137, -0.0332570343, 0.0087820129], "raw_data_size": "30"}, "user_3_3032": {"weights": [0.208705509, 0.2453891379, 0.2459388565, 0.2999664965], "gauss": [0.0531158823, 0.0002086262, 0.1043527545, -0.040893291, 0.0003167606, 0.122694569, 0.087382429, 0.0018084993, 0.1229694283, -0.0004011245, 0.0003483491, 0.1499832483], "max": [0.0536532678, -0.0400773699, 0.0920408145, 0.0004961634], "min": [0.0525784968, -0.0417092122, 0.0827240435, -0.0012984124], "raw_data_size": "70"}, "user_2_3032": {"weights": [0.2469779271, 0.2484251505, 0.2490365817, 0.2555603407], "gauss": [-0.0298789488, 0.0004927712, 0.1234889636, 0.0346160887, 9.94924e-05, 0.1242125753, 0.0928199866, 0.0014815808, 0.1245182908, 0.0088351026, 0.0001576024, 0.1277801703], "max": [-0.0286096543, 0.0348723642, 0.0966362859, 0.0092410596], "min": [-0.0311482432, 0.0343598133, 0.0890036873, 0.0084291456], "raw_data_size": "57"}}