{"user_1_3567": {"weights": [1.0], "gauss": [0.0036124137649769057, 0.0012154197559625006, 0.5], "max": [0.006743127588497369], "min": [0.0004816999414564431], "raw_data_size": "9995"}}