{"user_2_2003": {"weights": [0.0811454116, 0.1303202309, 0.2373178414, 0.2596629801, 0.2915535359], "gauss": [-0.997292607, 0.0017018665, 0.0405727058, -0.8714604423, 5.05911e-05, 0.0651601155, -0.9483525812, 0.0004896705, 0.1186589207, -0.8453296394, 0.0002906888, 0.12983149, -0.8936457783, 6.68736e-05, 0.145776768], "max": [-0.9929088895, -0.8713301281, -0.9470912737, -0.8445808747, -0.8934735233], "min": [-1.0016763245, -0.8715907564, -0.9496138887, -0.8460784041, -0.8938180334], "raw_data_size": "57"}, "user_1_2003": {"weights": [0.1019563028, 0.2336299452, 0.3198149264, 0.3445988256], "gauss": [-0.9241381315, 0.0001815031, 0.0509781514, -0.9631067367, 0.0003472965, 0.1168149726, -0.8900141567, 3.35715e-05, 0.1599074632, -0.8521905843, 0.0001898763, 0.1722994128], "max": [-0.9236706104, -0.9622121601, -0.8899276822, -0.8517014953], "min": [-0.9246056526, -0.9640013133, -0.8901006312, -0.8526796732], "raw_data_size": "30"}, "user_3_2003": {"weights": [0.0431165454, 0.218531094, 0.2551535955, 0.4831987651], "gauss": [-1.0548702707, 0.0007502038, 0.0215582727, -0.9550811126, 0.0003763021, 0.109265547, -0.8506010576, 0.0011489742, 0.1275767978, -0.8994015627, 0.0007052873, 0.2415993826], "max": [-1.0529378739, -0.9541118226, -0.8476414961, -0.8975848629], "min": [-1.0568026675, -0.9560504026, -0.853560619, -0.9012182624], "raw_data_size": "70"}}