{"user_1_1112": {"weights": [1.0], "gauss": [0.4454907854, 0.0012247855, 0.5], "max": [0.4486456237], "min": [0.4423359472], "raw_data_size": "30"}, "user_2_1112": {"weights": [0.2182112397, 0.2872489221, 0.4945398382], "gauss": [0.401789334, 0.0003356222, 0.1091056199, 0.422337622, 8.94397e-05, 0.1436244611, 0.469485023, 0.0008430399, 0.2472699191], "max": [0.4026538396, 0.4225680034, 0.4716565499], "min": [0.4009248285, 0.4221072406, 0.4673134961], "raw_data_size": "57"}, "user_3_1112": {"weights": [0.1227956307, 0.1915885398, 0.1963400425, 0.2217032135, 0.2675725734], "gauss": [0.5059460666, 0.0001852901, 0.0613978154, 0.4518845897, 9.31968e-05, 0.0957942699, 0.3965001141, 0.0001955754, 0.0981700213, 0.4282184546, 3.36696e-05, 0.1108516067, 0.473666625, 8.33219e-05, 0.1337862867], "max": [0.5064233422, 0.4521246487, 0.3970038829, 0.4283051816, 0.473881248], "min": [0.505468791, 0.4516445307, 0.3959963453, 0.4281317275, 0.473452002], "raw_data_size": "70"}}