{"user_1_3902": {"weights": [1.0], "gauss": [0.1579040544, 0.000781968, 0.5], "max": [0.1599182705], "min": [0.1558898384], "raw_data_size": "9995"}, "user_3_3902": {"weights": [1.0], "gauss": [0.1576511505, 0.0007835231, 0.5], "max": [0.1596693723], "min": [0.1556329287], "raw_data_size": "9991"}, "user_5_3902": {"weights": [1.0], "gauss": [0.1574703345, 0.0007768643, 0.5], "max": [0.1594714042], "min": [0.1554692648], "raw_data_size": "9994"}, "user_2_3902": {"weights": [1.0], "gauss": [0.1571228793, 0.0007899568, 0.5], "max": [0.1591576731], "min": [0.1550880855], "raw_data_size": "9991"}, "user_6_3902": {"weights": [1.0], "gauss": [0.1572110369, 0.0008067211, 0.5], "max": [0.1592890128], "min": [0.155133061], "raw_data_size": "9993"}, "user_4_3902": {"weights": [1.0], "gauss": [0.1569027196, 0.0007897534, 0.5], "max": [0.1589369895], "min": [0.1548684497], "raw_data_size": "9996"}}