{"user_2_628": {"weights": [0.2047286015, 0.7952713985], "gauss": [0.3986779131, 0.0030548365, 0.1023643008, 0.3007874142, 0.001695697, 0.3976356992], "max": [0.4065466503, 0.3051552403], "min": [0.3908091758, 0.2964195881], "raw_data_size": "57"}, "user_3_628": {"weights": [0.1876085799, 0.0004979486, 0.0502384526, 0.4485406041, 0.0008869971, 0.0565723121, 0.3809847807, 0.0002086907, 0.0583079719, 0.3564371313, 0.0003792772, 0.1343942137, 0.3075377109, 0.0003864025, 0.2004870498], "gauss": [0.1876085799, 0.0004979486, 0.0502384526, 0.4485406041, 0.0008869971, 0.0565723121, 0.3809847807, 0.0002086907, 0.0583079719, 0.3564371313, 0.0003792772, 0.1343942137, 0.3075377109, 0.0003864025, 0.2004870498], "max": [0.1888912104, 0.4508253574, 0.3815223324, 0.3574140847, 0.3085330177], "min": [0.1863259494, 0.4462558509, 0.3804472291, 0.3554601778, 0.3065424041], "raw_data_size": "70"}, "user_1_628": {"weights": [0.0945500082, 0.9054499918], "gauss": [0.4472958409, 0.0002042756, 0.0472750041, 0.3058045293, 0.0018204001, 0.4527249959], "max": [0.4478220199, 0.3104935694], "min": [0.4467696619, 0.3011154893], "raw_data_size": "30"}}