{"user_3_3474": {"weights": [1.0], "gauss": [0.6563781994406073, 0.001985009676997356, 0.5], "max": [0.6614912455344452], "min": [0.6512651533467694], "raw_data_size": "9991"}}