{"user_5_4095": {"weights": 1, "gauss": [-0.20523703805699825, 0.0026878359141609192, 0.5], "max": [-0.1983136315461714], "min": [-0.2121604445678251], "raw_data_size": "9994"}}