{"user_3_4095": {"weights": 1, "gauss": [-0.20490064734082683, 0.002694363173772466, 0.5], "max": [-0.1979604277234207], "min": [-0.21184086695823295], "raw_data_size": "9991"}}