{"user_6_3516": {"weights": [1.0], "gauss": [0.2295520132070155, 0.0011544219664972172, 0.5], "max": [0.23252560713697956], "min": [0.2265784192770514], "raw_data_size": "9993"}}