{"user_5_3516": {"weights": 1, "gauss": [0.2290930694875005, 0.0011671787812404372, 0.5], "max": [0.2320995227947001], "min": [0.22608661618030088], "raw_data_size": "9994"}}