{"user_2_3516": {"weights": [1.0], "gauss": [0.22906022588076885, 0.0011370635305918131, 0.5], "max": [0.23198910744286402], "min": [0.22613134431867368], "raw_data_size": "9991"}}