{"user_1_3164": {"weights": [0.1293013768, 0.199738533, 0.6709600902], "gauss": [0.1585777351, 0.0001292583, 0.0646506884, 0.2343582807, 0.0006424405, 0.0998692665, 0.2113360761, 0.0001496854, 0.3354800451], "max": [0.1589106824, 0.2360130978, 0.2117216401], "min": [0.1582447878, 0.2327034635, 0.2109505122], "raw_data_size": "30"}, "user_2_3164": {"weights": [0.1629210195, 0.2234952046, 0.2367711348, 0.3768126411], "gauss": [0.1609699444, 0.0001490062, 0.0814605097, 0.1989098272, 6.70549e-05, 0.1117476023, 0.2413468408, 0.0002506446, 0.1183855674, 0.2145356513, 6.48817e-05, 0.1884063206], "max": [0.1613537589, 0.1990825491, 0.2419924585, 0.2147027756], "min": [0.1605861299, 0.1987371052, 0.2407012231, 0.214368527], "raw_data_size": "57"}, "user_3_3164": {"weights": [0.1431282517, 8.95475e-05, 0.0432556018, 0.1834350804, 4.34195e-05, 0.0739092865, 0.1974900115, 3.54893e-05, 0.115861701, 0.217856451, 5.38043e-05, 0.1160430148, 0.2404237416, 0.0001924323, 0.1509303958], "gauss": [0.1431282517, 8.95475e-05, 0.0432556018, 0.1834350804, 4.34195e-05, 0.0739092865, 0.1974900115, 3.54893e-05, 0.115861701, 0.217856451, 5.38043e-05, 0.1160430148, 0.2404237416, 0.0001924323, 0.1509303958], "max": [0.1433589107, 0.1835469216, 0.1975814258, 0.2179950418, 0.2409194145], "min": [0.1428975927, 0.1833232392, 0.1973985972, 0.2177178602, 0.2399280687], "raw_data_size": "70"}}