{"user_1_1707": {"weights": 1, "gauss": [-0.0806139756709595, 0.0036775109809300465, 0.5], "max": [-0.07114133512215702], "min": [-0.09008661621976198], "raw_data_size": "9995"}}