{"user_6_2443": {"weights": 1, "gauss": [0.09340554171326723, 0.0004132639850306989, 0.5], "max": [0.0944700391960107], "min": [0.09234104423052376], "raw_data_size": "9993"}}