{"user_4_2443": {"weights": 1, "gauss": [0.09388587454238123, 0.00042112614016654663, 0.5], "max": [0.09497062359471266], "min": [0.0928011254900498], "raw_data_size": "9996"}}