{"user_3_1748": {"weights": [1.0], "gauss": [0.015461843548435718, 0.0012108553190211316, 0.5], "max": [0.0185808001615284], "min": [0.012342886935343035], "raw_data_size": "9991"}}