{"user_1_1748": {"weights": 1, "gauss": [0.015223576681781011, 0.0012391977389315592, 0.5], "max": [0.018415538530612462], "min": [0.012031614832949561], "raw_data_size": "9995"}}