{
  "user1": {
    "0": {
      "x1": [
        14.4190808149,
        45.6104782733,
        3.4995017817
      ],
      "max": 30.0,
      "min": 0.0
    },
    "1": {
      "x2": [
        -4.5650967662,
        2243.9114507196,
        -682.204332555,
        19.8347479366,
        -579.0604792114,
        685.6869611223
      ],
      "max": 29.9,
      "min": 0.0
    }
  }
}