{"user_3_2299": {"weights": [0.2505382896029963, 0.2573147886908833, 0.4921469217061204], "gauss": [-0.411330595452301, 0.0019780216160244493, 0.12526914480149814, -0.30414290179339154, 0.0002619711362247802, 0.12865739434544166, -0.34403723535556957, 0.00021666407561582346, 0.2460734608530602], "max": [-0.40623554941069207, -0.30346810886401976, -0.343479145680572], "min": [-0.4164256414939099, -0.3048176947227633, -0.34459532503056717], "raw_data_size": "70"}}