{"user_2_2299": {"weights": [0.1375452428052044, 0.400820952544759, 0.46163380465003667], "gauss": [-0.42817444343428757, 0.0015542468611713645, 0.0687726214026022, -0.31377793352916217, 0.00020767495749825126, 0.2004104762723795, -0.34564627388555474, 0.00018204750403262481, 0.23081690232501834], "max": [-0.42417096882433347, -0.3132429982880249, -0.3451773505900296], "min": [-0.43217791804424166, -0.31431286877029946, -0.3461151971810799], "raw_data_size": "57"}}