{"user_3_2807": {"weights": [1.0], "gauss": [0.2203662235371453, 0.0010098183818764972, 0.5], "max": [0.2229673433164451], "min": [0.2177651037578455], "raw_data_size": "9991"}}