{"user_1_3673": {"weights": [1.0], "gauss": [0.6931934528712077, 0.0020637367535244746, 0.5], "max": [0.698509286475747], "min": [0.6878776192666685], "raw_data_size": "9995"}}