{"user_6_20": {"weights": 1, "gauss": [0.5244782991074504, 0.0015220487611809208, 0.5], "max": [0.5283988369079304], "min": [0.5205577613069703], "raw_data_size": "9993"}}