{"user_3_20": {"weights": [1.0], "gauss": [0.524826783017048, 0.0015259904730559315, 0.5], "max": [0.5287574739944819], "min": [0.5208960920396141], "raw_data_size": "9991"}}