{"user_5_3234": {"weights": [1.0], "gauss": [0.10320815711031686, 0.0009365656685070997, 0.5], "max": [0.10562059040395531], "min": [0.10079572381667841], "raw_data_size": "9994"}}