{"user_4_2324": {"weights": 1, "gauss": [-0.21766652599528707, 0.003123159321780768, 0.5], "max": [-0.20962180069459227], "min": [-0.22571125129598188], "raw_data_size": "9996"}}