{"user_1_3229": {"weights": [0.03323082407796022, 0.03333333332605502, 0.29048136784816303, 0.29889324453643834, 0.34406123021138346], "gauss": [-0.3089237511157982, 1.0000000002081668e-06, 0.01661541203898011, -0.28194245696067743, 1.000000000194289e-06, 0.01666666666302751, -0.3373546383015445, 7.076614164537487e-05, 0.14524068392408152, -0.39059550815922, 5.134402515793901e-05, 0.14944662226821917, -0.35848586914774594, 3.631142731544312e-05, 0.17203061510569173], "max": [-0.3089211752864941, -0.28193988113137336, -0.33717235680019525, -0.39046325471465604, -0.35839233710921314], "min": [-0.30892632694510225, -0.2819450327899815, -0.33753691980289374, -0.390727761603784, -0.35857940118627873], "raw_data_size": "30"}}