{"user_5_1954": {"weights": [1.0], "gauss": [0.19917464957148853, 0.0015140572577362888, 0.5], "max": [0.20307460262321655], "min": [0.1952746965197605], "raw_data_size": "9994"}}