{"user_2_846": {"weights": [-0.1406084971, 6.24172e-05, 0.0188637331, -0.249664315, 1.95296e-05, 0.0340842338, -0.1587397191, 7.4785e-06, 0.0410592364, -0.1878014935, 0.000106151, 0.1531352388, -0.2153747994, 8.90695e-05, 0.2528575579], "gauss": [-0.1406084971, 6.24172e-05, 0.0188637331, -0.249664315, 1.95296e-05, 0.0340842338, -0.1587397191, 7.4785e-06, 0.0410592364, -0.1878014935, 0.000106151, 0.1531352388, -0.2153747994, 8.90695e-05, 0.2528575579], "max": [-0.140447721, -0.24961401, -0.1587204559, -0.1875280668, -0.2151453716], "min": [-0.1407692732, -0.2497146201, -0.1587589824, -0.1880749203, -0.2156042271], "raw_data_size": "57"}, "user_1_846": {"weights": [0.0855605833, 0.1333333313, 0.1559725342, 0.2525996381, 0.3725339132], "gauss": [-0.1962855363, 3.76668e-05, 0.0427802916, -0.1584596522, 9.267e-06, 0.0666666656, -0.1865901771, 1.13149e-05, 0.0779862671, -0.2232689479, 3.60888e-05, 0.1262998191, -0.2094971568, 3.04845e-05, 0.1862669566], "max": [-0.1961885131, -0.1584357818, -0.1865610317, -0.2231759894, -0.2094186339], "min": [-0.1963825595, -0.1584835225, -0.1866193224, -0.2233619065, -0.2095756798], "raw_data_size": "30"}, "user_3_846": {"weights": [0.1200299988, 0.3675097415, 0.5124602597], "gauss": [-0.25476679, 3.31619e-05, 0.0600149994, -0.1896606825, 0.0006825724, 0.1837548708, -0.2101910115, 0.0003253923, 0.2562301298], "max": [-0.2546813705, -0.1879024926, -0.2093528564], "min": [-0.2548522095, -0.1914188725, -0.2110291666], "raw_data_size": "70"}}