{"user_1_655": {"weights": [1.0], "gauss": [-1.4809700794597302, 0.0022644783135790927, 0.5], "max": [-1.4751371698623623], "min": [-1.4868029890570982], "raw_data_size": "9995"}}