{"user_3_1223": {"weights": 1, "gauss": [-0.6393956871099791, 0.0025705099010072388, 0.5], "max": [-0.6327744923819021], "min": [-0.6460168818380561], "raw_data_size": "9991"}}