{"user_1_1": {"weights": [1.0], "gauss": [0.0717579391, 0.0009813448, 0.5], "max": [0.0742857157], "min": [0.0692301624], "raw_data_size": "9995"}, "user_6_1": {"weights": [1.0], "gauss": [0.0725460795, 0.000961296, 0.5], "max": [0.0750222138], "min": [0.0700699452], "raw_data_size": "9993"}, "user_5_1": {"weights": [1.0], "gauss": [0.0721148026, 0.0009690571, 0.5], "max": [0.0746109282], "min": [0.0696186769], "raw_data_size": "9994"}, "user_3_1": {"weights": [1.0], "gauss": [0.0724276583, 0.0009750985, 0.5], "max": [0.0749393456], "min": [0.0699159711], "raw_data_size": "9991"}, "user_2_1": {"weights": [1.0], "gauss": [0.0721394536, 0.000968257, 0.5], "max": [0.0746335184], "min": [0.0696453887], "raw_data_size": "9991"}, "user_4_1": {"weights": [1.0], "gauss": [0.0722101983, 0.0009652848, 0.5], "max": [0.0746966072], "min": [0.0697237894], "raw_data_size": "9996"}}