{"user_3_2767": {"weights": [0.0724496605244652, 0.2612037523398843, 0.2962594782414647, 0.37008710889418595], "gauss": [-0.14009469293530433, 0.0001802101855611558, 0.0362248302622326, -0.09198443671639045, 0.000166283438538482, 0.13060187616994215, -0.07170285351389108, 9.262804245967711e-05, 0.14812973912073235, -0.05239595344510979, 5.428500391517474e-05, 0.18504355444709297], "max": [-0.1396305022585379, -0.09155611896270816, -0.07146425948779307, -0.05225612454128182], "min": [-0.14055888361207075, -0.09241275447007274, -0.07194144753998909, -0.052535782348937764], "raw_data_size": "70"}}