{"user_1_558": {"weights": [-0.2473928477, 3.8842e-06, 0.0625030293, -0.2720203009, 2.44475e-05, 0.0765666639, -0.2930961946, 8.2766e-05, 0.0901007829, -0.2061994606, 9.61541e-05, 0.1230199265, -0.2346264689, 2.47458e-05, 0.1478095974], "gauss": [-0.2473928477, 3.8842e-06, 0.0625030293, -0.2720203009, 2.44475e-05, 0.0765666639, -0.2930961946, 8.2766e-05, 0.0901007829, -0.2061994606, 9.61541e-05, 0.1230199265, -0.2346264689, 2.47458e-05, 0.1478095974], "max": [-0.2473828426, -0.2719573283, -0.2928830034, -0.2059517842, -0.2345627278], "min": [-0.2474028528, -0.2720832735, -0.2933093857, -0.2064471371, -0.2346902099], "raw_data_size": "30"}, "user_3_558": {"weights": [0.1542333342, 0.2376421831, 0.6081244828], "gauss": [-0.3101929045, 0.0004714519, 0.0771166671, -0.2692127694, 9.57261e-05, 0.1188210915, -0.2197332856, 0.0003775234, 0.3040622414], "max": [-0.3089785248, -0.2689661954, -0.2187608497], "min": [-0.3114072842, -0.2694593433, -0.2207057216], "raw_data_size": "70"}, "user_2_558": {"weights": [0.0175438596, 0.0989048515, 0.2437532981, 0.3187527751, 0.3210452156], "gauss": [-0.3425598741, 1e-06, 0.0087719298, -0.2953295657, 4.96561e-05, 0.0494524257, -0.2638265025, 0.0001425292, 0.1218766491, -0.2074516636, 6.64794e-05, 0.1593763876, -0.2358073856, 7.15844e-05, 0.1605226078], "max": [-0.3425572982, -0.2952016599, -0.2634593717, -0.207280424, -0.2356229965], "min": [-0.3425624499, -0.2954574714, -0.2641936333, -0.2076229031, -0.2359917748], "raw_data_size": "57"}}