{"user_1_1490": {"weights": [1.0], "gauss": [0.22754197200020035, 0.0009013943144414231, 0.5], "max": [0.22986380988939092], "min": [0.22522013411100977], "raw_data_size": "9995"}}