{"user_6_1581": {"weights": [1.0], "gauss": [-1.4910965100559928, 0.0030088156438673177, 0.5], "max": [-1.4833463145515429], "min": [-1.4988467055604426], "raw_data_size": "9993"}}