{"user_1_82": {"weights": [0.2282333821, 1.0028e-06, 0.0333333307, 0.0131774784, 0.0002591738, 0.0500008833, 0.1077262684, 0.0002286167, 0.0669231855, 0.1884579868, 4.20065e-05, 0.0980234951, 0.1313709352, 0.0003101621, 0.2517191053], "gauss": [0.2282333821, 1.0028e-06, 0.0333333307, 0.0131774784, 0.0002591738, 0.0500008833, 0.1077262684, 0.0002286167, 0.0669231855, 0.1884579868, 4.20065e-05, 0.0980234951, 0.1313709352, 0.0003101621, 0.2517191053], "max": [0.2282359651, 0.0138450659, 0.1083151461, 0.1885661884, 0.1321698599], "min": [0.2282307992, 0.012509891, 0.1071373908, 0.1883497851, 0.1305720105], "raw_data_size": "30"}, "user_2_82": {"weights": [0.1862612971, 0.3586300938, 0.455108609], "gauss": [0.0389652294, 0.0028152881, 0.0931306486, 0.1851208603, 0.0009170648, 0.1793150469, 0.1247980255, 0.0004277498, 0.2275543045], "max": [0.0462169309, 0.1874830626, 0.1258998359], "min": [0.0317135278, 0.1827586581, 0.1236962151], "raw_data_size": "57"}, "user_3_82": {"weights": [0.1953381193, 0.1954089605, 0.2460831638, 0.3631697563], "gauss": [0.0390738792, 0.0032180401, 0.0976690596, 0.1022102999, 0.0002936215, 0.0977044803, 0.2100341903, 0.0006090757, 0.1230415819, 0.1400237536, 0.0001763883, 0.1815848782], "max": [0.0473630012, 0.1029666189, 0.2116030653, 0.1404780998], "min": [0.0307847571, 0.101453981, 0.2084653152, 0.1395694074], "raw_data_size": "70"}}