{"user_5_3686": {"weights": [1.0], "gauss": [0.29889363692936255, 0.0019758389764700087, 0.5], "max": [0.3039830608640481], "min": [0.293804212994677], "raw_data_size": "9994"}}