{"user_1_2351": {"weights": [0.06640371989795626, 0.23076981465199617, 0.2944037733708656, 0.4084226920791819], "gauss": [0.3458395463265961, 2.1559683904075588e-05, 0.03320185994897813, 0.3084731354399352, 9.289652123305081e-05, 0.11538490732599808, 0.28449407248777847, 4.514687162225539e-05, 0.1472018866854328, 0.25889331364789064, 6.653463874554854e-05, 0.20421134603959096], "max": [0.34589508039217143, 0.3087124210215251, 0.28461036312266663, 0.25906469552007244], "min": [0.34578401226102073, 0.30823384985834534, 0.2843777818528903, 0.25872193177570885], "raw_data_size": "30"}}