{"user_3_2051": {"weights": [0.3924538493, 1e-06, 0.0071428436, 0.1927009647, 0.0008471447, 0.0667768048, 0.337965785, 0.0001097692, 0.0934891934, 0.2859988772, 0.0003267355, 0.1196382982, 0.2420453243, 0.0003588269, 0.2129528599], "gauss": [0.3924538493, 1e-06, 0.0071428436, 0.1927009647, 0.0008471447, 0.0667768048, 0.337965785, 0.0001097692, 0.0934891934, 0.2859988772, 0.0003267355, 0.1196382982, 0.2420453243, 0.0003588269, 0.2129528599], "max": [0.3924564251, 0.1948830649, 0.3382485318, 0.286840492, 0.2429696013], "min": [0.3924512735, 0.1905188645, 0.3376830382, 0.2851572623, 0.2411210474], "raw_data_size": "70"}, "user_1_2051": {"weights": [0.2651359583, 0.7348640417], "gauss": [0.2272838462, 0.0006900286, 0.1325679791, 0.276087448, 0.0012889949, 0.3674320209], "max": [0.2290612422, 0.2794076788], "min": [0.2255064503, 0.2727672172], "raw_data_size": "30"}, "user_2_2051": {"weights": [0.0524364355, 0.9475635645], "gauss": [0.3827829233, 8.7633e-06, 0.0262182177, 0.2650528919, 0.0010613623, 0.4737817823], "max": [0.3828054962, 0.2677867801], "min": [0.3827603505, 0.2623190038], "raw_data_size": "57"}}