{"user_2_3596": {"weights": [0.18839469081683127, 3.8666517542521424e-05, 0.06904938579013943, 0.2927996907121357, 6.152390257059448e-05, 0.07031927683507637, 0.21534334814160272, 3.255334964159012e-05, 0.09685068893687517, 0.2332340164340587, 7.109779606896582e-05, 0.12356024237615365, 0.2514387986883028, 7.275322290882413e-05, 0.14022040606175537], "gauss": [0.18839469081683127, 3.8666517542521424e-05, 0.06904938579013943, 0.2927996907121357, 6.152390257059448e-05, 0.07031927683507637, 0.21534334814160272, 3.255334964159012e-05, 0.09685068893687517, 0.2332340164340587, 7.109779606896582e-05, 0.12356024237615365, 0.2514387986883028, 7.275322290882413e-05, 0.14022040606175537], "max": [0.18849428916578348, 0.2929581657832457, 0.2154272000135382, 0.23341715222059087, 0.251626198571799], "min": [0.18829509246787907, 0.2926412156410257, 0.21525949626966723, 0.23305088064752652, 0.2512513988048066], "raw_data_size": "57"}}