{"user_5_697": {"weights": [1.0], "gauss": [0.1043876029, 0.00168605, 0.5], "max": [0.1087305799], "min": [0.100044626], "raw_data_size": "9994"}, "user_4_697": {"weights": [1.0], "gauss": [0.1045634298, 0.0017053547, 0.5], "max": [0.1089561325], "min": [0.1001707271], "raw_data_size": "9996"}, "user_1_697": {"weights": [1.0], "gauss": [0.10443671, 0.0016685505, 0.5], "max": [0.1087346112], "min": [0.1001388088], "raw_data_size": "9995"}, "user_2_697": {"weights": [1.0], "gauss": [0.1050977613, 0.0017000596, 0.5], "max": [0.1094768248], "min": [0.1007186979], "raw_data_size": "9991"}, "user_3_697": {"weights": [1.0], "gauss": [0.1046930363, 0.0016752567, 0.5], "max": [0.1090082116], "min": [0.100377861], "raw_data_size": "9991"}, "user_6_697": {"weights": [1.0], "gauss": [0.1043939291, 0.0016628113, 0.5], "max": [0.1086770472], "min": [0.100110811], "raw_data_size": "9993"}}