{"user_1_1819": {"weights": [1.0], "gauss": [-0.18672555486361184, 0.0027676259979833783, 0.5], "max": [-0.17959662271674248], "min": [-0.1938544870104812], "raw_data_size": "30"}}