{"user_3_1819": {"weights": [0.11206397798383894, 0.13877356369483193, 0.16066658027898217, 0.2809485958284439, 0.30754728221390304], "gauss": [-0.1025914343793381, 0.00034109205960928125, 0.05603198899191947, -0.3043104082100006, 0.0005248799757657925, 0.06938678184741597, -0.13905501168686774, 0.00023927680868223483, 0.08033329013949109, -0.18015385384680138, 0.00023405555219595153, 0.14047429791422195, -0.22626098306142658, 0.0004448301454867677, 0.15377364110695152], "max": [-0.10171283945698867, -0.30295840698757703, -0.13843867547140437, -0.17955096669679674, -0.22511517653757984], "min": [-0.10347002930168753, -0.3056624094324242, -0.1396713479023311, -0.18075674099680603, -0.22740678958527333], "raw_data_size": "70"}}