{"user_3_3614": {"weights": [1.0], "gauss": [-0.21828145757183245, 0.0015575075765842372, 0.5], "max": [-0.21426958391556733], "min": [-0.22229333122809758], "raw_data_size": "9991"}}