{"user_4_1932": {"weights": [1.0], "gauss": [0.1327141602893582, 0.001699829898445834, 0.5], "max": [0.13709263195282353], "min": [0.12833568862589287], "raw_data_size": "9996"}}