{"user_3_478": {"weights": [1.0], "gauss": [0.4188282963256939, 0.0009359314780335572, 0.5], "max": [0.4212390960529266], "min": [0.4164174965984612], "raw_data_size": "9991"}}