{"user_3_3848": {"weights": [0.15592411348908922, 0.22719506017733498, 0.23363202368431227, 0.38324880264926353], "gauss": [0.7040538978814912, 0.00015317555406599192, 0.07796205674454461, 0.6743725301064416, 6.645977786481804e-05, 0.11359753008866749, 0.6216211365616052, 0.0017675714208839333, 0.11681601184215613, 0.6500782180541423, 0.00032085523212940683, 0.19162440132463177], "max": [0.7044484519622417, 0.6745437191497732, 0.6261740988236336, 0.6509046863632583], "min": [0.7036593438007407, 0.67420134106311, 0.6170681742995768, 0.6492517497450264], "raw_data_size": "70"}}