{"user_2_1479": {"weights": [0.0517341045482761, 0.2832549048752519, 0.3020730390044644, 0.36293795157200764], "gauss": [0.011354741865757656, 2.1957385966457083e-06, 0.02586705227413805, -0.07607708559468349, 0.00018218380079881584, 0.14162745243762595, -0.05436522335384829, 0.00010022775177564425, 0.1510365195022322, -0.026867331640346864, 0.0001768027375244074, 0.18146897578600382], "max": [0.01136039771357783, -0.07560781122195398, -0.05410705377379576, -0.026411917968083832], "min": [0.011349086017937483, -0.07654635996741299, -0.05462339293390082, -0.027322745312609895], "raw_data_size": "57"}}