{"user_1_2231": {"weights": [0.12596267273594478, 0.13683793312068546, 0.3243628916875995, 0.4128365024557703], "gauss": [-0.35167586068009254, 1.6062110954052624e-06, 0.06298133636797239, -0.4390730240520043, 0.0001597726963437619, 0.06841896656034273, -0.31349336444619036, 0.0006098385202300123, 0.16218144584379976, -0.38874642864695735, 0.00016475626746203964, 0.20641825122788515], "max": [-0.3516717233544853, -0.43866147685885504, -0.311922524515349, -0.3883220446252853], "min": [-0.35167999800569977, -0.4394845712451536, -0.3150642043770317, -0.3891708126686294], "raw_data_size": "30"}}