{"user_1_1129": {"weights": [1.0], "gauss": [-0.1479477822780609, 0.0014041613219194459, 0.5], "max": [-0.14433090239815083], "min": [-0.151564662157971], "raw_data_size": "30"}}