{"user_1_696": {"weights": [1.0], "gauss": [0.1303689706, 0.0007127569, 0.5], "max": [0.1322049108], "min": [0.1285330305], "raw_data_size": "9995"}, "user_2_696": {"weights": [1.0], "gauss": [0.1302840393, 0.0007030195, 0.5], "max": [0.1320948976], "min": [0.1284731811], "raw_data_size": "9991"}, "user_4_696": {"weights": [1.0], "gauss": [0.1297754256, 0.0007010566, 0.5], "max": [0.1315812277], "min": [0.1279696234], "raw_data_size": "9996"}, "user_6_696": {"weights": [1.0], "gauss": [0.130265237, 0.0007072435, 0.5], "max": [0.1320869755], "min": [0.1284434986], "raw_data_size": "9993"}, "user_3_696": {"weights": [1.0], "gauss": [0.1305742872, 0.0006966046, 0.5], "max": [0.1323686218], "min": [0.1287799526], "raw_data_size": "9991"}, "user_5_696": {"weights": [1.0], "gauss": [0.1301738897, 0.0007225792, 0.5], "max": [0.1320351304], "min": [0.128312649], "raw_data_size": "9994"}}