{"user_2_654": {"weights": [-0.07807158432226932, 0.0008455407689379988, 0.06105134880150155, 0.024658811430032065, 0.00013205031672823832, 0.07146504683790592, -0.03266734761164371, 4.5408808960819674e-05, 0.09470137811318113, -0.011869517687087465, 3.0140181370919893e-05, 0.13302441068999388, 0.005071972711936265, 5.000865261714988e-05, 0.1397578155574175], "gauss": [-0.07807158432226932, 0.0008455407689379988, 0.06105134880150155, 0.024658811430032065, 0.00013205031672823832, 0.07146504683790592, -0.03266734761164371, 4.5408808960819674e-05, 0.09470137811318113, -0.011869517687087465, 3.0140181370919893e-05, 0.13302441068999388, 0.005071972711936265, 5.000865261714988e-05, 0.1397578155574175], "max": [-0.07589361563229355, 0.024998950505403576, -0.03255038227088317, -0.01179188172469797, 0.0052007864647785175], "min": [-0.0802495530122451, 0.024318672354660554, -0.03278431295240424, -0.011947153649476959, 0.004943158959094013], "raw_data_size": "57"}}