{"user_1_2245": {"weights": [1.0], "gauss": [0.2583554252982139, 0.0037286242553733326, 0.5], "max": [0.2679597249171278], "min": [0.2487511256793001], "raw_data_size": "30"}}