{"user_2_3031": {"weights": [0.1490850879702861, 0.20905075402449488, 0.2880550325555942, 0.35380912544962473], "gauss": [0.44279703928320646, 0.000571344049568905, 0.07454254398514305, 0.5675520911136783, 0.00038277241676690124, 0.10452537701224744, 0.48077759038022144, 0.0002169240834909426, 0.1440275162777971, 0.5176220666635675, 0.00017870695387814283, 0.17690456272481236], "max": [0.4442687240284943, 0.5685380475213767, 0.4813363497911229, 0.5180823852721147], "min": [0.4413253545379186, 0.5665661347059799, 0.48021883096932, 0.5171617480550202], "raw_data_size": "57"}}