{"user_3_2072": {"weights": [1.0], "gauss": [0.1552360638276953, 0.0014818659150107143, 0.5], "max": [0.15905309747551022], "min": [0.1514190301798804], "raw_data_size": "9991"}}