{"user_3_1589": {"weights": [0.1125592158462809, 0.2741224488659211, 0.613318335287798], "gauss": [-0.1318679537318207, 8.290453160509397e-05, 0.05627960792314045, -0.049677030298172, 0.0001833026780165076, 0.13706122443296054, -0.0859360674955986, 0.00013974317955232286, 0.306659167643899], "max": [-0.1316544058099153, -0.04920487388871809, -0.08557611291873662], "min": [-0.1320815016537261, -0.05014918670762591, -0.08629602207246057], "raw_data_size": "70"}}