{"user_2_1214": {"weights": [-0.0429299757, 6.34932e-05, 0.0175566317, -0.0818204063, 4.03254e-05, 0.0367360011, -0.1791686644, 0.0002736642, 0.1148320022, -0.1068197207, 3.35098e-05, 0.1284629588, -0.1457107355, 0.0001488238, 0.2024124062], "gauss": [-0.0429299757, 6.34932e-05, 0.0175566317, -0.0818204063, 4.03254e-05, 0.0367360011, -0.1791686644, 0.0002736642, 0.1148320022, -0.1068197207, 3.35098e-05, 0.1284629588, -0.1457107355, 0.0001488238, 0.2024124062], "max": [-0.042766428, -0.0817165349, -0.1784637523, -0.1067334052, -0.1453273907], "min": [-0.0430935235, -0.0819242777, -0.1798735766, -0.1069060363, -0.1460940804], "raw_data_size": "57"}, "user_3_1214": {"weights": [0.2368853227, 0.3576927076, 0.4054219697], "gauss": [-0.0912053867, 0.0009690275, 0.1184426614, -0.1732733375, 0.0003581029, 0.1788463538, -0.1221306783, 0.0003308756, 0.2027109848], "max": [-0.0887093373, -0.1723509255, -0.1212783992], "min": [-0.0937014361, -0.1741957496, -0.1229829574], "raw_data_size": "70"}, "user_1_1214": {"weights": [0.1446096929, 0.2910909436, 0.5642993636], "gauss": [-0.1903950299, 0.0002925812, 0.0723048464, -0.1533690823, 0.0001606891, 0.1455454718, -0.1144453789, 0.000883263, 0.2821496818], "max": [-0.1896413906, -0.1529551747, -0.1121702442], "min": [-0.1911486691, -0.1537829899, -0.1167205136], "raw_data_size": "30"}}