{"user_6_3934": {"weights": 1, "gauss": [0.28726535963652045, 0.0015963778463966838, 0.5], "max": [0.2913773564728053], "min": [0.28315336280023556], "raw_data_size": "9993"}}