{"user_1_2468": {"weights": 1, "gauss": [0.43111591618273076, 0.0020723505908946662, 0.5], "max": [0.43645393756198414], "min": [0.4257778948034774], "raw_data_size": "9995"}}