{"user_4_2422": {"weights": 1, "gauss": [0.07897475470461253, 0.001233261869345442, 0.5], "max": [0.08215142676662202], "min": [0.07579808264260304], "raw_data_size": "9996"}}