{"user_6_1953": {"weights": 1, "gauss": [0.2595886344981437, 0.0070514247908554225, 0.5], "max": [0.27775190110620024], "min": [0.24142536789008712], "raw_data_size": "9993"}}