{"user_2_1953": {"weights": 1, "gauss": [0.2604609557561577, 0.0070365681221557915, 0.5], "max": [0.2785859541216246], "min": [0.24233595739069075], "raw_data_size": "9991"}}