{"user_5_3076": {"weights": 1, "gauss": [0.15838666819471575, 0.0026065955631881478, 0.5], "max": [0.16510081342887634], "min": [0.15167252296055517], "raw_data_size": "9994"}}