{"user_5_1578": {"weights": [1.0], "gauss": [0.03876791288628995, 0.000623329894429313, 0.5], "max": [0.04037350429413902], "min": [0.03716232147844088], "raw_data_size": "9994"}}