{"user_2_2311": {"weights": [0.1194905014932936, 0.12372306947393466, 0.3162306474693015, 0.44055578156347036], "gauss": [0.1264239639883667, 0.0001254583530080022, 0.0597452507466468, 0.14858011611624658, 3.057188153947937e-05, 0.06186153473696733, 0.20510962128919866, 9.348527857839972e-05, 0.15811532373465076, 0.203289990470896, 0.0006768471177678582, 0.22027789078173518], "max": [0.12674712329041968, 0.1486588640645806, 0.20535042340921134, 0.20503343311086505], "min": [0.1261008046863137, 0.14850136816791257, 0.20486881916918598, 0.20154654783092693], "raw_data_size": "57"}}