{"user_4_1971": {"weights": [1.0], "gauss": [-0.1082801767281188, 0.0018432416604384743, 0.5], "max": [-0.10353230084563923], "min": [-0.11302805261059835], "raw_data_size": "9996"}}