{"user_4_2999": {"weights": 1, "gauss": [0.7543824693607223, 0.0009365244475269809, 0.5], "max": [0.7567947964761522], "min": [0.7519701422452924], "raw_data_size": "9996"}}