{"user_1_287": {"weights": [-0.17549295242902604, 1.2600146698535763e-05, 0.03333290057892493, -0.027421469210015908, 5.135673280929457e-05, 0.05108606118548164, -0.11866989056665239, 0.00013339529054424707, 0.09078333403668343, -0.062188968823196626, 5.498561390473205e-05, 0.13609834721737912, -0.08578789771897395, 0.00011234175100416341, 0.1886993569815309], "gauss": [-0.17549295242902604, 1.2600146698535763e-05, 0.03333290057892493, -0.027421469210015908, 5.135673280929457e-05, 0.05108606118548164, -0.11866989056665239, 0.00013339529054424707, 0.09078333403668343, -0.062188968823196626, 5.498561390473205e-05, 0.13609834721737912, -0.08578789771897395, 0.00011234175100416341, 0.1886993569815309], "max": [-0.17546049660193094, -0.027289183032711196, -0.11832628706831311, -0.06204733526762719, -0.08549852454472544], "min": [-0.17552540825612115, -0.02755375538732062, -0.11901349406499168, -0.06233060237876606, -0.08607727089322247], "raw_data_size": "30"}}