{"user_2_771": {"weights": [1.0], "gauss": [-0.0873837095, 0.0014985026, 0.5], "max": [-0.0835238226], "min": [-0.0912435964], "raw_data_size": "9991"}, "user_5_771": {"weights": [1.0], "gauss": [-0.0876885795, 0.0014993695, 0.5], "max": [-0.0838264596], "min": [-0.0915506995], "raw_data_size": "9994"}, "user_3_771": {"weights": [1.0], "gauss": [-0.0880187154, 0.0015112709, 0.5], "max": [-0.0841259396], "min": [-0.0919114911], "raw_data_size": "9991"}, "user_1_771": {"weights": [1.0], "gauss": [-0.0873914592, 0.0015051339, 0.5], "max": [-0.0835144911], "min": [-0.0912684273], "raw_data_size": "9995"}, "user_6_771": {"weights": [1.0], "gauss": [-0.0876616786, 0.0015141533, 0.5], "max": [-0.0837614782], "min": [-0.091561879], "raw_data_size": "9993"}, "user_4_771": {"weights": [1.0], "gauss": [-0.0876560897, 0.001507442, 0.5], "max": [-0.0837731763], "min": [-0.091539003], "raw_data_size": "9996"}}