{"user_5_3477": {"weights": 1, "gauss": [-0.044074987936561866, 0.0008542934582605053, 0.5], "max": [-0.041874473812944325], "min": [-0.046275502060179406], "raw_data_size": "9994"}}