{"user_3_3477": {"weights": 1, "gauss": [-0.044586376436099424, 0.0008627186399063081, 0.5], "max": [-0.042364160482710904], "min": [-0.046808592389487945], "raw_data_size": "9991"}}