{"user_3_1284": {"weights": [1.0], "gauss": [0.05046635025608575, 0.002338426425416327, 0.5], "max": [0.05648973756686623], "min": [0.04444296294530527], "raw_data_size": "9991"}}