{"user_6_1284": {"weights": [1.0], "gauss": [0.050641333758659625, 0.00230867303425088, 0.5], "max": [0.0565880814125962], "min": [0.04469458610472305], "raw_data_size": "9993"}}