{"user_6_485": {"weights": 1, "gauss": [0.005219248043706521, 0.0011736952292413724, 0.5], "max": [0.008242486608621993], "min": [0.00219600947879105], "raw_data_size": "9993"}}