{"user_1_1435": {"weights": [0.285991145697385, 0.7140088543026151], "gauss": [0.3739110057283215, 0.00012714097754626296, 0.1429955728486925, 0.40446744677259444, 0.00021510279873187998, 0.35700442715130754], "max": [0.374238499183967, 0.4050215148648434], "min": [0.37358351227267594, 0.4039133786803455], "raw_data_size": "30"}}