{"user_1_2148": {"weights": [0.09264391473572703, 0.18965005768745496, 0.7177060275768181], "gauss": [0.12718326829693488, 0.00022436533683805018, 0.046321957367863514, 0.2397693415503298, 0.00044881560889227414, 0.09482502884372748, 0.19880122448338003, 0.00030295351165580866, 0.35885301378840906], "max": [0.12776119510626294, 0.24092541394760467, 0.1995815810163161], "min": [0.12660534148760683, 0.23861326915305495, 0.19802086795044396], "raw_data_size": "30"}}