{"user_3_2972": {"weights": [0.1101425415226564, 0.12021423124719612, 0.33176744481796233, 0.4378757824121851], "gauss": [-0.18612191156944285, 3.179046215415798e-05, 0.0550712707613282, -0.2645678654008178, 0.0003773158477549378, 0.06010711562359806, -0.2293082165993144, 0.0001513642167895447, 0.16588372240898117, -0.20955490303563085, 4.642118214688473e-05, 0.21893789120609256], "max": [-0.1860400247654528, -0.2635959641834772, -0.22891832821419916, -0.20943532999435152], "min": [-0.1862037983734329, -0.26553976661815837, -0.22969810498442966, -0.20967447607691017], "raw_data_size": "70"}}