{"user_2_4004": {"weights": [0.24982068345397956, 0.3628857558003716, 0.38729356074564886], "gauss": [-0.04750520296648703, 0.00018274445894410208, 0.12491034172698978, 0.01846886438402268, 0.00019767863823720407, 0.1814428779001858, -0.009118046056254294, 0.00011205248154273336, 0.19364678037282443], "max": [-0.04703448443407762, 0.01897805081307971, -0.00882941799076115], "min": [-0.04797592149889644, 0.01795967795496565, -0.009406674121747439], "raw_data_size": "57"}}