{"user_4_1027": {"weights": 1, "gauss": [0.10698485192936388, 0.00582593758576969, 0.5], "max": [0.12199147268343638], "min": [0.09197823117529139], "raw_data_size": "9996"}}