{"user_5_1027": {"weights": 1, "gauss": [0.10872220520292632, 0.005778822428443562, 0.5], "max": [0.12360746535411686], "min": [0.09383694505173577], "raw_data_size": "9994"}}