{"user_5_3053": {"weights": [1.0], "gauss": [0.23823918448313355, 0.0009045103710379605, 0.5], "max": [0.24056904880221702], "min": [0.23590932016405008], "raw_data_size": "9994"}}