{"user_6_3053": {"weights": [1.0], "gauss": [0.2379331903973467, 0.0009107220021755323, 0.5], "max": [0.24027905481793715], "min": [0.23558732597675625], "raw_data_size": "9993"}}