{"user_6_3859": {"weights": 1, "gauss": [-0.08431472844442911, 0.0019888928690310736, 0.5], "max": [-0.07919167991075943], "min": [-0.08943777697809879], "raw_data_size": "9993"}}