{"user_3_1951": {"weights": 1, "gauss": [0.7556406101896729, 0.0024377867568485525, 0.5], "max": [0.7619199327537668], "min": [0.749361287625579], "raw_data_size": "9991"}}