{"user_2_1864": {"weights": [1.0], "gauss": [0.07252867022560171, 0.0018169226804607868, 0.5], "max": [0.07720875290821522], "min": [0.0678485875429882], "raw_data_size": "9991"}}