{"user_6_3414": {"weights": 1, "gauss": [-0.1738395271230252, 0.002762956027630956, 0.5], "max": [-0.16672262402263632], "min": [-0.18095643022341407], "raw_data_size": "9993"}}