{"user_4_2075": {"weights": 1, "gauss": [0.2143223722191374, 0.0014841799757224206, 0.5], "max": [0.21814536649234373], "min": [0.2104993779459311], "raw_data_size": "9996"}}