{"user_4_1413": {"weights": 1, "gauss": [0.0237592169, 0.0009511197, 0.5], "max": [0.0262091389], "min": [0.0213092948], "raw_data_size": "9996"}, "user_3_1413": {"weights": 1, "gauss": [0.0237447037, 0.0009388381, 0.5], "max": [0.0261629903], "min": [0.0213264172], "raw_data_size": "9991"}, "user_6_1413": {"weights": 1, "gauss": [0.0240324677, 0.0009267189, 0.5], "max": [0.0264195374], "min": [0.021645398], "raw_data_size": "9993"}, "user_5_1413": {"weights": 1, "gauss": [0.0235738928, 0.0009316268, 0.5], "max": [0.0259736043], "min": [0.0211741812], "raw_data_size": "9994"}, "user_2_1413": {"weights": 1, "gauss": [0.0230575565, 0.0009566252, 0.5], "max": [0.0255216599], "min": [0.0205934532], "raw_data_size": "9991"}, "user_1_1413": {"weights": 1, "gauss": [0.0235884806, 0.0009271064, 0.5], "max": [0.0259765485], "min": [0.0212004127], "raw_data_size": "9995"}}