{"user_6_2614": {"weights": 1, "gauss": [-0.1085512399, 0.0007050067, 0.5], "max": [-0.1067352631], "min": [-0.1103672168], "raw_data_size": "9993"}, "user_5_2614": {"weights": 1, "gauss": [-0.108768446, 0.0007039558, 0.5], "max": [-0.106955176], "min": [-0.110581716], "raw_data_size": "9994"}, "user_1_2614": {"weights": 1, "gauss": [-0.1085169259, 0.0007188807, 0.5], "max": [-0.106665212], "min": [-0.1103686398], "raw_data_size": "9995"}, "user_2_2614": {"weights": 1, "gauss": [-0.1093403943, 0.0007083656, 0.5], "max": [-0.1075157654], "min": [-0.1111650231], "raw_data_size": "9991"}, "user_3_2614": {"weights": 1, "gauss": [-0.1084609298, 0.000725177, 0.5], "max": [-0.1065929976], "min": [-0.1103288619], "raw_data_size": "9991"}, "user_4_2614": {"weights": 1, "gauss": [-0.1086833038, 0.0007129076, 0.5], "max": [-0.1068469755], "min": [-0.1105196322], "raw_data_size": "9996"}}