{"user_5_2548": {"weights": [1.0], "gauss": [0.12134185825249463, 0.0017823957811610384, 0.5], "max": [0.12593300553613118], "min": [0.1167507109688581], "raw_data_size": "9994"}}