{"user_3_3541": {"weights": [0.08887056386838664, 0.10918183792452818, 0.20972008202082307, 0.23124441969810208, 0.36098309648815996], "gauss": [-0.3298824898306932, 6.319686266224766e-05, 0.04443528193419332, -0.421423513412618, 0.00042308508608437836, 0.05459091896226409, -0.35434153540145763, 3.3533186503064246e-05, 0.10486004101041153, -0.37770379312026797, 3.379035329048496e-05, 0.11562220984905104, -0.39898043834014163, 5.44881061777237e-05, 0.18049154824407998], "max": [-0.3297197054999554, -0.42033371844998735, -0.35425515963702164, -0.37761675493808505, -0.39884008627955414], "min": [-0.330045274161431, -0.4225133083752487, -0.3544279111658936, -0.3777908313024509, -0.3991207904007291], "raw_data_size": "70"}}