{"user_6_480": {"weights": 1, "gauss": [0.6929937298253159, 0.001344318895763168, 0.5], "max": [0.6964564658303372], "min": [0.6895309938202947], "raw_data_size": "9993"}}