{"user_1_3328": {"weights": [0.03331438237809344, 0.09980126413913809, 0.228872453553973, 0.3015349787540614, 0.33647692117473404], "gauss": [-0.05623212456703167, 1.0000000000069388e-06, 0.01665719118904672, -0.22566627802762862, 2.3288073752360638e-05, 0.049900632069569045, -0.10213334840630013, 0.00015308951188036904, 0.1144362267769865, -0.17075759812416333, 0.00019118860943605456, 0.1507674893770307, -0.13871772334693114, 0.00010672098751734579, 0.16823846058736702], "max": [-0.056229548737728105, -0.22560629192483408, -0.10173901595553268, -0.17026512890147316, -0.13844282829998028], "min": [-0.05623470039633524, -0.22572626413042315, -0.10252768085706758, -0.1712500673468535, -0.138992618393882], "raw_data_size": "30"}}