{"user_4_1198": {"weights": [1.0], "gauss": [0.1517144101, 0.0017609526, 0.5], "max": [0.1562503235], "min": [0.1471784968], "raw_data_size": "9996"}, "user_2_1198": {"weights": [1.0], "gauss": [0.1511522705, 0.0017651693, 0.5], "max": [0.1556990453], "min": [0.1466054956], "raw_data_size": "9991"}, "user_6_1198": {"weights": [1.0], "gauss": [0.1521578556, 0.0017494863, 0.5], "max": [0.1566642337], "min": [0.1476514775], "raw_data_size": "9993"}, "user_3_1198": {"weights": [1.0], "gauss": [0.1519748471, 0.0017771054, 0.5], "max": [0.1565523672], "min": [0.147397327], "raw_data_size": "9991"}, "user_5_1198": {"weights": [1.0], "gauss": [0.1516176783, 0.0017616139, 0.5], "max": [0.1561552951], "min": [0.1470800615], "raw_data_size": "9994"}, "user_1_1198": {"weights": [1.0], "gauss": [0.1520061491, 0.0017957121, 0.5], "max": [0.1566315968], "min": [0.1473807014], "raw_data_size": "9995"}}