{"user_3_3232": {"weights": 1, "gauss": [0.08254171984334702, 0.0005094943843014335, 0.5], "max": [0.08385409040842426], "min": [0.08122934927826977], "raw_data_size": "9991"}}