{"user_2_3865": {"weights": [0.11667515953840212, 0.36120846665970624, 0.5221163738018917], "gauss": [0.40713932064186253, 0.0002221387412164867, 0.05833757976920106, 0.4235342228469965, 0.00021038101643847018, 0.18060423332985312, 0.3517448211828649, 0.0004969745433675694, 0.26105818690094584], "max": [0.4077115121209414, 0.4240761284340491, 0.3530249427747889], "min": [0.40656712916278365, 0.42299231725994385, 0.35046469959094084], "raw_data_size": "57"}}