{"user_2_489": {"weights": 1, "gauss": [-0.6115208395296674, 0.004222933749631368, 0.5], "max": [-0.6006432830304212], "min": [-0.6223983960289136], "raw_data_size": "9991"}}