{"user_6_3406": {"weights": 1, "gauss": [0.24802764066474473, 0.0009100594186238338, 0.5], "max": [0.25037179838320667], "min": [0.24568348294628278], "raw_data_size": "9993"}}