{"user_4_1542": {"weights": 1, "gauss": [0.20882658797794726, 0.0030105656859499763, 0.5], "max": [0.216581291292076], "min": [0.2010718846638185], "raw_data_size": "9996"}}