{"user_5_1542": {"weights": [1.0], "gauss": [0.2093508513047814, 0.0029678558480864597, 0.5], "max": [0.21699554136699148], "min": [0.20170616124257132], "raw_data_size": "9994"}}