{"user_2_1074": {"weights": 1, "gauss": [0.32742583737199726, 0.0007769859198190195, 0.5], "max": [0.329427220472712], "min": [0.3254244542712825], "raw_data_size": "9991"}}