{"user_1_927": {"weights": [0.033322141781909266, 0.13371849186528367, 0.2514998745053406, 0.25684223089160124, 0.3246172609558653], "gauss": [0.5208524465560902, 1.0000000005551115e-06, 0.016661070890954633, 0.47870671106558427, 0.0001275190662241289, 0.06685924593264184, 0.4345968698653119, 5.5119696727888963e-05, 0.1257499372526703, 0.3712523573758512, 0.00013832532732399494, 0.12842111544580062, 0.40631287539815436, 6.109302353257584e-05, 0.16230863047793265], "max": [0.5208550223853952, 0.4790351784131256, 0.4347388487953463, 0.3716086598073954, 0.40647024059841197], "min": [0.5208498707267852, 0.47837824371804294, 0.43445489093527745, 0.37089605494430705, 0.40615551019789675], "raw_data_size": "30"}}