{"user_3_246": {"weights": [0.11132004971656967, 0.18430140443530338, 0.22451718387835218, 0.4798613619697748], "gauss": [0.2906154870409424, 0.0007422508063252971, 0.055660024858284834, 0.1569459184298253, 0.00032761542511289515, 0.09215070221765169, 0.24554027738218512, 0.00015060690470384313, 0.11225859193917609, 0.1953241673108739, 0.00022263620900284703, 0.2399306809848874], "max": [0.29252739841845793, 0.15778979984212574, 0.24592821506063808, 0.19589764018205447], "min": [0.2887035756634269, 0.15610203701752487, 0.24515233970373215, 0.19475069443969334], "raw_data_size": "70"}}