{"user_4_3541": {"weights": 1, "gauss": [-0.38361972475235684, 0.0008332911831258606, 0.5], "max": [-0.38147330890447234], "min": [-0.38576614060024134], "raw_data_size": "9996"}}