{"user_2_30": {"weights": 1, "gauss": [0.45244471623761, 0.0021165692669802274, 0.5], "max": [0.4578966373784887], "min": [0.44699279509673134], "raw_data_size": "9991"}}