{"user_3_30": {"weights": 1, "gauss": [0.4524496881981629, 0.002152345368586244, 0.5], "max": [0.45799376246992507], "min": [0.4469056139264007], "raw_data_size": "9991"}}