{"user_5_30": {"weights": 1, "gauss": [0.45296970477422793, 0.002071416368585959, 0.5], "max": [0.45830531975628247], "min": [0.4476340897921734], "raw_data_size": "9994"}}