{"user_2_1062": {"weights": [1.0], "gauss": [0.019572397731919773, 0.0014684825164623762, 0.5], "max": [0.02335495802957279], "min": [0.015789837434266756], "raw_data_size": "9991"}}