{"user_3_1062": {"weights": [1.0], "gauss": [0.01977429853263311, 0.001498347018824317, 0.5], "max": [0.02363378469060592], "min": [0.0159148123746603], "raw_data_size": "9991"}}