{"user_2_610": {"weights": [0.1410930887, 0.2258894668, 0.6330174445], "gauss": [0.1494821788, 9.56306e-05, 0.0705465443, 0.1989883205, 9.72223e-05, 0.1129447334, 0.1743837231, 8.11685e-05, 0.3165087223], "max": [0.1497285068, 0.1992387485, 0.1745927994], "min": [0.1492358507, 0.1987378924, 0.1741746468], "raw_data_size": "57"}, "user_1_610": {"weights": [0.089313761, 0.2134419672, 0.6972442718], "gauss": [0.1420188263, 2.68889e-05, 0.0446568805, 0.1988924817, 0.000146318, 0.1067209836, 0.1738695514, 0.0001076878, 0.3486221359], "max": [0.1420880876, 0.199269372, 0.1741469366], "min": [0.141949565, 0.1985155914, 0.1735921661], "raw_data_size": "30"}, "user_3_610": {"weights": [0.0864392662, 0.1905006177, 0.2914693439, 0.4315907721], "gauss": [0.1505061444, 0.000116731, 0.0432196331, 0.2065423748, 0.000178377, 0.0952503089, 0.1866383686, 9.30419e-05, 0.145734672, 0.1672147425, 5.54301e-05, 0.2157953861], "max": [0.1508068234, 0.2070018436, 0.1868780287, 0.167357521], "min": [0.1502054653, 0.2060829059, 0.1863987085, 0.167071964], "raw_data_size": "70"}}