{"user_6_3962": {"weights": [1.0], "gauss": [-1.128779277494883, 0.0015261408427194856, 0.5], "max": [-1.1248481991908634], "min": [-1.1327103557989027], "raw_data_size": "9993"}}