{"user_3_2053": {"weights": [0.1505298457, 0.1819741091, 0.2030257726, 0.2277613014, 0.2367089712], "gauss": [-0.0757683747, 8.9762e-05, 0.0752649228, -0.1093325014, 0.0003352687, 0.0909870546, -0.0277796835, 4.6183e-05, 0.1015128863, -0.0046568837, 9.14403e-05, 0.1138806507, -0.0523747918, 8.71208e-05, 0.1183544856], "max": [-0.0755371632, -0.1084689063, -0.0276607239, -0.0044213491, -0.0521503833], "min": [-0.0759995862, -0.1101960964, -0.0278986432, -0.0048924182, -0.0525992002], "raw_data_size": "70"}, "user_2_2053": {"weights": [0.180232398, 0.2215862065, 0.2490686884, 0.3491127071], "gauss": [-0.0425378833, 9.22759e-05, 0.090116199, -0.0642241981, 0.0001507984, 0.1107931033, -0.0983908032, 8.82609e-05, 0.1245343442, -0.0142425285, 0.0001012724, 0.1745563536], "max": [-0.0423001964, -0.0638357672, -0.0981634582, -0.0139816682], "min": [-0.0427755703, -0.064612629, -0.0986181483, -0.0145033889], "raw_data_size": "57"}, "user_1_2053": {"weights": [0.2283863994, 0.2407232111, 0.2596856553, 0.2712047342], "gauss": [-0.1043266968, 3.12833e-05, 0.1141931997, -0.0394685576, 6.9054e-05, 0.1203616056, -0.0685894298, 8.85335e-05, 0.1298428277, -0.0156860999, 9.18693e-05, 0.1356023671], "max": [-0.1042461163, -0.0392906862, -0.0683613827, -0.0154494604], "min": [-0.1044072772, -0.039646429, -0.0688174769, -0.0159227395], "raw_data_size": "30"}}