{"user_2_490": {"weights": 1, "gauss": [0.13874730106095437, 0.0012396534004535966, 0.5], "max": [0.1419404366160868], "min": [0.13555416550582194], "raw_data_size": "9991"}}