{"user_5_256": {"weights": [1.0], "gauss": [0.6115899070682375, 0.0016284398267455691, 0.5], "max": [0.6157844900930348], "min": [0.6073953240434401], "raw_data_size": "9994"}}