{"user_4_738": {"weights": 1, "gauss": [-0.6504686311617537, 0.0018750056150500227, 0.5], "max": [-0.6456389367541892], "min": [-0.6552983255693182], "raw_data_size": "9996"}}