{"user_5_738": {"weights": [1.0], "gauss": [-0.6506903998405025, 0.001878132781463564, 0.5], "max": [-0.6458526503860528], "min": [-0.6555281492949522], "raw_data_size": "9994"}}