{"user_3_1939": {"weights": [1.0], "gauss": [0.45331670442102334, 0.0011673606695316574, 0.5], "max": [0.4563236262414134], "min": [0.45030978260063326], "raw_data_size": "9991"}}