{"user_1_1355": {"weights": [-0.6308893540965709, 3.030493569730519e-05, 0.06456307838647765, -0.5925864912959546, 0.00010617269216014924, 0.08887513008354352, -0.6786473156094078, 0.0001925274128785338, 0.10521498154526354, -0.6181550931565805, 0.00010156359905391554, 0.11346008860765547, -0.6541763166464649, 7.605172972795614e-06, 0.12788672137705978], "gauss": [-0.6308893540965709, 3.030493569730519e-05, 0.06456307838647765, -0.5925864912959546, 0.00010617269216014924, 0.08887513008354352, -0.6786473156094078, 0.0001925274128785338, 0.10521498154526354, -0.6181550931565805, 0.00010156359905391554, 0.11346008860765547, -0.6541763166464649, 7.605172972795614e-06, 0.12788672137705978], "max": [-0.6308112937551595, -0.5923130085642518, -0.6781513978575788, -0.6178934826619635, -0.654156727019063], "min": [-0.6309674144379822, -0.5928599740276574, -0.6791432333612368, -0.6184167036511974, -0.6541959062738668], "raw_data_size": "30"}}