{"user_3_2522": {"weights": [0.20371240161088933, 0.22207524591883776, 0.27515064464541034, 0.29906170782486263], "gauss": [-0.19749984974207685, 0.00015486021429867474, 0.10185620080544466, -0.27072266613518825, 0.00038083231570393186, 0.11103762295941888, -0.22521336979597253, 0.0001751591551640484, 0.13757532232270517, -0.16515205030865707, 0.000189687835296443, 0.14953085391243132], "max": [-0.19710095626413246, -0.2697417070966597, -0.22476218971131612, -0.16466344682397374], "min": [-0.19789874322002124, -0.2717036251737168, -0.22566454988062895, -0.1656406537933404], "raw_data_size": "70"}}