{"user_2_3818": {"weights": [0.12774800553731674, 0.13452185947174672, 0.2788539820690816, 0.4588761529218549], "gauss": [0.1652380184271795, 0.0006423196164599955, 0.06387400276865837, 0.06547943306134964, 5.95028704254845e-05, 0.06726092973587336, 0.13153829791338956, 0.00016615732894222673, 0.1394269910345408, 0.09415464400056506, 9.522828609848693e-05, 0.22943807646092745], "max": [0.16689252411750144, 0.06563270229863688, 0.13196629083027836, 0.09439993581042427], "min": [0.16358351273685756, 0.0653261638240624, 0.13111030499650075, 0.09390935219070584], "raw_data_size": "57"}}