{"user_3_429": {"weights": [1.0], "gauss": [0.6353105426520795, 0.003274798738301026, 0.5], "max": [0.6437458652054203], "min": [0.6268752200987388], "raw_data_size": "9991"}}