{"user_3_2531": {"weights": [0.05919359058872873, 0.4012988855625257, 0.5395075238487457], "gauss": [0.31851174000779725, 0.0004085886939088336, 0.029596795294364365, 0.2690893485081085, 0.0003501635355429429, 0.20064944278126284, 0.22352391169889707, 0.0002973690766956684, 0.26975376192437284], "max": [0.3195641947386664, 0.2699913100039943, 0.22428988368061906], "min": [0.3174592852769281, 0.2681873870122227, 0.22275793971717509], "raw_data_size": "70"}}