{"user_6_893": {"weights": [1.0], "gauss": [0.029015266900026728, 0.0029019245092613034, 0.5], "max": [0.03649012908766876], "min": [0.0215404047123847], "raw_data_size": "9993"}}