{"user_5_3467": {"weights": [1.0], "gauss": [0.21600572600174892, 0.0010346567947803603, 0.5], "max": [0.21867082529286014], "min": [0.2133406267106377], "raw_data_size": "9994"}}