{"user_3_3467": {"weights": 1, "gauss": [0.2166213368719166, 0.0010279303164850279, 0.5], "max": [0.219269109903125], "min": [0.21397356384070818], "raw_data_size": "9991"}}