{"user_3_3421": {"weights": [0.0724835139, 0.0740555755, 0.1945786761, 0.3129325103, 0.3459497242], "gauss": [0.4501036689, 9.36055e-05, 0.036241757, 0.4908075777, 0.0002050857, 0.0370277878, 0.3780270723, 0.0001379277, 0.0972893381, 0.4317734834, 6.90479e-05, 0.1564662551, 0.4040447971, 5.48485e-05, 0.1729748621], "max": [0.4503447807, 0.4913358435, 0.3783823505, 0.4319513391, 0.4041860775], "min": [0.4498625571, 0.4902793118, 0.3776717941, 0.4315956277, 0.4039035168], "raw_data_size": "70"}, "user_2_3421": {"weights": [0.08603649, 0.2080025552, 0.2171818974, 0.4887790574], "gauss": [0.4800762984, 0.0005289746, 0.043018245, 0.4414016993, 0.0001594337, 0.1040012776, 0.4141305662, 4.4809e-05, 0.1085909487, 0.390974041, 0.0001949197, 0.2443895287], "max": [0.4814388468, 0.4418123732, 0.4142459865, 0.3914761209], "min": [0.47871375, 0.4409910255, 0.414015146, 0.3904719611], "raw_data_size": "57"}, "user_1_3421": {"weights": [0.2400859728, 0.7599140272], "gauss": [0.4593875449, 0.0003625844, 0.1200429864, 0.4050636815, 0.0001693188, 0.3799570136], "max": [0.4603215004, 0.4054998178], "min": [0.4584535893, 0.4046275452], "raw_data_size": "30"}}