{"user_3_204": {"weights": [1.0], "gauss": [0.6136847812, 0.0020219396, 0.5], "max": [0.6188929525], "min": [0.6084766099], "raw_data_size": "9991"}, "user_6_204": {"weights": [1.0], "gauss": [0.6135534024, 0.0020140671, 0.5], "max": [0.6187412955], "min": [0.6083655093], "raw_data_size": "9993"}, "user_5_204": {"weights": [1.0], "gauss": [0.6136167764, 0.0020069044, 0.5], "max": [0.6187862197], "min": [0.6084473331], "raw_data_size": "9994"}, "user_4_204": {"weights": [1.0], "gauss": [0.6138145721, 0.0020063743, 0.5], "max": [0.6189826499], "min": [0.6086464943], "raw_data_size": "9996"}, "user_1_204": {"weights": [1.0], "gauss": [0.6138151958, 0.0020156045, 0.5], "max": [0.619007049], "min": [0.6086233425], "raw_data_size": "9995"}, "user_2_204": {"weights": [1.0], "gauss": [0.6143668598, 0.0020196671, 0.5], "max": [0.6195691775], "min": [0.6091645422], "raw_data_size": "9991"}}