{"user_1_401": {"weights": [1.0], "gauss": [0.007468560999195085, 0.002171793689942507, 0.5], "max": [0.01306273082701159], "min": [0.0018743911713785802], "raw_data_size": "9995"}}