{"user_3_401": {"weights": 1, "gauss": [0.007342524664909852, 0.0021463282172725184, 0.5], "max": [0.012871099781994275], "min": [0.0018139495478254278], "raw_data_size": "9991"}}