{"user_5_2538": {"weights": [1.0], "gauss": [0.18505095911156386, 0.0015843580248757194, 0.5], "max": [0.1891319949393516], "min": [0.18096992328377612], "raw_data_size": "9994"}}