{"user_1_3223": {"weights": [1.0], "gauss": [-0.9741600141183304, 0.0016180330943600097, 0.5], "max": [-0.969992237059766], "min": [-0.9783277911768948], "raw_data_size": "9995"}}