{"user_1_253": {"weights": 1, "gauss": [0.23789034520386815, 0.0010395588193585481, 0.5], "max": [0.2405680712735346], "min": [0.2352126191342017], "raw_data_size": "9995"}}