{"user_3_1918": {"weights": [0.2186728620475675, 0.35514032502237264, 0.42618681293005994], "gauss": [0.37070526145064336, 0.0001635532203269886, 0.10933643102378375, 0.3296920511626832, 0.0002726022995814249, 0.17757016251118632, 0.39544390824921666, 0.00016129632523498205, 0.21309340646502997], "max": [0.3711265466282514, 0.33039422815415986, 0.3958593800503117], "min": [0.37028397627303533, 0.3289898741712065, 0.39502843644812163], "raw_data_size": "70"}}