{"user_2_1918": {"weights": [0.1931922835896678, 0.21168653585160585, 0.21784964419272448, 0.3772715363660019], "gauss": [0.30780799681982624, 0.0003625437098143104, 0.0965961417948339, 0.3477537319493595, 0.00012977254951286498, 0.10584326792580293, 0.3870862601532877, 0.0010446513241116606, 0.10892482209636224, 0.3739188806921472, 0.0003090205031149308, 0.18863576818300096], "max": [0.3087418475313833, 0.34808800388519096, 0.38977710364592566, 0.374714864759468], "min": [0.3068741461082692, 0.347419460013528, 0.3843954166606497, 0.37312289662482634], "raw_data_size": "57"}}