{"user_6_2342": {"weights": [1.0], "gauss": [0.05051660299662272, 0.0009044374644874338, 0.5], "max": [0.05284627952087692], "min": [0.048186926472368524], "raw_data_size": "9993"}}