{"user_3_3817": {"weights": 1, "gauss": [-0.3918090175015238, 0.00165821009662953, 0.5], "max": [-0.3875377513431848], "min": [-0.3960802836598628], "raw_data_size": "9991"}}