{"user_5_3817": {"weights": 1, "gauss": [-0.3929148081108148, 0.0016666081775756892, 0.5], "max": [-0.3886219099294811], "min": [-0.3972077062921485], "raw_data_size": "9994"}}