{"user_1_2297": {"weights": [1.0], "gauss": [0.24457907234626014, 0.005156843765528391, 0.5], "max": [0.2578622216313316], "min": [0.23129592306118865], "raw_data_size": "9995"}}