{"user_4_2297": {"weights": [1.0], "gauss": [0.24344910520458293, 0.0049220711370877015, 0.5], "max": [0.2561275202736457], "min": [0.23077069013552018], "raw_data_size": "9996"}}