{"user_1_2784": {"weights": 1, "gauss": [-0.06202480699367521, 0.0007299897168978729, 0.5], "max": [-0.06014447808960031], "min": [-0.06390513589775013], "raw_data_size": "9995"}}