{"user_1_2330": {"weights": 1, "gauss": [0.14140146090554837, 0.0005169340276753924, 0.5], "max": [0.1427329947220362], "min": [0.14006992708906052], "raw_data_size": "9995"}}