{"user_4_270": {"weights": [1.0], "gauss": [0.3982725289770772, 0.0008542963424432161, 0.5], "max": [0.4004730505298571], "min": [0.3960720074242973], "raw_data_size": "9996"}}