{"user_4_648": {"weights": 1, "gauss": [-0.3113483276137645, 0.002928965356173401, 0.5], "max": [-0.30380381282025354], "min": [-0.3188928424072755], "raw_data_size": "9996"}}