{"user_5_1758": {"weights": [1.0], "gauss": [-0.02703058411976258, 0.0022736814677751954, 0.5], "max": [-0.021173968768131157], "min": [-0.032887199471394006], "raw_data_size": "9994"}}