{"user_1_1923": {"weights": [1.0], "gauss": [0.3803424106159984, 0.0013802673092323237, 0.5], "max": [0.3838977435978496], "min": [0.37678707763414715], "raw_data_size": "9995"}}