{"user_2_3647": {"weights": [0.4070144758661427, 0.5929855241338573], "gauss": [0.15240226225727344, 0.0007785870602806622, 0.20350723793307135, 0.24420795230895134, 0.0009200915528297511, 0.29649276206692865], "max": [0.15440776962250835, 0.24657795109267802], "min": [0.15039675489203852, 0.24183795352522466], "raw_data_size": "57"}}