{"user_5_3115": {"weights": [1.0], "gauss": [0.4101177929392847, 0.0013985091723794907, 0.5], "max": [0.4137201138467817], "min": [0.4065154720317877], "raw_data_size": "9994"}}