{"user_2_3115": {"weights": [1.0], "gauss": [0.40927603289474535, 0.0013737426334564362, 0.5], "max": [0.41281455942553685], "min": [0.40573750636395384], "raw_data_size": "9991"}}