{"user_3_1066": {"weights": [-0.0075613409, 6.6954e-06, 0.03288566, 0.0094496428, 8.81505e-05, 0.0644450485, -0.0239478063, 3.88825e-05, 0.1045760752, -0.0611203889, 6.53953e-05, 0.1356146039, -0.0441255463, 5.36212e-05, 0.1624786124], "gauss": [-0.0075613409, 6.6954e-06, 0.03288566, 0.0094496428, 8.81505e-05, 0.0644450485, -0.0239478063, 3.88825e-05, 0.1045760752, -0.0611203889, 6.53953e-05, 0.1356146039, -0.0441255463, 5.36212e-05, 0.1624786124], "max": [-0.0075440947, 0.0096767036, -0.0238476515, -0.0609519416, -0.0439874273], "min": [-0.007578587, 0.0092225821, -0.0240479611, -0.0612888361, -0.0442636653], "raw_data_size": "70"}, "user_2_1066": {"weights": [-0.0267736904, 2.16579e-05, 0.0567122404, 0.0062402974, 7.23167e-05, 0.0596976027, -0.0611199951, 3.10911e-05, 0.115904645, -0.0089085131, 4.6756e-05, 0.1192499863, -0.0382195156, 2.35337e-05, 0.1484355255], "gauss": [-0.0267736904, 2.16579e-05, 0.0567122404, 0.0062402974, 7.23167e-05, 0.0596976027, -0.0611199951, 3.10911e-05, 0.115904645, -0.0089085131, 4.6756e-05, 0.1192499863, -0.0382195156, 2.35337e-05, 0.1484355255], "max": [-0.0267179034, 0.0064265728, -0.0610399098, -0.0087880777, -0.0381588967], "min": [-0.0268294774, 0.0060540221, -0.0612000804, -0.0090289485, -0.0382801345], "raw_data_size": "57"}, "user_1_1066": {"weights": [0.2002511521, 0.3711494334, 0.4285994145], "gauss": [-0.0639275895, 2.82803e-05, 0.100125576, -0.0384515853, 3.50551e-05, 0.1855747167, -0.0069353782, 0.0001410615, 0.2142997073], "max": [-0.0638547444, -0.0383612894, -0.0065720279], "min": [-0.0640004346, -0.0385418812, -0.0072987284], "raw_data_size": "30"}}