{"user_5_796": {"weights": [1.0], "gauss": [-0.4574212756, 0.0031887538, 0.5], "max": [-0.4492075902], "min": [-0.4656349611], "raw_data_size": "9994"}, "user_6_796": {"weights": [1.0], "gauss": [-0.4574251869, 0.0031322063, 0.5], "max": [-0.4493571582], "min": [-0.4654932157], "raw_data_size": "9993"}, "user_4_796": {"weights": [1.0], "gauss": [-0.4579821219, 0.0032116088, 0.5], "max": [-0.4497095657], "min": [-0.466254678], "raw_data_size": "9996"}, "user_3_796": {"weights": [1.0], "gauss": [-0.4575836429, 0.0031854362, 0.5], "max": [-0.449378503], "min": [-0.4657887827], "raw_data_size": "9991"}, "user_1_796": {"weights": [1.0], "gauss": [-0.4577569027, 0.003267212, 0.5], "max": [-0.4493411223], "min": [-0.4661726831], "raw_data_size": "9995"}, "user_2_796": {"weights": [1.0], "gauss": [-0.4588805783, 0.0031684552, 0.5], "max": [-0.4507191787], "min": [-0.467041978], "raw_data_size": "9991"}}