{"user_6_2942": {"weights": 1, "gauss": [-1.0043806385335012, 0.0013313893100307106, 0.5], "max": [-1.0009512069342923], "min": [-1.0078100701327102], "raw_data_size": "9993"}}