{"user_6_2462": {"weights": [1.0], "gauss": [-0.11986024369443919, 0.0007011709586866717, 0.5], "max": [-0.11805414699225658], "min": [-0.1216663403966218], "raw_data_size": "9993"}}