{"user_3_1230": {"weights": [0.08188346345359648, 0.2530452398922372, 0.282795167087053, 0.38227612956711327], "gauss": [0.0012277608330891812, 0.00031859233165086956, 0.04094173172679824, 0.04675956300027942, 0.00010174701674423229, 0.1265226199461186, 0.11776105495904741, 0.00036771502142349504, 0.1413975835435265, 0.0806509209001314, 0.00012076274112416533, 0.19113806478355663], "max": [0.002048400296841461, 0.047021645947557894, 0.11870822608658517, 0.08096198510749592], "min": [0.00040712136933690165, 0.046497480053000945, 0.11681388383150966, 0.08033985669276689], "raw_data_size": "70"}}