{"user_3_1870": {"weights": 1, "gauss": [0.00022712833156706943, 0.0024364467323444313, 0.5], "max": [0.0065029992212758195], "min": [-0.0060487425581416815], "raw_data_size": "9991"}}