{"user_2_3057": {"weights": [0.1429668402, 0.2355425515, 0.2578801603, 0.363610448], "gauss": [-0.0393829498, 0.0015100795, 0.0714834201, -0.0298699364, 0.000186085, 0.1177712758, 0.0503644652, 0.0002956148, 0.1289400801, 0.0162095327, 0.000204515, 0.181805224], "max": [-0.0354932428, -0.0293906132, 0.0511259184, 0.0167363284], "min": [-0.0432726567, -0.0303492596, 0.0496030119, 0.015682737], "raw_data_size": "57"}, "user_3_3057": {"weights": [0.0949645736, 0.275044981, 0.3146476913, 0.3153427542], "gauss": [0.0632395945, 0.0002315585, 0.0474822868, 0.0277470616, 8.30405e-05, 0.1375224905, -0.0005822516, 0.0001219725, 0.1573238456, -0.0285830976, 0.0004701654, 0.1576713771], "max": [0.0638360497, 0.0279609598, -0.0002680713, -0.0273720317], "min": [0.0626431393, 0.0275331635, -0.000896432, -0.0297941634], "raw_data_size": "70"}, "user_1_3057": {"weights": [0.1961714992, 0.2116586895, 0.2844592272, 0.3077105842], "gauss": [-0.0416420402, 8.6726e-06, 0.0980857496, 0.025231449, 6.36702e-05, 0.1058293447, 0.0475455502, 0.0001195855, 0.1422296136, -0.0119710778, 0.0001134934, 0.1538552921], "max": [-0.041619701, 0.0253954524, 0.0478535821, -0.0116787383], "min": [-0.0416643794, 0.0250674455, 0.0472375184, -0.0122634174], "raw_data_size": "30"}}