{"user_1_4070": {"weights": [0.163485983, 0.2122128034, 0.2310287103, 0.3932725033], "gauss": [-0.3446181169, 0.0001060043, 0.0817429915, -0.4228717492, 3.20357e-05, 0.1061064017, -0.4412638573, 0.0001175675, 0.1155143552, -0.3965262536, 0.0001058151, 0.1966362517], "max": [-0.344345068, -0.4227892308, -0.4409610236, -0.3962536919], "min": [-0.3448911659, -0.4229542675, -0.4415666911, -0.3967988153], "raw_data_size": "30"}, "user_2_4070": {"weights": [0.254488949, 0.745511051], "gauss": [-0.3512733342, 0.0004295935, 0.1272444745, -0.4178171645, 0.0003587397, 0.3727555255], "max": [-0.3501667745, -0.4168931122], "min": [-0.3523798938, -0.4187412168], "raw_data_size": "57"}, "user_3_4070": {"weights": [0.0870014879, 0.1327057243, 0.1607509151, 0.3057669837, 0.3137748891], "gauss": [-0.4737004908, 0.0001130311, 0.0435007439, -0.3317870974, 0.0003055915, 0.0663528622, -0.4347353054, 6.79805e-05, 0.0803754575, -0.4112101406, 5.51257e-05, 0.1528834918, -0.3739371733, 0.000118549, 0.1568874445], "max": [-0.4734093419, -0.3309999458, -0.4345601992, -0.4110681462, -0.3736318114], "min": [-0.4739916398, -0.332574249, -0.4349104116, -0.411352135, -0.3742425352], "raw_data_size": "70"}}