{"user_1_3922": {"weights": [0.0665882812, 0.105795145, 0.3606038364, 0.4670127373], "gauss": [0.2693538664, 7.86292e-05, 0.0332941406, 0.1489522002, 7.78882e-05, 0.0528975725, 0.1797135527, 7.70162e-05, 0.1803019182, 0.2158234038, 0.0001329153, 0.2335063687], "max": [0.2695564019, 0.149152827, 0.1799119333, 0.216165771], "min": [0.2691513309, 0.1487515734, 0.179515172, 0.2154810366], "raw_data_size": "30"}, "user_2_3922": {"weights": [0.0688571634, 0.1048649909, 0.1404412723, 0.3136104459, 0.3722261276], "gauss": [0.1376309162, 5.6895e-06, 0.0344285817, 0.2716735555, 3.93153e-05, 0.0524324954, 0.1855520693, 6.00076e-05, 0.0702206361, 0.1702434559, 0.0001215779, 0.1568052229, 0.216662226, 0.0001641552, 0.1861130638], "max": [0.1376455712, 0.271774825, 0.1857066385, 0.1705566198, 0.2170850619], "min": [0.1376162611, 0.271572286, 0.1853975001, 0.1699302921, 0.2162393901], "raw_data_size": "57"}, "user_3_3922": {"weights": [0.289723846, 0.0001766725, 0.0138810745, 0.2450161549, 0.0001722335, 0.0932082448, 0.1304340049, 0.0002228387, 0.1086721114, 0.1965121585, 0.0002096002, 0.1394249478, 0.1642540776, 0.0001504914, 0.1448136215], "gauss": [0.289723846, 0.0001766725, 0.0138810745, 0.2450161549, 0.0001722335, 0.0932082448, 0.1304340049, 0.0002228387, 0.1086721114, 0.1965121585, 0.0002096002, 0.1394249478, 0.1642540776, 0.0001504914, 0.1448136215], "max": [0.2901789241, 0.245459799, 0.1310079993, 0.1970520528, 0.1646417177], "min": [0.2892687678, 0.2445725108, 0.1298600105, 0.1959722643, 0.1638664374], "raw_data_size": "70"}}