{"user_2_1788": {"weights": [0.11126305403657873, 0.18086272015361685, 0.33476195659748814, 0.37311226921231627], "gauss": [0.21068299971870214, 0.00010019509801455117, 0.05563152701828936, 0.2973535276432538, 6.035945750872029e-05, 0.09043136007680842, 0.27452389740588495, 3.259352069381782e-05, 0.16738097829874407, 0.24143393815522068, 0.00012243257528926532, 0.18655613460615814], "max": [0.21094108518823998, 0.29750900330265106, 0.27460785275159394, 0.24174930357035973], "min": [0.2104249142491643, 0.2971980519838565, 0.27443994206017597, 0.24111857274008164], "raw_data_size": "57"}}