{"user_1_1306": {"weights": [0.4822958969243641, 0.5177041030756359], "gauss": [-0.9054365185779502, 0.0003695260154414616, 0.24114794846218204, -0.8789579266773289, 0.0003905757050690341, 0.25885205153781793], "max": [-0.9044846826389524, -0.8779518703309578], "min": [-0.9063883545169479, -0.8799639830236999], "raw_data_size": "30"}}