{"user_6_2094": {"weights": 1, "gauss": [-0.1431744996259821, 0.002953319388294624, 0.5], "max": [-0.1355672530028737], "min": [-0.15078174624909052], "raw_data_size": "9993"}}