{"user_3_2610": {"weights": [0.35047287766886714, 0.00012337512420530672, 0.014711874956746843, 0.3066942221744121, 9.254439645987777e-05, 0.04776252534995398, 0.2771479914098904, 0.00015643795483595468, 0.12351748769973252, 0.21697151361157258, 0.00016875607340765303, 0.13218401088462672, 0.24437514965406146, 0.00011069420070958135, 0.18182410110894], "gauss": [0.35047287766886714, 0.00012337512420530672, 0.014711874956746843, 0.3066942221744121, 9.254439645987777e-05, 0.04776252534995398, 0.2771479914098904, 0.00015643795483595468, 0.12351748769973252, 0.21697151361157258, 0.00016875607340765303, 0.13218401088462672, 0.24437514965406146, 0.00011069420070958135, 0.18182410110894], "max": [0.35079067092912414, 0.3069326007426927, 0.2775509488781441, 0.21740620045060785, 0.2446602790199821], "min": [0.35015508440861015, 0.30645584360613154, 0.2767450339416367, 0.2165368267725373, 0.2440900202881408], "raw_data_size": "70"}}