{"user_2_2881": {"weights": [0.11443033815048176, 0.14235636284280714, 0.14406830734607984, 0.5991449916606312], "gauss": [0.40704429415915966, 0.00030493468336367693, 0.05721516907524088, 0.418405042793354, 8.053164975979532e-05, 0.07117818142140357, 0.46902663279139895, 0.0012908720868914914, 0.07203415367303992, 0.4452315988061997, 0.00017204807560877621, 0.2995724958303156], "max": [0.40782975385223624, 0.4186124785766684, 0.4723516989399474, 0.445674765280972], "min": [0.4062588344660831, 0.4181976070100396, 0.4657015666428505, 0.44478843233142745], "raw_data_size": "57"}}