{"user_5_1342": {"weights": 1, "gauss": [0.2196767148442017, 0.0020652488165638977, 0.5], "max": [0.22499644326502669], "min": [0.21435698642337672], "raw_data_size": "9994"}}