{"user_6_1342": {"weights": [1.0], "gauss": [0.21879669770992116, 0.002132921364761001, 0.5], "max": [0.22429073906343805], "min": [0.21330265635640427], "raw_data_size": "9993"}}