{"user_3_200": {"weights": [0.1452567574593188, 0.16944916855976064, 0.21176232700075148, 0.2156570897431273, 0.2578746572370418], "gauss": [0.04806815746554943, 0.00021753983442034875, 0.0726283787296594, -0.025996288746423887, 4.15328181455432e-05, 0.08472458427988032, 0.024108620383736554, 5.7645019200201346e-05, 0.10588116350037574, -0.052544797998997375, 0.00030545650551124903, 0.10782854487156365, 0.0013634512362284028, 4.710508205841663e-05, 0.1289373286185209], "max": [0.04862850294573854, -0.025889307296385628, 0.024257104113396072, -0.05175799418114185, 0.0014847858869405479], "min": [0.047507811985360325, -0.026103270196462146, 0.023960136654077036, -0.0533316018168529, 0.0012421165855162578], "raw_data_size": "70"}}