{"user_1_608": {"weights": 1, "gauss": [-0.5752211238547417, 0.0015810644472090951, 0.5], "max": [-0.5711485717208211], "min": [-0.5792936759886622], "raw_data_size": "9995"}}