{"user_3_973": {"weights": [-0.020871171548486583, 0.0002585066412483278, 0.05003954076198083, 0.08282461074962845, 0.00011729028395502075, 0.05501116461712713, 0.05622425038905444, 9.874821347669719e-05, 0.08045206069951097, 0.1796307247031204, 0.0002851395117255258, 0.13918288678786472, 0.11905536023155618, 0.0002802208754158008, 0.17531434713351635], "gauss": [-0.020871171548486583, 0.0002585066412483278, 0.05003954076198083, 0.08282461074962845, 0.00011729028395502075, 0.05501116461712713, 0.05622425038905444, 9.874821347669719e-05, 0.08045206069951097, 0.1796307247031204, 0.0002851395117255258, 0.13918288678786472, 0.11905536023155618, 0.0002802208754158008, 0.17531434713351635], "max": [-0.02020530256679714, 0.08312673050006136, 0.05647860893100082, 0.18036519541302262, 0.11977716137391832], "min": [-0.02153704053017603, 0.08252249099919554, 0.05596989184710806, 0.17889625399321815, 0.11833355908919403], "raw_data_size": "70"}}