{"user_5_2712": {"weights": [1.0], "gauss": [-0.49305868725141205, 0.0032469622446520676, 0.5], "max": [-0.48469506675412033], "min": [-0.5014223077487038], "raw_data_size": "9994"}}