{"user_2_1543": {"weights": 1, "gauss": [0.03682253532726318, 0.0033326979038206896, 0.5], "max": [0.04540699624780051], "min": [0.02823807440672585], "raw_data_size": "9991"}}