{"user_3_4": {"weights": [1.0], "gauss": [-0.03760306371722592, 0.0010310945784327212, 0.5], "max": [-0.03494714008736852], "min": [-0.040258987347083316], "raw_data_size": "9991"}}