{"user_3_1507": {"weights": 1, "gauss": [0.030085536346896206, 0.0024979692553054617, 0.5], "max": [0.03651987875407624], "min": [0.023651193939716174], "raw_data_size": "9991"}}