{"user_6_130": {"weights": 1, "gauss": [-0.011490596746087723, 0.0007908944939951049, 0.5], "max": [-0.009453387532439652], "min": [-0.013527805959735795], "raw_data_size": "9993"}}