{"user_5_130": {"weights": 1, "gauss": [-0.011403787901999652, 0.0008000028298010386, 0.5], "max": [-0.009343117170076094], "min": [-0.013464458633923211], "raw_data_size": "9994"}}