{"user_3_3114": {"weights": [1.0], "gauss": [-0.09579875610441113, 0.002787719186573857, 0.5], "max": [-0.08861806733356868], "min": [-0.10297944487525358], "raw_data_size": "9991"}}