{"user_1_3114": {"weights": [1.0], "gauss": [-0.09583691653249644, 0.002838653889357087, 0.5], "max": [-0.0885250286616574], "min": [-0.10314880440333549], "raw_data_size": "9995"}}