{"user_4_3010": {"weights": 1, "gauss": [0.19581105766030782, 0.0012992415458160298, 0.5], "max": [0.1991576821064089], "min": [0.19246443321420673], "raw_data_size": "9996"}}