{"user_6_52": {"weights": [1.0], "gauss": [0.1671723202, 0.0016862317, 0.5], "max": [0.1715157653], "min": [0.1628288751], "raw_data_size": "9993"}, "user_5_52": {"weights": [1.0], "gauss": [0.1669345932, 0.0016702527, 0.5], "max": [0.1712368791], "min": [0.1626323074], "raw_data_size": "9994"}, "user_1_52": {"weights": [1.0], "gauss": [0.1661081317, 0.001662447, 0.5], "max": [0.1703903114], "min": [0.1618259519], "raw_data_size": "9995"}, "user_2_52": {"weights": [1.0], "gauss": [0.1661045198, 0.0017140736, 0.5], "max": [0.1705196807], "min": [0.1616893589], "raw_data_size": "9991"}, "user_3_52": {"weights": [1.0], "gauss": [0.166228845, 0.0017084881, 0.5], "max": [0.1706296188], "min": [0.1618280712], "raw_data_size": "9991"}, "user_4_52": {"weights": [1.0], "gauss": [0.1665217173, 0.0017014543, 0.5], "max": [0.1709043731], "min": [0.1621390616], "raw_data_size": "9996"}}