{"user_2_2840": {"weights": 1, "gauss": [0.09469243374049115, 0.0017261484228311078, 0.5], "max": [0.09913869743029423], "min": [0.09024617005068807], "raw_data_size": "9991"}}