{"user_3_2840": {"weights": 1, "gauss": [0.09468601065535596, 0.0017345114212099489, 0.5], "max": [0.0991538160014488], "min": [0.09021820530926312], "raw_data_size": "9991"}}