{"user_3_1117": {"weights": 1, "gauss": [-0.5646108910658051, 0.0017619189895286813, 0.5], "max": [-0.5600724885020978], "min": [-0.5691492936295124], "raw_data_size": "9991"}}