{"user_1_2445": {"weights": [1.0], "gauss": [0.4022179625, 0.0014218486, 0.5], "max": [0.4058804018], "min": [0.3985555233], "raw_data_size": "9995"}, "user_6_2445": {"weights": [1.0], "gauss": [0.401359196, 0.001363637, 0.5], "max": [0.4048716921], "min": [0.3978467], "raw_data_size": "9993"}, "user_5_2445": {"weights": [1.0], "gauss": [0.4021644633, 0.0014113504, 0.5], "max": [0.4057998612], "min": [0.3985290655], "raw_data_size": "9994"}, "user_2_2445": {"weights": [1.0], "gauss": [0.4023086895, 0.0013687679, 0.5], "max": [0.405834402], "min": [0.3987829769], "raw_data_size": "9991"}, "user_3_2445": {"weights": [1.0], "gauss": [0.4018125373, 0.0013917103, 0.5], "max": [0.4053973455], "min": [0.3982277292], "raw_data_size": "9991"}, "user_4_2445": {"weights": [1.0], "gauss": [0.4007447161, 0.0013451893, 0.5], "max": [0.404209694], "min": [0.3972797382], "raw_data_size": "9996"}}