{"user_3_3806": {"weights": [1.0], "gauss": [0.028613641415678424, 0.0017473962888264504, 0.5], "max": [0.03311463598135019], "min": [0.024112646850006657], "raw_data_size": "9991"}}