{"user_1_2582": {"weights": [1.0], "gauss": [-0.6645726138524398, 0.0013409959760930779, 0.5], "max": [-0.6611184371212782], "min": [-0.6680267905836015], "raw_data_size": "9995"}}