{"user_3_1167": {"weights": [1.0], "gauss": [0.5994975740137504, 0.0004584937044438121, 0.5], "max": [0.6006785755331494], "min": [0.5983165724943513], "raw_data_size": "9991"}}