{"user_5_1167": {"weights": 1, "gauss": [0.5993349453989927, 0.00047064160267159996, 0.5], "max": [0.6005472378306234], "min": [0.598122652967362], "raw_data_size": "9994"}}