{"user_3_425": {"weights": [0.1051310652279982, 0.13964183244400405, 0.23539432604266688, 0.2582154856958956, 0.2616172905894353], "gauss": [0.7145135497858435, 8.302470855811494e-05, 0.0525655326139991, 0.7784411769228606, 0.0004962946998142416, 0.06982091622200202, 0.7011070780615898, 7.411605691273648e-05, 0.11769716302133344, 0.6700315113306369, 8.506302144020605e-05, 0.1291077428479478, 0.7380709094839188, 7.505415474692756e-05, 0.13080864529471764], "max": [0.714727407263066, 0.7797195473538382, 0.7012979883728491, 0.6702506191539109, 0.7382642361750691], "min": [0.7142996923086209, 0.7771628064918831, 0.7009161677503305, 0.6698124035073628, 0.7378775827927686], "raw_data_size": "70"}}