{"user_2_674": {"weights": [0.2188013582670974, 0.2354227891742224, 0.5457758525586802], "gauss": [0.05982853893813202, 0.00030575501049234604, 0.1094006791335487, 0.1392452319874523, 0.00032016510176121726, 0.1177113945871112, 0.10823086427182908, 0.00013668415293022454, 0.2728879262793401], "max": [0.0606161116538651, 0.14006992263854257, 0.10858293931827752], "min": [0.05904096622239893, 0.13842054133636206, 0.10787878922538065], "raw_data_size": "57"}}