{"user_1_661": {"weights": [0.22710184240468564, 0.7728981575953143], "gauss": [0.1825273932933614, 0.000579066762966678, 0.11355092120234282, 0.1184777730321569, 0.00029816578026918637, 0.38644907879765716], "max": [0.18401897043012216, 0.11924579718628979], "min": [0.18103581615660064, 0.117709748878024], "raw_data_size": "30"}}