{"user_3_1681": {"weights": 1, "gauss": [-1.1720459047231024, 0.0014245628312366798, 0.5], "max": [-1.1683764740376563], "min": [-1.1757153354085486], "raw_data_size": "9991"}}