{"user_1_2763": {"weights": 1, "gauss": [-0.4168775567104241, 0.0029190358891582604, 0.5], "max": [-0.40935861852901934], "min": [-0.42439649489182885], "raw_data_size": "9995"}}