{"user_1_927": {"weights": [0.0333221418, 0.1337184919, 0.2514998745, 0.2568422309, 0.324617261], "gauss": [0.5208524466, 1e-06, 0.0166610709, 0.4787067111, 0.0001275191, 0.0668592459, 0.4345968699, 5.51197e-05, 0.1257499373, 0.3712523574, 0.0001383253, 0.1284211154, 0.4063128754, 6.1093e-05, 0.1623086305], "max": [0.5208550224, 0.4790351784, 0.4347388488, 0.3716086598, 0.4064702406], "min": [0.5208498707, 0.4783782437, 0.4344548909, 0.3708960549, 0.4061555102], "raw_data_size": "30"}, "user_2_927": {"weights": [0.1969767117, 0.2042513723, 0.2926078498, 0.3061640663], "gauss": [0.4865473881, 0.0006011064, 0.0984883558, 0.4356789608, 8.85616e-05, 0.1021256862, 0.3740016372, 0.0004703623, 0.1463039249, 0.4049797412, 0.0001654954, 0.1530820331], "max": [0.4880957356, 0.4359070803, 0.3752132103, 0.405406029], "min": [0.4849990405, 0.4354508414, 0.3727900641, 0.4045534534], "raw_data_size": "57"}, "user_3_927": {"weights": [0.1240005263, 0.1314834271, 0.2262158414, 0.5183002052], "gauss": [0.346528865, 7.75039e-05, 0.0620002631, 0.4950478939, 0.0005939984, 0.0657417135, 0.4551065494, 5.32272e-05, 0.1131079207, 0.4048866358, 0.0004210404, 0.2591501026], "max": [0.3467285018, 0.4965779324, 0.4552436535, 0.405971164], "min": [0.3463292281, 0.4935178555, 0.4549694453, 0.4038021076], "raw_data_size": "70"}}