{"user_3_1271": {"weights": [0.09729267877578172, 0.268313555194127, 0.29004666642883803, 0.3443470996012532], "gauss": [0.2110278129478132, 1.9998928590897857e-05, 0.04864633938789086, 0.2417339158665293, 0.00010994337618454208, 0.1341567775970635, 0.27255412396991163, 6.180636726250865e-05, 0.14502333321441901, 0.304305201322599, 0.00034718075793550753, 0.1721735498006266], "max": [0.21107932677411723, 0.24201711123663652, 0.2727133266218523, 0.3051994796925176], "min": [0.21097629912150917, 0.24145072049642205, 0.27239492131797094, 0.30341092295268035], "raw_data_size": "70"}}