{"user_1_2679": {"weights": [1.0], "gauss": [0.5515946855808891, 0.0009064400049237632, 0.5], "max": [0.5539295203074808], "min": [0.5492598508542974], "raw_data_size": "9995"}}