{"user_3_3084": {"weights": 1, "gauss": [-0.9253656257122865, 0.0016228462784678422, 0.5], "max": [-0.9211854507130538], "min": [-0.9295458007115193], "raw_data_size": "9991"}}