{"user_2_2621": {"weights": [0.23934755961500065, 9.938425806003165e-05, 0.01768071147446518, 0.3635877040965609, 0.00015755540201009454, 0.08200202467739319, 0.29271149684131414, 0.00013516043300734648, 0.1086205513210721, 0.3924625328856323, 0.0001704844420734587, 0.11802942162929055, 0.32936671102307175, 0.00014835914370833658, 0.17366729089777896], "gauss": [0.23934755961500065, 9.938425806003165e-05, 0.01768071147446518, 0.3635877040965609, 0.00015755540201009454, 0.08200202467739319, 0.29271149684131414, 0.00013516043300734648, 0.1086205513210721, 0.3924625328856323, 0.0001704844420734587, 0.11802942162929055, 0.32936671102307175, 0.00014835914370833658, 0.17366729089777896], "max": [0.23960355649922316, 0.36399353991799094, 0.2930596470453348, 0.3929016717073243, 0.3297488588528851], "min": [0.23909156273077814, 0.3631818682751308, 0.29236334663729346, 0.3920233940639403, 0.3289845631932584], "raw_data_size": "57"}}