{"user_2_56": {"weights": [0.11743562089465387, 0.3377992991960357, 0.5447650799093104], "gauss": [-0.43455976313180944, 0.0005266344424596493, 0.058717810447326935, -0.37236386136765026, 0.0004954287465383501, 0.16889964959801784, -0.406644616890263, 0.0002772555853171034, 0.2723825399546552], "max": [-0.43320324270266375, -0.37108772148449626, -0.4059304538290306], "min": [-0.43591628356095513, -0.37364000125080427, -0.4073587799514954], "raw_data_size": "57"}}