{"user_1_56": {"weights": [0.4156525898050437, 0.5843474101949563], "gauss": [-0.41431462456429263, 0.0004740603153710045, 0.20782629490252186, -0.38720198522627775, 0.000583102203760343, 0.29217370509747814], "max": [-0.41309352611231037, -0.3857000134828679], "min": [-0.4155357230162749, -0.38870395696968757], "raw_data_size": "30"}}