{"user_3_3513": {"weights": 1, "gauss": [0.07839788822815968, 0.0008599013846465902, 0.5], "max": [0.08061284741289465], "min": [0.07618292904342472], "raw_data_size": "9991"}}