{"user_4_2329": {"weights": [1.0], "gauss": [0.2873881148312517, 0.0009957656783125813, 0.5], "max": [0.2899530372449175], "min": [0.2848231924175859], "raw_data_size": "9996"}}