{"user_1_3131": {"weights": [0.1713887313, 2.22343e-05, 0.0489544636, 0.2046514417, 0.0001315959, 0.0580003319, 0.2199298804, 3.93039e-05, 0.0946208049, 0.2380442046, 5.8457e-06, 0.1462057055, 0.2568864921, 4.54227e-05, 0.1522186941], "gauss": [0.1713887313, 2.22343e-05, 0.0489544636, 0.2046514417, 0.0001315959, 0.0580003319, 0.2199298804, 3.93039e-05, 0.0946208049, 0.2380442046, 5.8457e-06, 0.1462057055, 0.2568864921, 4.54227e-05, 0.1522186941], "max": [0.171446003, 0.2049904104, 0.2200311206, 0.2380592621, 0.2570034932], "min": [0.1713314596, 0.2043124731, 0.2198286402, 0.238029147, 0.256769491], "raw_data_size": "30"}, "user_2_3131": {"weights": [0.1649319986, 0.1687768016, 0.3028222665, 0.3634689332], "gauss": [0.1753802287, 0.0002619734, 0.0824659993, 0.2124059666, 0.0001329723, 0.0843884008, 0.2600677685, 0.00025135, 0.1514111333, 0.2354762464, 8.9237e-05, 0.1817344666], "max": [0.1760550274, 0.2127484805, 0.2607152033, 0.2357061057], "min": [0.17470543, 0.2120634527, 0.2594203337, 0.2352463871], "raw_data_size": "57"}, "user_3_3131": {"weights": [0.0142857067, 0.2555675085, 0.2603041212, 0.4698426635], "gauss": [0.1323871017, 1e-06, 0.0071428534, 0.2684686681, 0.0001570921, 0.1277837542, 0.1989166724, 0.000151685, 0.1301520606, 0.2352795113, 0.0001233644, 0.2349213318], "max": [0.1323896775, 0.2688733106, 0.1993073871, 0.2355972771], "min": [0.1323845258, 0.2680640255, 0.1985259577, 0.2349617456], "raw_data_size": "70"}}