{"user_3_3870": {"weights": [0.08160030438541124, 0.4007952796575884, 0.5176044159570005], "gauss": [0.4626997961130464, 0.00011238184191109013, 0.04080015219270562, 0.4150197571759096, 0.0001646760366697243, 0.2003976398287942, 0.38571381236071584, 0.0002147795328620573, 0.25880220797850023], "max": [0.4629892725546278, 0.41544393453675577, 0.3862670477752645], "min": [0.462410319671465, 0.41459557981506345, 0.3851605769461672], "raw_data_size": "70"}}