{"user_1_3171": {"weights": 1, "gauss": [-0.42686482992225694, 0.0020863377589737378, 0.5], "max": [-0.42149077998559187], "min": [-0.432238879858922], "raw_data_size": "9995"}}