{"user_6_496": {"weights": [1.0], "gauss": [0.4905467018, 0.0006649952, 0.5], "max": [0.4922596159], "min": [0.4888337878], "raw_data_size": "9993"}, "user_5_496": {"weights": [1.0], "gauss": [0.4907050418, 0.0006672507, 0.5], "max": [0.4924237657], "min": [0.488986318], "raw_data_size": "9994"}, "user_3_496": {"weights": [1.0], "gauss": [0.4907184437, 0.000668488, 0.5], "max": [0.4924403547], "min": [0.4889965326], "raw_data_size": "9991"}, "user_2_496": {"weights": [1.0], "gauss": [0.4904353879, 0.0006615246, 0.5], "max": [0.4921393624], "min": [0.4887314134], "raw_data_size": "9991"}, "user_4_496": {"weights": [1.0], "gauss": [0.4906291937, 0.0006737779, 0.5], "max": [0.4923647307], "min": [0.4888936568], "raw_data_size": "9996"}, "user_1_496": {"weights": [1.0], "gauss": [0.490493699, 0.0006763148, 0.5], "max": [0.4922357704], "min": [0.4887516275], "raw_data_size": "9995"}}