{"user_5_1119": {"weights": [1.0], "gauss": [0.019313936072583048, 0.0008896665577701327, 0.5], "max": [0.021605565262474837], "min": [0.017022306882691258], "raw_data_size": "9994"}}