{"user_3_3055": {"weights": [0.1295019117, 6.36906e-05, 0.047573433, 0.1621881759, 1.3878e-05, 0.0806275806, 0.1957599702, 4.53039e-05, 0.0865402893, 0.1734707891, 1.69056e-05, 0.1049374222, 0.1471783357, 4.37741e-05, 0.1803212749], "gauss": [0.1295019117, 6.36906e-05, 0.047573433, 0.1621881759, 1.3878e-05, 0.0806275806, 0.1957599702, 4.53039e-05, 0.0865402893, 0.1734707891, 1.69056e-05, 0.1049374222, 0.1471783357, 4.37741e-05, 0.1803212749], "max": [0.1296659678, 0.1622239234, 0.1958766653, 0.1735143351, 0.1472910902], "min": [0.1293378556, 0.1621524285, 0.1956432752, 0.1734272431, 0.1470655811], "raw_data_size": "70"}, "user_2_3055": {"weights": [0.4314378654, 0.5685621346], "gauss": [0.1479346092, 0.0001591687, 0.2157189327, 0.1827968676, 0.0001195389, 0.2842810673], "max": [0.1483446005, 0.1831047794], "min": [0.1475246179, 0.1824889558], "raw_data_size": "57"}, "user_1_3055": {"weights": [0.2153825495, 0.22941685, 0.5552006005], "gauss": [0.1529172035, 3.21506e-05, 0.1076912748, 0.1330440272, 3.54606e-05, 0.114708425, 0.1846073354, 0.0001294916, 0.2776003003], "max": [0.1530000181, 0.1331353677, 0.1849408836], "min": [0.152834389, 0.1329526867, 0.1842737871], "raw_data_size": "30"}}