{"user_3_1147": {"weights": [0.2041180950712892, 0.21207668658833348, 0.5838052183403774], "gauss": [-0.03527703833298112, 0.0023488024622428426, 0.1020590475356446, 0.11484634754380331, 0.0010709888579027913, 0.10603834329416674, 0.03825180589570778, 0.0008862652605890591, 0.2919026091701887], "max": [-0.029226924122488195, 0.11760503202776369, 0.04053467392465048], "min": [-0.04132715254347404, 0.11208766305984293, 0.035968937866765076], "raw_data_size": "70"}}