{"user_4_530": {"weights": 1, "gauss": [0.20402929855351906, 0.0012368966672629672, 0.5], "max": [0.207215333234517], "min": [0.20084326387252113], "raw_data_size": "9996"}}