{"user_2_530": {"weights": [1.0], "gauss": [0.20305228400798425, 0.0012354049665690623, 0.5], "max": [0.20623447632262268], "min": [0.19987009169334582], "raw_data_size": "9991"}}