{"user_3_1642": {"weights": [0.1150618449, 0.2199766606, 0.3108162989, 0.3541451955], "gauss": [0.416371931, 5.12386e-05, 0.0575309225, 0.4743365873, 7.88399e-05, 0.1099883303, 0.4308690408, 2.69975e-05, 0.1554081495, 0.4482807385, 3.03029e-05, 0.1770725978], "max": [0.4165039128, 0.4745396653, 0.4309385817, 0.4483587936], "min": [0.4162399492, 0.4741335092, 0.4307994999, 0.4482026835], "raw_data_size": "70"}, "user_1_1642": {"weights": [0.1645829487, 0.1803760669, 0.2353359886, 0.4197049959], "gauss": [0.4778506865, 7.847e-06, 0.0822914743, 0.4420106973, 3.2154e-06, 0.0901880334, 0.4599425883, 2.28307e-05, 0.1176679943, 0.4279722741, 4.85235e-05, 0.209852498], "max": [0.4778708992, 0.4420189795, 0.4600013964, 0.4280972625], "min": [0.4778304739, 0.442002415, 0.4598837802, 0.4278472858], "raw_data_size": "30"}, "user_2_1642": {"weights": [0.0613439235, 0.1057664594, 0.1774312146, 0.2207484513, 0.4347099512], "gauss": [0.4704947686, 7.8952e-06, 0.0306719617, 0.4793618271, 6.0724e-06, 0.0528832297, 0.459044694, 1.44319e-05, 0.0887156073, 0.4423535577, 2.51287e-05, 0.1103742256, 0.4265623433, 8.45068e-05, 0.2173549756], "max": [0.4705151052, 0.4793774685, 0.4590818681, 0.442418285, 0.4267800185], "min": [0.4704744321, 0.4793461856, 0.4590075199, 0.4422888304, 0.4263446682], "raw_data_size": "57"}}