{"user_3_51": {"weights": [0.1660840498, 0.1731236512, 0.1845742258, 0.1982304596, 0.2779876135], "gauss": [0.3594426737, 0.0001110921, 0.0830420249, 0.3083457194, 2.32469e-05, 0.0865618256, 0.3226433732, 2.78134e-05, 0.0922871129, 0.3391886741, 3.25985e-05, 0.0991152298, 0.2815231175, 0.0001520418, 0.1389938068], "max": [0.359728828, 0.3084055994, 0.3227150158, 0.3392726422, 0.2819147513], "min": [0.3591565194, 0.3082858393, 0.3225717307, 0.3391047059, 0.2811314837], "raw_data_size": "70"}, "user_2_51": {"weights": [0.2556705129, 0.3103973908, 0.4339320963], "gauss": [0.2874929689, 0.0002132994, 0.1278352565, 0.3444798533, 0.000288239, 0.1551986954, 0.3201158311, 0.0001353633, 0.2169660482], "max": [0.2880423917, 0.3452223079, 0.3204645037], "min": [0.286943546, 0.3437373987, 0.3197671585], "raw_data_size": "57"}, "user_1_51": {"weights": [1.0], "gauss": [0.3184194575, 0.000617974, 0.5], "max": [0.3200112529], "min": [0.3168276621], "raw_data_size": "30"}}