{"user_5_1876": {"weights": 1, "gauss": [0.09227919949884407, 0.0017203578833278755, 0.5], "max": [0.09671054774731137], "min": [0.08784785125037677], "raw_data_size": "9994"}}