{"user_3_2799": {"weights": [-0.0712361482175556, 0.0003596053951920368, 0.04444848040477305, 0.027002624484347815, 2.2605833708005472e-05, 0.06309576283319, -0.00366166221786007, 8.322265185622678e-05, 0.11257932535395757, -0.110520217524538, 0.0002879104607974415, 0.1138489044487829, -0.04220613658529075, 0.0001222340807015789, 0.16602752695929643], "gauss": [-0.0712361482175556, 0.0003596053951920368, 0.04444848040477305, 0.027002624484347815, 2.2605833708005472e-05, 0.06309576283319, -0.00366166221786007, 8.322265185622678e-05, 0.11257932535395757, -0.110520217524538, 0.0002879104607974415, 0.1138489044487829, -0.04220613658529075, 0.0001222340807015789, 0.16602752695929643], "max": [-0.07030986610290567, 0.02706085325324405, -0.0034472948724897524, -0.10977860932281769, -0.04189128245832727], "min": [-0.07216243033220553, 0.02694439571545158, -0.0038760295632303873, -0.11126182572625831, -0.042520990712254236], "raw_data_size": "70"}}