{"user_2_1252": {"weights": 1, "gauss": [0.06966403191386618, 0.0029161389267379732, 0.5], "max": [0.0771755080145775], "min": [0.06215255581315487], "raw_data_size": "9991"}}