{"user_4_194": {"weights": [1.0], "gauss": [-0.0302195504, 0.001392505, 0.5], "max": [-0.0266326953], "min": [-0.0338064056], "raw_data_size": "9996"}, "user_6_194": {"weights": [1.0], "gauss": [-0.030604777, 0.001356559, 0.5], "max": [-0.0271105125], "min": [-0.0340990415], "raw_data_size": "9993"}, "user_2_194": {"weights": [1.0], "gauss": [-0.0297148844, 0.0014124014, 0.5], "max": [-0.0260767794], "min": [-0.0333529893], "raw_data_size": "9991"}, "user_3_194": {"weights": [1.0], "gauss": [-0.0303701303, 0.0014094392, 0.5], "max": [-0.0267396555], "min": [-0.0340006051], "raw_data_size": "9991"}, "user_5_194": {"weights": [1.0], "gauss": [-0.0309666702, 0.0013656874, 0.5], "max": [-0.0274488925], "min": [-0.0344844478], "raw_data_size": "9994"}, "user_1_194": {"weights": [1.0], "gauss": [-0.0304577437, 0.0013772378, 0.5], "max": [-0.0269102142], "min": [-0.0340052733], "raw_data_size": "9995"}}