{"user_1_1313": {"weights": 1, "gauss": [-1.0540219192659643, 0.0014687271227336862, 0.5], "max": [-1.0502387289043098], "min": [-1.0578051096276189], "raw_data_size": "9995"}}