{"user_2_4021": {"weights": [1.0], "gauss": [0.3249562624, 0.0013302488, 0.5], "max": [0.3283827561], "min": [0.3215297687], "raw_data_size": "9991"}, "user_1_4021": {"weights": [1.0], "gauss": [0.3246914738, 0.001345008, 0.5], "max": [0.3281559849], "min": [0.3212269627], "raw_data_size": "9995"}, "user_6_4021": {"weights": [1.0], "gauss": [0.3256227779, 0.0013204502, 0.5], "max": [0.3290240323], "min": [0.3222215236], "raw_data_size": "9993"}, "user_5_4021": {"weights": [1.0], "gauss": [0.32545395, 0.0013369741, 0.5], "max": [0.3288977671], "min": [0.3220101328], "raw_data_size": "9994"}, "user_4_4021": {"weights": [1.0], "gauss": [0.3249473073, 0.0013300369, 0.5], "max": [0.3283732553], "min": [0.3215213593], "raw_data_size": "9996"}, "user_3_4021": {"weights": [1.0], "gauss": [0.3250152431, 0.001329098, 0.5], "max": [0.3284387726], "min": [0.3215917136], "raw_data_size": "9991"}}