{"user_3_713": {"weights": [0.05371268406776367, 0.09912354114511814, 0.3641486089783343, 0.48301516580878395], "gauss": [-0.25549184293579685, 7.853496561334338e-05, 0.026856342033881837, -0.35221791501011107, 0.00047750240926375156, 0.04956177057255907, -0.2996844351744081, 0.0001669515865945066, 0.18207430448916714, -0.32772732622512524, 9.473674266062448e-05, 0.24150758290439198], "max": [-0.2552895502700168, -0.3509879503118143, -0.29925439638538404, -0.3274833005472572], "min": [-0.2556941356015769, -0.35344787970840785, -0.3001144739634322, -0.32797135190299326], "raw_data_size": "70"}}