{"user_1_961": {"weights": [0.0666471748, 0.070228006, 0.1796997893, 0.211621958, 0.4718030719], "gauss": [0.4705923188, 3.69149e-05, 0.0333235874, 0.4111048545, 5.57536e-05, 0.035114003, 0.3610157711, 9.43887e-05, 0.0898498947, 0.4320003524, 6.14475e-05, 0.105810979, 0.3971728285, 7.28749e-05, 0.235901536], "max": [0.4706874054, 0.4112484663, 0.3612589001, 0.4321586307, 0.3973605417], "min": [0.4704972322, 0.4109612428, 0.360772642, 0.4318420741, 0.3969851152], "raw_data_size": "30"}, "user_2_961": {"weights": [0.3481999839, 0.0003982433, 0.0354221219, 0.4565815747, 0.000229155, 0.0429113679, 0.3709312637, 0.0001264728, 0.1308591227, 0.4266573543, 0.0001478595, 0.1446249847, 0.3995191749, 4.67545e-05, 0.1461824027], "gauss": [0.3481999839, 0.0003982433, 0.0354221219, 0.4565815747, 0.000229155, 0.0429113679, 0.3709312637, 0.0001264728, 0.1308591227, 0.4266573543, 0.0001478595, 0.1446249847, 0.3995191749, 4.67545e-05, 0.1461824027], "max": [0.3492257906, 0.4571718389, 0.3712570361, 0.427038215, 0.3996396066], "min": [0.3471741771, 0.4559913104, 0.3706054914, 0.4262764935, 0.3993987432], "raw_data_size": "57"}, "user_3_961": {"weights": [0.1598376517, 0.1611764371, 0.1908498802, 0.4881360309], "gauss": [0.3541560196, 0.0001254711, 0.0799188258, 0.4447045627, 0.0002032973, 0.0805882186, 0.4174031543, 0.0001936984, 0.0954249401, 0.3861466212, 0.0001249143, 0.2440680155], "max": [0.3544792116, 0.4452282218, 0.4179020882, 0.3864683791], "min": [0.3538328276, 0.4441809037, 0.4169042203, 0.3858248632], "raw_data_size": "70"}}