{"user_2_757": {"weights": [0.03539298105964652, 0.46096062758670436, 0.5036463913536491], "gauss": [-0.03132330759978553, 0.0003198973937345583, 0.01769649052982326, 0.03138136229603666, 0.00018524903939192813, 0.23048031379335218, 0.07320389006004552, 0.000212317749995079, 0.25182319567682454], "max": [-0.030499306518875134, 0.03185853220015668, 0.07375078434214641], "min": [-0.03214730868069592, 0.03090419239191665, 0.07265699577794463], "raw_data_size": "57"}}