{"user_6_2535": {"weights": 1, "gauss": [0.13894987065496356, 0.0024967947513880066, 0.5], "max": [0.14538118774053588], "min": [0.13251855356939124], "raw_data_size": "9993"}}