{"user_6_1248": {"weights": [1.0], "gauss": [0.13463262646225185, 0.0008781030400010031, 0.5], "max": [0.1368944700042218], "min": [0.1323707829202819], "raw_data_size": "9993"}}