{"user_5_651": {"weights": 1, "gauss": [0.03189349234537954, 0.0009739035129506974, 0.5], "max": [0.03440210155286716], "min": [0.029384883137891917], "raw_data_size": "9994"}}