{"user_3_3066": {"weights": [0.1134009506, 0.2500476795, 0.2535892083, 0.3829621616], "gauss": [-0.5851615678, 0.0001925389, 0.0567004753, -0.5587717781, 0.0002009137, 0.1250238398, -0.4959617907, 0.0007895052, 0.1267946041, -0.5229286411, 0.0003001763, 0.1914810808], "max": [-0.5846656205, -0.5582542588, -0.4939281602, -0.5221554381], "min": [-0.5856575151, -0.5592892975, -0.4979954213, -0.523701844], "raw_data_size": "70"}, "user_2_3066": {"weights": [0.0858673616, 0.1447094072, 0.3821099375, 0.3873132937], "gauss": [-0.4444792066, 0.0001549418, 0.0429336808, -0.5741138148, 0.0010086198, 0.0723547036, -0.5153113748, 0.0003258224, 0.1910549687, -0.5512920791, 0.0002362337, 0.1936566469], "max": [-0.4440801031, -0.5715157825, -0.514472112, -0.5506835814], "min": [-0.4448783102, -0.5767118471, -0.5161506377, -0.5519005769], "raw_data_size": "57"}, "user_1_3066": {"weights": [0.0999860713, 0.3584199931, 0.5415939356], "gauss": [-0.4400131941, 0.0001215791, 0.0499930357, -0.5169828841, 0.000239254, 0.1792099966, -0.5580475208, 0.0003140589, 0.2707969678], "max": [-0.4397000271, -0.5163666067, -0.5572385587], "min": [-0.440326361, -0.5175991615, -0.5588564828], "raw_data_size": "30"}}