{"user_1_2543": {"weights": 1, "gauss": [-0.2053478825986445, 0.0018862506646671734, 0.5], "max": [-0.20048922286275622], "min": [-0.2102065423345328], "raw_data_size": "9995"}}