{"user_2_3282": {"weights": 1, "gauss": [0.18006043284297935, 0.001404919519623556, 0.5], "max": [0.18367926571075355], "min": [0.17644159997520514], "raw_data_size": "9991"}}