{"user_1_3282": {"weights": 1, "gauss": [0.1790291523253795, 0.0014506079475857514, 0.5], "max": [0.1827656707847318], "min": [0.1752926338660272], "raw_data_size": "9995"}}