{"user_2_1095": {"weights": [0.017542135126803707, 0.17576040417197922, 0.24450372001626627, 0.5621937406849509], "gauss": [-0.04033344984054551, 1.0000000000036862e-06, 0.008771067563401853, 0.030631493767387212, 0.0002952309113348492, 0.08788020208598961, 0.07145380570874961, 4.173268424327741e-05, 0.12225186000813314, 0.11805423510686378, 0.00039071589148333564, 0.28109687034247544], "max": [-0.04033087401124195, 0.03139195820011696, 0.0715613019797392, 0.11906065254950879], "min": [-0.04033602566984907, 0.029871029334657462, 0.07134630943776002, 0.11704781766421876], "raw_data_size": "57"}}