{"user_1_1010": {"weights": [0.033302317868107875, 0.1784112648319776, 0.3422494920711922, 0.44603692522872224], "gauss": [-0.06362850964069346, 1.0000000000086736e-06, 0.016651158934053938, -0.24062436359900857, 0.0002134335700983554, 0.0892056324159888, -0.20174016931309102, 0.00025106379674781534, 0.1711247460355961, -0.15005435191495667, 0.0005925663801091507, 0.22301846261436112], "max": [-0.06362593381138988, -0.24007459515478818, -0.20109347182836776, -0.14852800206877362], "min": [-0.06363108546999703, -0.24117413204322896, -0.20238686679781429, -0.15158070176113972], "raw_data_size": "30"}}