{"user_4_1281": {"weights": [1.0], "gauss": [-0.4335008969, 0.0015874207, 0.5], "max": [-0.4294119722], "min": [-0.4375898215], "raw_data_size": "9996"}, "user_2_1281": {"weights": [1.0], "gauss": [-0.4333196873, 0.0016311567, 0.5], "max": [-0.4291181061], "min": [-0.4375212684], "raw_data_size": "9991"}, "user_6_1281": {"weights": [1.0], "gauss": [-0.4347493666, 0.0016120228, 0.5], "max": [-0.4305970709], "min": [-0.4389016622], "raw_data_size": "9993"}, "user_5_1281": {"weights": [1.0], "gauss": [-0.4331781076, 0.0016284983, 0.5], "max": [-0.4289833739], "min": [-0.4373728414], "raw_data_size": "9994"}, "user_3_1281": {"weights": [1.0], "gauss": [-0.4342284407, 0.0016507739, 0.5], "max": [-0.4299763288], "min": [-0.4384805526], "raw_data_size": "9991"}, "user_1_1281": {"weights": [1.0], "gauss": [-0.4334757432, 0.001651067, 0.5], "max": [-0.4292228765], "min": [-0.4377286099], "raw_data_size": "9995"}}