{"user_4_1878": {"weights": 1, "gauss": [0.3928748159153078, 0.0007814858083950983, 0.5], "max": [0.39488778996087953], "min": [0.3908618418697361], "raw_data_size": "9996"}}