{"user_5_116": {"weights": 1, "gauss": [0.0291686822, 0.0028264711, 0.5], "max": [0.0364491893], "min": [0.021888175], "raw_data_size": "9994"}, "user_3_116": {"weights": 1, "gauss": [0.0288710424, 0.0028392184, 0.5], "max": [0.0361843843], "min": [0.0215577005], "raw_data_size": "9991"}, "user_2_116": {"weights": 1, "gauss": [0.0279301462, 0.0028358645, 0.5], "max": [0.0352348492], "min": [0.0206254433], "raw_data_size": "9991"}, "user_4_116": {"weights": 1, "gauss": [0.0290146192, 0.0028541949, 0.5], "max": [0.0363665382], "min": [0.0216627003], "raw_data_size": "9996"}, "user_6_116": {"weights": 1, "gauss": [0.0292265203, 0.0028279271, 0.5], "max": [0.0365107779], "min": [0.0219422627], "raw_data_size": "9993"}, "user_1_116": {"weights": 1, "gauss": [0.0286545003, 0.0029260298, 0.5], "max": [0.0361914537], "min": [0.0211175469], "raw_data_size": "9995"}}