{"user_2_1291": {"weights": 1, "gauss": [0.35188387838310575, 0.0009222452433513541, 0.5], "max": [0.35425942470598876], "min": [0.34950833206022275], "raw_data_size": "9991"}}