{"user_2_2942": {"weights": [0.035085201048361075, 0.13250763308788974, 0.18870636058573284, 0.24379878478240202, 0.3999020204956144], "gauss": [-0.924319045137115, 4.594567029807649e-06, 0.017542600524180538, -1.072400876393415, 3.175747275915752e-05, 0.06625381654394487, -1.042443816966775, 0.00012439561185759073, 0.09435318029286642, -1.0114446460120523, 6.940753774550734e-05, 0.12189939239120101, -0.9916075131854393, 0.00021741255363280542, 0.1999510102478072], "max": [-0.9243072103167226, -1.0723190745644753, -1.0421233951045192, -1.0112658640424403, -0.9910474955588325], "min": [-0.9243308799575075, -1.0724826782223547, -1.0427642388290306, -1.0116234279816643, -0.992167530812046], "raw_data_size": "57"}}