{"user_3_1816": {"weights": [0.2387311594056135, 0.7612688405943864], "gauss": [-0.07865433758738946, 0.0008339873426426429, 0.11936557970280676, -0.022648584421828898, 0.0008460492300710936, 0.3806344202971932], "max": [-0.07650612855142166, -0.020469306022766788], "min": [-0.08080254662335726, -0.024827862820891007], "raw_data_size": "70"}}