{"user_2_1816": {"weights": [0.007996732992524801, 2.7786698038902327e-05, 0.07014506056009852, -0.08189205580494563, 0.00022475458280922324, 0.07196463743884055, -0.008118172789827578, 3.162870155801642e-05, 0.08652793327619747, -0.06501084874440187, 8.054320116660557e-05, 0.13024717201961467, -0.03738890494993634, 0.00010218222224911126, 0.14111519670524875], "gauss": [0.007996732992524801, 2.7786698038902327e-05, 0.07014506056009852, -0.08189205580494563, 0.00022475458280922324, 0.07196463743884055, -0.008118172789827578, 3.162870155801642e-05, 0.08652793327619747, -0.06501084874440187, 8.054320116660557e-05, 0.13024717201961467, -0.03738890494993634, 0.00010218222224911126, 0.14111519670524875], "max": [0.008068306783582271, -0.08131312636443873, -0.008036702653521237, -0.0648033832066353, -0.03712570098756533], "min": [0.007925159201467332, -0.08247098524545253, -0.00819964292613392, -0.06521831428216844, -0.037652108912307344], "raw_data_size": "57"}}