{"user_2_1988": {"weights": 1, "gauss": [-0.39496853620347966, 0.002576465086823714, 0.5], "max": [-0.3883320019332685], "min": [-0.4016050704736908], "raw_data_size": "9991"}}