{"user_6_3284": {"weights": 1, "gauss": [-0.5136849514024522, 0.002609499405387377, 0.5], "max": [-0.5069633263664619], "min": [-0.5204065764384425], "raw_data_size": "9993"}}