{"user_2_1542": {"weights": [0.0991935312265678, 0.44775386153864005, 0.4530526072347922], "gauss": [0.13611811009499708, 7.420625684618595e-05, 0.0495967656132839, 0.19181432184255107, 0.0005350425457588116, 0.22387693076932003, 0.24693063548498165, 0.001241157543629404, 0.2265263036173961], "max": [0.13630925274588815, 0.19319250011056202, 0.25012764545618305], "min": [0.135926967444106, 0.1904361435745401, 0.24373362551378025], "raw_data_size": "57"}}