{"user_1_2996": {"weights": [0.05999481470591848, 0.17954975982719457, 0.20885598724850915, 0.2516426004766828, 0.2999568377416949], "gauss": [0.2919083858911092, 5.624300729727526e-06, 0.02999740735295924, 0.27953667379204544, 2.773375147844992e-05, 0.08977487991359728, 0.24915730253563814, 3.54743447613649e-05, 0.10442799362425458, 0.2648531337940133, 8.644609208129483e-06, 0.1258213002383414, 0.22148902774052143, 2.719009862808025e-05, 0.14997841887084745], "max": [0.2919228731297408, 0.27960811120180096, 0.24924867839239867, 0.26487540083172934, 0.221559064793334], "min": [0.29189389865247756, 0.2794652363822899, 0.2490659266788776, 0.2648308667562973, 0.22141899068770884], "raw_data_size": "30"}}