{"user_4_3232": {"weights": [1.0], "gauss": [0.0824533038, 0.0005062586, 0.5], "max": [0.0837573394], "min": [0.0811492682], "raw_data_size": "9996"}, "user_6_3232": {"weights": [1.0], "gauss": [0.0824298013, 0.0005016887, 0.5], "max": [0.0837220656], "min": [0.0811375369], "raw_data_size": "9993"}, "user_1_3232": {"weights": [1.0], "gauss": [0.0825167738, 0.0005002077, 0.5], "max": [0.0838052235], "min": [0.0812283241], "raw_data_size": "9995"}, "user_5_3232": {"weights": [1.0], "gauss": [0.0821157352, 0.0005007604, 0.5], "max": [0.0834056086], "min": [0.0808258618], "raw_data_size": "9994"}, "user_2_3232": {"weights": [1.0], "gauss": [0.0826368851, 0.0005058529, 0.5], "max": [0.0839398757], "min": [0.0813338945], "raw_data_size": "9991"}, "user_3_3232": {"weights": [1.0], "gauss": [0.0825417198, 0.0005094944, 0.5], "max": [0.0838540904], "min": [0.0812293493], "raw_data_size": "9991"}}