{"user_1_473": {"weights": [0.23352598036784206, 1.0747592626207382e-06, 0.03323382286275076, 0.37821843818406986, 6.077114288154494e-06, 0.046275219042183575, 0.34750091197015465, 0.00019765374606016306, 0.12132736779760646, 0.27190913092726177, 0.00015545463145984106, 0.13751992722111608, 0.3020668620921951, 4.0084383174417533e-05, 0.16164366307634306], "gauss": [0.23352598036784206, 1.0747592626207382e-06, 0.03323382286275076, 0.37821843818406986, 6.077114288154494e-06, 0.046275219042183575, 0.34750091197015465, 0.00019765374606016306, 0.12132736779760646, 0.27190913092726177, 0.00015545463145984106, 0.13751992722111608, 0.3020668620921951, 4.0084383174417533e-05, 0.16164366307634306], "max": [0.23352874876424498, 0.37823409179313433, 0.34801003428121263, 0.2723095555223484, 0.3021701126209904], "min": [0.23352321197143913, 0.3782027845750054, 0.34699178965909666, 0.2715087063321751, 0.30196361156339974], "raw_data_size": "30"}}