{"user_3_3031": {"weights": [1.0], "gauss": [0.4968736867607237, 0.002799642661395373, 0.5], "max": [0.5040850883674115], "min": [0.48966228515403587], "raw_data_size": "9991"}}