{"user_6_359": {"weights": [1.0], "gauss": [-0.6074454446569912, 0.0018527838764167681, 0.5], "max": [-0.602672989654974], "min": [-0.6122178996590085], "raw_data_size": "9993"}}