{"user_1_2998": {"weights": [0.431851198777483, 0.568148801222517], "gauss": [-0.2913981057807611, 0.0004340254564167413, 0.2159255993887415, -0.23910205657237746, 0.000556915309845001, 0.2840744006112585], "max": [-0.2902801302916367, -0.23766753779768368], "min": [-0.2925160812698855, -0.24053657534707124], "raw_data_size": "30"}}