{"user_3_3448": {"weights": [0.41357240297288594, 4.079082132246625e-05, 0.035568551348842084, 0.51368776318254, 1.2062004533324288e-05, 0.047000192678349914, 0.5285223541907458, 1.210510890317551e-05, 0.11377239402805989, 0.5542732980361562, 0.00023516288859479106, 0.12151326332325851, 0.4823857662097584, 0.00034868522965666906, 0.18214559862148957], "gauss": [0.41357240297288594, 4.079082132246625e-05, 0.035568551348842084, 0.51368776318254, 1.2062004533324288e-05, 0.047000192678349914, 0.5285223541907458, 1.210510890317551e-05, 0.11377239402805989, 0.5542732980361562, 0.00023516288859479106, 0.12151326332325851, 0.4823857662097584, 0.00034868522965666906, 0.18214559862148957], "max": [0.4136774731657642, 0.5137188328472764, 0.5285535348849812, 0.5548790374957059, 0.48328391984202274], "min": [0.4134673327800077, 0.5136566935178035, 0.5284911734965103, 0.5536675585766065, 0.4814876125774941], "raw_data_size": "70"}}