{"user_3_2847": {"weights": [0.08567609355732504, 0.20292141567698685, 0.20733677505556938, 0.239859784491197, 0.2642059312189218], "gauss": [0.0432229471990038, 0.00010506396691127993, 0.04283804677866252, 0.13937599043183407, 0.00015747896892753005, 0.10146070783849342, 0.126832952181256, 0.0003657139768309521, 0.10366838752778469, 0.1732299274734105, 0.00013293749116348005, 0.1199298922455985, 0.1963442402140851, 0.000258437497339183, 0.1321029656094609], "max": [0.043493574043720964, 0.13978162937469027, 0.12777496895949458, 0.17357235175868968, 0.19700993109286719], "min": [0.04295232035428663, 0.13897035148897788, 0.12589093540301743, 0.17288750318813134, 0.195678549335303], "raw_data_size": "70"}}