{"user_4_3762": {"weights": [1.0], "gauss": [-0.3092419798564228, 0.0010330835808682038, 0.5], "max": [-0.3065809328958073], "min": [-0.31190302681703835], "raw_data_size": "9996"}}