{"user_5_1322": {"weights": [1.0], "gauss": [0.13012847209432205, 0.001667971611466176, 0.5], "max": [0.1344248822486243], "min": [0.12583206194001978], "raw_data_size": "9994"}}