{"user_4_210": {"weights": 1, "gauss": [0.49802491516382413, 0.0016512071950567353, 0.5], "max": [0.502278143043082], "min": [0.4937716872845662], "raw_data_size": "9996"}}