{"user_1_210": {"weights": [1.0], "gauss": [0.4976593640943368, 0.001679919381633781, 0.5], "max": [0.5019865496651489], "min": [0.4933321785235248], "raw_data_size": "9995"}}