{"user_1_3573": {"weights": 1, "gauss": [-0.2768137254, 0.0012960724, 0.5], "max": [-0.2734752642], "min": [-0.2801521866], "raw_data_size": "9995"}, "user_5_3573": {"weights": 1, "gauss": [-0.2770042403, 0.0012695145, 0.5], "max": [-0.2737341876], "min": [-0.280274293], "raw_data_size": "9994"}, "user_6_3573": {"weights": 1, "gauss": [-0.2766670556, 0.0012843499, 0.5], "max": [-0.2733587894], "min": [-0.2799753218], "raw_data_size": "9993"}, "user_4_3573": {"weights": 1, "gauss": [-0.2769060119, 0.0012711108, 0.5], "max": [-0.2736318475], "min": [-0.2801801764], "raw_data_size": "9996"}, "user_3_3573": {"weights": 1, "gauss": [-0.2767218851, 0.0013250498, 0.5], "max": [-0.2733087829], "min": [-0.2801349872], "raw_data_size": "9991"}, "user_2_3573": {"weights": 1, "gauss": [-0.2765306674, 0.0012988882, 0.5], "max": [-0.2731849532], "min": [-0.2798763816], "raw_data_size": "9991"}}