{"user_2_2833": {"weights": [1.0], "gauss": [0.3624137482917372, 0.0016539322500819787, 0.5], "max": [0.36667399544758295], "min": [0.3581535011358915], "raw_data_size": "9991"}}