{"user_6_2833": {"weights": 1, "gauss": [0.36294016222027725, 0.0016465849330191118, 0.5], "max": [0.36718148394153], "min": [0.3586988404990245], "raw_data_size": "9993"}}