{"user_1_2116": {"weights": [1.0], "gauss": [-0.2782069437621825, 0.0020918642136681783, 0.5], "max": [-0.27281865862157073], "min": [-0.2835952289027943], "raw_data_size": "9995"}}