{"user_5_2116": {"weights": 1, "gauss": [-0.27814760265390975, 0.0020536801115009764, 0.5], "max": [-0.27285767324258997], "min": [-0.28343753206522954], "raw_data_size": "9994"}}