{"user_1_3486": {"weights": [0.13216366011185388, 0.2081490459488603, 0.6596872939392858], "gauss": [-0.1685714833032752, 1.0345523178307114e-05, 0.06608183005592694, -0.14975843283252482, 2.3771097891609305e-05, 0.10407452297443015, -0.11437433180619166, 0.0002042779073281154, 0.3298436469696429], "max": [-0.168544835001512, -0.1496972025419981, -0.11384814678642825], "min": [-0.16859813160503842, -0.14981966312305156, -0.11490051682595508], "raw_data_size": "30"}}