{"user_3_2340": {"weights": [0.06331653092924412, 0.10690573593260298, 0.31017470907842765, 0.5196030240597251], "gauss": [-0.7462418020468911, 0.001261302119759249, 0.03165826546462206, -0.658942508354934, 0.0005355199003687906, 0.05345286796630149, -0.5870118829291284, 0.00044176188956987397, 0.15508735453921382, -0.5349467031566295, 0.00022687306769666915, 0.25980151202986257], "max": [-0.7429929030861868, -0.6575631005029304, -0.5858739797087832, -0.5343623168606704], "min": [-0.7494907010075953, -0.6603219162069375, -0.5881497861494737, -0.5355310894525886], "raw_data_size": "70"}}