{"user_2_2856": {"weights": [-0.34644485677208614, 7.377763292318218e-05, 0.04509291384902245, -0.25799755053354007, 3.4033064323964575e-05, 0.05259620129169148, -0.31855465054875354, 3.04898759334028e-05, 0.09028829966663562, -0.28648765004758725, 5.162984138910764e-05, 0.12518175623526617, -0.3032973833492626, 2.9749036231109915e-05, 0.18684082895738427], "gauss": [-0.34644485677208614, 7.377763292318218e-05, 0.04509291384902245, -0.25799755053354007, 3.4033064323964575e-05, 0.05259620129169148, -0.31855465054875354, 3.04898759334028e-05, 0.09028829966663562, -0.28648765004758725, 5.162984138910764e-05, 0.12518175623526617, -0.3032973833492626, 2.9749036231109915e-05, 0.18684082895738427], "max": [-0.34625481818325615, -0.25790988716916485, -0.31847611383286273, -0.2863546603891996, -0.3032207549099862], "min": [-0.34663489536091613, -0.2580852138979153, -0.31863318726464435, -0.2866206397059749, -0.303374011788539], "raw_data_size": "57"}}