{"user_2_2765": {"weights": [1.0], "gauss": [0.370082439407557, 0.0006936316761136364, 0.5], "max": [0.3718691162047602], "min": [0.36829576261035374], "raw_data_size": "9991"}}