{"user_3_1437": {"weights": 1, "gauss": [0.41242783735481503, 0.0010749358077134497, 0.5], "max": [0.4151966885077573], "min": [0.40965898620187274], "raw_data_size": "9991"}}