{"user_5_1437": {"weights": 1, "gauss": [0.41247893926304824, 0.0010904352440789234, 0.5], "max": [0.41528771431836925], "min": [0.4096701642077272], "raw_data_size": "9994"}}