{"user_2_572": {"weights": [0.0350876321, 0.1659972073, 0.167550591, 0.2962588372, 0.3351057325], "gauss": [0.2382000829, 1.366e-06, 0.017543816, 0.2822448788, 7.70551e-05, 0.0829986036, 0.2948556401, 5.51151e-05, 0.0837752955, 0.3159776449, 3.17143e-05, 0.1481294186, 0.3431430791, 0.0002049254, 0.1675528662], "max": [0.2382036015, 0.2824433595, 0.2949976071, 0.3160593355, 0.3436709319], "min": [0.2381965642, 0.2820463981, 0.2947136731, 0.3158959543, 0.3426152263], "raw_data_size": "57"}, "user_1_572": {"weights": [0.2456783192, 0.7543216808], "gauss": [0.2794130624, 0.0009184427, 0.1228391596, 0.3236057704, 0.0005398383, 0.3771608404], "max": [0.281778814, 0.3249963018], "min": [0.2770473108, 0.322215239], "raw_data_size": "30"}, "user_3_572": {"weights": [0.3740966929, 0.0001538844, 0.0305090819, 0.2494495822, 0.0003315835, 0.0402665878, 0.3427277467, 3.26218e-05, 0.085500048, 0.3206494474, 5.57741e-05, 0.1299544041, 0.2920678676, 7.16641e-05, 0.2137698781], "gauss": [0.3740966929, 0.0001538844, 0.0305090819, 0.2494495822, 0.0003315835, 0.0402665878, 0.3427277467, 3.26218e-05, 0.085500048, 0.3206494474, 5.57741e-05, 0.1299544041, 0.2920678676, 7.16641e-05, 0.2137698781], "max": [0.3744930728, 0.2503036847, 0.3428117749, 0.3207931119, 0.2922524622], "min": [0.3737003131, 0.2485954798, 0.3426437186, 0.3205057829, 0.2918832731], "raw_data_size": "70"}}