{"user_5_3110": {"weights": 1, "gauss": [0.10726437358156202, 0.000549341914460123, 0.5], "max": [0.10867938458249606], "min": [0.10584936258062798], "raw_data_size": "9994"}}