{"user_2_3360": {"weights": [0.17852883042741585, 0.3708598420016243, 0.45061132757095984], "gauss": [-0.050303790684567716, 0.00013199561421966651, 0.08926441521370793, 0.01388117635494704, 9.992006384550164e-05, 0.18542992100081215, -0.014713318581416205, 0.00012130778231989422, 0.22530566378547992], "max": [-0.04996379251352076, 0.014138553383412761, -0.01440085044096809], "min": [-0.05064378885561467, 0.01362379932648132, -0.01502578672186432], "raw_data_size": "57"}}