{"user_1_2952": {"weights": [1.0], "gauss": [0.3686240395015605, 0.0011981090048686072, 0.5], "max": [0.3717101637851468], "min": [0.36553791521797413], "raw_data_size": "9995"}}