{"user_3_2579": {"weights": 1, "gauss": [-0.22493905497177955, 0.001774643247323521, 0.5], "max": [-0.22036787689197845], "min": [-0.22951023305158064], "raw_data_size": "9991"}}