{"user_3_2693": {"weights": [0.07791727604648349, 0.08743688704598686, 0.31903582406680886, 0.5156100128407207], "gauss": [0.44877948572786186, 5.858887758505748e-05, 0.038958638023241746, 0.3457669647797325, 0.0003328269480728359, 0.04371844352299343, 0.3765403850168821, 7.216026441789103e-05, 0.15951791203340443, 0.41384251124547256, 9.056471527774012e-05, 0.25780500642036036], "max": [0.44893040067560747, 0.3466242701855893, 0.3767262575405215, 0.4140757904929525], "min": [0.44862857078011625, 0.34490965937387574, 0.37635451249324264, 0.4136092319979926], "raw_data_size": "70"}}