{"user_5_3089": {"weights": [1.0], "gauss": [0.048489429921009866, 0.0033355054041814577, 0.5], "max": [0.057081122483246184], "min": [0.03989773735877355], "raw_data_size": "9994"}}