{"user_3_3411": {"weights": [1.0], "gauss": [0.3395075744575447, 0.0009031338760039216, 0.5], "max": [0.3418338931603833], "min": [0.3371812557547061], "raw_data_size": "9991"}}