{"user_6_3476": {"weights": 1, "gauss": [0.17489116221711146, 0.005836181155936235, 0.5], "max": [0.1899241686593919], "min": [0.159858155774831], "raw_data_size": "9993"}}