{"user_2_3476": {"weights": [1.0], "gauss": [0.1752598835227756, 0.005761122745166581, 0.5], "max": [0.19009955231111778], "min": [0.16042021473443344], "raw_data_size": "9991"}}