{"user_2_2888": {"weights": 1, "gauss": [-0.18201752802456778, 0.0010273105938834795, 0.5], "max": [-0.17937135129299647], "min": [-0.18466370475613908], "raw_data_size": "9991"}}