{"user_4_1764": {"weights": [1.0], "gauss": [-0.14102004028860482, 0.002187182230531752, 0.5], "max": [-0.1353862322069997], "min": [-0.14665384837020995], "raw_data_size": "9996"}}