{"user_2_1764": {"weights": 1, "gauss": [-0.1416158445583405, 0.0021874292324761324, 0.5], "max": [-0.135981400241889], "min": [-0.147250288874792], "raw_data_size": "9991"}}