{"user_3_1764": {"weights": [1.0], "gauss": [-0.14064401434538729, 0.0021498577021296225, 0.5], "max": [-0.1351063478777815], "min": [-0.14618168081299307], "raw_data_size": "9991"}}