{"user_2_2643": {"weights": 1, "gauss": [0.2489292870539677, 0.0009627781885151652, 0.5], "max": [0.2514092393247628], "min": [0.2464493347831726], "raw_data_size": "9991"}}