{"user_1_191": {"weights": [1.0], "gauss": [0.21205712555783807, 0.003634219127275364, 0.5], "max": [0.22141825368139187], "min": [0.20269599743428426], "raw_data_size": "9995"}}