{"user_5_191": {"weights": 1, "gauss": [0.21254767571101238, 0.0035889592286714933, 0.5], "max": [0.22179222206146668], "min": [0.20330312936055808], "raw_data_size": "9994"}}