{"user_5_1563": {"weights": 1, "gauss": [-0.10094222660559087, 0.0015818714791267375, 0.5], "max": [-0.09686759569520798], "min": [-0.10501685751597375], "raw_data_size": "9994"}}