{"user_3_242": {"weights": 1, "gauss": [-0.07493071829640653, 0.0029307512671048206, 0.5], "max": [-0.06738160330118487], "min": [-0.0824798332916282], "raw_data_size": "9991"}}