{"user_2_2439": {"weights": 1, "gauss": [0.20699590892166805, 0.0008075086436269339, 0.5], "max": [0.20907591334879133], "min": [0.20491590449454478], "raw_data_size": "9991"}}