{"user_1_757": {"weights": [1.0], "gauss": [0.05044363039851341, 0.0009815335535976386, 0.5], "max": [0.05297189328828669], "min": [0.047915367508740134], "raw_data_size": "9995"}}