{"user_2_548": {"weights": [0.11593572253481561, 0.12888110281664744, 0.18524158381596623, 0.19981563530503105, 0.37012595552753963], "gauss": [-0.07015412919377573, 3.274589787449807e-06, 0.05796786126740781, -0.14221646790146217, 9.986553757578603e-05, 0.06444055140832372, -0.08826919394088095, 2.9288523011983663e-06, 0.09262079190798311, -0.060440445792501477, 3.308315804116221e-05, 0.09990781765251552, -0.1097927107315116, 9.742012869019549e-05, 0.18506297776376981], "max": [-0.07014569440944411, -0.1419592313233598, -0.08826164971729776, -0.06035522922456511, -0.10954177310927589], "min": [-0.07016256397810734, -0.14247370447956453, -0.08827673816446414, -0.06052566236043784, -0.11004364835374732], "raw_data_size": "57"}}