{"user_4_2986": {"weights": 1, "gauss": [-0.09304976618879854, 0.0012843510371647853, 0.5], "max": [-0.08974149715122606], "min": [-0.09635803522637101], "raw_data_size": "9996"}}