{"user_2_2986": {"weights": [1.0], "gauss": [-0.09269497242344223, 0.0013022643041004686, 0.5], "max": [-0.08934056186797452], "min": [-0.09604938297890993], "raw_data_size": "9991"}}