{"user_2_912": {"weights": [0.08510383576325051, 0.3831973709132196, 0.53169879332353], "gauss": [0.5324307340086426, 0.00026447694465161944, 0.042551917881625254, 0.5013756566219341, 0.00012247388218081145, 0.1915986854566098, 0.47053185041163803, 0.00015485775578982685, 0.265849396661765], "max": [0.5331119814727894, 0.5016911284365748, 0.4709307375568833], "min": [0.5317494865444958, 0.5010601848072933, 0.47013296326639276], "raw_data_size": "57"}}