{"user_2_2457": {"weights": [0.06541408915539405, 0.24093596464644182, 0.271150482226657, 0.42249946397150717], "gauss": [0.4739179730575262, 9.37791576390835e-05, 0.03270704457769703, 0.5081064611100069, 8.649569652965827e-05, 0.12046798232322091, 0.5552819686067894, 8.16410107878075e-05, 0.1355752411133285, 0.531141211145417, 7.591705170087348e-05, 0.21124973198575359], "max": [0.4741595321598351, 0.5083292592597589, 0.555492261914748, 0.5313367605118272], "min": [0.4736764139552173, 0.5078836629602549, 0.5550716752988307, 0.5309456617790068], "raw_data_size": "57"}}