{"user_1_2457": {"weights": [0.03333333333333074, 0.09660968083903898, 0.22966053070621412, 0.3155953508701953, 0.324801104251221], "gauss": [0.4680733084678638, 1.0000000004718447e-06, 0.01666666666666537, 0.5021735316219821, 6.91951722389572e-06, 0.04830484041951949, 0.5593793045226858, 7.41072703478719e-05, 0.11483026535310706, 0.5361044559768964, 8.06476130103807e-05, 0.15779767543509765, 0.5227721546249505, 4.594871576926629e-05, 0.1624005521256105], "max": [0.46807588429716857, 0.5021913551172138, 0.5595701922012539, 0.5363121904617498, 0.5228905106734895], "min": [0.4680707326385591, 0.5021557081267504, 0.5591884168441177, 0.5358967214920429, 0.5226537985764116], "raw_data_size": "30"}}