{"user_1_3341": {"weights": [0.1656527731360917, 0.2539210176132249, 0.25894334714463907, 0.3214828621060444], "gauss": [-0.20019058282006688, 0.0001202647391185242, 0.08282638656804585, -0.17248425166710593, 5.68908291313151e-05, 0.12696050880661244, -0.16134742718484965, 5.021076717052941e-05, 0.12947167357231953, -0.1429100247171633, 0.0001894105713577701, 0.1607414310530222], "max": [-0.19988080138086173, -0.1723377106023263, -0.16121809281941812, -0.142422135417058], "min": [-0.20050036425927203, -0.17263079273188556, -0.16147676155028118, -0.1433979140172686], "raw_data_size": "30"}}