{"user_5_3445": {"weights": [1.0], "gauss": [0.03435424774229834, 0.002180347707341378, 0.5], "max": [0.03997045125879392], "min": [0.028738044225802756], "raw_data_size": "9994"}}