{"user_3_2414": {"weights": [1.0], "gauss": [-0.4668305905919758, 0.001817137810258217, 0.5], "max": [-0.462149953771726], "min": [-0.47151122741222556], "raw_data_size": "9991"}}