{"user_1_1608": {"weights": [0.1884278773048197, 0.35213044230873264, 0.4594416803864476], "gauss": [-0.37676116454005787, 0.00048512520296589603, 0.09421393865240985, -0.41838403907258676, 0.00019722851868739133, 0.17606522115436632, -0.385015402331182, 0.0001298620601761492, 0.2297208401932238], "max": [-0.3755115648263682, -0.41787601207465624, -0.384680899831161], "min": [-0.3780107642537475, -0.41889206607051727, -0.38534990483120296], "raw_data_size": "30"}}