{"user_3_1477": {"weights": [0.0445662184, 0.1393810506, 0.2184279902, 0.2617124466, 0.3359122942], "gauss": [0.3590582605, 7.6136e-05, 0.0222831092, 0.2451072651, 0.0001868275, 0.0696905253, 0.3235858289, 8.38189e-05, 0.1092139951, 0.2729438243, 8.42003e-05, 0.1308562233, 0.2981204559, 9.30122e-05, 0.1679561471], "max": [0.3592543738, 0.2455885008, 0.3238017322, 0.2731607099, 0.2983600394], "min": [0.3588621473, 0.2446260293, 0.3233699257, 0.2727269386, 0.2978808725], "raw_data_size": "70"}, "user_2_1477": {"weights": [0.0701276923, 0.11380863, 0.1891946591, 0.3051069764, 0.3217620422], "gauss": [0.3601631924, 3.12524e-05, 0.0350638461, 0.2778271627, 4.4548e-05, 0.056904315, 0.2493129335, 0.0002894059, 0.0945973296, 0.313727075, 8.99846e-05, 0.1525534882, 0.2946091544, 7.16929e-05, 0.1608810211], "max": [0.3602436931, 0.2779419108, 0.2500583937, 0.31395886, 0.294793823], "min": [0.3600826916, 0.2777124146, 0.2485674733, 0.31349529, 0.2944244857], "raw_data_size": "57"}, "user_1_1477": {"weights": [0.1205536872, 0.1754348487, 0.2255667951, 0.478444669], "gauss": [0.3452796912, 0.0001968356, 0.0602768436, 0.2835684259, 7.7791e-05, 0.0877174243, 0.254400466, 0.0003364306, 0.1127833976, 0.3083406537, 0.0001184753, 0.2392223345], "max": [0.345786706, 0.2837688023, 0.2552670538, 0.3086458258], "min": [0.3447726763, 0.2833680494, 0.2535338782, 0.3080354815], "raw_data_size": "30"}}