{"user_4_2488": {"weights": 1, "gauss": [-0.3044464151425632, 0.001015312520786445, 0.5], "max": [-0.30183114339926137], "min": [-0.30706168688586505], "raw_data_size": "9996"}}