{"user_1_2488": {"weights": 1, "gauss": [-0.30423435292408574, 0.0010112853613516287, 0.5], "max": [-0.30162945445606615], "min": [-0.3068392513921053], "raw_data_size": "9995"}}