{"user_2_2210": {"weights": [-0.4237113653214101, 4.7385742788424e-05, 0.065404796302049, -0.5278029854798105, 0.00047391645917946215, 0.06892490034954632, -0.4821282781204498, 5.8355221350113836e-05, 0.08631849626618213, -0.44313544306162217, 4.9368755898337e-05, 0.12008202395984463, -0.4656903136884772, 4.0796070898823196e-05, 0.15926978312237797], "gauss": [-0.4237113653214101, 4.7385742788424e-05, 0.065404796302049, -0.5278029854798105, 0.00047391645917946215, 0.06892490034954632, -0.4821282781204498, 5.8355221350113836e-05, 0.08631849626618213, -0.44313544306162217, 4.9368755898337e-05, 0.12008202395984463, -0.4656903136884772, 4.0796070898823196e-05, 0.15926978312237797], "max": [-0.4235893077365653, -0.526582257576822, -0.4819779650312811, -0.4430082775734995, -0.4655852299735863], "min": [-0.423833422906255, -0.5290237133827991, -0.48227859120961847, -0.44326260854974486, -0.46579539740336806], "raw_data_size": "57"}}