{"user_4_2923": {"weights": [1.0], "gauss": [-1.189496971200918, 0.0031097812155212725, 0.5], "max": [-1.1814867056183525], "min": [-1.1975072367834836], "raw_data_size": "9996"}}