{"user_6_1379": {"weights": 1, "gauss": [-0.3340722810081409, 0.0015750317985140222, 0.5], "max": [-0.33001526794750713], "min": [-0.3381292940687747], "raw_data_size": "9993"}}