{"user_1_231": {"weights": [1.0], "gauss": [0.38321114043384774, 0.0009051459289508003, 0.5], "max": [0.3855426418416272], "min": [0.3808796390260683], "raw_data_size": "9995"}}