{"user_6_1961": {"weights": [1.0], "gauss": [0.08741006120143949, 0.0011949158829611098, 0.5], "max": [0.09048796054804673], "min": [0.08433216185483225], "raw_data_size": "9993"}}