{"user_3_380": {"weights": [1.0], "gauss": [0.35167193167932304, 0.003456736175836083, 0.5], "max": [0.3605758940156792], "min": [0.3427679693429669], "raw_data_size": "9991"}}