{"user_1_1384": {"weights": 1, "gauss": [0.3431753824535698, 0.0019988822390350483, 0.5], "max": [0.3483241618992197], "min": [0.3380266030079199], "raw_data_size": "9995"}}