{"user_1_2073": {"weights": 1, "gauss": [-0.5477119893153045, 0.0006041369859357261, 0.5], "max": [-0.5461558355635736], "min": [-0.5492681430670354], "raw_data_size": "9995"}}