{"user_5_3672": {"weights": 1, "gauss": [-0.07055225664404642, 0.0004281758257665759, 0.5], "max": [-0.06944934880496563], "min": [-0.07165516448312721], "raw_data_size": "9994"}}