{"user_1_3982": {"weights": [1.0], "gauss": [0.36916990081469214, 0.000742940034574673, 0.5], "max": [0.3710835875265292], "min": [0.3672562141028551], "raw_data_size": "30"}}