{"user_4_483": {"weights": [1.0], "gauss": [-0.6758095766, 0.0065467671, 0.5], "max": [-0.658946222], "min": [-0.6926729312], "raw_data_size": "9996"}, "user_1_483": {"weights": [1.0], "gauss": [-0.6752241075, 0.0066137502, 0.5], "max": [-0.6581882158], "min": [-0.6922599992], "raw_data_size": "9995"}, "user_2_483": {"weights": [1.0], "gauss": [-0.6766181776, 0.0064900681, 0.5], "max": [-0.6599008699], "min": [-0.6933354853], "raw_data_size": "9991"}, "user_5_483": {"weights": [1.0], "gauss": [-0.6746688523, 0.0063654898, 0.5], "max": [-0.6582724373], "min": [-0.6910652674], "raw_data_size": "9994"}, "user_3_483": {"weights": [1.0], "gauss": [-0.6753241073, 0.0065291582, 0.5], "max": [-0.6585061103], "min": [-0.6921421042], "raw_data_size": "9991"}, "user_6_483": {"weights": [1.0], "gauss": [-0.6754290268, 0.0064985547, 0.5], "max": [-0.6586898592], "min": [-0.6921681943], "raw_data_size": "9993"}}