{"user_1_2194": {"weights": 1, "gauss": [0.024249039648019135, 0.0006313882587973787, 0.5], "max": [0.02587538802694614], "min": [0.02262269126909213], "raw_data_size": "9995"}}