{"user_5_1484": {"weights": [1.0], "gauss": [0.20911312258892903, 0.000777193132474283, 0.5], "max": [0.21111503943407325], "min": [0.2071112057437848], "raw_data_size": "9994"}}