{"user_2_1910": {"weights": [0.10484085923635979, 0.26912250961578527, 0.2734371500612097, 0.3525994810866453], "gauss": [0.36691113524057684, 0.001966473484148772, 0.052420429618179894, 0.4631247966506274, 0.0004287393356304227, 0.13456125480789263, 0.5679426075483357, 0.0004064251165286349, 0.13671857503060486, 0.526564216806344, 0.00026563657630565465, 0.17629974054332265], "max": [0.3719764352656991, 0.4642291559949283, 0.5689894892731885, 0.5272484512836866], "min": [0.36184583521545455, 0.46202043730632647, 0.5668957258234829, 0.5258799823290015], "raw_data_size": "57"}}