{"user_2_249": {"weights": [0.4252858244059715, 0.5747141755940286], "gauss": [0.39554698002267946, 0.00038033549321025886, 0.21264291220298576, 0.43722831258292866, 0.0006965413204392525, 0.2873570877970143], "max": [0.3965266593312702, 0.4390224841272487], "min": [0.39456730071408874, 0.4354341410386086], "raw_data_size": "57"}}