{"user_2_1382": {"weights": [0.1575604136205615, 0.17518807918216603, 0.31309970873415643, 0.35415179846311606], "gauss": [0.0934640280850705, 0.0003429934097335601, 0.07878020681028075, 0.026687924060894992, 9.17989663987438e-05, 0.08759403959108301, 0.04998365209480969, 5.158621253881861e-05, 0.15654985436707822, 0.06674448657493257, 8.627581942625178e-05, 0.17707589923155803], "max": [0.09434752056078635, 0.026924382528580378, 0.05011652937272628, 0.0669667183587984], "min": [0.09258053560935464, 0.026451465593209607, 0.0498507748168931, 0.06652225479106673], "raw_data_size": "57"}}