{"user_5_66": {"weights": 1, "gauss": [0.3837560373, 0.0008271691, 0.5], "max": [0.3858866838], "min": [0.3816253908], "raw_data_size": "9994"}, "user_4_66": {"weights": 1, "gauss": [0.3839667073, 0.0008144621, 0.5], "max": [0.3860646227], "min": [0.381868792], "raw_data_size": "9996"}, "user_3_66": {"weights": 1, "gauss": [0.3838924839, 0.0008252063, 0.5], "max": [0.3860180746], "min": [0.3817668933], "raw_data_size": "9991"}, "user_2_66": {"weights": 1, "gauss": [0.3833491014, 0.0008285132, 0.5], "max": [0.3854832099], "min": [0.3812149929], "raw_data_size": "9991"}, "user_6_66": {"weights": 1, "gauss": [0.3842133473, 0.0008224885, 0.5], "max": [0.3863319373], "min": [0.3820947574], "raw_data_size": "9993"}, "user_1_66": {"weights": 1, "gauss": [0.383871833, 0.0008367065, 0.5], "max": [0.3860270461], "min": [0.38171662], "raw_data_size": "9995"}}