{"user_2_3243": {"weights": [0.1527032989, 0.1527812625, 0.1817933827, 0.5127220559], "gauss": [0.3115693764, 0.0002927029, 0.0763516495, 0.2008020513, 0.0002664439, 0.0763906313, 0.2337081204, 7.88985e-05, 0.0908966913, 0.2690476901, 0.0001542944, 0.2563610279], "max": [0.3123233291, 0.2014883653, 0.2339113495, 0.2694451261], "min": [0.3108154237, 0.2001157373, 0.2335048914, 0.2686502541], "raw_data_size": "57"}, "user_1_3243": {"weights": [0.0666666086, 0.1789614798, 0.236039038, 0.2516653883, 0.2666674852], "gauss": [0.1850771354, 1.14318e-05, 0.0333333043, 0.3223776552, 0.0001182366, 0.0894807399, 0.258130121, 1.39517e-05, 0.118019519, 0.2790886938, 8.23825e-05, 0.1258326942, 0.2227210051, 4.09283e-05, 0.1333337426], "max": [0.1851065819, 0.3226822124, 0.2581660583, 0.2793008972, 0.2228264294], "min": [0.185047689, 0.322073098, 0.2580941837, 0.2788764904, 0.2226155807], "raw_data_size": "30"}, "user_3_3243": {"weights": [0.1002335403, 0.2436825628, 0.2954524306, 0.3606314663], "gauss": [0.2032903667, 0.0001585085, 0.0501167702, 0.2343105731, 0.0002917228, 0.1218412814, 0.3034318906, 0.0005827485, 0.1477262153, 0.2742380883, 0.0003135498, 0.1803157331], "max": [0.2036986576, 0.2350620012, 0.3049329513, 0.2750457392], "min": [0.2028820759, 0.233559145, 0.3019308299, 0.2734304375], "raw_data_size": "70"}}