{"user_1_3536": {"weights": [0.0332913140184855, 0.07124717269804415, 0.15414609305724586, 0.3027891547173414, 0.43852626550888313], "gauss": [0.42723894119262595, 1.0000000004163336e-06, 0.01664565700924275, 0.3349325412576239, 9.015243407833784e-05, 0.035623586349022074, 0.35996635512304354, 5.0374112273764534e-05, 0.07707304652862293, 0.40258885389113797, 4.388058520496296e-05, 0.1513945773586707, 0.3788164750491235, 3.957381110175528e-05, 0.21926313275444156], "max": [0.4272415170219306, 0.33516475853910915, 0.36009611023757854, 0.4027018827883658, 0.37891841043141256], "min": [0.4272363653633213, 0.33470032397613864, 0.35983660000850853, 0.40247582499391016, 0.3787145396668345], "raw_data_size": "30"}}