{"user_1_3326": {"weights": [1.0], "gauss": [0.3489756163727462, 0.0011100215847839729, 0.5], "max": [0.3518348424984046], "min": [0.34611639024708785], "raw_data_size": "9995"}}