{"user_1_3568": {"weights": 1, "gauss": [-0.00792736593978269, 0.0018799571980903536, 0.5], "max": [-0.003084917099523872], "min": [-0.012769814780041508], "raw_data_size": "9995"}}