{"user_1_777": {"weights": 1, "gauss": [0.1332618498, 0.0010518755, 0.5], "max": [0.1359713016], "min": [0.1305523981], "raw_data_size": "9995"}, "user_6_777": {"weights": 1, "gauss": [0.1328601178, 0.0010012557, 0.5], "max": [0.1354391815], "min": [0.130281054], "raw_data_size": "9993"}, "user_3_777": {"weights": 1, "gauss": [0.1328138683, 0.0010147042, 0.5], "max": [0.1354275732], "min": [0.1302001634], "raw_data_size": "9991"}, "user_4_777": {"weights": 1, "gauss": [0.1319935434, 0.0010325707, 0.5], "max": [0.1346532692], "min": [0.1293338176], "raw_data_size": "9996"}, "user_5_777": {"weights": 1, "gauss": [0.132520809, 0.0009879773, 0.5], "max": [0.1350656699], "min": [0.129975948], "raw_data_size": "9994"}, "user_2_777": {"weights": 1, "gauss": [0.1322536025, 0.0010050285, 0.5], "max": [0.1348423844], "min": [0.1296648206], "raw_data_size": "9991"}}