{"user_4_3906": {"weights": 1, "gauss": [-0.0486020477, 0.0009984693, 0.5], "max": [-0.0460301611], "min": [-0.0511739343], "raw_data_size": "9996"}, "user_5_3906": {"weights": 1, "gauss": [-0.0489429975, 0.0010346462, 0.5], "max": [-0.0462779254], "min": [-0.0516080695], "raw_data_size": "9994"}, "user_2_3906": {"weights": 1, "gauss": [-0.0483316624, 0.0010184983, 0.5], "max": [-0.0457081846], "min": [-0.0509551401], "raw_data_size": "9991"}, "user_1_3906": {"weights": 1, "gauss": [-0.048608318, 0.0010187643, 0.5], "max": [-0.0459841549], "min": [-0.051232481], "raw_data_size": "9995"}, "user_6_3906": {"weights": 1, "gauss": [-0.0489376317, 0.0010046442, 0.5], "max": [-0.0463498397], "min": [-0.0515254237], "raw_data_size": "9993"}, "user_3_3906": {"weights": 1, "gauss": [-0.0488474948, 0.0010113265, 0.5], "max": [-0.0462424903], "min": [-0.0514524993], "raw_data_size": "9991"}}