{"user_1_1557": {"weights": [0.2648118063, 0.290903593, 0.4442846007], "gauss": [0.4895730248, 7.73736e-05, 0.1324059031, 0.5275859054, 0.0001459473, 0.1454517965, 0.4593834836, 0.0020458301, 0.2221423004], "max": [0.489772326, 0.5279618408, 0.4646531927], "min": [0.4893737236, 0.5272099699, 0.4541137746], "raw_data_size": "30"}, "user_2_1557": {"weights": [0.1680762005, 0.2607854865, 0.282262923, 0.28887539], "gauss": [0.4363197292, 0.0026901964, 0.0840381003, 0.490998946, 0.0001111387, 0.1303927433, 0.524916335, 0.000202771, 0.1411314615, 0.4512524454, 0.0003018394, 0.144437695], "max": [0.443249216, 0.4912852204, 0.5254386386, 0.4520299323], "min": [0.4293902424, 0.4907126717, 0.5243940315, 0.4504749586], "raw_data_size": "57"}, "user_3_1557": {"weights": [0.5800996539, 2.27639e-05, 0.021678554, 0.5391848214, 0.000335518, 0.0808993375, 0.4455659911, 0.0003082241, 0.0964831136, 0.4177245436, 0.0003162442, 0.1020200288, 0.4860621811, 0.0003254324, 0.1989189661], "gauss": [0.5800996539, 2.27639e-05, 0.021678554, 0.5391848214, 0.000335518, 0.0808993375, 0.4455659911, 0.0003082241, 0.0964831136, 0.4177245436, 0.0003162442, 0.1020200288, 0.4860621811, 0.0003254324, 0.1989189661], "max": [0.5801582899, 0.5400490586, 0.4463599238, 0.4185391347, 0.4869004395], "min": [0.580041018, 0.5383205842, 0.4447720584, 0.4169099524, 0.4852239228], "raw_data_size": "70"}}