{"user_4_1483": {"weights": [1.0], "gauss": [0.2704367998, 0.0009509527, 0.5], "max": [0.2728862916], "min": [0.267987308], "raw_data_size": "9996"}, "user_1_1483": {"weights": [1.0], "gauss": [0.2705170222, 0.0009529214, 0.5], "max": [0.2729715851], "min": [0.2680624593], "raw_data_size": "9995"}, "user_5_1483": {"weights": [1.0], "gauss": [0.2701554378, 0.0009334371, 0.5], "max": [0.2725598123], "min": [0.2677510633], "raw_data_size": "9994"}, "user_3_1483": {"weights": [1.0], "gauss": [0.2706731703, 0.0009431008, 0.5], "max": [0.273102437], "min": [0.2682439035], "raw_data_size": "9991"}, "user_6_1483": {"weights": [1.0], "gauss": [0.2704823581, 0.0009235428, 0.5], "max": [0.2728612467], "min": [0.2681034695], "raw_data_size": "9993"}, "user_2_1483": {"weights": [1.0], "gauss": [0.2709750031, 0.0009549309, 0.5], "max": [0.273434742], "min": [0.2685152641], "raw_data_size": "9991"}}