{"user_6_70": {"weights": [1.0], "gauss": [0.6061290330481867, 0.0014932201155763703, 0.5], "max": [0.6099753131785369], "min": [0.6022827529178364], "raw_data_size": "9993"}}