{"user_1_1877": {"weights": 1, "gauss": [-0.43828649911796513, 0.0019908026458279318, 0.5], "max": [-0.4331585313252589], "min": [-0.4434144669106714], "raw_data_size": "9995"}}