{"user_1_2341": {"weights": 1, "gauss": [0.01735159457464923, 0.0014444769613491707, 0.5], "max": [0.021072320659993697], "min": [0.013630868489304762], "raw_data_size": "9995"}}