{"user_3_1890": {"weights": [1.0], "gauss": [0.2054243681093363, 0.0010224553941567186, 0.5], "max": [0.20805803867517683], "min": [0.2027906975434958], "raw_data_size": "9991"}}