{"user_5_2515": {"weights": 1, "gauss": [0.07886634263079613, 0.0012908792648758268, 0.5], "max": [0.08219142726860695], "min": [0.0755412579929853], "raw_data_size": "9994"}}