{"user_3_2515": {"weights": 1, "gauss": [0.07861960191843997, 0.001303025462128646, 0.5], "max": [0.08197597308706128], "min": [0.07526323074981867], "raw_data_size": "9991"}}