{"user_5_2374": {"weights": [1.0], "gauss": [-0.5261004862509937, 0.0012202477911674437, 0.5], "max": [-0.5229573362329137], "min": [-0.5292436362690737], "raw_data_size": "9994"}}