{"user_2_1982": {"weights": [0.0814374928, 0.1797088807, 0.1959912257, 0.2498098246, 0.2930525761], "gauss": [-0.2852950682, 0.0006091257, 0.0407187464, -0.2354997159, 0.0003904837, 0.0898544404, -0.124041531, 0.0001201561, 0.0979956129, -0.1633339568, 0.0001164987, 0.1249049123, -0.1987415002, 0.00018643, 0.1465262881], "max": [-0.2837260643, -0.2344938966, -0.1237320293, -0.1630338759, -0.1982612882], "min": [-0.2868640721, -0.2365055352, -0.1243510327, -0.1636340376, -0.1992217121], "raw_data_size": "57"}, "user_3_1982": {"weights": [0.1377848251, 0.3221380945, 0.5400770804], "gauss": [-0.3005526217, 0.0007253026, 0.0688924125, -0.209187404, 0.0005089566, 0.1610690473, -0.1518853391, 0.0005465139, 0.2700385402], "max": [-0.2986843659, -0.2078764187, -0.1504776125], "min": [-0.3024208775, -0.2104983894, -0.1532930657], "raw_data_size": "70"}, "user_1_1982": {"weights": [0.1697572408, 0.1836485058, 0.2959808553, 0.3506133982], "gauss": [-0.1259373687, 8.98858e-05, 0.0848786204, -0.2545927496, 0.0002115935, 0.0918242529, -0.16563983, 8.50849e-05, 0.1479904276, -0.1999255578, 0.0001953489, 0.1753066991], "max": [-0.1257058382, -0.254047721, -0.1654206659, -0.1994223723], "min": [-0.1261688992, -0.2551377782, -0.1658589941, -0.2004287433], "raw_data_size": "30"}}