{"user_3_748": {"weights": [0.128614594711091, 0.13507719300267243, 0.16255177717864835, 0.2737281721051034, 0.3000282630024847], "gauss": [-0.6317643388855192, 7.678925280798953e-05, 0.0643072973555455, -0.6124976146569627, 1.5738644980250016e-05, 0.06753859650133621, -0.5022205030819452, 0.0006002948629097161, 0.08127588858932418, -0.5583645709920237, 0.00012832027912154553, 0.1368640860525517, -0.5856823444072953, 9.326375793941477e-05, 0.15001413150124235], "max": [-0.6315665428779388, -0.6124570745940244, -0.5006742459832925, -0.5580340398568229, -0.5854421128866358], "min": [-0.6319621348930996, -0.612538154719901, -0.503766760180598, -0.5586951021272246, -0.5859225759279547], "raw_data_size": "70"}}