{"user_4_2605": {"weights": 1, "gauss": [0.33287894178136024, 0.0012134156043861605, 0.5], "max": [0.33600449325252163], "min": [0.32975339031019885], "raw_data_size": "9996"}}