{"user_2_2605": {"weights": 1, "gauss": [0.33208860779876587, 0.0012101503276985687, 0.5], "max": [0.33520574847455115], "min": [0.3289714671229806], "raw_data_size": "9991"}}