{"user_2_429": {"weights": [0.017543857, 0.0740652191, 0.1665569366, 0.284323167, 0.4575108203], "gauss": [0.446880281, 1e-06, 0.0087719285, 0.6032127131, 8.46333e-05, 0.0370326095, 0.5545680383, 0.0003916258, 0.0832784683, 0.6820564101, 0.0005319738, 0.1421615835, 0.6384084673, 0.0002573183, 0.2287554101], "max": [0.4468828568, 0.6034307139, 0.5555767996, 0.6834266839, 0.6390712752], "min": [0.4468777051, 0.6029947122, 0.5535592769, 0.6806861364, 0.6377456593], "raw_data_size": "57"}, "user_1_429": {"weights": [0.2160818812, 0.2192445176, 0.2396021165, 0.3250714847], "gauss": [0.6943035063, 0.0003994907, 0.1080409406, 0.5583201555, 0.0003676532, 0.1096222588, 0.6581791697, 1.31802e-05, 0.1198010582, 0.6271881851, 0.0001445353, 0.1625357424], "max": [0.6953325262, 0.5592671674, 0.6582131197, 0.6275604835], "min": [0.6932744865, 0.5573731435, 0.6581452197, 0.6268158868], "raw_data_size": "30"}, "user_3_429": {"weights": [0.0946614715, 0.1574191734, 0.1886097821, 0.2195436892, 0.3397658838], "gauss": [0.5865084431, 1.4098e-06, 0.0473307357, 0.5474852761, 0.0017792675, 0.0787095867, 0.6416948642, 9.28344e-05, 0.094304891, 0.6110978698, 0.0001150546, 0.1097718446, 0.688791666, 0.0008110613, 0.1698829419], "max": [0.5865120745, 0.5520683655, 0.6419339898, 0.6113942308, 0.6908808214], "min": [0.5865048116, 0.5429021867, 0.6414557385, 0.6108015089, 0.6867025106], "raw_data_size": "70"}}