{"user_2_2792": {"weights": [0.16211074646150378, 0.27997327436311814, 0.557915979175378], "gauss": [0.27197131602657115, 0.00042702445466559393, 0.08105537323075189, 0.22809623698558648, 0.00027104195703719816, 0.13998663718155907, 0.17547899946241938, 0.0005016580889037014, 0.278957989587689], "max": [0.27307125813023075, 0.22879439480101413, 0.17677118506817988], "min": [0.27087137392291155, 0.22739807917015883, 0.17418681385665888], "raw_data_size": "57"}}