{"user_4_3699": {"weights": [1.0], "gauss": [0.0773447363733603, 0.002892760428951557, 0.5], "max": [0.0847959934544004], "min": [0.06989347929232019], "raw_data_size": "9996"}}