{"user_3_3365": {"weights": [0.188399456194883, 0.31981863460677623, 0.49178190919834086], "gauss": [0.12910451671168177, 0.00019707284948912687, 0.0941997280974415, 0.09660018933356446, 0.00010009820743968407, 0.15990931730338812, 0.056385645897246525, 0.0003146104030735483, 0.24589095459917043], "max": [0.12961214273232974, 0.0968580252295203, 0.0571960285926847], "min": [0.1285968906910338, 0.09634235343760861, 0.05557526320180835], "raw_data_size": "70"}}