{"user_5_1823": {"weights": [1.0], "gauss": [-0.15030092771398743, 0.0013934393266044124, 0.5], "max": [-0.14671166586380233], "min": [-0.15389018956417252], "raw_data_size": "9994"}}