{"user_5_153": {"weights": [1.0], "gauss": [0.44712653994154605, 0.002505299230340873, 0.5], "max": [0.45357976311321657], "min": [0.44067331676987553], "raw_data_size": "9994"}}