{"user_6_2340": {"weights": 1, "gauss": [-0.572400598693004, 0.0033789713242212962, 0.5], "max": [-0.5636969453402233], "min": [-0.5811042520457846], "raw_data_size": "9993"}}