{"user_5_921": {"weights": 1, "gauss": [0.1588047488629475, 0.0015564438968923313, 0.5], "max": [0.1628138826618926], "min": [0.15479561506400238], "raw_data_size": "9994"}}