{"user_3_3188": {"weights": [-0.08590956173952657, 0.00039426259616708026, 0.04468927932600175, 0.0449004985599437, 0.00020121721723983672, 0.05030329170594218, 0.02182030106413045, 0.00014923243623848006, 0.11158422835819433, -0.012209930489171449, 9.879636531030363e-05, 0.1439898536681324, -0.045107883170881415, 0.00010358533737213119, 0.1494333469417294], "gauss": [-0.08590956173952657, 0.00039426259616708026, 0.04468927932600175, 0.0449004985599437, 0.00020121721723983672, 0.05030329170594218, 0.02182030106413045, 0.00014923243623848006, 0.11158422835819433, -0.012209930489171449, 9.879636531030363e-05, 0.1439898536681324, -0.045107883170881415, 0.00010358533737213119, 0.1494333469417294], "max": [-0.08489400859102614, 0.045418799764488635, 0.022204698346433523, -0.011955447916321046, -0.04484106502346028], "min": [-0.08692511488802701, 0.044382197355398764, 0.02143590378182738, -0.012464413062021852, -0.04537470131830255], "raw_data_size": "70"}}