{"user_5_1311": {"weights": [1.0], "gauss": [0.2817998237387384, 0.0006013073049291458, 0.5], "max": [0.2833486887152129], "min": [0.2802509587622639], "raw_data_size": "9994"}}