{"user_4_291": {"weights": [1.0], "gauss": [0.20558703787039673, 0.004432291639813276, 0.5], "max": [0.21700386455810258], "min": [0.19417021118269087], "raw_data_size": "9996"}}