{"user_6_291": {"weights": [1.0], "gauss": [0.20577611812223132, 0.004372964510071894, 0.5], "max": [0.21704012825065386], "min": [0.19451210799380877], "raw_data_size": "9993"}}