{"user_2_3689": {"weights": [0.2541988454, 0.2948052519, 0.4509959027], "gauss": [0.3822533602, 0.0001286572, 0.1270994227, 0.3453742064, 0.0001018281, 0.147402626, 0.3647177353, 4.34989e-05, 0.2254979513], "max": [0.3825847591, 0.3456364982, 0.3648297811], "min": [0.3819219614, 0.3451119146, 0.3646056894], "raw_data_size": "57"}, "user_1_3689": {"weights": [0.0333151402, 0.1642078324, 0.2013938487, 0.2613048363, 0.3397783424], "gauss": [0.4003342986, 1e-06, 0.0166575701, 0.3445142814, 5.2866e-06, 0.0821039162, 0.3818981492, 2.19291e-05, 0.1006969243, 0.3660418354, 6.8802e-06, 0.1306524182, 0.3559111616, 9.2923e-06, 0.1698891712], "max": [0.4003368744, 0.3445278987, 0.3819546349, 0.3660595576, 0.3559350969], "min": [0.4003317228, 0.3445006641, 0.3818416636, 0.3660241132, 0.3558872263], "raw_data_size": "30"}, "user_3_3689": {"weights": [0.0802062467, 0.9197937533], "gauss": [0.4053120064, 0.0007823104, 0.0401031234, 0.3573380093, 0.0002181399, 0.4598968766], "max": [0.4073271045, 0.3578999006], "min": [0.4032969084, 0.3567761181], "raw_data_size": "70"}}