{"user_1_2166": {"weights": [-0.19520150125026656, 1.0000000000763278e-06, 0.0166666666666667, -0.06738549026377805, 7.71025808232469e-05, 0.04941867081229041, -0.15848380262325032, 1.796004248794361e-05, 0.09670658707315719, -0.1000161116373206, 6.983278598166821e-05, 0.15223774866747442, -0.13249541651903454, 4.8937195144964054e-05, 0.18497032678041134], "gauss": [-0.19520150125026656, 1.0000000000763278e-06, 0.0166666666666667, -0.06738549026377805, 7.71025808232469e-05, 0.04941867081229041, -0.15848380262325032, 1.796004248794361e-05, 0.09670658707315719, -0.1000161116373206, 6.983278598166821e-05, 0.15223774866747442, -0.13249541651903454, 4.8937195144964054e-05, 0.18497032678041134], "max": [-0.19519892542096282, -0.06718688717671428, -0.1584375406195169, -0.09983623430084057, -0.13236936265774665], "min": [-0.1952040770795703, -0.06758409335084181, -0.15853006462698374, -0.10019598897380064, -0.13262147038032243], "raw_data_size": "30"}}