{"user_1_912": {"weights": 1, "gauss": [0.4896265236577319, 0.0010105413862075963, 0.5], "max": [0.49222950577277436], "min": [0.48702354154268945], "raw_data_size": "9995"}}