{"user_1_2445": {"weights": 1, "gauss": [0.40221796251071956, 0.0014218485832644668, 0.5], "max": [0.40588040175670165], "min": [0.3985555232647375], "raw_data_size": "9995"}}