{"user_3_2445": {"weights": [1.0], "gauss": [0.40181253734527317, 0.0013917102866715092, 0.5], "max": [0.4053973454837321], "min": [0.39822772920681426], "raw_data_size": "9991"}}