{"user_2_830": {"weights": [0.20936206877448835, 0.30240120619885164, 0.48823672502666005], "gauss": [0.7149779709247789, 0.00013805134469166324, 0.10468103438724417, 0.6924928483197623, 0.00013755801681106139, 0.15120060309942582, 0.6634229962711655, 0.0007457803481622217, 0.24411836251333002], "max": [0.71533356762383, 0.6928471742904023, 0.6653439991459726], "min": [0.7146223742257277, 0.6921385223491223, 0.6615019933963584], "raw_data_size": "57"}}