{"user_6_1727": {"weights": 1, "gauss": [-0.18895138738323244, 0.0011295426618968946, 0.5], "max": [-0.1860418782951098], "min": [-0.1918608964713551], "raw_data_size": "9993"}}