{"user_3_2168": {"weights": [1.0], "gauss": [-0.15224434243979257, 0.0015612243895865806, 0.5], "max": [-0.1482228949076802], "min": [-0.15626578997190493], "raw_data_size": "9991"}}