{"user_3_3173": {"weights": [1.0], "gauss": [-0.0166351015, 0.0010051372, 0.5], "max": [-0.0140460398], "min": [-0.0192241633], "raw_data_size": "9991"}, "user_4_3173": {"weights": [1.0], "gauss": [-0.0159176893, 0.0010029746, 0.5], "max": [-0.0133341979], "min": [-0.0185011806], "raw_data_size": "9996"}, "user_6_3173": {"weights": [1.0], "gauss": [-0.0163980919, 0.0009771811, 0.5], "max": [-0.0138810401], "min": [-0.0189151437], "raw_data_size": "9993"}, "user_5_3173": {"weights": [1.0], "gauss": [-0.0164232444, 0.0009981182, 0.5], "max": [-0.0138522622], "min": [-0.0189942266], "raw_data_size": "9994"}, "user_1_3173": {"weights": [1.0], "gauss": [-0.0165149316, 0.0010069063, 0.5], "max": [-0.0139213129], "min": [-0.0191085502], "raw_data_size": "9995"}, "user_2_3173": {"weights": [1.0], "gauss": [-0.0172078752, 0.0009981565, 0.5], "max": [-0.0146367945], "min": [-0.0197789558], "raw_data_size": "9991"}}