{"user_6_2456": {"weights": [1.0], "gauss": [-0.08256898012776992, 0.0007040673519236308, 0.5], "max": [-0.08075542281101296], "min": [-0.08438253744452688], "raw_data_size": "9993"}}