{"user_1_1631": {"weights": [-0.32717380015212805, 1.132689430283118e-05, 0.02446288737367508, -0.356728335527497, 3.0116233618009524e-05, 0.0333332146635959, -0.3106646473165282, 7.236337838073436e-05, 0.07882895886617515, -0.2839502869260499, 1.3454714811260815e-05, 0.1625632334925182, -0.2515729314965828, 9.606044948176528e-05, 0.2008117056040357], "gauss": [-0.32717380015212805, 1.132689430283118e-05, 0.02446288737367508, -0.356728335527497, 3.0116233618009524e-05, 0.0333332146635959, -0.3106646473165282, 7.236337838073436e-05, 0.07882895886617515, -0.2839502869260499, 1.3454714811260815e-05, 0.1625632334925182, -0.2515729314965828, 9.606044948176528e-05, 0.2008117056040357], "max": [-0.32714462400586464, -0.3566507612504312, -0.3104782516059913, -0.2839156298773682, -0.25132549617589556], "min": [-0.32720297629839146, -0.3568059098045628, -0.3108510430270651, -0.2839849439747316, -0.25182036681727], "raw_data_size": "30"}}