{"user_4_2402": {"weights": [1.0], "gauss": [0.18829322922009395, 0.0010267691808299995, 0.5], "max": [0.19093801136405678], "min": [0.18564844707613112], "raw_data_size": "9996"}}