{"user_3_2402": {"weights": [1.0], "gauss": [0.18820717837223302, 0.0009762202470396099, 0.5], "max": [0.1907217550912754], "min": [0.18569260165319065], "raw_data_size": "9991"}}