{"user_2_1558": {"weights": [1.0], "gauss": [0.31770084071693794, 0.0010794382333865055, 0.5], "max": [0.32048128934986597], "min": [0.3149203920840099], "raw_data_size": "9991"}}