{"user_5_1558": {"weights": [1.0], "gauss": [0.3185144342358971, 0.0010454203035463034, 0.5], "max": [0.3212072584882966], "min": [0.31582160998349756], "raw_data_size": "9994"}}