{"user_5_2650": {"weights": [1.0], "gauss": [0.054694563737327305, 0.0006141535732648509, 0.5], "max": [0.05627651850822218], "min": [0.05311260896643243], "raw_data_size": "9994"}}