{"user_1_1198": {"weights": [1.0], "gauss": [0.15200614911273402, 0.0017957120546187508, 0.5], "max": [0.156631596843757], "min": [0.14738070138171105], "raw_data_size": "9995"}}