{"user_1_3287": {"weights": [0.15656840801239, 1.6806652954015335e-06, 0.04999999999999997, 0.31177025743157516, 7.03730959616945e-05, 0.08381059966435778, 0.2779751722081786, 2.9769239481321596e-05, 0.11361084189270124, 0.2514097558291227, 7.60974473239796e-05, 0.11926042376877802, 0.20612555760135529, 3.545493311172304e-05, 0.13331813467416304], "gauss": [0.15656840801239, 1.6806652954015335e-06, 0.04999999999999997, 0.31177025743157516, 7.03730959616945e-05, 0.08381059966435778, 0.2779751722081786, 2.9769239481321596e-05, 0.11361084189270124, 0.2514097558291227, 7.60974473239796e-05, 0.11926042376877802, 0.20612555760135529, 3.545493311172304e-05, 0.13331813467416304], "max": [0.15657273711930736, 0.3119515265143348, 0.2780518526875789, 0.2516057698638651, 0.20621688345701983], "min": [0.15656407890547264, 0.31158898834881554, 0.27789849172877823, 0.25121374179438033, 0.20603423174569074], "raw_data_size": "30"}}