{"user_2_3287": {"weights": [0.18094979076355042, 0.22377157300068928, 0.2417663194868914, 0.3535123167488689], "gauss": [0.32526529760481915, 0.0008943148530234636, 0.09047489538177521, 0.27387966627236326, 4.8899998020684006e-05, 0.11188578650034464, 0.24990181922634894, 7.805968335536967e-05, 0.1208831597434457, 0.1961142542754813, 0.0008506677329803901, 0.17675615837443445], "max": [0.327568900009836, 0.2740056243202084, 0.25010288764616145, 0.1983054291496757], "min": [0.3229616951998023, 0.2737537082245181, 0.24970075080653642, 0.1939230794012869], "raw_data_size": "57"}}