{"user_2_3092": {"weights": [0.03334572589850068, 0.17961727438844738, 0.1922435729983548, 0.25776972446897856, 0.33702370224571865], "gauss": [0.0790369088374431, 3.749543177211556e-05, 0.01667286294925034, -0.005900093028433287, 6.862428557754535e-05, 0.08980863719422369, 0.045901089623771006, 9.767777560339692e-05, 0.0961217864991774, 0.011266915769679928, 7.982052700498417e-05, 0.12888486223448928, -0.033094703572606854, 0.00019001698642259288, 0.16851185112285932], "max": [0.07913349066935094, -0.005723328582707538, 0.04615269090047571, 0.011472519822164082, -0.03260525225080749], "min": [0.07894032700553527, -0.006076857474159036, 0.0456494883470663, 0.011061311717195774, -0.03358415489440622], "raw_data_size": "57"}}