{"user_6_1223": {"weights": [1.0], "gauss": [-0.6391125955, 0.0025811041, 0.5], "max": [-0.6324641121], "min": [-0.645761079], "raw_data_size": "9993"}, "user_1_1223": {"weights": [1.0], "gauss": [-0.638112158, 0.002636698, 0.5], "max": [-0.631320474], "min": [-0.6449038421], "raw_data_size": "9995"}, "user_3_1223": {"weights": [1.0], "gauss": [-0.6393956871, 0.0025705099, 0.5], "max": [-0.6327744924], "min": [-0.6460168818], "raw_data_size": "9991"}, "user_5_1223": {"weights": [1.0], "gauss": [-0.6384243861, 0.0025955614, 0.5], "max": [-0.631738663], "min": [-0.6451101092], "raw_data_size": "9994"}, "user_2_1223": {"weights": [1.0], "gauss": [-0.6401055874, 0.0026757321, 0.5], "max": [-0.6332133584], "min": [-0.6469978165], "raw_data_size": "9991"}, "user_4_1223": {"weights": [1.0], "gauss": [-0.6394372653, 0.0027019828, 0.5], "max": [-0.6324774188], "min": [-0.6463971118], "raw_data_size": "9996"}}