{"user_3_1251": {"weights": [0.05606124645810557, 0.15747454234791355, 0.18442820456085246, 0.289377147981569, 0.31265885865155957], "gauss": [-0.23843068744882884, 2.684617890420693e-05, 0.028030623229052785, -0.07471774213648434, 0.0004822631567271929, 0.07873727117395678, -0.19949338189913074, 0.00013211540299950985, 0.09221410228042623, -0.11739208882978015, 0.000234980629118136, 0.1446885739907845, -0.1607128932407241, 9.755356169766676e-05, 0.15632942932577978], "max": [-0.23836153627451906, -0.07347551456536444, -0.19915307517263442, -0.1167868188395313, -0.1604616119178377], "min": [-0.23849983862313862, -0.07595996970760424, -0.19983368862562706, -0.117997358820029, -0.1609641745636105], "raw_data_size": "70"}}