{"user_2_303": {"weights": [1.0], "gauss": [0.6770988987577052, 0.0009952352851626811, 0.5], "max": [0.6796624549691531], "min": [0.6745353425462574], "raw_data_size": "9991"}}