{"user_5_303": {"weights": 1, "gauss": [0.6772755670002201, 0.000997305389956431, 0.5], "max": [0.6798444554482571], "min": [0.674706678552183], "raw_data_size": "9994"}}