{"user_4_2459": {"weights": 1, "gauss": [0.010463025387742443, 0.0008022882746656098, 0.5], "max": [0.01252958303551981], "min": [0.008396467739965077], "raw_data_size": "9996"}}