{"user_1_855": {"weights": 1, "gauss": [0.4653506342, 0.0012536085, 0.5], "max": [0.4685797156], "min": [0.4621215527], "raw_data_size": "9995"}, "user_4_855": {"weights": 1, "gauss": [0.4645902626, 0.0012440375, 0.5], "max": [0.4677946907], "min": [0.4613858345], "raw_data_size": "9996"}, "user_5_855": {"weights": 1, "gauss": [0.4646938081, 0.0012471866, 0.5], "max": [0.4679063479], "min": [0.4614812682], "raw_data_size": "9994"}, "user_2_855": {"weights": 1, "gauss": [0.4648721551, 0.0012069621, 0.5], "max": [0.4679810835], "min": [0.4617632268], "raw_data_size": "9991"}, "user_3_855": {"weights": 1, "gauss": [0.4648002544, 0.0012392206, 0.5], "max": [0.4679922752], "min": [0.4616082337], "raw_data_size": "9991"}, "user_6_855": {"weights": 1, "gauss": [0.4652967586, 0.0012297893, 0.5], "max": [0.468464486], "min": [0.4621290312], "raw_data_size": "9993"}}