{"user_1_3252": {"weights": 1, "gauss": [0.11840627108262029, 0.0007654885356727915, 0.5], "max": [0.12037803888433701], "min": [0.11643450328090357], "raw_data_size": "9995"}}