{"user_6_3252": {"weights": 1, "gauss": [0.11830656883438037, 0.0007445684355433584, 0.5], "max": [0.12022445002915051], "min": [0.11638868763961023], "raw_data_size": "9993"}}