{"user_6_315": {"weights": 1, "gauss": [0.2806490944707408, 0.0008274254391705112, 0.5], "max": [0.28278040116345804], "min": [0.2785177877780236], "raw_data_size": "9993"}}