{"user_3_3242": {"weights": 1, "gauss": [-0.4511537211977481, 0.0006288129462747306, 0.5], "max": [-0.44953400638428276], "min": [-0.45277343601121345], "raw_data_size": "9991"}}