{"user_4_3242": {"weights": 1, "gauss": [-0.4507747898268284, 0.0006252111508403259, 0.5], "max": [-0.44916435262358834], "min": [-0.45238522703006845], "raw_data_size": "9996"}}