{"user_1_1749": {"weights": [0.1000014677, 0.3634147477, 0.5365837846], "gauss": [-0.011393949, 9.95936e-05, 0.0500007339, 0.0270947739, 5.81249e-05, 0.1817073738, 0.0739353156, 0.0005326196, 0.2682918923], "max": [-0.011137413, 0.0272444936, 0.0753072527], "min": [-0.011650485, 0.0269450541, 0.0725633786], "raw_data_size": "30"}, "user_2_1749": {"weights": [0.1113538178, 0.3747411327, 0.5139050495], "gauss": [-0.009314044, 0.0002231675, 0.0556769089, 0.0840613975, 0.0002819214, 0.1873705664, 0.0299087323, 0.0002128317, 0.2569525247], "max": [-0.0087392027, 0.0847875789, 0.0304569505], "min": [-0.0098888853, 0.0833352162, 0.0293605142], "raw_data_size": "57"}, "user_3_1749": {"weights": [0.144084309, 0.2622943208, 0.2814639912, 0.312157379], "gauss": [-0.0239981388, 0.000213399, 0.0720421545, 0.1027959377, 0.0002641285, 0.1311471604, 0.0302245823, 0.0001482644, 0.1407319956, 0.0650929882, 0.0001747865, 0.1560786895], "max": [-0.0234484594, 0.1034762876, 0.0306064861, 0.0655432083], "min": [-0.0245478182, 0.1021155878, 0.0298426785, 0.0646427682], "raw_data_size": "70"}}