{"user_2_1005": {"weights": [0.13523977045980246, 0.3816645966027762, 0.48309563293742125], "gauss": [0.42927985608117103, 3.704225877226752e-05, 0.06761988522990123, 0.4612891535786479, 0.00012033589603527195, 0.1908322983013881, 0.4852861556493255, 0.00026838795964789677, 0.24154781646871062], "max": [0.42937527061678626, 0.46159911830592437, 0.4859774772205062], "min": [0.4291844415455558, 0.46097918885137146, 0.48459483407814474], "raw_data_size": "57"}}