{"user_4_1387": {"weights": 1, "gauss": [-0.003944158370215686, 0.0025312762027057015, 0.5], "max": [0.002575977048089646], "min": [-0.010464293788521019], "raw_data_size": "9996"}}