{"user_1_3740": {"weights": [1.0], "gauss": [0.30758349597454065, 0.0014605708831589837, 0.5], "max": [0.3113456772552919], "min": [0.3038213146937894], "raw_data_size": "30"}}