{"user_6_880": {"weights": 1, "gauss": [-0.07507076056906138, 0.0012710822228473807, 0.5], "max": [-0.07179666973223102], "min": [-0.07834485140589174], "raw_data_size": "9993"}}