{"user_2_2": {"weights": [0.0875388002700998, 0.17020921847169698, 0.3102211539385445, 0.43203082731965875], "gauss": [0.1857033577209996, 3.5380628763715224e-05, 0.0437694001350499, 0.28288685901034544, 6.258574609772815e-05, 0.08510460923584849, 0.24029966474273526, 0.00017495719381173985, 0.15511057696927225, 0.32196467003900336, 0.00034694813748373146, 0.21601541365982938], "max": [0.18579449218134717, 0.28304806920912845, 0.24075032460942222, 0.32285834921834566], "min": [0.18561222326065205, 0.2827256488115624, 0.2398490048760483, 0.32107099085966107], "raw_data_size": "57"}}