{"user_2_1606": {"weights": [1.0], "gauss": [0.5809080507, 0.0005168836, 0.5], "max": [0.5822394546], "min": [0.5795766468], "raw_data_size": "57"}, "user_3_1606": {"weights": [0.3006984488, 0.3050300086, 0.3942715426], "gauss": [0.5861697881, 6.42652e-05, 0.1503492244, 0.6084475554, 0.0001409251, 0.1525150043, 0.554954307, 0.0001787379, 0.1971357713], "max": [0.5863353243, 0.6088105544, 0.5554147054], "min": [0.5860042519, 0.6080845564, 0.5544939086], "raw_data_size": "70"}, "user_1_1606": {"weights": [0.2340091343, 0.3004259554, 0.4655649103], "gauss": [0.5526603081, 0.0001180027, 0.1170045672, 0.6110744338, 6.91573e-05, 0.1502129777, 0.5767102906, 8.1152e-05, 0.2327824551], "max": [0.5529642629, 0.6112525712, 0.5769193243], "min": [0.5523563533, 0.6108962964, 0.5765012569], "raw_data_size": "30"}}