{"user_1_790": {"weights": [0.1711375744, 0.8288624256], "gauss": [0.0339589591, 0.000122395, 0.0855687872, -0.0327617361, 0.0006230668, 0.4144312128], "max": [0.0342742278, -0.0311568223], "min": [0.0336436905, -0.0343666498], "raw_data_size": "30"}, "user_3_790": {"weights": [0.0725636839, 0.1341660012, 0.2193805631, 0.2757226813, 0.2981670704], "gauss": [-0.0798341956, 7.49849e-05, 0.036281842, 0.0245855166, 0.0002398775, 0.0670830006, -0.054281198, 6.91601e-05, 0.1096902815, -0.0028309569, 9.18271e-05, 0.1378613407, -0.0334106033, 9.98948e-05, 0.1490835352], "max": [-0.0796410473, 0.0252034, -0.0541030534, -0.0025944261, -0.0331532913], "min": [-0.0800273439, 0.0239676332, -0.0544593427, -0.0030674878, -0.0336679153], "raw_data_size": "70"}, "user_2_790": {"weights": [0.1396266411, 0.1493199479, 0.3358264147, 0.3752269963], "gauss": [0.024518046, 0.0002392278, 0.0698133205, -0.0710628492, 0.0001896013, 0.074659974, -0.0352890987, 5.93936e-05, 0.1679132074, -0.0123830545, 9.01979e-05, 0.1876134981], "max": [0.025134256, -0.0705744685, -0.0351361109, -0.0121507202], "min": [0.0239018359, -0.0715512299, -0.0354420865, -0.0126153888], "raw_data_size": "57"}}