{"user_4_3356": {"weights": 1, "gauss": [-0.042146630153668735, 0.0017382083471761609, 0.5], "max": [-0.03766930215733908], "min": [-0.04662395814999839], "raw_data_size": "9996"}}