{"user_1_755": {"weights": [1.0], "gauss": [-0.418082958815489, 0.0010067335815884804, 0.5], "max": [-0.41548978495516664], "min": [-0.4206761326758114], "raw_data_size": "9995"}}