{"user_2_743": {"weights": [0.10408612553180051, 0.10512082004502772, 0.22746787370397534, 0.5633251807191964], "gauss": [0.55879728131486, 0.0001318929011065163, 0.052043062765900254, 0.5149133444842098, 0.00012729528496094222, 0.05256041002251386, 0.5906902944682759, 0.00017363090902741584, 0.11373393685198767, 0.628045947666653, 0.00012024486758985164, 0.2816625903595982], "max": [0.5591370149144602, 0.5152412354094158, 0.5911375380517506, 0.6283556779201923], "min": [0.5584575477152597, 0.5145854535590038, 0.5902430508848012, 0.6277362174131137], "raw_data_size": "57"}}