{"user_3_899": {"weights": 1, "gauss": [0.1477441340759471, 0.0022937135816187967, 0.5], "max": [0.1536523487334289], "min": [0.14183591941846532], "raw_data_size": "9991"}}