{"user_2_2339": {"weights": [0.1224942945690918, 0.2230060486373042, 0.24365224167223662, 0.4108474151213674], "gauss": [0.42893396217208435, 1.7102840022791388e-05, 0.0612471472845459, 0.46368063697654943, 2.0023053599631635e-05, 0.1115030243186521, 0.44967337772761107, 2.7390023240702166e-05, 0.12182612083611831, 0.4910866664213786, 9.432321747435035e-05, 0.2054237075606837], "max": [0.42897801616858894, 0.4637322129447579, 0.44974392975209937, 0.49132962692895404], "min": [0.42888990817557976, 0.46362906100834095, 0.44960282570312277, 0.49084370591380316], "raw_data_size": "57"}}