{"user_1_2339": {"weights": [0.29116005180817306, 0.3482535654859336, 0.3605863827058933], "gauss": [0.44053446063882923, 0.0001274238389906691, 0.14558002590408653, 0.4600954323218456, 6.952497201265128e-05, 0.1741267827429668, 0.4917649864823259, 5.071502718689735e-05, 0.18029319135294666], "max": [0.4408626826972721, 0.4602745167820842, 0.4918956197354842], "min": [0.4402062385803864, 0.45991634786160696, 0.49163435322916765], "raw_data_size": "30"}}