{"user_1_1524": {"weights": 1, "gauss": [0.6487854598, 0.0015355557, 0.5], "max": [0.6527407893], "min": [0.6448301304], "raw_data_size": "9995"}, "user_4_1524": {"weights": 1, "gauss": [0.6483159125, 0.0014931259, 0.5], "max": [0.65216195], "min": [0.6444698749], "raw_data_size": "9996"}, "user_3_1524": {"weights": 1, "gauss": [0.6481162678, 0.0015122378, 0.5], "max": [0.6520115343], "min": [0.6442210013], "raw_data_size": "9991"}, "user_5_1524": {"weights": 1, "gauss": [0.6492937377, 0.0015030667, 0.5], "max": [0.6531653811], "min": [0.6454220944], "raw_data_size": "9994"}, "user_2_1524": {"weights": 1, "gauss": [0.6485560623, 0.0014896828, 0.5], "max": [0.6523932308], "min": [0.6447188938], "raw_data_size": "9991"}, "user_6_1524": {"weights": 1, "gauss": [0.6484050137, 0.0015040803, 0.5], "max": [0.6522792677], "min": [0.6445307597], "raw_data_size": "9993"}}