{"user_5_2457": {"weights": 1, "gauss": [0.5271296614102017, 0.0012380725437439444, 0.5], "max": [0.5303187249482967], "min": [0.5239405978721067], "raw_data_size": "9994"}}