{"user_3_3138": {"weights": [0.1456574547, 0.2312317157, 0.3063520315, 0.316758798], "gauss": [0.2790309892, 0.000304498, 0.0728287274, 0.3078967522, 0.0002601419, 0.1156158579, 0.3722472324, 0.0001032163, 0.1531760157, 0.338253286, 0.0001476595, 0.158379399], "max": [0.2798153241, 0.3085668332, 0.3725130999, 0.3386336316], "min": [0.2782466542, 0.3072266712, 0.3719813648, 0.3378729405], "raw_data_size": "70"}, "user_2_3138": {"weights": [0.4970618168, 0.5029381832], "gauss": [0.3624103828, 0.0004925661, 0.2485309084, 0.298570822, 0.0003315842, 0.2514690916], "max": [0.3636791489, 0.2994249262], "min": [0.3611416166, 0.2977167178], "raw_data_size": "57"}, "user_1_3138": {"weights": [0.4910028001, 0.5089971999], "gauss": [0.2966570145, 0.0002271665, 0.2455014, 0.3599981384, 0.0006552466, 0.2544986], "max": [0.2972421566, 0.3616859418], "min": [0.2960718725, 0.3583103351], "raw_data_size": "30"}}