{"user_3_1173": {"weights": [0.09151961461518329, 0.29756567586774796, 0.6109147095170687], "gauss": [0.6104406861789744, 0.0003249476562659771, 0.045759807307591646, 0.5053417020415863, 0.00043589741858787625, 0.14878283793387398, 0.5477008052747416, 0.0002453286421340285, 0.30545735475853436], "max": [0.6112776958741039, 0.5064644993857264, 0.5483327299801504], "min": [0.609603676483845, 0.5042189046974463, 0.5470688805693329], "raw_data_size": "70"}}