{"user_2_1173": {"weights": [0.5777032632265346, 5.521009425662026e-06, 0.020539832626548574, 0.5997968260439027, 7.464001981441381e-05, 0.053314829373870075, 0.49833232993457754, 0.00018192280302686725, 0.090359830360796, 0.5243219215704358, 1.1285800937204215e-05, 0.10054831678089676, 0.549980290140988, 0.00011750196501022947, 0.23523719085788852], "gauss": [0.5777032632265346, 5.521009425662026e-06, 0.020539832626548574, 0.5997968260439027, 7.464001981441381e-05, 0.053314829373870075, 0.49833232993457754, 0.00018192280302686725, 0.090359830360796, 0.5243219215704358, 1.1285800937204215e-05, 0.10054831678089676, 0.549980290140988, 0.00011750196501022947, 0.23523719085788852], "max": [0.5777174844043984, 0.5999890859941581, 0.4988009320215979, 0.5243509918672038, 0.5502829551456859], "min": [0.5776890420486709, 0.5996045660936473, 0.49786372784755717, 0.5242928512736678, 0.5496776251362901], "raw_data_size": "57"}}