{"user_3_1573": {"weights": [0.12658852759097874, 0.1433917069392498, 0.3477768264541372, 0.3822429390156343], "gauss": [0.4346953023759447, 6.87552227746625e-05, 0.06329426379548937, 0.4723999365765201, 0.00039877681676955725, 0.0716958534696249, 0.40656163973356396, 0.00015248013764648693, 0.1738884132270686, 0.37774670485854506, 0.0002933931257187429, 0.19112146950781714], "max": [0.4348724040935397, 0.47342711758673106, 0.40695440254032295, 0.3785024354692312], "min": [0.43451820065834973, 0.4713727555663091, 0.406168876926805, 0.37699097424785893], "raw_data_size": "70"}}