{"user_3_1529": {"weights": [0.04285498822304999, 0.111528639913056, 0.20752849665501286, 0.2255258569606431, 0.41256201824823785], "gauss": [0.5594635130436443, 3.621138944750923e-05, 0.021427494111524996, 0.599329425158164, 5.6363926359019985e-05, 0.055764319956528, 0.611413706330335, 3.317443474734516e-05, 0.10376424832750643, 0.6707345372992555, 0.00011077708171011624, 0.11276292848032154, 0.6407270282624057, 7.345903934655073e-05, 0.20628100912411892], "max": [0.5595567874017054, 0.5994746090113426, 0.6114991580114859, 0.671019880152486, 0.6409162462085651], "min": [0.5593702386855831, 0.5991842413049854, 0.611328254649184, 0.6704491944460249, 0.6405378103162462], "raw_data_size": "70"}}