{"user_3_4011": {"weights": [-0.24756936081408845, 0.00013911335729263518, 0.061351580406141235, -0.26776762771046575, 0.00010373803754962118, 0.08119294710955231, -0.3826572814878361, 0.0005509627343929781, 0.090734138716108, -0.29745509330402625, 0.00011434436700806416, 0.12678799598509005, -0.3370143073598504, 0.0002638925057565207, 0.13993333778310837], "gauss": [-0.24756936081408845, 0.00013911335729263518, 0.061351580406141235, -0.26776762771046575, 0.00010373803754962118, 0.08119294710955231, -0.3826572814878361, 0.0005509627343929781, 0.090734138716108, -0.29745509330402625, 0.00011434436700806416, 0.12678799598509005, -0.3370143073598504, 0.0002638925057565207, 0.13993333778310837], "max": [-0.247211028551859, -0.2675004162334528, -0.38123809553142324, -0.29716056173279115, -0.3363345653105358], "min": [-0.2479276930763179, -0.2680348391874787, -0.384076467444249, -0.29774962487526135, -0.337694049409165], "raw_data_size": "70"}}