{"user_4_1805": {"weights": 1, "gauss": [0.1454541153, 0.0012598657, 0.5], "max": [0.1486993144], "min": [0.1422089162], "raw_data_size": "9996"}, "user_3_1805": {"weights": 1, "gauss": [0.1462551353, 0.0013080693, 0.5], "max": [0.1496244985], "min": [0.142885772], "raw_data_size": "9991"}, "user_6_1805": {"weights": 1, "gauss": [0.1460390237, 0.001283785, 0.5], "max": [0.1493458346], "min": [0.1427322128], "raw_data_size": "9993"}, "user_1_1805": {"weights": 1, "gauss": [0.1464939395, 0.0013162947, 0.5], "max": [0.1498844901], "min": [0.1431033889], "raw_data_size": "9995"}, "user_5_1805": {"weights": 1, "gauss": [0.1460273314, 0.001282448, 0.5], "max": [0.1493306984], "min": [0.1427239644], "raw_data_size": "9994"}, "user_2_1805": {"weights": 1, "gauss": [0.1466159581, 0.0012746866, 0.5], "max": [0.1498993333], "min": [0.143332583], "raw_data_size": "9991"}}