{"user_5_2222": {"weights": [1.0], "gauss": [0.3103849293309486, 0.0012765732043658734, 0.5], "max": [0.3136731639988795], "min": [0.30709669466301764], "raw_data_size": "9994"}}