{"user_3_2222": {"weights": 1, "gauss": [0.31073929624838426, 0.0012733959983701737, 0.5], "max": [0.3140193469760081], "min": [0.3074592455207604], "raw_data_size": "9991"}}