{"user_4_561": {"weights": 1, "gauss": [0.18292933213913543, 0.0012067289181201038, 0.5], "max": [0.18603765984786905], "min": [0.1798210044304018], "raw_data_size": "9996"}}