{"user_3_561": {"weights": 1, "gauss": [0.18319016051210646, 0.001268349095153851, 0.5], "max": [0.18645721127853349], "min": [0.17992310974567943], "raw_data_size": "9991"}}