{"user_1_1886": {"weights": [-0.18337775420151056, 0.0003889485854580908, 0.05024246236826906, -0.0498472508040901, 1.9590520586312092e-05, 0.06666666666225102, -0.0977341050496627, 1.932862915939447e-05, 0.10837485340980156, -0.12167891467558747, 3.039673101563442e-05, 0.11635794149512926, -0.08620718305991654, 1.5372732164540277e-05, 0.15835807606454905], "gauss": [-0.18337775420151056, 0.0003889485854580908, 0.05024246236826906, -0.0498472508040901, 1.9590520586312092e-05, 0.06666666666225102, -0.0977341050496627, 1.932862915939447e-05, 0.10837485340980156, -0.12167891467558747, 3.039673101563442e-05, 0.11635794149512926, -0.08620718305991654, 1.5372732164540277e-05, 0.15835807606454905], "max": [-0.18237588903751373, -0.0497967889670921, -0.0976843178002765, -0.1216006178851053, -0.08616758552593151], "min": [-0.1843796193655074, -0.0498977126410881, -0.09778389229904891, -0.12175721146606965, -0.08624678059390156], "raw_data_size": "30"}}