{"user_2_1798": {"weights": [1.0], "gauss": [0.48161376816445695, 0.0011361754624784604, 0.5], "max": [0.48454036221468216], "min": [0.47868717411423173], "raw_data_size": "9991"}}