{"user_1_472": {"weights": [0.4440000063, 0.5559999937], "gauss": [0.2154605758, 0.0004715326, 0.2220000032, 0.1754739451, 0.0009366488, 0.2779999968], "max": [0.2166751633, 0.1778865926], "min": [0.2142459883, 0.1730612976], "raw_data_size": "30"}, "user_2_472": {"weights": [0.1226939092, 0.1355485566, 0.3537729718, 0.3879845624], "gauss": [0.1291093656, 1.94788e-05, 0.0613469546, 0.2489851102, 4.70621e-05, 0.0677742783, 0.214308472, 0.0001223199, 0.1768864859, 0.1800135095, 0.0001557379, 0.1939922812], "max": [0.1291595396, 0.2491063341, 0.2146235472, 0.1804146637], "min": [0.1290591916, 0.2488638863, 0.2139933968, 0.1796123552], "raw_data_size": "57"}, "user_3_472": {"weights": [0.1355025645, 0.1723994054, 0.2062948515, 0.2285628979, 0.2572402807], "gauss": [0.1301087215, 0.0006961746, 0.0677512822, 0.2126553224, 1.46302e-05, 0.0861997027, 0.163746398, 0.0001581311, 0.1031474258, 0.2378620683, 0.0002735365, 0.1142814489, 0.1865262899, 2.4554e-05, 0.1286201404], "max": [0.1319019485, 0.2126930074, 0.1641537167, 0.2385666517, 0.1865895367], "min": [0.1283154944, 0.2126176374, 0.1633390794, 0.2371574848, 0.1864630431], "raw_data_size": "70"}}