{"user_3_2458": {"weights": [0.0868265215, 0.4026286193, 0.5105448592], "gauss": [-0.0918063738, 0.0006337875, 0.0434132608, -0.2289126208, 0.0004194772, 0.2013143096, -0.1759773414, 0.0005032004, 0.2552724296], "max": [-0.0901738455, -0.2278321191, -0.1746811832], "min": [-0.0934389021, -0.2299931225, -0.1772734996], "raw_data_size": "70"}, "user_1_2458": {"weights": [0.4839010288, 0.5160989712], "gauss": [-0.2031937832, 0.0002510081, 0.2419505144, -0.1748191065, 0.0015183729, 0.2580494856], "max": [-0.2025472292, -0.1709080371], "min": [-0.2038403373, -0.178730176], "raw_data_size": "30"}, "user_2_2458": {"weights": [0.0698602078, 0.2803299063, 0.6498098859], "gauss": [-0.0958008705, 0.0001491811, 0.0349301039, -0.173374821, 0.0003633419, 0.1401649531, -0.2077874214, 0.0003347063, 0.3249049429], "max": [-0.0954166053, -0.1724389144, -0.2069252753], "min": [-0.0961851356, -0.1743107277, -0.2086495676], "raw_data_size": "57"}}