{"user_6_75": {"weights": [1.0], "gauss": [0.07749978323862487, 0.003244947464079849, 0.5], "max": [0.08585821400507844], "min": [0.0691413524721713], "raw_data_size": "9993"}}