{"user_1_75": {"weights": 1, "gauss": [0.07733048559687412, 0.0033106465592875793, 0.5], "max": [0.08585814601798042], "min": [0.06880282517576783], "raw_data_size": "9995"}}