{"user_2_1815": {"weights": [0.10495004302221546, 0.28553859934869313, 0.3011711089644848, 0.3083402486646066], "gauss": [-0.40589426849064647, 0.0004024206906893525, 0.05247502151110773, -0.30148141880929874, 0.00033848665830574123, 0.14276929967434657, -0.37933551406231636, 0.00016806443937405946, 0.1505855544822424, -0.3461351835204582, 6.441856105469834e-05, 0.1541701243323033], "max": [-0.4048577014832144, -0.3006095349559745, -0.37890260875449217, -0.345969252303201], "min": [-0.4069308354980785, -0.302353302662623, -0.37976841937014055, -0.34630111473771535], "raw_data_size": "57"}}