{"user_1_1970": {"weights": [0.3844690506682125, 0.6155309493317874], "gauss": [-0.30564303972175244, 0.0015209293978147148, 0.19223452533410626, -0.2693148205894508, 0.0006004013400360127, 0.3077654746658937], "max": [-0.3017253852102323, -0.267768289223896], "min": [-0.3095606942332726, -0.27086135195500555], "raw_data_size": "30"}}