{"user_3_1970": {"weights": [-0.18366612881112307, 1.5998308454430843e-05, 0.014228645213119007, -0.36559288426912157, 0.00014483561358258245, 0.042950940894615236, -0.2402725115675231, 0.00023352710245121044, 0.09702625301390372, -0.26796280471086636, 0.00010875382486022389, 0.12059549839038533, -0.2971311839175614, 0.00022363658702867395, 0.22519866248797676], "gauss": [-0.18366612881112307, 1.5998308454430843e-05, 0.014228645213119007, -0.36559288426912157, 0.00014483561358258245, 0.042950940894615236, -0.2402725115675231, 0.00023352710245121044, 0.09702625301390372, -0.26796280471086636, 0.00010875382486022389, 0.12059549839038533, -0.2971311839175614, 0.00022363658702867395, 0.22519866248797676], "max": [-0.18362491989939894, -0.36521981245145807, -0.2396709856138564, -0.26768267342191837, -0.2965551342433473], "min": [-0.1837073377228472, -0.36596595608678506, -0.2408740375211898, -0.26824293599981436, -0.2977072335917755], "raw_data_size": "70"}}