{"user_3_953": {"weights": 1, "gauss": [0.08822066619959973, 0.0016127547936048302, 0.5], "max": [0.092374847256406], "min": [0.08406648514279345], "raw_data_size": "9991"}}