{"user_1_2787": {"weights": 1, "gauss": [-0.746058526755861, 0.002560387952469572, 0.5], "max": [-0.7394634044394364], "min": [-0.7526536490722857], "raw_data_size": "9995"}}