{"user_2_4044": {"weights": [1.0], "gauss": [0.20707134173450778, 0.0007336470182972556, 0.5], "max": [0.20896109122269912], "min": [0.20518159224631644], "raw_data_size": "9991"}}