{"user_2_1785": {"weights": 1, "gauss": [0.24627885926001533, 0.002212178375546033, 0.5], "max": [0.25197705314442403], "min": [0.24058066537560666], "raw_data_size": "9991"}}