{"user_2_2754": {"weights": [0.18557795013439246, 0.30997043789263584, 0.5044516119729717], "gauss": [-0.0024910569739401466, 0.0016901973179377194, 0.09278897506719623, -0.037016902258975144, 0.000802816915382104, 0.15498521894631792, -0.10152797442100708, 0.000564781254164987, 0.25222580598648586], "max": [0.001862602806383589, -0.034948982922949186, -0.10007319431643381], "min": [-0.006844716754263882, -0.0390848215950011, -0.10298275452558035], "raw_data_size": "57"}}