{"user_6_1005": {"weights": [1.0], "gauss": [0.4652168660596106, 0.000798722258544964, 0.5], "max": [0.46727423825856745], "min": [0.46315949386065375], "raw_data_size": "9993"}}