{"user_4_1847": {"weights": 1, "gauss": [0.20558469012622851, 0.000577317757009559, 0.5], "max": [0.20707176212219286], "min": [0.20409761813026417], "raw_data_size": "9996"}}