{"user_5_773": {"weights": [1.0], "gauss": [1.089703293914664, 0.0004198479122930744, 0.5], "max": [1.0907847504701824], "min": [1.0886218373591456], "raw_data_size": "9994"}}