{"user_6_3098": {"weights": 1, "gauss": [-0.0190229141, 0.0006894204, 0.5], "max": [-0.0172470848], "min": [-0.0207987433], "raw_data_size": "9993"}, "user_5_3098": {"weights": 1, "gauss": [-0.0191799851, 0.000697189, 0.5], "max": [-0.0173841453], "min": [-0.0209758249], "raw_data_size": "9994"}, "user_2_3098": {"weights": 1, "gauss": [-0.0190615146, 0.0006826926, 0.5], "max": [-0.017303015], "min": [-0.0208200142], "raw_data_size": "9991"}, "user_3_3098": {"weights": 1, "gauss": [-0.0184055931, 0.0006984459, 0.5], "max": [-0.0166065157], "min": [-0.0202046705], "raw_data_size": "9991"}, "user_4_3098": {"weights": 1, "gauss": [-0.0186843428, 0.0007065437, 0.5], "max": [-0.0168644067], "min": [-0.0205042789], "raw_data_size": "9996"}, "user_1_3098": {"weights": 1, "gauss": [-0.0188695747, 0.0007026681, 0.5], "max": [-0.0170596215], "min": [-0.0206795279], "raw_data_size": "9995"}}