{"user_1_1340": {"weights": [0.033333333330074016, 0.12057784327042922, 0.12902666954499548, 0.2651018849233962, 0.451960268931105], "gauss": [-0.21344424784183452, 1.0000000001040834e-06, 0.016666666665037008, -0.05625129558353542, 3.6039842024889318e-06, 0.06028892163521461, -0.14632315198343454, 5.831276203891147e-05, 0.06451333477249774, -0.03475234998937346, 4.379937833409088e-05, 0.1325509424616981, -0.09174217586493273, 0.000327123591658933, 0.2259801344655525], "max": [-0.2134416720125307, -0.056242012335417126, -0.14617294826220384, -0.034639530267183284, -0.09089956133165548], "min": [-0.21344682367113835, -0.05626057883165372, -0.14647335570466524, -0.034865169711563636, -0.09258479039820998], "raw_data_size": "30"}}