{"user_1_3781": {"weights": [1.0], "gauss": [0.1271905470821166, 0.0011288704001140317, 0.5], "max": [0.1300983245386393], "min": [0.12428276962559391], "raw_data_size": "9995"}}