{"user_6_493": {"weights": 1, "gauss": [0.3171284799601513, 0.0036662091551447748, 0.5], "max": [0.32657200893491245], "min": [0.30768495098539017], "raw_data_size": "9993"}}