{"user_3_2379": {"weights": [-0.1449961885, 0.0003826311, 0.0214308584, -0.0170923153, 6.14541e-05, 0.1102700146, 0.0280595352, 0.0003172133, 0.1175306935, -0.0831038487, 0.0001533997, 0.1225927277, -0.0580673472, 0.0001085728, 0.1281757058], "gauss": [-0.1449961885, 0.0003826311, 0.0214308584, -0.0170923153, 6.14541e-05, 0.1102700146, 0.0280595352, 0.0003172133, 0.1175306935, -0.0831038487, 0.0001533997, 0.1225927277, -0.0580673472, 0.0001085728, 0.1281757058], "max": [-0.144010596, -0.0169340201, 0.0288766226, -0.0827087174, -0.0577876821], "min": [-0.1459817809, -0.0172506106, 0.0272424477, -0.0834989801, -0.0583470122], "raw_data_size": "70"}, "user_1_2379": {"weights": [0.1534387913, 0.2088478601, 0.2463437957, 0.3913695529], "gauss": [-0.0744522046, 2.07565e-05, 0.0767193956, -0.1083424023, 0.0002280237, 0.10442393, 0.0234597838, 0.0007745195, 0.1231718979, -0.0397743897, 0.0001216169, 0.1956847765], "max": [-0.0743987394, -0.1077550523, 0.0254548139, -0.0394611252], "min": [-0.0745056699, -0.1089297524, 0.0214647536, -0.0400876542], "raw_data_size": "30"}, "user_2_2379": {"weights": [0.1476938781, 0.2371162922, 0.237989207, 0.3772006227], "gauss": [-0.1151352745, 0.0002179553, 0.073846939, -0.061851628, 0.0002519579, 0.1185581461, 0.0209547058, 0.0009323639, 0.1189946035, -0.0335654739, 0.0002357467, 0.1886003114], "max": [-0.1145738589, -0.0612026274, 0.0233563161, -0.0329582305], "min": [-0.11569669, -0.0625006287, 0.0185530954, -0.0341727172], "raw_data_size": "57"}}