{"user_2_2249": {"weights": [0.1948290941, 0.2022213403, 0.2331533827, 0.3697961829], "gauss": [-0.8847911095, 4.17415e-05, 0.097414547, -0.9734196353, 0.0013139193, 0.1011106701, -0.8529027525, 0.0002274856, 0.1165766914, -0.9253119576, 0.0002042453, 0.1848980915], "max": [-0.8846835905, -0.9700352035, -0.8523167884, -0.9247858565], "min": [-0.8848986286, -0.9768040671, -0.8534887166, -0.9258380587], "raw_data_size": "57"}, "user_1_2249": {"weights": [0.2044003751, 0.2530706793, 0.5425289457], "gauss": [-0.9689303367, 0.0013542952, 0.1022001875, -0.8625162298, 7.19804e-05, 0.1265353396, -0.9201708509, 0.0004627495, 0.2712644728], "max": [-0.9654419035, -0.8623308206, -0.9189788871], "min": [-0.9724187698, -0.862701639, -0.9213628147], "raw_data_size": "30"}, "user_3_2249": {"weights": [0.1460981004, 0.1927568357, 0.3138084134, 0.3473366505], "gauss": [-0.8432637749, 0.0003404287, 0.0730490502, -0.9789915214, 0.0010618089, 0.0963784179, -0.8898955271, 0.0002083083, 0.1569042067, -0.9375337391, 0.0003315976, 0.1736683252], "max": [-0.8423868886, -0.9762564828, -0.8893589605, -0.9366796004], "min": [-0.8441406611, -0.9817265599, -0.8904320937, -0.9383878778], "raw_data_size": "70"}}