{"user_2_3198": {"weights": [0.16065144215590754, 0.3542179063660828, 0.48513065147800954], "gauss": [0.3045581910890538, 0.0005896556120853759, 0.08032572107795377, 0.3939076885441635, 0.00040708447898013436, 0.1771089531830414, 0.3443164641944849, 0.00048383674270840906, 0.24256532573900477], "max": [0.30607704329366536, 0.39495626867414046, 0.34556274505448686], "min": [0.30303933888444223, 0.3928591084141866, 0.34307018333448297], "raw_data_size": "57"}}