{"user_2_1237": {"weights": [0.23779684747797836, 0.30978106693553553, 0.4524220855864861], "gauss": [0.22501118145434817, 0.0010366190488867641, 0.11889842373898918, 0.31785492273305127, 0.00018687275172635142, 0.15489053346776777, 0.2702782601912061, 0.00022913198620072472, 0.22621104279324306], "max": [0.2276813351770877, 0.31833627504298284, 0.2708684650756423], "min": [0.22234102773160866, 0.3173735704231197, 0.2696880553067699], "raw_data_size": "57"}}