{"user_6_2175": {"weights": 1, "gauss": [-0.1878548649191054, 0.0012532159080282923, 0.5], "max": [-0.1846267946595325], "min": [-0.19108293517867833], "raw_data_size": "9993"}}