{"user_5_3394": {"weights": 1, "gauss": [-0.7240254056273175, 0.0013646147971241019, 0.5], "max": [-0.7205103908448288], "min": [-0.7275404204098063], "raw_data_size": "9994"}}