{"user_2_1975": {"weights": 1, "gauss": [0.20472057853158723, 0.0013916227973014342, 0.5], "max": [0.20830516131236296], "min": [0.2011359957508115], "raw_data_size": "9991"}}