{"user_2_1712": {"weights": 1, "gauss": [0.048274571758899806, 0.0011752868006063867, 0.5], "max": [0.05130190993997597], "min": [0.04524723357782364], "raw_data_size": "9991"}}