{"user_2_2966": {"weights": [0.1844923261414047, 0.24137581023341897, 0.25798702352534514, 0.31614484009983124], "gauss": [0.580297501638105, 0.0004048438876608486, 0.09224616307070235, 0.5312767580065718, 0.00014667309064217326, 0.12068790511670949, 0.5079126959597343, 0.00036724820413644346, 0.12899351176267257, 0.5625370486452183, 0.00011806660891208642, 0.15807242004991562], "max": [0.5813403103873045, 0.53165456285149, 0.5088586646456247, 0.5628411680762246], "min": [0.5792546928889055, 0.5308989531616536, 0.506966727273844, 0.5622329292142119], "raw_data_size": "57"}}