{"user_3_2966": {"weights": [0.6419197626175689, 8.481135070739676e-05, 0.013436922232758072, 0.494575162404016, 3.463276519835478e-05, 0.06095572218726341, 0.5975117244932778, 0.000180534095636813, 0.0806026148568192, 0.5619769560464568, 0.00012248487826529885, 0.16930441606229535, 0.5334137826033546, 0.00012536499258422495, 0.17570032466086402], "gauss": [0.6419197626175689, 8.481135070739676e-05, 0.013436922232758072, 0.494575162404016, 3.463276519835478e-05, 0.06095572218726341, 0.5975117244932778, 0.000180534095636813, 0.0806026148568192, 0.5619769560464568, 0.00012248487826529885, 0.16930441606229535, 0.5334137826033546, 0.00012536499258422495, 0.17570032466086402], "max": [0.6421382221799946, 0.49466437049547685, 0.5979767495071089, 0.5622924561851342, 0.5337367014248923], "min": [0.6417013030551432, 0.49448595431255515, 0.5970466994794468, 0.5616614559077794, 0.5330908637818169], "raw_data_size": "70"}}