{"user_2_2171": {"weights": [1.0], "gauss": [-0.0115880974, 0.0015823365, 0.5], "max": [-0.0075122685], "min": [-0.0156639262], "raw_data_size": "9991"}, "user_5_2171": {"weights": [1.0], "gauss": [-0.0105589343, 0.0015713368, 0.5], "max": [-0.006511439], "min": [-0.0146064296], "raw_data_size": "9994"}, "user_4_2171": {"weights": [1.0], "gauss": [-0.0103462965, 0.0015979202, 0.5], "max": [-0.006230327], "min": [-0.0144622661], "raw_data_size": "9996"}, "user_6_2171": {"weights": [1.0], "gauss": [-0.0104747545, 0.0015915752, 0.5], "max": [-0.0063751284], "min": [-0.0145743806], "raw_data_size": "9993"}, "user_1_2171": {"weights": [1.0], "gauss": [-0.0103507701, 0.0016188605, 0.5], "max": [-0.0061808617], "min": [-0.0145206785], "raw_data_size": "9995"}, "user_3_2171": {"weights": [1.0], "gauss": [-0.0104674844, 0.0016015824, 0.5], "max": [-0.0063420815], "min": [-0.0145928873], "raw_data_size": "9991"}}