{"user_4_997": {"weights": 1, "gauss": [0.18493157709996264, 0.0007790271354307159, 0.5], "max": [0.18693821802366484], "min": [0.18292493617626043], "raw_data_size": "9996"}}