{"user_1_3537": {"weights": 1, "gauss": [0.0279579250372666, 0.0008761760716999122, 0.5], "max": [0.0302148050378196], "min": [0.025701045036713603], "raw_data_size": "9995"}}