{"user_6_3305": {"weights": 1, "gauss": [0.6892475574093774, 0.0005818131146397555, 0.5], "max": [0.6907462086792555], "min": [0.6877489061394992], "raw_data_size": "9993"}}