{"user_3_3305": {"weights": 1, "gauss": [0.6891757535850624, 0.0005944538226404773, 0.5], "max": [0.6907069651610265], "min": [0.6876445420090984], "raw_data_size": "9991"}}