{"user_4_3305": {"weights": [1.0], "gauss": [0.6888863795905856, 0.0006045083972971145, 0.5], "max": [0.6904434900345849], "min": [0.6873292691465863], "raw_data_size": "9996"}}