{"user_3_392": {"weights": [0.0965632384905292, 0.14075061651559528, 0.2015953186820438, 0.2324405742195438, 0.3286502520922878], "gauss": [-0.03624908244130237, 0.0005824596213745528, 0.0482816192452646, 0.0014342829365525086, 2.6441323476047346e-05, 0.07037530825779764, 0.10014261644467758, 0.0006120571859173353, 0.1007976593410219, 0.061905780258304725, 8.707681353294677e-05, 0.1162202871097719, 0.03358382391529259, 0.0001314053352940318, 0.1643251260461439], "max": [-0.0347487658804318, 0.0015023912723867267, 0.10171917127961112, 0.062130075266262554, 0.03392230162858562], "min": [-0.037749399002172945, 0.0013661746007182904, 0.09856606160974403, 0.0616814852503469, 0.03324534620199956], "raw_data_size": "70"}}