{"user_6_498": {"weights": [1.0], "gauss": [0.04971299122054662, 0.0008385325555007403, 0.5], "max": [0.05187290794898517], "min": [0.04755307449210807], "raw_data_size": "9993"}}