{"user_2_3181": {"weights": [1.0], "gauss": [-0.12383122280290779, 0.0010005132864666529, 0.5], "max": [-0.12125407136103697], "min": [-0.1264083742447786], "raw_data_size": "9991"}}