{"user_6_2386": {"weights": 1, "gauss": [0.632466998693338, 0.0012889155324099222, 0.5], "max": [0.6357870250915189], "min": [0.6291469722951571], "raw_data_size": "9993"}}