{"user_1_1964": {"weights": [0.2694165508, 0.3316242142, 0.398959235], "gauss": [0.1061805876, 0.0004896665, 0.1347082754, 0.1520264475, 0.0007347415, 0.1658121071, 0.0360398543, 0.0011355219, 0.1994796175], "max": [0.1074418849, 0.1539190161, 0.038964765], "min": [0.1049192903, 0.1501338789, 0.0331149436], "raw_data_size": "30"}, "user_3_1964": {"weights": [0.0604129554, 0.071363983, 0.2596895514, 0.2811747787, 0.3273587314], "gauss": [-0.0505338501, 0.0003622236, 0.0302064777, 0.2277058351, 3.67159e-05, 0.0356819915, 0.1376648377, 0.0005063211, 0.1298447757, 0.0251105239, 0.0003451323, 0.1405873894, 0.0806099959, 0.0003532775, 0.1636793657], "max": [-0.049600824, 0.2278004089, 0.1389690346, 0.0259995259, 0.0815199785], "min": [-0.0514668762, 0.2276112613, 0.1363606409, 0.0242215219, 0.0797000133], "raw_data_size": "70"}, "user_2_1964": {"weights": [0.4457605494, 0.5542394506], "gauss": [0.1350688232, 0.0012180028, 0.2228802747, 0.0493975142, 0.0026897631, 0.2771197253], "max": [0.1382061905, 0.0563258848], "min": [0.1319314559, 0.0424691435], "raw_data_size": "57"}}