{"user_2_288": {"weights": [-1.4442000073230792, 5.7739309278075464e-05, 0.012460843033332438, -1.5562115686498632, 1.3212571856462518e-05, 0.05374278539238213, -1.5847723951461523, 0.00016743286337991725, 0.054884747278673714, -1.5332268837513292, 6.306066751435202e-05, 0.1097993170044933, -1.4915718495117523, 0.0002117044333459207, 0.26911230729111846], "gauss": [-1.4442000073230792, 5.7739309278075464e-05, 0.012460843033332438, -1.5562115686498632, 1.3212571856462518e-05, 0.05374278539238213, -1.5847723951461523, 0.00016743286337991725, 0.054884747278673714, -1.5332268837513292, 6.306066751435202e-05, 0.1097993170044933, -1.4915718495117523, 0.0002117044333459207, 0.26911230729111846], "max": [-1.444051280718274, -1.5561775353201002, -1.5843411166702812, -1.5330644502360444, -1.4910265350286487], "min": [-1.4443487339278844, -1.5562456019796262, -1.5852036736220234, -1.533389317266614, -1.4921171639948558], "raw_data_size": "57"}}