{"user_3_543": {"weights": [0.028542746381804696, 0.9714572536181953], "gauss": [-0.22412571550385685, 2.7765595378792917e-05, 0.014271373190902348, -0.11599559554266504, 0.0006004287006778378, 0.4857286268090977], "max": [-0.22405419606964966, -0.11444899370076728], "min": [-0.22419723493806404, -0.11754219738456281], "raw_data_size": "70"}}