{"user_1_937": {"weights": [0.1702611795, 0.3343107162, 0.4954281043], "gauss": [0.0404133516, 0.001301781, 0.0851305898, 0.1260038273, 0.0047569403, 0.1671553581, 0.1367354736, 0.0009148709, 0.2477140522], "max": [0.0437665174, 0.1382568935, 0.1390920249], "min": [0.0370601858, 0.113750761, 0.1343789223], "raw_data_size": "30"}, "user_2_937": {"weights": [0.270252496, 1e-06, 0.0087719298, 0.0226956109, 0.00068371, 0.0458364401, 0.1404087058, 5.1179e-05, 0.1054211376, 0.1749365364, 0.0002071465, 0.1490286008, 0.0915281343, 0.0003296231, 0.1909418918], "gauss": [0.270252496, 1e-06, 0.0087719298, 0.0226956109, 0.00068371, 0.0458364401, 0.1404087058, 5.1179e-05, 0.1054211376, 0.1749365364, 0.0002071465, 0.1490286008, 0.0915281343, 0.0003296231, 0.1909418918], "max": [0.2702550718, 0.0244567311, 0.1405405341, 0.1754701105, 0.0923771872], "min": [0.2702499202, 0.0209344907, 0.1402768775, 0.1744029624, 0.0906790814], "raw_data_size": "57"}, "user_3_937": {"weights": [0.0855222094, 0.1894254689, 0.2005054559, 0.2390208731, 0.2855259927], "gauss": [-0.0067872007, 0.0003117949, 0.0427611047, 0.0952574228, 4.3995e-05, 0.0947127344, 0.0627849972, 0.0001551324, 0.1002527279, 0.1339269035, 0.0002004128, 0.1195104365, 0.1839056407, 0.001061883, 0.1427629963], "max": [-0.0059840703, 0.0953707465, 0.0631845918, 0.1344431328, 0.18664087], "min": [-0.0075903311, 0.0951440991, 0.0623854026, 0.1334106743, 0.1811704114], "raw_data_size": "70"}}