{"user_2_2757": {"weights": [1.0], "gauss": [0.2417228431, 0.0006714387, 0.5], "max": [0.2434523545], "min": [0.2399933317], "raw_data_size": "9991"}, "user_4_2757": {"weights": [1.0], "gauss": [0.241949819, 0.0006648974, 0.5], "max": [0.2436624812], "min": [0.2402371568], "raw_data_size": "9996"}, "user_3_2757": {"weights": [1.0], "gauss": [0.2422282854, 0.0006704686, 0.5], "max": [0.243955298], "min": [0.2405012728], "raw_data_size": "9991"}, "user_1_2757": {"weights": [1.0], "gauss": [0.242085753, 0.0006550255, 0.5], "max": [0.243772987], "min": [0.240398519], "raw_data_size": "9995"}, "user_5_2757": {"weights": [1.0], "gauss": [0.2417680729, 0.0006767572, 0.5], "max": [0.2435112839], "min": [0.240024862], "raw_data_size": "9994"}, "user_6_2757": {"weights": [1.0], "gauss": [0.2416994307, 0.0006659866, 0.5], "max": [0.2434148985], "min": [0.239983963], "raw_data_size": "9993"}}