{"user_1_3337": {"weights": [1.0], "gauss": [0.08467409761120451, 0.0014775884422197599, 0.5], "max": [0.08848011321925933], "min": [0.08086808200314968], "raw_data_size": "9995"}}