{"user_3_2988": {"weights": [0.6463474505, 7.61881e-05, 0.021256341, 0.5046671182, 9.81854e-05, 0.0826839626, 0.6011961726, 0.0001352678, 0.0907609036, 0.5308368356, 0.0001324119, 0.1434898188, 0.5651579551, 0.0001269741, 0.1618089739], "gauss": [0.6463474505, 7.61881e-05, 0.021256341, 0.5046671182, 9.81854e-05, 0.0826839626, 0.6011961726, 0.0001352678, 0.0907609036, 0.5308368356, 0.0001324119, 0.1434898188, 0.5651579551, 0.0001269741, 0.1618089739], "max": [0.6465436982, 0.5049200271, 0.6015445994, 0.5311779059, 0.5654850188], "min": [0.6461512029, 0.5044142093, 0.6008477459, 0.5304957652, 0.5648308915], "raw_data_size": "70"}, "user_2_2988": {"weights": [0.1057335221, 0.1836786238, 0.271214509, 0.4393733451], "gauss": [0.541257426, 4.39e-06, 0.0528667611, 0.6270039997, 0.0006568884, 0.0918393119, 0.5165184134, 0.0001237149, 0.1356072545, 0.5707505852, 0.0001849597, 0.2196866726], "max": [0.541268734, 0.6286960321, 0.5168370818, 0.5712270099], "min": [0.5412461181, 0.6253119673, 0.516199745, 0.5702741606], "raw_data_size": "57"}, "user_1_2988": {"weights": [0.1617017211, 0.296935058, 0.541363221], "gauss": [0.6118630665, 0.000438699, 0.0808508605, 0.526219094, 0.0001990611, 0.148467529, 0.5696242933, 0.0001691976, 0.2706816105], "max": [0.6129930801, 0.5267318415, 0.5700601175], "min": [0.6107330528, 0.5257063465, 0.5691884692], "raw_data_size": "30"}}