{"user_6_2998": {"weights": 1, "gauss": [-0.26713595869656415, 0.0015456518110366902, 0.5], "max": [-0.2631546234686124], "min": [-0.2711172939245159], "raw_data_size": "9993"}}