{"user_1_1749": {"weights": [0.10000146772914598, 0.36341474769812704, 0.5365837845727269], "gauss": [-0.011393949024860623, 9.959356393086366e-05, 0.05000073386457299, 0.027094773856854992, 5.812487754875174e-05, 0.18170737384906352, 0.07393531562446745, 0.0005326195553699815, 0.26829189228636346], "max": [-0.011137413004442633, 0.027244493619710257, 0.07530725268283264], "min": [-0.011650485045278613, 0.026945054093999728, 0.07256337856610226], "raw_data_size": "30"}}