{"user_3_1749": {"weights": [0.14408430899960298, 0.26229432076407744, 0.2814639912087147, 0.3121573790276049], "gauss": [-0.023998138806170802, 0.00021339900669064657, 0.07204215449980149, 0.10279593765477434, 0.00026412848647734764, 0.13114716038203872, 0.030224582323470185, 0.00014826439966709394, 0.14073199560435734, 0.06509298824141183, 0.00017478645023598, 0.15607868951380244], "max": [-0.023448459391388808, 0.10347628755014471, 0.030606486108805772, 0.06554320830179296], "min": [-0.024547818220952797, 0.10211558775940396, 0.029842678538134597, 0.0646427681810307], "raw_data_size": "70"}}