{"user_3_3185": {"weights": [0.0643256186, 0.1440937936, 0.2122282458, 0.2375546823, 0.3417976597], "gauss": [-0.4887222363, 2.14555e-05, 0.0321628093, -0.3974184025, 0.0001855376, 0.0720468968, -0.4612354027, 7.70474e-05, 0.1061141229, -0.4385501276, 4.02178e-05, 0.1187773412, -0.4174389174, 0.0001247135, 0.1708988299], "max": [-0.4886669705, -0.3969404893, -0.4610369416, -0.4384465334, -0.4171176766], "min": [-0.4887775021, -0.3978963157, -0.4614338638, -0.4386537218, -0.4177601582], "raw_data_size": "70"}, "user_1_3185": {"weights": [1.0], "gauss": [-0.4334096601, 0.0002963041, 0.5], "max": [-0.4326464312], "min": [-0.4341728889], "raw_data_size": "30"}, "user_2_3185": {"weights": [0.0675891852, 0.3591220232, 0.5732887916], "gauss": [-0.4735043064, 4.0354e-05, 0.0337945926, -0.4429159767, 5.14043e-05, 0.1795610116, -0.420236994, 0.0001010839, 0.2866443958], "max": [-0.4734003615, -0.4427835679, -0.4199766191], "min": [-0.4736082513, -0.4430483854, -0.4204973688], "raw_data_size": "57"}}