{"user_1_2094": {"weights": [0.19208987754420953, 0.2750900033448451, 0.5328201191109454], "gauss": [-0.08211034386599413, 0.0001199813070149948, 0.09604493877210477, -0.12487634019643237, 0.0001448812239468873, 0.13754500167242256, -0.18681655933569563, 0.0012089238670599442, 0.2664100595554727], "max": [-0.08180129249950681, -0.12450315089425595, -0.18370257781316296], "min": [-0.08241939523248144, -0.1252495294986088, -0.1899305408582283], "raw_data_size": "30"}}