{"user_5_2909": {"weights": [1.0], "gauss": [-0.30892202836165905, 0.0018175291927017684, 0.5], "max": [-0.30424038340704224], "min": [-0.31360367331627587], "raw_data_size": "9994"}}