{"user_3_2014": {"weights": 1, "gauss": [-0.07454088534601615, 0.0024677434985080886, 0.5], "max": [-0.06818439932891673], "min": [-0.08089737136311556], "raw_data_size": "9991"}}