{"user_1_3760": {"weights": [0.09800491676839058, 0.40121706486511804, 0.5007780183664914], "gauss": [-0.26275995103190053, 3.407964431899235e-05, 0.04900245838419529, -0.22014504327765663, 0.0001833564515904541, 0.20060853243255902, -0.1750860395851976, 0.0002318622397613723, 0.2503890091832457], "max": [-0.26267216768540913, -0.2196727483566552, -0.1744888020336338], "min": [-0.26284773437839193, -0.22061733819865806, -0.17568327713676143], "raw_data_size": "30"}}