{"user_6_3637": {"weights": [1.0], "gauss": [0.1433667073, 0.001298338, 0.5], "max": [0.1467110045], "min": [0.1400224102], "raw_data_size": "9993"}, "user_2_3637": {"weights": [1.0], "gauss": [0.1436221782, 0.0013187475, 0.5], "max": [0.1470190467], "min": [0.1402253097], "raw_data_size": "9991"}, "user_4_3637": {"weights": [1.0], "gauss": [0.1436686474, 0.0013376846, 0.5], "max": [0.1471142945], "min": [0.1402230002], "raw_data_size": "9996"}, "user_3_3637": {"weights": [1.0], "gauss": [0.1432085358, 0.0013194946, 0.5], "max": [0.1466073286], "min": [0.1398097431], "raw_data_size": "9991"}, "user_5_3637": {"weights": [1.0], "gauss": [0.142548045, 0.0013344668, 0.5], "max": [0.1459854037], "min": [0.1391106864], "raw_data_size": "9994"}, "user_1_3637": {"weights": [1.0], "gauss": [0.1421613496, 0.0013514839, 0.5], "max": [0.1456425413], "min": [0.1386801578], "raw_data_size": "9995"}}