{"user_2_1503": {"weights": [0.08595480741221002, 0.17024308644623892, 0.21297227558026685, 0.2467514538415305, 0.28407837671975383], "gauss": [0.05192398986615247, 2.5626030616100182e-05, 0.04297740370610501, -0.00426648820298848, 9.43427262826849e-06, 0.08512154322311946, 0.022810957509945804, 7.4735583139062e-05, 0.10648613779013343, -0.02043894345446486, 2.4243011063257835e-05, 0.12337572692076525, 0.01137972122054998, 4.884933346840421e-05, 0.14203918835987692], "max": [0.05198999814674707, -0.004242187127094917, 0.023003463615013216, -0.02037649759616186, 0.011505548765156727], "min": [0.05185798158555788, -0.004290789278882043, 0.022618451404878392, -0.02050138931276786, 0.011253893675943233], "raw_data_size": "57"}}