{"user_1_1503": {"weights": [0.05030131562462339, 3.633427149460472e-05, 0.03346560395216512, 0.0231637918107125, 2.622603755387607e-05, 0.08505485557307517, -0.02095453481702012, 3.441634445824115e-05, 0.11312813773837628, -0.0029439238445695564, 2.2217720386147833e-05, 0.11569999299844087, 0.01332216661549103, 2.3176643804827673e-05, 0.15265140973794253], "gauss": [0.05030131562462339, 3.633427149460472e-05, 0.03346560395216512, 0.0231637918107125, 2.622603755387607e-05, 0.08505485557307517, -0.02095453481702012, 3.441634445824115e-05, 0.11312813773837628, -0.0029439238445695564, 2.2217720386147833e-05, 0.11569999299844087, 0.01332216661549103, 2.3176643804827673e-05, 0.15265140973794253], "max": [0.05039490650586229, 0.023231345606759747, -0.020865884188443547, -0.002886694789340861, 0.01338186569376142], "min": [0.05020772474338448, 0.023096238014665253, -0.02104318544559669, -0.003001152899798252, 0.01326246753722064], "raw_data_size": "30"}}