{"user_6_2211": {"weights": 1, "gauss": [0.2500459698402044, 0.00382094372711994, 0.5], "max": [0.2598880686597313], "min": [0.2402038710206775], "raw_data_size": "9993"}}