{"user_5_4018": {"weights": [1.0], "gauss": [0.2875277959, 0.002819019, 0.5], "max": [0.2947891077], "min": [0.2802664842], "raw_data_size": "9994"}, "user_4_4018": {"weights": [1.0], "gauss": [0.2869838371, 0.0027908607, 0.5], "max": [0.294172618], "min": [0.2797950563], "raw_data_size": "9996"}, "user_3_4018": {"weights": [1.0], "gauss": [0.2869225815, 0.0028392566, 0.5], "max": [0.2942360218], "min": [0.2796091412], "raw_data_size": "9991"}, "user_2_4018": {"weights": [1.0], "gauss": [0.2861068648, 0.0028307615, 0.5], "max": [0.2933984232], "min": [0.2788153063], "raw_data_size": "9991"}, "user_1_4018": {"weights": [1.0], "gauss": [0.2863767388, 0.002927616, 0.5], "max": [0.2939177779], "min": [0.2788356997], "raw_data_size": "9995"}, "user_6_4018": {"weights": [1.0], "gauss": [0.2877093209, 0.0027902214, 0.5], "max": [0.2948964548], "min": [0.2805221869], "raw_data_size": "9993"}}