{"user_1_811": {"weights": 1, "gauss": [0.1348398004379953, 0.002718551096411891, 0.5], "max": [0.14184232401532804], "min": [0.12783727686066254], "raw_data_size": "9995"}}