{"user_3_2128": {"weights": [1.0], "gauss": [0.2481492736, 0.0006719058, 0.5], "max": [0.2498799883], "min": [0.246418559], "raw_data_size": "9991"}, "user_5_2128": {"weights": [1.0], "gauss": [0.2483796354, 0.0006723692, 0.5], "max": [0.2501115437], "min": [0.2466477271], "raw_data_size": "9994"}, "user_6_2128": {"weights": [1.0], "gauss": [0.2482318437, 0.000662652, 0.5], "max": [0.2499387221], "min": [0.2465249654], "raw_data_size": "9993"}, "user_4_2128": {"weights": [1.0], "gauss": [0.248568556, 0.000706535, 0.5], "max": [0.2503884695], "min": [0.2467486424], "raw_data_size": "9996"}, "user_2_2128": {"weights": [1.0], "gauss": [0.24896203, 0.0006785047, 0.5], "max": [0.2507097423], "min": [0.2472143177], "raw_data_size": "9991"}, "user_1_2128": {"weights": [1.0], "gauss": [0.2479702093, 0.0006787336, 0.5], "max": [0.2497185112], "min": [0.2462219075], "raw_data_size": "9995"}}