{"user_2_3379": {"weights": [1.0], "gauss": [0.16012170270127074, 0.0008822300054121883, 0.5], "max": [0.16239417660168157], "min": [0.15784922880085991], "raw_data_size": "9991"}}