{"user_3_503": {"weights": 1, "gauss": [0.21938617270583746, 0.0031888365143691163, 0.5], "max": [0.22760007124377618], "min": [0.21117227416789874], "raw_data_size": "9991"}}