{"user_6_2782": {"weights": [1.0], "gauss": [0.5122656367544235, 0.00045552031041115506, 0.5], "max": [0.5134389793183423], "min": [0.5110922941905047], "raw_data_size": "9993"}}