{"user_1_2573": {"weights": [0.24198306152636834, 0.31197949571958095, 0.4460374427540507], "gauss": [0.035544266212325044, 1.555278758635023e-05, 0.12099153076318417, 0.07080079936610195, 0.00020144483723187858, 0.15598974785979047, 0.002115638165306073, 0.00019459933696163362, 0.22301872137702536], "max": [0.035584327538341835, 0.07131968688089246, 0.0026168928399030356], "min": [0.035504204886308253, 0.07028191185131144, 0.0016143834907091105], "raw_data_size": "30"}}