{"user_1_3338": {"weights": [0.2440515874384269, 0.34326230761862064, 0.4126861049429526], "gauss": [-0.19533695474394566, 8.352871366035835e-05, 0.12202579371921345, -0.17574751332651894, 3.216743559449658e-05, 0.17163115380931032, -0.14889736968920322, 0.00013428712686094118, 0.2063430524714763], "max": [-0.19512179903561155, -0.17566465550329463, -0.14855146897274543], "min": [-0.19555211045227977, -0.17583037114974326, -0.14924327040566102], "raw_data_size": "30"}}