{"user_5_2452": {"weights": 1, "gauss": [-0.673924554250768, 0.0009113848094998424, 0.5], "max": [-0.671576982551649], "min": [-0.6762721259498871], "raw_data_size": "9994"}}