{"user_6_898": {"weights": 1, "gauss": [-0.9104130626, 0.0010328535, 0.5], "max": [-0.9077526083], "min": [-0.9130735168], "raw_data_size": "9993"}, "user_5_898": {"weights": 1, "gauss": [-0.91114081, 0.0010544131, 0.5], "max": [-0.908424822], "min": [-0.9138567981], "raw_data_size": "9994"}, "user_1_898": {"weights": 1, "gauss": [-0.9113693615, 0.0010684164, 0.5], "max": [-0.9086173032], "min": [-0.9141214198], "raw_data_size": "9995"}, "user_2_898": {"weights": 1, "gauss": [-0.9115094706, 0.0010592232, 0.5], "max": [-0.9087810926], "min": [-0.9142378487], "raw_data_size": "9991"}, "user_3_898": {"weights": 1, "gauss": [-0.9109864784, 0.0010632613, 0.5], "max": [-0.9082476989], "min": [-0.9137252579], "raw_data_size": "9991"}, "user_4_898": {"weights": 1, "gauss": [-0.9113158945, 0.0010352496, 0.5], "max": [-0.9086492682], "min": [-0.9139825208], "raw_data_size": "9996"}}