{"user_3_771": {"weights": [1.0], "gauss": [-0.0880187153644406, 0.0015112708500084804, 0.5], "max": [-0.0841259396233895], "min": [-0.0919114911054917], "raw_data_size": "9991"}}