{"user_1_1980": {"weights": 1, "gauss": [0.6417533705023355, 0.0011475633781206907, 0.5], "max": [0.6447092978793784], "min": [0.6387974431252926], "raw_data_size": "9995"}}