{"user_5_1980": {"weights": 1, "gauss": [0.6407572182623845, 0.0011880240550191923, 0.5], "max": [0.6438173654366239], "min": [0.6376970710881451], "raw_data_size": "9994"}}