{"user_4_3447": {"weights": 1, "gauss": [0.4741034114, 0.0015090371, 0.5], "max": [0.4779904335], "min": [0.4702163894], "raw_data_size": "9996"}, "user_1_3447": {"weights": 1, "gauss": [0.4740372806, 0.0015429288, 0.5], "max": [0.4780116019], "min": [0.4700629594], "raw_data_size": "9995"}, "user_3_3447": {"weights": 1, "gauss": [0.4743633985, 0.0015197644, 0.5], "max": [0.4782780522], "min": [0.4704487448], "raw_data_size": "9991"}, "user_6_3447": {"weights": 1, "gauss": [0.4745111841, 0.0014802566, 0.5], "max": [0.4783240725], "min": [0.4706982956], "raw_data_size": "9993"}, "user_2_3447": {"weights": 1, "gauss": [0.4748476128, 0.0014795357, 0.5], "max": [0.4786586441], "min": [0.4710365814], "raw_data_size": "9991"}, "user_5_3447": {"weights": 1, "gauss": [0.4744038555, 0.0015295618, 0.5], "max": [0.4783437456], "min": [0.4704639655], "raw_data_size": "9994"}}