{"user_1_3345": {"weights": [0.3992583971149232, 0.6007416028850767], "gauss": [-0.8694907927865589, 0.0010067467291302301, 0.1996291985574616, -0.8164231545070056, 0.00020002254242831763, 0.30037080144253836], "max": [-0.8668975850604133, -0.8159079305808484], "min": [-0.8720840005127046, -0.8169383784331629], "raw_data_size": "30"}}