{"user_2_1286": {"weights": 1, "gauss": [-0.24115664068435635, 0.001449078526587064, 0.5], "max": [-0.23742406175242994], "min": [-0.24488921961628277], "raw_data_size": "9991"}}