{"user_2_2187": {"weights": [0.08757167694329429, 0.14467710452522023, 0.27666372391811883, 0.4910874946133667], "gauss": [0.06981798119410955, 1.696969866383448e-05, 0.043785838471647145, 0.16714568584720868, 9.552681747270514e-05, 0.07233855226261011, 0.146402312026846, 7.7944704615306e-05, 0.13833186195905942, 0.11570747424260423, 0.00011814335577873297, 0.24554374730668335], "max": [0.06986169224120024, 0.16739174662292963, 0.14660308428105057, 0.1160117913604387], "min": [0.06977427014701885, 0.16689962507148773, 0.14620153977264144, 0.11540315712476977], "raw_data_size": "57"}}