{"user_6_3634": {"weights": 1, "gauss": [-0.10819269300118395, 0.0010378434639621785, 0.5], "max": [-0.10551938539421347], "min": [-0.11086600060815442], "raw_data_size": "9993"}}