{"user_6_1657": {"weights": [1.0], "gauss": [0.08638635921356368, 0.001326466164568031, 0.5], "max": [0.08980310963042414], "min": [0.08296960879670322], "raw_data_size": "9993"}}