{"user_1_892": {"weights": 1, "gauss": [-0.5590161682880272, 0.001075479856382482, 0.5], "max": [-0.5562459157585807], "min": [-0.5617864208174738], "raw_data_size": "9995"}}