{"user_2_2382": {"weights": [1.0], "gauss": [-1.2293899048, 0.0012599694, 0.5], "max": [-1.2261444388], "min": [-1.2326353709], "raw_data_size": "9991"}, "user_5_2382": {"weights": [1.0], "gauss": [-1.2293913724, 0.0012480966, 0.5], "max": [-1.2261764887], "min": [-1.2326062562], "raw_data_size": "9994"}, "user_3_2382": {"weights": [1.0], "gauss": [-1.2295907376, 0.0012426478, 0.5], "max": [-1.2263898888], "min": [-1.2327915863], "raw_data_size": "9991"}, "user_4_2382": {"weights": [1.0], "gauss": [-1.2296341341, 0.001238242, 0.5], "max": [-1.226444634], "min": [-1.2328236341], "raw_data_size": "9996"}, "user_6_2382": {"weights": [1.0], "gauss": [-1.228485043, 0.0012470818, 0.5], "max": [-1.2252727733], "min": [-1.2316973128], "raw_data_size": "9993"}, "user_1_2382": {"weights": [1.0], "gauss": [-1.2295351188, 0.0012317173, 0.5], "max": [-1.2263624252], "min": [-1.2327078123], "raw_data_size": "9995"}}