{"user_1_2606": {"weights": [0.06447950076272126, 0.18300733430023386, 0.3756666488419619, 0.376846516095083], "gauss": [0.12254610064232098, 1.1420264948617105e-06, 0.03223975038136063, 0.16698355329255776, 9.478724927635098e-05, 0.09150366715011693, 0.15000880617657092, 0.0001329343086969814, 0.18783332442098094, 0.18996618411929841, 3.90046867830483e-05, 0.1884232580475415], "max": [0.12254904230763188, 0.16722770906684659, 0.15035122226435962, 0.19006665353448993], "min": [0.12254315897701008, 0.16673939751826894, 0.14966639008878221, 0.1898657147041069], "raw_data_size": "30"}}