{"user_1_1481": {"weights": [0.369622256, 0.630377744], "gauss": [-1.0674061738, 0.0005549835, 0.184811128, -1.10283126, 0.0004956191, 0.315188872], "max": [-1.065976631, -1.1015546297], "min": [-1.0688357165, -1.1041078902], "raw_data_size": "30"}, "user_2_1481": {"weights": [0.244514675, 0.3093783163, 0.4461070087], "gauss": [-1.0502017463, 0.0003811473, 0.1222573375, -1.1171360075, 0.0002051411, 0.1546891581, -1.0838218128, 0.0001009746, 0.2230535044], "max": [-1.0492199759, -1.116607599, -1.0835617195], "min": [-1.0511835166, -1.117664416, -1.0840819061], "raw_data_size": "57"}, "user_3_1481": {"weights": [0.0142822654, 0.1599292405, 0.1619464056, 0.2160811377, 0.4477609507], "gauss": [-1.161108017, 1e-06, 0.0071411327, -1.0301071938, 0.0004007797, 0.0799646203, -1.1176730633, 0.0001139218, 0.0809732028, -1.0985168818, 9.24263e-05, 0.1080405688, -1.0717376533, 8.04772e-05, 0.2238804754], "max": [-1.1611054411, -1.0290748536, -1.1173796202, -1.0982788075, -1.0715303579], "min": [-1.1611105928, -1.031139534, -1.1179665063, -1.0987549561, -1.0719449488], "raw_data_size": "70"}}