{"user_3_239": {"weights": [0.08576969485787177, 0.1676842973184659, 0.21747945962709714, 0.25307239315930846, 0.2759941550372568], "gauss": [-0.1754886815598651, 0.0003150579932624892, 0.042884847428935884, -0.3527234999729985, 0.0006749056432154278, 0.08384214865923295, -0.25494558173319387, 0.00017105698949677794, 0.10873972981354857, -0.29806673475511275, 9.7699198533709e-05, 0.12653619657965423, -0.33338987020303135, 0.00027649651537089883, 0.1379970775186284], "max": [-0.17467714594850228, -0.3509850582400737, -0.25450496812707124, -0.29781507829659637, -0.33267766237640983], "min": [-0.17630021717122793, -0.3544619417059233, -0.2553861953393165, -0.29831839121362913, -0.33410207802965286], "raw_data_size": "70"}}