{"user_1_2472": {"weights": [1.0], "gauss": [-0.179833122075588, 0.0028952371128464277, 0.5], "max": [-0.17237548547959586], "min": [-0.18729075867158013], "raw_data_size": "9995"}}