{"user_6_3644": {"weights": [1.0], "gauss": [0.2551881056, 0.003326118, 0.5], "max": [0.2637556179], "min": [0.2466205933], "raw_data_size": "9993"}, "user_4_3644": {"weights": [1.0], "gauss": [0.2556124037, 0.0033158018, 0.5], "max": [0.264153343], "min": [0.2470714643], "raw_data_size": "9996"}, "user_2_3644": {"weights": [1.0], "gauss": [0.2566167449, 0.0033623937, 0.5], "max": [0.2652776972], "min": [0.2479557926], "raw_data_size": "9991"}, "user_3_3644": {"weights": [1.0], "gauss": [0.2552944465, 0.0034529127, 0.5], "max": [0.2641885603], "min": [0.2464003327], "raw_data_size": "9991"}, "user_1_3644": {"weights": [1.0], "gauss": [0.2561422553, 0.0034599658, 0.5], "max": [0.2650545367], "min": [0.247229974], "raw_data_size": "9995"}, "user_5_3644": {"weights": [1.0], "gauss": [0.2558348315, 0.0033509111, 0.5], "max": [0.2644662065], "min": [0.2472034565], "raw_data_size": "9994"}}