{"user_1_3186": {"weights": 1, "gauss": [0.136170765813181, 0.0034907918029444115, 0.5], "max": [0.1451624496317935], "min": [0.12717908199456848], "raw_data_size": "9995"}}