{"user_6_3186": {"weights": [1.0], "gauss": [0.13569122725010305, 0.0034481969032585094, 0.5], "max": [0.1445731938779229], "min": [0.1268092606222832], "raw_data_size": "9993"}}