{"user_6_1421": {"weights": 1, "gauss": [0.24761773674809237, 0.0009808836487173445, 0.5], "max": [0.2501443255938305], "min": [0.24509114790235426], "raw_data_size": "9993"}}