{"user_1_212": {"weights": 1, "gauss": [-0.17173373026533234, 0.0011463014032088703, 0.5], "max": [-0.16878105352024772], "min": [-0.17468640701041696], "raw_data_size": "9995"}}