{"user_1_2417": {"weights": 1, "gauss": [0.07847468086675881, 0.0005736951471307536, 0.5], "max": [0.079952421638042], "min": [0.07699694009547561], "raw_data_size": "9995"}}