{"user_5_720": {"weights": 1, "gauss": [0.4298109247788295, 0.0012264262846068952, 0.5], "max": [0.4329699895413625], "min": [0.42665186001629646], "raw_data_size": "9994"}}