{"user_3_3027": {"weights": [-0.6995178293, 0.0006083695, 0.0775026438, -0.6563819373, 0.000168474, 0.0885302131, -0.5901010129, 2.58187e-05, 0.0948702401, -0.6080891853, 2.63323e-05, 0.1139084118, -0.6305842592, 7.03304e-05, 0.1251884912], "gauss": [-0.6995178293, 0.0006083695, 0.0775026438, -0.6563819373, 0.000168474, 0.0885302131, -0.5901010129, 2.58187e-05, 0.0948702401, -0.6080891853, 2.63323e-05, 0.1139084118, -0.6305842592, 7.03304e-05, 0.1251884912], "max": [-0.6979507732, -0.6559479771, -0.5900345084, -0.6080213577, -0.6304031001], "min": [-0.7010848854, -0.6568158976, -0.5901675174, -0.6081570129, -0.6307654183], "raw_data_size": "70"}, "user_1_3027": {"weights": [0.0998319158, 0.2432975161, 0.3055212169, 0.3513493512], "gauss": [-0.7133772503, 4.21445e-05, 0.0499159579, -0.6584775036, 0.0002025703, 0.121648758, -0.6218632719, 3.06414e-05, 0.1527606085, -0.5988435493, 7.94472e-05, 0.1756746756], "max": [-0.7132686933, -0.6579557172, -0.621784345, -0.5986389068], "min": [-0.7134858072, -0.65899929, -0.6219421988, -0.5990481917], "raw_data_size": "30"}, "user_2_3027": {"weights": [0.0878841615, 0.0883119946, 0.2461823701, 0.2462481948, 0.3313732791], "gauss": [-0.7173206243, 0.000128214, 0.0439420808, -0.6703241244, 8.64854e-05, 0.0441559973, -0.5954460286, 5.04764e-05, 0.123091185, -0.6462433974, 7.34277e-05, 0.1231240974, -0.6187609278, 6.01358e-05, 0.1656866395], "max": [-0.7169903669, -0.6701013528, -0.5953160099, -0.6460542602, -0.6186060282], "min": [-0.7176508817, -0.670546896, -0.5955760473, -0.6464325347, -0.6189158275], "raw_data_size": "57"}}