{"user_3_1542": {"weights": [0.0857805086, 0.2332078201, 0.2471229243, 0.4338887471], "gauss": [0.1021554803, 0.0001910033, 0.0428902543, 0.270478731, 0.0004470633, 0.11660391, 0.1806924189, 0.0003119141, 0.1235614621, 0.2331031667, 0.0003173885, 0.2169443736], "max": [0.1026474722, 0.2716302898, 0.1814958563, 0.2339207054], "min": [0.1016634884, 0.2693271722, 0.1798889816, 0.2322856281], "raw_data_size": "70"}, "user_1_1542": {"weights": [0.0999666704, 0.1886890063, 0.2287839296, 0.2363479312, 0.2462124625], "gauss": [0.2875374817, 1.01908e-05, 0.0499833352, 0.141141127, 0.0005741891, 0.0943445032, 0.192744793, 0.0001341376, 0.1143919648, 0.2173020954, 1.89362e-05, 0.1181739656, 0.2405416147, 0.0001220689, 0.1231062312], "max": [0.2875637315, 0.1426201402, 0.1930903086, 0.2173508719, 0.2408560434], "min": [0.2875112319, 0.1396621138, 0.1923992774, 0.217253319, 0.240227186], "raw_data_size": "30"}, "user_2_1542": {"weights": [0.0991935312, 0.4477538615, 0.4530526072], "gauss": [0.1361181101, 7.42063e-05, 0.0495967656, 0.1918143218, 0.0005350425, 0.2238769308, 0.2469306355, 0.0012411575, 0.2265263036], "max": [0.1363092527, 0.1931925001, 0.2501276455], "min": [0.1359269674, 0.1904361436, 0.2437336255], "raw_data_size": "57"}}