{"user_6_879": {"weights": 1, "gauss": [0.11815480315734471, 0.0011902222140630608, 0.5], "max": [0.12122061241406319], "min": [0.11508899390062623], "raw_data_size": "9993"}}