{"user_2_1830": {"weights": [0.08578532050826959, 0.10526380531467247, 0.13999380656630742, 0.1879127424338082, 0.48104432517694234], "gauss": [0.3680049876918946, 8.506685402669522e-06, 0.042892660254134796, 0.274194340834608, 1.6847015333456116e-05, 0.052631902657336235, 0.298720018364616, 1.4051956994677983e-05, 0.06999690328315371, 0.3162063239627298, 1.1643675623089877e-05, 0.0939563712169041, 0.33654540905440344, 9.803003006840405e-05, 0.24052216258847117], "max": [0.36802689946143086, 0.27423773587038125, 0.29875621380721507, 0.31623631608360075, 0.33679791767848144], "min": [0.36798307592235835, 0.2741509457988347, 0.2986838229220169, 0.31617633184185884, 0.33629290043032545], "raw_data_size": "57"}}