{"user_4_3707": {"weights": [1.0], "gauss": [0.326482635, 0.0008742563, 0.5], "max": [0.3287345701], "min": [0.3242307], "raw_data_size": "9996"}, "user_2_3707": {"weights": [1.0], "gauss": [0.3270491055, 0.0009084612, 0.5], "max": [0.3293891464], "min": [0.3247090646], "raw_data_size": "9991"}, "user_5_3707": {"weights": [1.0], "gauss": [0.3267368476, 0.0009181954, 0.5], "max": [0.3291019622], "min": [0.324371733], "raw_data_size": "9994"}, "user_3_3707": {"weights": [1.0], "gauss": [0.326690268, 0.0008955424, 0.5], "max": [0.3289970325], "min": [0.3243835036], "raw_data_size": "9991"}, "user_1_3707": {"weights": [1.0], "gauss": [0.3271349763, 0.0009343717, 0.5], "max": [0.3295417583], "min": [0.3247281943], "raw_data_size": "9995"}, "user_6_3707": {"weights": [1.0], "gauss": [0.3259870014, 0.0008808792, 0.5], "max": [0.3282559958], "min": [0.323718007], "raw_data_size": "9993"}}