{"user_3_2373": {"weights": [0.04657348357288872, 0.10440628676345426, 0.23974588114419804, 0.29530090553828303, 0.31397344298117597], "gauss": [-0.24489600759916622, 0.00058535261347866, 0.02328674178644436, -0.22221659678224445, 0.000292567127567019, 0.05220314338172713, -0.18017650605879873, 0.00013291831907052864, 0.11987294057209902, -0.11288919140155627, 0.0006854813839134503, 0.14765045276914152, -0.14393329956060763, 0.00018198695183817181, 0.15698672149058798], "max": [-0.24338823918445895, -0.2214629938018022, -0.1798341311575584, -0.11112350836583476, -0.14346453223719932], "min": [-0.24640377601387348, -0.2229701997626867, -0.18051888096003907, -0.11465487443727779, -0.14440206688401594], "raw_data_size": "70"}}