{"user_1_1579": {"weights": [0.09108508232145823, 0.09994848545025102, 0.22010268700086366, 0.588863745227427], "gauss": [-0.9641108447763961, 4.1586799390562864e-05, 0.045542541160729116, -0.7992244769251606, 5.989478557426707e-06, 0.04997424272512551, -0.834909875689798, 3.106626093582376e-05, 0.11005134350043183, -0.8949735447952354, 0.000609498584294015, 0.2944318726137135], "max": [-0.964003724279885, -0.7992090490507794, -0.8348298543045278, -0.8934035804813393], "min": [-0.9642179652729072, -0.7992399047995419, -0.8349898970750682, -0.8965435091091315], "raw_data_size": "30"}}