{"user_3_1869": {"weights": [0.014285712760222256, 0.09591964584459828, 0.14234671491706782, 0.33233503045721513, 0.4151128960208965], "gauss": [-0.18781401216983745, 1.0000000000902056e-06, 0.007142856380111128, -0.3257538623795363, 8.879926958937811e-05, 0.04795982292229914, -0.3064350091114326, 1.701287022058584e-05, 0.07117335745853391, -0.28465126253139417, 5.992169781193668e-05, 0.16616751522860757, -0.25064848654639954, 0.00011686277752544116, 0.20755644801044826], "max": [-0.18781143634053368, -0.32552513061879423, -0.30639118686178096, -0.2844969144662518, -0.25034746797955537], "min": [-0.18781658799914122, -0.32598259414027836, -0.3064788313610843, -0.28480561059653653, -0.2509495051132437], "raw_data_size": "70"}}