{"user_5_1102": {"weights": 1, "gauss": [-0.32528358162446025, 0.0019263546715481822, 0.5], "max": [-0.32032162081245813], "min": [-0.33024554243646237], "raw_data_size": "9994"}}