{"user_4_2980": {"weights": [1.0], "gauss": [0.073564373, 0.0053253247, 0.5], "max": [0.0872815005], "min": [0.0598472455], "raw_data_size": "9996"}, "user_1_2980": {"weights": [1.0], "gauss": [0.074935339, 0.0053357355, 0.5], "max": [0.0886792828], "min": [0.0611913953], "raw_data_size": "9995"}, "user_6_2980": {"weights": [1.0], "gauss": [0.0747154382, 0.0052657376, 0.5], "max": [0.0882790794], "min": [0.0611517971], "raw_data_size": "9993"}, "user_2_2980": {"weights": [1.0], "gauss": [0.0731719925, 0.0052297474, 0.5], "max": [0.086642929], "min": [0.0597010559], "raw_data_size": "9991"}, "user_5_2980": {"weights": [1.0], "gauss": [0.0746316774, 0.0052561987, 0.5], "max": [0.0881707481], "min": [0.0610926066], "raw_data_size": "9994"}, "user_3_2980": {"weights": [1.0], "gauss": [0.0748203835, 0.0052580075, 0.5], "max": [0.0883641132], "min": [0.0612766538], "raw_data_size": "9991"}}