{"user_1_1888": {"weights": 1, "gauss": [-0.11028825795616701, 0.0013897021139551928, 0.5], "max": [-0.10670862252783737], "min": [-0.11386789338449664], "raw_data_size": "9995"}}