{"user_6_1775": {"weights": 1, "gauss": [-0.9403642168331654, 0.0009103294466503421, 0.5], "max": [-0.9380193635685999], "min": [-0.9427090700977309], "raw_data_size": "9993"}}