{"user_5_3004": {"weights": [1.0], "gauss": [0.0456884358, 0.0012580408, 0.5], "max": [0.0489289341], "min": [0.0424479376], "raw_data_size": "9994"}, "user_4_3004": {"weights": [1.0], "gauss": [0.0455187652, 0.0012431399, 0.5], "max": [0.0487208814], "min": [0.042316649], "raw_data_size": "9996"}, "user_2_3004": {"weights": [1.0], "gauss": [0.0454260707, 0.0012796835, 0.5], "max": [0.0487223169], "min": [0.0421298246], "raw_data_size": "9991"}, "user_3_3004": {"weights": [1.0], "gauss": [0.0457674996, 0.0012687875, 0.5], "max": [0.0490356796], "min": [0.0424993195], "raw_data_size": "9991"}, "user_6_3004": {"weights": [1.0], "gauss": [0.0457806487, 0.0012490306, 0.5], "max": [0.0489979384], "min": [0.0425633591], "raw_data_size": "9993"}, "user_1_3004": {"weights": [1.0], "gauss": [0.0454040517, 0.0012728188, 0.5], "max": [0.0486826156], "min": [0.0421254878], "raw_data_size": "9995"}}