{"user_3_1260": {"weights": [0.17072665884679541, 0.2358696962714511, 0.29038229299164214, 0.30302135189011137], "gauss": [-0.1359040450790003, 1.6858678603580118e-05, 0.08536332942339771, -0.16623957515033086, 0.0008600295379668177, 0.11793484813572555, -0.09685272805144815, 0.00022664114940182983, 0.14519114649582107, -0.06778813309560998, 0.00046512605729504594, 0.15151067594505568], "max": [-0.1358606200006341, -0.1640242858645183, -0.09626893913742891, -0.06659004776738524], "min": [-0.13594747015736652, -0.1684548644361434, -0.09743651696546739, -0.06898621842383472], "raw_data_size": "70"}}