{"user_3_374": {"weights": 1, "gauss": [-0.06961393428826705, 0.0011108838002827192, 0.5], "max": [-0.06675248724266106], "min": [-0.07247538133387305], "raw_data_size": "9991"}}