{"user_2_670": {"weights": 1, "gauss": [-0.3185501016176737, 0.0010464938796776863, 0.5], "max": [-0.31585451201641535], "min": [-0.3212456912189321], "raw_data_size": "9991"}}