{"user_3_3938": {"weights": 1, "gauss": [0.5537376977687283, 0.0011736810890137495, 0.5], "max": [0.5567608999108311], "min": [0.5507144956266254], "raw_data_size": "9991"}}