{"user_5_3938": {"weights": 1, "gauss": [0.5536663277816389, 0.001164623455412599, 0.5], "max": [0.556666199005691], "min": [0.5506664565575868], "raw_data_size": "9994"}}