{"user_1_3012": {"weights": [0.31089673057429157, 0.3416804093252056, 0.34742286010050283], "gauss": [0.7402890322277694, 0.00131566372069311, 0.15544836528714578, 0.674228506231396, 0.0005266157865192735, 0.1708402046626028, 0.7106471320771499, 4.2932902541619296e-05, 0.17371143005025141], "max": [0.7436779573931469, 0.6755849786060237, 0.710757719905603], "min": [0.736900107062392, 0.6728720338567682, 0.7105365442486968], "raw_data_size": "30"}}