{"user_1_151": {"weights": 1, "gauss": [0.14993087719782372, 0.0026661466125873943, 0.5], "max": [0.15679841577008397], "min": [0.14306333862556347], "raw_data_size": "9995"}}