{"user_1_1087": {"weights": [0.43835299508262326, 0.5616470049173768], "gauss": [0.42005113605108424, 0.00042527679219400607, 0.21917649754131163, 0.3804322548532754, 0.00027398865155417354, 0.2808235024586884], "max": [0.42114657647453685, 0.3811380028507885], "min": [0.41895569562763163, 0.3797265068557623], "raw_data_size": "30"}}