{"user_2_2283": {"weights": [0.2892816023837158, 0.3500519614292322, 0.3606664361870522], "gauss": [0.07186667895231318, 0.0005009047020290111, 0.1446408011918579, 0.018987808550048144, 0.0001491511681465948, 0.1750259807146161, 0.049301477567776114, 0.00020202358552733217, 0.1803332180935261], "max": [0.07315692396208494, 0.019371996499618693, 0.049821855839385434], "min": [0.07057643394254141, 0.018603620600477596, 0.048781099296166794], "raw_data_size": "57"}}