{"user_2_1948": {"weights": [0.13313787006134103, 0.3057472756718127, 0.5611148542668462], "gauss": [0.03594363716249287, 8.851825913403278e-05, 0.06656893503067052, 0.11449617465942329, 0.0005876363426619541, 0.15287363783590635, 0.1008127974734718, 0.00026124337835603257, 0.2805574271334231], "max": [0.03617164508826944, 0.11600982557068225, 0.10148571582279937], "min": [0.03571562923671629, 0.11298252374816432, 0.10013987912414422], "raw_data_size": "57"}}