{"user_5_1233": {"weights": [1.0], "gauss": [-0.5191568093, 0.0012689636, 0.5], "max": [-0.5158881757], "min": [-0.5224254429], "raw_data_size": "9994"}, "user_1_1233": {"weights": [1.0], "gauss": [-0.5191867419, 0.0013071086, 0.5], "max": [-0.5158198532], "min": [-0.5225536306], "raw_data_size": "9995"}, "user_6_1233": {"weights": [1.0], "gauss": [-0.5194106662, 0.0012378635, 0.5], "max": [-0.5162221411], "min": [-0.5225991913], "raw_data_size": "9993"}, "user_3_1233": {"weights": [1.0], "gauss": [-0.5196360591, 0.0012823867, 0.5], "max": [-0.5163328499], "min": [-0.5229392683], "raw_data_size": "9991"}, "user_2_1233": {"weights": [1.0], "gauss": [-0.5194945742, 0.0012439812, 0.5], "max": [-0.5162902908], "min": [-0.5226988575], "raw_data_size": "9991"}, "user_4_1233": {"weights": [1.0], "gauss": [-0.5202142083, 0.0012485802, 0.5], "max": [-0.5169980788], "min": [-0.5234303377], "raw_data_size": "9996"}}