{"user_3_3978": {"weights": [0.07142799631661216, 0.0800837859698836, 0.09508612948915489, 0.37626830604754835, 0.37713378217680094], "gauss": [-0.5893859342803345, 0.00010694338919583945, 0.03571399815830608, -0.5218912048981659, 7.451177647224593e-05, 0.0400418929849418, -0.27093695196063117, 0.000674677448248658, 0.047543064744577444, -0.4503524780563944, 0.0005948332366704491, 0.18813415302377418, -0.3588643285489286, 0.000812416460451686, 0.18856689108840047], "max": [-0.589110466364623, -0.5216992752808691, -0.26919909801898867, -0.44882028917465383, -0.3567716824234117], "min": [-0.5896614021960459, -0.5220831345154626, -0.27267480590227366, -0.45188466693813495, -0.3609569746744455], "raw_data_size": "70"}}