{"user_2_1572": {"weights": 1, "gauss": [0.1292573118235253, 0.00289353993361124, 0.5], "max": [0.13671057677551007], "min": [0.12180404687154052], "raw_data_size": "9991"}}