{"user_3_3105": {"weights": [0.1513433847, 0.1796654806, 0.2749767353, 0.3940143994], "gauss": [0.073626741, 8.4655e-06, 0.0756716923, 0.0567936492, 0.0001015253, 0.0898327403, 0.0887712483, 4.67908e-05, 0.1374883677, 0.1141818992, 0.0002872745, 0.1970071997], "max": [0.0736485468, 0.057055161, 0.0888917736, 0.1149218693], "min": [0.0736049352, 0.0565321373, 0.0886507231, 0.1134419291], "raw_data_size": "70"}, "user_1_3105": {"weights": [0.033237462, 0.1995754711, 0.2730344854, 0.4941525815], "gauss": [0.1344813555, 1e-06, 0.016618731, 0.1171928986, 2.47688e-05, 0.0997877355, 0.0969375821, 1.33421e-05, 0.1365172427, 0.0706725151, 0.0001559182, 0.2470762908], "max": [0.1344839314, 0.1172566989, 0.096971949, 0.0710741337], "min": [0.1344787797, 0.1171290983, 0.0969032152, 0.0702708964], "raw_data_size": "30"}, "user_2_3105": {"weights": [0.0350159415, 0.185259104, 0.2373508943, 0.5423740603], "gauss": [0.1577265274, 1.0657e-06, 0.0175079708, 0.0533911407, 0.0001305793, 0.092629552, 0.1178236048, 0.0001415113, 0.1186754471, 0.0856122658, 0.0001381826, 0.2711870301], "max": [0.1577292724, 0.0537274908, 0.1181881139, 0.0859682006], "min": [0.1577237824, 0.0530547906, 0.1174590958, 0.085256331], "raw_data_size": "57"}}