{"user_1_601": {"weights": 1, "gauss": [0.0032515327729033656, 0.0011848397840924798, 0.5], "max": [0.006303477808779327], "min": [0.00019958773702740372], "raw_data_size": "9995"}}