{"user_6_601": {"weights": 1, "gauss": [0.003772440388614666, 0.0011849989581011638, 0.5], "max": [0.006824795429566559], "min": [0.0007200853476627724], "raw_data_size": "9993"}}