{"user_3_3657": {"weights": [0.11263993481129678, 0.19359304688907117, 0.289218226291452, 0.40454879200818], "gauss": [-0.11759837695828151, 0.00016479361689290717, 0.05631996740564839, 0.09250169639754006, 0.0022243637510884562, 0.09679652344453558, 0.017132997613297108, 0.00029118427211103536, 0.144609113145726, -0.04272088670986264, 0.00042196822055528876, 0.20227439600409], "max": [-0.11717389673085095, 0.09823127772934566, 0.01788303859413327, -0.041633968602189944], "min": [-0.11802285718571208, 0.08677211506573447, 0.016382956632460945, -0.04380780481753534], "raw_data_size": "70"}}