{"user_5_3336": {"weights": 1, "gauss": [-0.20057257790635516, 0.0032229239719622485, 0.5], "max": [-0.1922708758962646], "min": [-0.20887427991644572], "raw_data_size": "9994"}}