{"user_1_3336": {"weights": 1, "gauss": [-0.20159694414074952, 0.0032426530906217504, 0.5], "max": [-0.1932444232886826], "min": [-0.20994946499281644], "raw_data_size": "9995"}}