{"user_5_994": {"weights": [1.0], "gauss": [0.40348432479133517, 0.001091393808125617, 0.5], "max": [0.40629556894401697], "min": [0.40067308063865337], "raw_data_size": "9994"}}