{"user_2_3995": {"weights": [0.1058106664, 0.245083876, 0.2650544795, 0.3840509781], "gauss": [0.0718828399, 0.0002149704, 0.0529053332, -0.0045312882, 0.0002174649, 0.122541938, -0.1319323865, 0.0007510302, 0.1325272397, -0.080327033, 0.000423795, 0.1920254891], "max": [0.072436567, -0.0039711358, -0.1299978609, -0.0792354095], "min": [0.0713291128, -0.0050914406, -0.1338669121, -0.0814186566], "raw_data_size": "57"}, "user_3_3995": {"weights": [0.0142350749, 0.1889953941, 0.2268308508, 0.2486675767, 0.3212711036], "gauss": [-0.1803207994, 1e-06, 0.0071175374, 0.0431500397, 0.001445754, 0.094497697, -0.133761993, 0.0001850353, 0.1134154254, -0.0284178079, 0.0001417354, 0.1243337883, -0.0793973136, 0.0003010095, 0.1606355518], "max": [-0.1803182235, 0.0468740552, -0.1332853736, -0.0280527217, -0.0786219645], "min": [-0.1803233752, 0.0394260243, -0.1342386125, -0.028782894, -0.0801726626], "raw_data_size": "70"}, "user_1_3995": {"weights": [0.3639284428, 0.6360715572], "gauss": [0.0077891951, 0.0023227547, 0.1819642214, -0.0991804758, 0.0009376981, 0.3180357786], "max": [0.0137722147, -0.0967651254], "min": [0.0018061756, -0.1015958262], "raw_data_size": "30"}}