{"user_3_417": {"weights": [0.147323998, 0.197477872, 0.2915049951, 0.363693135], "gauss": [-0.298629855, 0.0008086049, 0.073661999, -0.4299088417, 0.0008350188, 0.098738936, -0.3530983694, 0.0001586559, 0.1457524976, -0.3926089635, 0.0002158844, 0.1818465675], "max": [-0.2965470268, -0.4277579758, -0.352689699, -0.392052882], "min": [-0.3007126832, -0.4320597077, -0.3535070399, -0.393165045], "raw_data_size": "70"}, "user_2_417": {"weights": [0.0961648552, 0.1819608878, 0.2297734112, 0.4921008458], "gauss": [-0.434667079, 6.6894e-06, 0.0480824276, -0.4093497875, 0.0001420767, 0.0909804439, -0.3482606239, 0.0015890388, 0.1148867056, -0.3725318919, 0.0001958147, 0.2460504229], "max": [-0.4346498482, -0.4089838222, -0.3441675311, -0.3720275068], "min": [-0.4346843098, -0.4097157527, -0.3523537167, -0.3730362771], "raw_data_size": "57"}, "user_1_417": {"weights": [0.0333333333, 0.162591605, 0.3523520381, 0.4517230236], "gauss": [-0.2503532469, 1e-06, 0.0166666667, -0.4349720052, 7.5741e-06, 0.0812958025, -0.4030648177, 0.000144512, 0.176176019, -0.3619960711, 0.0001257349, 0.2258615118], "max": [-0.2503506711, -0.4349524955, -0.4026925794, -0.3616721994], "min": [-0.2503558228, -0.4349915148, -0.403437056, -0.3623199428], "raw_data_size": "30"}}