{"user_6_3648": {"weights": 1, "gauss": [0.47854396743544686, 0.0012801541105957315, 0.5], "max": [0.4818414259065779], "min": [0.4752465089643158], "raw_data_size": "9993"}}