{"user_5_2532": {"weights": [1.0], "gauss": [0.043009823009912726, 0.0007953098318941853, 0.5], "max": [0.04505840538030632], "min": [0.040961240639519135], "raw_data_size": "9994"}}