{"user_4_1947": {"weights": 1, "gauss": [-0.17250627227085796, 0.0010565867024624812, 0.5], "max": [-0.169784685280915], "min": [-0.17522785926080092], "raw_data_size": "9996"}}