{"user_5_1947": {"weights": 1, "gauss": [-0.1738019626154404, 0.0010523372363095268, 0.5], "max": [-0.17109132152493867], "min": [-0.17651260370594213], "raw_data_size": "9994"}}