{"user_4_676": {"weights": 1, "gauss": [0.21597688402538723, 0.0007247044741752255, 0.5], "max": [0.21784359904638076], "min": [0.2141101690043937], "raw_data_size": "9996"}}