{"user_5_1432": {"weights": 1, "gauss": [-0.3281764430948927, 0.0032019088048312874, 0.5], "max": [-0.31992887256811703], "min": [-0.33642401362166835], "raw_data_size": "9994"}}