{"user_1_3564": {"weights": [-0.11748770657333983, 8.56154424939523e-06, 0.037939773737659395, -0.07873845908034292, 3.67579675156509e-05, 0.04657583091090988, -0.14189744224907921, 5.9544913122925143e-05, 0.10128549332462497, -0.10222518953531066, 3.430074410176804e-05, 0.1104627611683604, -0.1757942608342297, 0.0007261169733055001, 0.20373614085844532], "gauss": [-0.11748770657333983, 8.56154424939523e-06, 0.037939773737659395, -0.07873845908034292, 3.67579675156509e-05, 0.04657583091090988, -0.14189744224907921, 5.9544913122925143e-05, 0.10128549332462497, -0.10222518953531066, 3.430074410176804e-05, 0.1104627611683604, -0.1757942608342297, 0.0007261169733055001, 0.20373614085844532], "max": [-0.11746565349677861, -0.07864377683047721, -0.14174406471697992, -0.1021368366735198, -0.17392390745658515], "min": [-0.11750975964990105, -0.07883314133020863, -0.1420508197811785, -0.10231354239710153, -0.17766461421187424], "raw_data_size": "30"}}