{"user_1_2872": {"weights": 1, "gauss": [-0.2078084069521741, 0.002294994491018879, 0.5], "max": [-0.20189689289072438], "min": [-0.2137199210136238], "raw_data_size": "9995"}}