{"user_1_3739": {"weights": [1.0], "gauss": [0.28858680122425817, 0.0008211309929589673, 0.5], "max": [0.29070189449797407], "min": [0.2864717079505423], "raw_data_size": "9995"}}