{"user_3_1468": {"weights": [0.3292629128646419, 0.000115000408537554, 0.06313177430225396, 0.3875936177598098, 6.373062030526244e-05, 0.09359015151348198, 0.43407894217105525, 6.621099091075233e-05, 0.09722225860791243, 0.4004021839259534, 4.8977447683644756e-05, 0.11096112049600401, 0.36143491709946174, 6.693632275178618e-05, 0.13509469508034763], "gauss": [0.3292629128646419, 0.000115000408537554, 0.06313177430225396, 0.3875936177598098, 6.373062030526244e-05, 0.09359015151348198, 0.43407894217105525, 6.621099091075233e-05, 0.09722225860791243, 0.4004021839259534, 4.8977447683644756e-05, 0.11096112049600401, 0.36143491709946174, 6.693632275178618e-05, 0.13509469508034763], "max": [0.329559134286873, 0.38775777695912544, 0.43424949038166016, 0.40052834147090993, 0.3616073336410776], "min": [0.32896669144241075, 0.3874294585604942, 0.43390839396045033, 0.40027602638099685, 0.36126250055784587], "raw_data_size": "70"}}