{"user_1_1468": {"weights": [0.45169634129639896, 0.5483036587036011], "gauss": [0.364717337077299, 0.00023300712958895697, 0.22584817064819948, 0.4086759356557023, 0.0003606077609787085, 0.27415182935180055], "max": [0.36531752366963005, 0.40960479969351843], "min": [0.3641171504849679, 0.4077470716178862], "raw_data_size": "30"}}