{"user_1_94": {"weights": 1, "gauss": [0.5396159989195992, 0.000780675783667333, 0.5], "max": [0.5416268864797406], "min": [0.5376051113594579], "raw_data_size": "9995"}}