{"user_3_94": {"weights": [1.0], "gauss": [0.5396745452904537, 0.00078430590184994, 0.5], "max": [0.5416947834153851], "min": [0.5376543071655222], "raw_data_size": "9991"}}