{"user_5_3193": {"weights": 1, "gauss": [0.17292895334372296, 0.0016424750907677993, 0.5], "max": [0.1771596888128718], "min": [0.16869821787457412], "raw_data_size": "9994"}}