{"user_2_3458": {"weights": [0.09218754868791826, 0.17273359781485464, 0.32839161275735695, 0.40668724073987017], "gauss": [0.2886765874436133, 0.00019365131373587263, 0.04609377434395913, 0.18790277732537286, 0.0001789983636541818, 0.08636679890742732, 0.2462815151698562, 0.00010457469594565044, 0.16419580637867848, 0.21760166571584869, 9.348953432409307e-05, 0.20334362036993509], "max": [0.2891754001722049, 0.1883638465557606, 0.24655088173608272, 0.21784247879793583], "min": [0.2881777747150217, 0.18744170809498512, 0.24601214860362966, 0.21736085263376154], "raw_data_size": "57"}}