{"user_3_3458": {"weights": [0.1774872246278091, 0.22754074418536585, 0.24121323196832928, 0.3537587992184957], "gauss": [0.2695815419496549, 0.0002517996637523269, 0.08874361231390455, 0.18168112914031817, 4.819865875136425e-05, 0.11377037209268293, 0.2356569655611438, 0.00010699422760886046, 0.12060661598416464, 0.21136348131961555, 9.234540313389394e-05, 0.17687939960924784], "max": [0.2702301349021719, 0.18180528065792168, 0.2359325644279293, 0.21160134731505587], "min": [0.2689329489971379, 0.18155697762271467, 0.2353813666943583, 0.21112561532417523], "raw_data_size": "70"}}