{"user_6_3142": {"weights": [1.0], "gauss": [0.0272365079451763, 0.001214380830590105, 0.5], "max": [0.030364545674278345], "min": [0.024108470216074252], "raw_data_size": "9993"}}