{"user_1_87": {"weights": [0.1803275307528238, 0.3181904566749057, 0.5014820125722705], "gauss": [-0.8344154443267034, 6.0920656693579485e-05, 0.0901637653764119, -0.8555303988588203, 3.629206934593798e-05, 0.15909522833745285, -0.8767015821928789, 0.000302436244041442, 0.25074100628613527], "max": [-0.8342585231140007, -0.8554369166831126, -0.8759225580530217], "min": [-0.8345723655394062, -0.855623881034528, -0.8774806063327361], "raw_data_size": "30"}}