{"user_5_933": {"weights": 1, "gauss": [0.1717131264, 0.0014634256, 0.5], "max": [0.1754826609], "min": [0.167943592], "raw_data_size": "9994"}, "user_2_933": {"weights": 1, "gauss": [0.1717449796, 0.0014628637, 0.5], "max": [0.1755130668], "min": [0.1679768925], "raw_data_size": "9991"}, "user_6_933": {"weights": 1, "gauss": [0.1716015301, 0.0014665651, 0.5], "max": [0.1753791513], "min": [0.1678239088], "raw_data_size": "9993"}, "user_1_933": {"weights": 1, "gauss": [0.1717286556, 0.0015221712, 0.5], "max": [0.1756495088], "min": [0.1678078024], "raw_data_size": "9995"}, "user_3_933": {"weights": 1, "gauss": [0.172043477, 0.0014983008, 0.5], "max": [0.1759028441], "min": [0.1681841098], "raw_data_size": "9991"}, "user_4_933": {"weights": 1, "gauss": [0.1722854771, 0.0014575286, 0.5], "max": [0.1760398219], "min": [0.1685311322], "raw_data_size": "9996"}}