{"user_2_121": {"weights": [1.0], "gauss": [-1.5384397944109944, 0.001869629494737206, 0.5], "max": [-1.5336239479716711], "min": [-1.5432556408503177], "raw_data_size": "9991"}}