{"user_1_121": {"weights": 1, "gauss": [-1.5380526565818216, 0.0018803409052140219, 0.5], "max": [-1.5332092193775095], "min": [-1.5428960937861336], "raw_data_size": "9995"}}