{"user_3_1346": {"weights": [1.0], "gauss": [0.041995422665166135, 0.00041654232851061617, 0.5], "max": [0.043068364601112276], "min": [0.040922480729219994], "raw_data_size": "9991"}}