{"user_4_1346": {"weights": 1, "gauss": [0.0420577969198479, 0.00042241298367135026, 0.5], "max": [0.04314586066138809], "min": [0.04096973317830771], "raw_data_size": "9996"}}