{"user_2_2788": {"weights": [0.0830529010049189, 0.35221571133723917, 0.564731387657842], "gauss": [-0.02209209686028641, 0.0016011546968679351, 0.04152645050245945, 0.04209905382763717, 0.000366649027157917, 0.17610785566861958, 0.07132537868251726, 0.0004971183892117386, 0.282365693828921], "max": [-0.017967795672579025, 0.04304347913590823, 0.07260587079678188], "min": [-0.026216398047993795, 0.04115462851936611, 0.07004488656825264], "raw_data_size": "57"}}