{"user_5_1044": {"weights": 1, "gauss": [-0.6804577656294774, 0.0033570224049166144, 0.5], "max": [-0.6718106489462229], "min": [-0.6891048823127318], "raw_data_size": "9994"}}