{"user_2_3380": {"weights": [0.1604920833265761, 0.2193666780288765, 0.29877284168206414, 0.3213683969624832], "gauss": [-0.43675782718073786, 0.001307955522700548, 0.08024604166328805, -0.39496182600374985, 0.00021087305544714618, 0.10968333901443825, -0.3277231761750264, 0.000326509108724989, 0.14938642084103207, -0.35282647314315835, 0.00020012662068997944, 0.1606841984812416], "max": [-0.4333887570176272, -0.3944186530082002, -0.32688214444489694, -0.35231098112916487], "min": [-0.4401268973438485, -0.3955049989992995, -0.32856420790515584, -0.3533419651571518], "raw_data_size": "57"}}