{"user_5_2989": {"weights": [1.0], "gauss": [0.0549358993, 0.0013613733, 0.5], "max": [0.0584425646], "min": [0.051429234], "raw_data_size": "9994"}, "user_6_2989": {"weights": [1.0], "gauss": [0.0547683294, 0.0013565866, 0.5], "max": [0.0582626649], "min": [0.0512739939], "raw_data_size": "9993"}, "user_2_2989": {"weights": [1.0], "gauss": [0.0554708738, 0.0013155518, 0.5], "max": [0.0588595107], "min": [0.052082237], "raw_data_size": "9991"}, "user_4_2989": {"weights": [1.0], "gauss": [0.0553553016, 0.0013432551, 0.5], "max": [0.0588152974], "min": [0.0518953057], "raw_data_size": "9996"}, "user_1_2989": {"weights": [1.0], "gauss": [0.0548207012, 0.0013619534, 0.5], "max": [0.0583288607], "min": [0.0513125416], "raw_data_size": "9995"}, "user_3_2989": {"weights": [1.0], "gauss": [0.0552953601, 0.0013522503, 0.5], "max": [0.0587785261], "min": [0.0518121941], "raw_data_size": "9991"}}