{"user_1_1209": {"weights": 1, "gauss": [-0.43446987053479064, 0.0006417563545727246, 0.5], "max": [-0.4328168157109435], "min": [-0.4361229253586378], "raw_data_size": "9995"}}