{"user_4_1209": {"weights": [1.0], "gauss": [-0.434077704267064, 0.0006577837329313486, 0.5], "max": [-0.4323833656523816], "min": [-0.43577204288174637], "raw_data_size": "9996"}}