{"user_6_176": {"weights": 1, "gauss": [0.5274959260226492, 0.0012065063785394448, 0.5], "max": [0.5306036805074097], "min": [0.5243881715378886], "raw_data_size": "9993"}}