{"user_4_967": {"weights": 1, "gauss": [0.6611335609637831, 0.0010725909094215491, 0.5], "max": [0.6638963720589912], "min": [0.6583707498685749], "raw_data_size": "9996"}}