{"user_3_1530": {"weights": [0.09673409450105436, 0.1840516947967887, 0.33342535875805945, 0.3857888519440974], "gauss": [-0.09139108916503909, 9.473477210997995e-05, 0.04836704725052718, -0.1533103238714713, 2.380634731464948e-05, 0.09202584739839435, -0.18926772516856433, 0.0005357145628452899, 0.16671267937902973, -0.12645250831275642, 9.271393081081405e-05, 0.1928944259720487], "max": [-0.09114706856297318, -0.15324900278444778, -0.18788781589924955, -0.12621369305292673], "min": [-0.091635109767105, -0.15337164495849484, -0.1906476344378791, -0.1266913235725861], "raw_data_size": "70"}}