{"user_1_1530": {"weights": [0.06229593760458715, 0.25263552907636216, 0.3255692970356512, 0.3594992362833995], "gauss": [-0.08693674764067957, 0.0001751378860459315, 0.031147968802293573, -0.17117099805359448, 0.00020053930277049128, 0.12631776453818108, -0.1330762905552009, 0.00021545102917346317, 0.1627846485178256, -0.19033936271660998, 8.652539701456307e-05, 0.17974961814169976], "max": [-0.08648562234164085, -0.170654443041005, -0.13252132548077614, -0.19011648806347867], "min": [-0.0873878729397183, -0.17168755306618397, -0.13363125562962566, -0.1905622373697413], "raw_data_size": "30"}}