{"user_1_3396": {"weights": [0.0333333333, 0.2328142922, 0.3046542543, 0.4291981202], "gauss": [0.2057777643, 1e-06, 0.0166666667, 0.2297974896, 3.8762e-06, 0.1164071461, 0.2759582559, 4.96783e-05, 0.1523271272, 0.2511361684, 3.29497e-05, 0.2145990601], "max": [0.2057803401, 0.2298074742, 0.2760862187, 0.2512210414], "min": [0.2057751885, 0.2297875051, 0.275830293, 0.2510512955], "raw_data_size": "30"}, "user_3_3396": {"weights": [0.1552734344, 0.382994506, 0.4617320596], "gauss": [0.2773800725, 9.66424e-05, 0.0776367172, 0.2223917117, 0.0003796508, 0.191497253, 0.2546127578, 0.0001026463, 0.2308660298], "max": [0.277629007, 0.2233696274, 0.2548771573], "min": [0.2771311381, 0.2214137961, 0.2543483584], "raw_data_size": "70"}, "user_2_3396": {"weights": [0.3208404937, 0.6791595063], "gauss": [0.2718684874, 0.0002222231, 0.1604202468, 0.2392523846, 0.000230042, 0.3395797532], "max": [0.2724408961, 0.2398449336], "min": [0.2712960788, 0.2386598356], "raw_data_size": "57"}}