{"user_2_4034": {"weights": [-0.037063174875584436, 5.341065744422484e-05, 0.03501719214436893, 0.10130696008473539, 5.3911044555152203e-05, 0.07318203211323285, 0.12441030071606446, 8.177746930787444e-05, 0.08151651222948103, 0.06819508724949153, 0.00017617451551214095, 0.1448175967121565, 0.029897691189357978, 0.0002872379497159739, 0.1654666668007607], "gauss": [-0.037063174875584436, 5.341065744422484e-05, 0.03501719214436893, 0.10130696008473539, 5.3911044555152203e-05, 0.07318203211323285, 0.12441030071606446, 8.177746930787444e-05, 0.08151651222948103, 0.06819508724949153, 0.00017617451551214095, 0.1448175967121565, 0.029897691189357978, 0.0002872379497159739, 0.1654666668007607], "max": [-0.03692559813901779, 0.10144582573308548, 0.12462094551787775, 0.06864888272908623, 0.03063756711732769], "min": [-0.037200751612151084, 0.10116809443638529, 0.12419965591425117, 0.06774129176989682, 0.029157815261388265], "raw_data_size": "57"}}