{"user_1_3989": {"weights": [0.1829101893947877, 0.2513818008028027, 0.5657080098024095], "gauss": [-0.07828840052560634, 0.0003595137040305548, 0.09145509469739385, -0.018562840224281316, 8.641163785458704e-05, 0.12569090040140135, -0.05764733912508484, 0.00016216704123923884, 0.28285400490120477], "max": [-0.07736235459173703, -0.018340258595327816, -0.05722962450819098], "min": [-0.07921444645947566, -0.018785421853234816, -0.05806505374197869], "raw_data_size": "30"}}