{"user_2_427": {"weights": [1.0], "gauss": [0.4919051321995176, 0.001335544263900561, 0.5], "max": [0.4953452662506593], "min": [0.4884649981483759], "raw_data_size": "9991"}}