{"user_1_427": {"weights": 1, "gauss": [0.4919854229366457, 0.0013767457060533384, 0.5], "max": [0.495531684869833], "min": [0.4884391610034584], "raw_data_size": "9995"}}