{"user_5_1638": {"weights": 1, "gauss": [-0.09393365468667739, 0.0013388015149423782, 0.5], "max": [-0.09048513051285315], "min": [-0.09738217886050163], "raw_data_size": "9994"}}