{"user_3_2826": {"weights": [0.382115348041869, 0.617884651958131], "gauss": [-0.12230392444557213, 0.0004446659009583073, 0.1910576740209345, -0.1526193589847741, 0.0002618288459093715, 0.3089423259790655], "max": [-0.12115854098759475, -0.15194493257096636], "min": [-0.12344930790354951, -0.15329378539858185], "raw_data_size": "70"}}