{"user_1_2162": {"weights": [0.20326546650257385, 0.7967345334974262], "gauss": [-0.36978769448917925, 0.00042695243979748345, 0.10163273325128692, -0.3357393998194468, 0.0004452861224799172, 0.3983672667487131], "max": [-0.3686879378835272, -0.3345924187766994], "min": [-0.3708874510948313, -0.3368863808621942], "raw_data_size": "30"}}