{"user_1_379": {"weights": [1.0], "gauss": [-0.37488052646319064, 0.00048466394241700086, 0.5], "max": [-0.3736321148779394], "min": [-0.3761289380484419], "raw_data_size": "30"}}