{"user_1_3538": {"weights": [0.18676102703413736, 0.22700498731102148, 0.5862339856548412], "gauss": [0.21035144546299372, 0.0004889517787207133, 0.09338051351706868, 0.16949596434814856, 0.0006930578385937876, 0.11350249365551074, 0.2383670673624854, 0.00035617364143997784, 0.2931169928274206], "max": [0.21161090178264488, 0.1712811630378527, 0.2392845098652582], "min": [0.20909198914334257, 0.16771076565844442, 0.23744962485971258], "raw_data_size": "30"}}