{"user_3_3538": {"weights": [0.09290061273715629, 0.20061318776850323, 0.22553126999851172, 0.23699113904869928, 0.24396379044712949], "gauss": [0.14289528200592286, 0.00031478300660816693, 0.046450306368578144, 0.2218635904494003, 5.0030101901104126e-05, 0.10030659388425162, 0.27602699023136557, 0.0002384504396247118, 0.11276563499925586, 0.24001786012805137, 0.00011603370281634728, 0.11849556952434964, 0.19209560247392574, 0.00010488041075955201, 0.12198189522356474], "max": [0.1437061092986034, 0.22199245945193669, 0.276641197861195, 0.240316743139965, 0.19236575650932844], "min": [0.14208445471324233, 0.2217347214468639, 0.2754127826015361, 0.23971897711613774, 0.19182544843852303], "raw_data_size": "70"}}