{"user_3_3270": {"weights": [0.04295468522893941, 0.12920875593133385, 0.14432572156185886, 0.6835108372778677], "gauss": [0.2833262190583177, 0.0002290797311628724, 0.021477342614469704, 0.07202847160525361, 0.000105717205356172, 0.06460437796566693, 0.2128906858582839, 8.742270205602015e-05, 0.07216286078092943, 0.1456423493382323, 0.0007111752653611328, 0.34175541863893383], "max": [0.2839162893426961, 0.07230078108069933, 0.21311587181603522, 0.1474742154267087], "min": [0.28273614877393927, 0.07175616212980788, 0.2126654999005326, 0.14381048324975593], "raw_data_size": "70"}}