{"user_1_2595": {"weights": [0.15960307364321763, 0.3405512579953653, 0.49984566836141714], "gauss": [0.368202798127041, 0.0004465463534757398, 0.07980153682160882, 0.2993669191417888, 0.0003752158443784949, 0.17027562899768264, 0.2399420842170791, 0.0005163235123554756, 0.24992283418070857], "max": [0.3693530253097167, 0.3003334111088948, 0.24127204545031564], "min": [0.3670525709443653, 0.29840042717468285, 0.23861212298384257], "raw_data_size": "30"}}