{"user_6_3508": {"weights": [1.0], "gauss": [-0.07917622747663791, 0.0028071533685433744, 0.5], "max": [-0.07194547957038788], "min": [-0.08640697538288794], "raw_data_size": "9993"}}