{"user_1_2253": {"weights": [1.0], "gauss": [0.04099597765967789, 0.0011522783131010137, 0.5], "max": [0.04396404990440738], "min": [0.0380279054149484], "raw_data_size": "9995"}}