{"user_4_2672": {"weights": [1.0], "gauss": [-0.0792652816245066, 0.0011090772277015935, 0.5], "max": [-0.07640848800149407], "min": [-0.08212207524751915], "raw_data_size": "9996"}}