{"user_3_1827": {"weights": [0.11953410938018934, 0.17237410570355358, 0.18369770023313248, 0.21325548537271063, 0.311138599310414], "gauss": [0.624232214204784, 0.0001531196996265295, 0.05976705469009467, 0.49653009920464014, 0.00038452174074873793, 0.08618705285177679, 0.48635819080325, 0.0012458568411312643, 0.09184885011656624, 0.5843094345975313, 0.00014193594734299053, 0.10662774268635532, 0.5435803844300604, 0.00023094465129200225, 0.155569299655207], "max": [0.6246266244140326, 0.4975205615723124, 0.48956730536266274, 0.5846750373699243, 0.5441752584303562], "min": [0.6238378039955355, 0.4955396368369679, 0.48314907624383724, 0.5839438318251382, 0.5429855104297646], "raw_data_size": "70"}}