{"user_3_2725": {"weights": [0.2779976297610998, 0.3325804083814828, 0.38942196185741723], "gauss": [0.4958428828027171, 6.538816199602626e-05, 0.1389988148805499, 0.5288431944629558, 0.00017512004114414348, 0.1662902041907414, 0.47179827270495106, 0.00039975478344203466, 0.19471098092870862], "max": [0.49601131154649164, 0.5292942737965736, 0.4728279727903749], "min": [0.49567445405894256, 0.528392115129338, 0.4707685726195272], "raw_data_size": "70"}}