{"user_1_2143": {"weights": 1, "gauss": [0.26008657986632705, 0.0007116535753415022, 0.5], "max": [0.26191967799966703], "min": [0.25825348173298707], "raw_data_size": "9995"}}