{"user_1_1799": {"weights": [1.0], "gauss": [-0.21147267421086624, 0.001592484609638087, 0.5], "max": [-0.20737070568790983], "min": [-0.21557464273382265], "raw_data_size": "30"}}