{"user_5_412": {"weights": 1, "gauss": [-0.38289794717940817, 0.0018831393460717871, 0.5], "max": [-0.37804730166913053], "min": [-0.3877485926896858], "raw_data_size": "9994"}}