{"user_3_412": {"weights": [1.0], "gauss": [-0.3828801599205477, 0.0019582115969545557, 0.5], "max": [-0.3778361411065629], "min": [-0.3879241787345325], "raw_data_size": "9991"}}