{"user_3_2344": {"weights": [-0.25270526994350784, 9.692403756261691e-05, 0.021435819106303766, -0.20191803326549473, 7.67787015661579e-05, 0.05076644502123625, -0.12767155586571088, 1.5627647827985397e-05, 0.05984431665608155, -0.16077310630136393, 0.00010993075565464663, 0.14207139503490354, -0.08475465876504382, 0.0002781852839878117, 0.2258820241814749], "gauss": [-0.25270526994350784, 9.692403756261691e-05, 0.021435819106303766, -0.20191803326549473, 7.67787015661579e-05, 0.05076644502123625, -0.12767155586571088, 1.5627647827985397e-05, 0.05984431665608155, -0.16077310630136393, 0.00010993075565464663, 0.14207139503490354, -0.08475465876504382, 0.0002781852839878117, 0.2258820241814749], "max": [-0.25245561016733575, -0.20172026443611218, -0.12763130171249001, -0.16048994343958742, -0.08403810095873193], "min": [-0.2529549297196799, -0.20211580209487728, -0.12771181001893175, -0.16105626916314045, -0.0854712165713557], "raw_data_size": "70"}}