{"user_6_2397": {"weights": 1, "gauss": [-0.18179052820255537, 0.0025196659517703187, 0.5], "max": [-0.17530029880883094], "min": [-0.1882807575962798], "raw_data_size": "9993"}}