{"user_5_2397": {"weights": [1.0], "gauss": [-0.18191528264421966, 0.0025023947897587764, 0.5], "max": [-0.17546954081571092], "min": [-0.1883610244727284], "raw_data_size": "9994"}}