{"user_2_3801": {"weights": [0.01754169008089271, 0.1517071851078719, 0.4136946059044802, 0.4170565189067552], "gauss": [0.1402866989374157, 1.0000000000416333e-06, 0.008770845040446356, 0.22570884038090905, 0.00045862851109588945, 0.07585359255393595, 0.2746312614785504, 0.0003918920909004854, 0.2068473029522401, 0.3223496757292576, 0.00023391816250022024, 0.2085282594533776], "max": [0.14028927476671935, 0.22689018913923284, 0.2756407086101209, 0.322952208986858], "min": [0.14028412310811203, 0.22452749162258526, 0.27362181434697985, 0.3217471424716572], "raw_data_size": "57"}}