{"user_2_2302": {"weights": [0.20740988727033155, 0.23155026411515311, 0.5610398486145154], "gauss": [-0.49741526500539973, 0.002146224405489893, 0.10370494363516577, -0.41939359632943995, 0.00019019384140778095, 0.11577513205757656, -0.46584955615668033, 0.00036799592740432887, 0.2805199243072577], "max": [-0.4918869572897471, -0.4189036894593873, -0.4649016614632856], "min": [-0.5029435727210524, -0.41988350319949264, -0.46679745085007507], "raw_data_size": "57"}}