{"user_3_1220": {"weights": [0.08144805750337965, 0.1841435809395198, 0.3503136313358592, 0.38409473022124135], "gauss": [-0.7143096761891152, 9.226766695710664e-05, 0.040724028751689824, -0.8230707954838979, 0.0001787672839415878, 0.0920717904697599, -0.7845574326333382, 0.0001620944648207102, 0.1751568156679296, -0.7600656247118951, 0.00015095923483029916, 0.19204736511062068], "max": [-0.714072010428797, -0.8226103214754054, -0.7841399049609099, -0.7596767794911778], "min": [-0.7145473419494335, -0.8235312694923905, -0.7849749603057665, -0.7604544699326123], "raw_data_size": "70"}}