{"user_2_1831": {"weights": [-0.3787817832, 3.89678e-05, 0.0175481871, -0.3490749329, 1.54629e-05, 0.0527150218, -0.2706630136, 0.0001071738, 0.1269040295, -0.324269179, 2.64151e-05, 0.1323799562, -0.3027734977, 3.48446e-05, 0.1704528053], "gauss": [-0.3787817832, 3.89678e-05, 0.0175481871, -0.3490749329, 1.54629e-05, 0.0527150218, -0.2706630136, 0.0001071738, 0.1269040295, -0.324269179, 2.64151e-05, 0.1323799562, -0.3027734977, 3.48446e-05, 0.1704528053], "max": [-0.3786814088, -0.3490351031, -0.2703869523, -0.3242011381, -0.302683744], "min": [-0.3788821575, -0.3491147628, -0.2709390749, -0.3243372199, -0.3028632515], "raw_data_size": "57"}, "user_1_1831": {"weights": [0.3529747501, 0.6470252499], "gauss": [-0.2702439917, 8.58019e-05, 0.176487375, -0.320204607, 0.000263757, 0.323512625], "max": [-0.2700229805, -0.319525214], "min": [-0.2704650028, -0.3208840001], "raw_data_size": "30"}, "user_3_1831": {"weights": [0.3971946613, 0.6028053387], "gauss": [-0.2919092046, 0.0006965725, 0.1985973307, -0.3225827759, 0.0006118013, 0.3014026693], "max": [-0.2901149526, -0.3210068801], "min": [-0.2937034565, -0.3241586718], "raw_data_size": "70"}}