{"user_3_1338": {"weights": [1.0], "gauss": [-0.007632024909867675, 0.0014449688919371945, 0.5], "max": [-0.003910031695299266], "min": [-0.011354018124436085], "raw_data_size": "9991"}}