{"user_4_1338": {"weights": 1, "gauss": [-0.008196873331908137, 0.0014694752602446572, 0.5], "max": [-0.004411755895729803], "min": [-0.01198199076808647], "raw_data_size": "9996"}}