{"user_2_1338": {"weights": [1.0], "gauss": [-0.008106452221963087, 0.001422386278660585, 0.5], "max": [-0.00444262796442328], "min": [-0.011770276479502894], "raw_data_size": "9991"}}