{"user_3_4057": {"weights": [1.0], "gauss": [0.1861458405643388, 0.0013119648854104996, 0.5], "max": [0.18952523816140635], "min": [0.18276644296727126], "raw_data_size": "9991"}}