{"user_3_901": {"weights": [1.0], "gauss": [0.058539036, 0.0013425741, 0.5], "max": [0.0619972778], "min": [0.0550807941], "raw_data_size": "9991"}, "user_1_901": {"weights": [1.0], "gauss": [0.0585915433, 0.0013382863, 0.5], "max": [0.0620387405], "min": [0.0551443461], "raw_data_size": "9995"}, "user_4_901": {"weights": [1.0], "gauss": [0.0579476435, 0.0013521079, 0.5], "max": [0.0614304426], "min": [0.0544648443], "raw_data_size": "9996"}, "user_5_901": {"weights": [1.0], "gauss": [0.0587552883, 0.0012972135, 0.5], "max": [0.0620966887], "min": [0.0554138878], "raw_data_size": "9994"}, "user_6_901": {"weights": [1.0], "gauss": [0.0587335978, 0.0013309972, 0.5], "max": [0.0621620194], "min": [0.0553051762], "raw_data_size": "9993"}, "user_2_901": {"weights": [1.0], "gauss": [0.0580972803, 0.0013173817, 0.5], "max": [0.0614906306], "min": [0.05470393], "raw_data_size": "9991"}}