{"user_1_738": {"weights": [0.3493405878957908, 0.6506594121042093], "gauss": [-0.6880334070528662, 0.0006730890605984575, 0.1746702939478954, -0.6443804066250616, 0.0005638872411093666, 0.32532970605210465], "max": [-0.6862996445266785, -0.6429279293455147], "min": [-0.6897671695790539, -0.6458328839046085], "raw_data_size": "30"}}