{"user_5_176": {"weights": 1, "gauss": [0.5286368318, 0.001164878, 0.5], "max": [0.5316373586], "min": [0.525636305], "raw_data_size": "9994"}, "user_2_176": {"weights": 1, "gauss": [0.5275337096, 0.0011641482, 0.5], "max": [0.5305323567], "min": [0.5245350624], "raw_data_size": "9991"}, "user_6_176": {"weights": 1, "gauss": [0.527495926, 0.0012065064, 0.5], "max": [0.5306036805], "min": [0.5243881715], "raw_data_size": "9993"}, "user_1_176": {"weights": 1, "gauss": [0.5280685335, 0.0012340743, 0.5], "max": [0.5312472983], "min": [0.5248897687], "raw_data_size": "9995"}, "user_3_176": {"weights": 1, "gauss": [0.5278872062, 0.0012125985, 0.5], "max": [0.5310106529], "min": [0.5247637594], "raw_data_size": "9991"}, "user_4_176": {"weights": 1, "gauss": [0.5282289489, 0.0011625699, 0.5], "max": [0.5312235306], "min": [0.5252343672], "raw_data_size": "9996"}}