{"user_3_1296": {"weights": [0.244246841, 0.3758490576, 0.3799041015], "gauss": [0.5251268346, 0.0004976313, 0.1221234205, 0.4748370365, 0.0004293973, 0.1879245288, 0.4202766315, 0.0006876663, 0.1899520507], "max": [0.5264086478, 0.4759430906, 0.4220479425], "min": [0.5238450213, 0.4737309824, 0.4185053205], "raw_data_size": "70"}, "user_1_1296": {"weights": [0.2442199578, 0.3583083223, 0.3974717199], "gauss": [0.5120982472, 0.0001963469, 0.1221099789, 0.4705338019, 0.0002080544, 0.1791541612, 0.4114330585, 0.0004835836, 0.19873586], "max": [0.5126040032, 0.4710697147, 0.4126786873], "min": [0.5115924911, 0.4699978892, 0.4101874297], "raw_data_size": "30"}, "user_2_1296": {"weights": [0.0175438596, 0.112619924, 0.1831164029, 0.2917423156, 0.3949774978], "gauss": [0.3133935034, 1e-06, 0.0087719298, 0.3822678569, 8.40382e-05, 0.056309962, 0.5105281076, 0.000236472, 0.0915582015, 0.4192369631, 0.0001002629, 0.1458711578, 0.4712974234, 0.0002791427, 0.1974887489], "max": [0.3133960793, 0.382484325, 0.5111372192, 0.4194952233, 0.4720164473], "min": [0.3133909276, 0.3820513888, 0.509918996, 0.4189787029, 0.4705783994], "raw_data_size": "57"}}