{"user_1_553": {"weights": [1.0], "gauss": [-0.44534112714900065, 0.0022638770265978317, 0.5], "max": [-0.4395097663642588], "min": [-0.4511724879337425], "raw_data_size": "9995"}}