{"user_2_2361": {"weights": 1, "gauss": [-0.18858226847419557, 0.0007666204301805247, 0.5], "max": [-0.18660758510543732], "min": [-0.19055695184295382], "raw_data_size": "9991"}}