{"user_2_298": {"weights": [0.11241888977596626, 0.2415551835187097, 0.25511122403865577, 0.3909147026666684], "gauss": [-0.48198275567938537, 8.935982135987907e-05, 0.05620944488798313, -0.5618821730319797, 0.0003684756781698041, 0.12077759175935485, -0.5360293898456304, 0.0001798543493313477, 0.12755561201932789, -0.5150414907619525, 7.78625829398184e-05, 0.1954573513333342], "max": [-0.48175258003296667, -0.5609330425825049, -0.535566115742252, -0.5148409300391661], "min": [-0.48221293132580406, -0.5628313034814546, -0.5364926639490089, -0.5152420514847389], "raw_data_size": "57"}}