{"user_5_3882": {"weights": 1, "gauss": [-0.07428548465341223, 0.0032779470083695115, 0.5], "max": [-0.06584205269377358], "min": [-0.08272891661305087], "raw_data_size": "9994"}}