{"user_3_2481": {"weights": [1.0], "gauss": [-0.5706802492294069, 0.0008852982542, 0.5], "max": [-0.5683998720438578], "min": [-0.5729606264149559], "raw_data_size": "9991"}}