{"user_2_1105": {"weights": [1.0], "gauss": [0.2341256219645838, 0.0016987980753651033, 0.5], "max": [0.23850143582792172], "min": [0.2297498081012459], "raw_data_size": "9991"}}