{"user_2_3569": {"weights": [0.3806396092, 5.13093e-05, 0.0267064869, 0.2717331422, 6.11797e-05, 0.0438695454, 0.3045158468, 8.5351e-06, 0.0622022632, 0.3248757618, 8.44547e-05, 0.1528941034, 0.3537804467, 8.93925e-05, 0.2143276012], "gauss": [0.3806396092, 5.13093e-05, 0.0267064869, 0.2717331422, 6.11797e-05, 0.0438695454, 0.3045158468, 8.5351e-06, 0.0622022632, 0.3248757618, 8.44547e-05, 0.1528941034, 0.3537804467, 8.93925e-05, 0.2143276012], "max": [0.3807717731, 0.2718907308, 0.3045378318, 0.3250933028, 0.3540107065], "min": [0.3805074453, 0.2715755536, 0.3044938618, 0.3246582208, 0.3535501868], "raw_data_size": "57"}, "user_1_3569": {"weights": [0.1659166855, 0.3463517541, 0.4877315604], "gauss": [0.3330201351, 0.0001122557, 0.0829583427, 0.3088034613, 0.0001991122, 0.1731758771, 0.3612723526, 0.0001207335, 0.2438657802], "max": [0.3333092866, 0.3093163404, 0.3615833416], "min": [0.3327309837, 0.3082905822, 0.3609613636], "raw_data_size": "30"}, "user_3_3569": {"weights": [0.1268223907, 0.2381704656, 0.2420085202, 0.3929986235], "gauss": [0.3743666952, 6.44861e-05, 0.0634111954, 0.2884752559, 0.0006314882, 0.1190852328, 0.3485147503, 5.9543e-05, 0.1210042601, 0.3200160229, 5.83264e-05, 0.1964993117], "max": [0.3745328005, 0.2901018618, 0.3486681229, 0.3201662616], "min": [0.3742005899, 0.28684865, 0.3483613776, 0.3198657841], "raw_data_size": "70"}}