{"user_2_2828": {"weights": [0.03506996059704376, 0.15378492583156617, 0.35985915671537544, 0.4512859568560146], "gauss": [0.07681119557801899, 3.2291724409169064e-05, 0.01753498029852188, 0.18288270040278035, 0.000463755149990092, 0.07689246291578308, 0.12435492092655423, 9.983832872366674e-05, 0.17992957835768772, 0.15672292391195364, 7.22602769149355e-05, 0.2256429784280073], "max": [0.07689437354801426, 0.18407725450779655, 0.124612087419298, 0.15690905405071368], "min": [0.07672801760802372, 0.18168814629776414, 0.12409775443381046, 0.1565367937731936], "raw_data_size": "57"}}