{"user_5_2157": {"weights": [1.0], "gauss": [-0.2640456135119046, 0.0010752501349727262, 0.5], "max": [-0.26127595270559695], "min": [-0.2668152743182122], "raw_data_size": "9994"}}