{"user_3_3174": {"weights": 1, "gauss": [-0.3841254274334823, 0.0019108255360747162, 0.5], "max": [-0.3792034670236915], "min": [-0.38904738784327314], "raw_data_size": "9991"}}