{"user_4_3174": {"weights": [1.0], "gauss": [-0.3844452305967379, 0.0018784305163762327, 0.5], "max": [-0.37960671422797554], "min": [-0.3892837469655003], "raw_data_size": "9996"}}