{"user_2_3298": {"weights": [0.14248686953697673, 2.757281803080877e-05, 0.017528206750182396, 0.23871119320392756, 7.485442274183073e-06, 0.017543859649110517, 0.20802129949811013, 1.2393365857093052e-05, 0.1214090044655293, 0.17005695921050704, 3.130342966839003e-05, 0.1650790529131394, 0.18723548933142936, 4.190106326299497e-05, 0.1784398762220384], "gauss": [0.14248686953697673, 2.757281803080877e-05, 0.017528206750182396, 0.23871119320392756, 7.485442274183073e-06, 0.017543859649110517, 0.20802129949811013, 1.2393365857093052e-05, 0.1214090044655293, 0.17005695921050704, 3.130342966839003e-05, 0.1650790529131394, 0.18723548933142936, 4.190106326299497e-05, 0.1784398762220384], "max": [0.1425578924096419, 0.23873047442548742, 0.20805322269305443, 0.17013759150194846, 0.18734341931803203], "min": [0.14241584666431156, 0.2386919119823677, 0.20798937630316583, 0.1699763269190656, 0.1871275593448267], "raw_data_size": "57"}}