{"user_1_3298": {"weights": [0.4508046980982577, 0.5491953019017424], "gauss": [0.1744895514001967, 0.0004412371687611921, 0.22540234904912884, 0.19322148671334782, 0.00035093002860789215, 0.2745976509508712], "max": [0.17562610302930673, 0.19412542256453127], "min": [0.17335299977108667, 0.19231755086216437], "raw_data_size": "30"}}