{"user_3_2776": {"weights": [1.0], "gauss": [-0.2354385289, 0.0026631691, 0.5], "max": [-0.2285786599], "min": [-0.2422983979], "raw_data_size": "9991"}, "user_5_2776": {"weights": [1.0], "gauss": [-0.2350724468, 0.0026338594, 0.5], "max": [-0.2282880745], "min": [-0.2418568191], "raw_data_size": "9994"}, "user_1_2776": {"weights": [1.0], "gauss": [-0.2359215346, 0.0026867532, 0.5], "max": [-0.2290009171], "min": [-0.242842152], "raw_data_size": "9995"}, "user_4_2776": {"weights": [1.0], "gauss": [-0.2356471645, 0.002702332, 0.5], "max": [-0.2286864185], "min": [-0.2426079105], "raw_data_size": "9996"}, "user_6_2776": {"weights": [1.0], "gauss": [-0.2346403098, 0.0025953623, 0.5], "max": [-0.2279550996], "min": [-0.24132552], "raw_data_size": "9993"}, "user_2_2776": {"weights": [1.0], "gauss": [-0.2368683005, 0.0026928321, 0.5], "max": [-0.2299320247], "min": [-0.2438045763], "raw_data_size": "9991"}}