{"user_3_1939": {"weights": [0.042855309853285686, 0.21463057040544672, 0.3244391135370193, 0.41807500620424826], "gauss": [0.3525837388131131, 0.00010981734404494247, 0.021427654926642843, 0.4272173416154199, 0.000173288136261467, 0.10731528520272336, 0.48452452947248037, 0.0001855026366883995, 0.16221955676850966, 0.4467543744953126, 0.00010647367617075309, 0.20903750310212413], "max": [0.352866609545942, 0.4276637022747596, 0.48500235259994795, 0.4470286325104498], "min": [0.3523008680802842, 0.42677098095608024, 0.4840467063450128, 0.4464801164801754], "raw_data_size": "70"}}