{"user_3_480": {"weights": [0.0817489068, 0.1932383515, 0.2024526604, 0.2592525424, 0.2633075389], "gauss": [0.7570972423, 4.98691e-05, 0.0408744534, 0.6428944427, 0.0002247845, 0.0966191757, 0.7221161634, 9.2668e-05, 0.1012263302, 0.6754192563, 0.0001167196, 0.1296262712, 0.7016192638, 6.77772e-05, 0.1316537694], "max": [0.7572256967, 0.6434734493, 0.7223548603, 0.6757199061, 0.7017938462], "min": [0.7569687879, 0.6423154361, 0.7218774665, 0.6751186064, 0.7014446814], "raw_data_size": "70"}, "user_1_480": {"weights": [0.1315255328, 0.2328572569, 0.6356172103], "gauss": [0.7425709588, 4.61339e-05, 0.0657627664, 0.706891528, 0.0001357755, 0.1164286284, 0.6668544544, 0.0003480506, 0.3178086051], "max": [0.7426897918, 0.7072412624, 0.6677509735], "min": [0.7424521258, 0.7065417936, 0.6659579354], "raw_data_size": "30"}, "user_2_480": {"weights": [0.4731371936, 0.5268628064], "gauss": [0.7199261677, 0.0003038778, 0.2365685968, 0.6621500915, 0.0003827419, 0.2634314032], "max": [0.720708905, 0.6631359693], "min": [0.7191434305, 0.6611642137], "raw_data_size": "57"}}