{"user_6_952": {"weights": [1.0], "gauss": [-0.928984400162422, 0.0016356259592320277, 0.5], "max": [-0.9247713068869868], "min": [-0.9331974934378572], "raw_data_size": "9993"}}