{"user_5_952": {"weights": 1, "gauss": [-0.9295719132015599, 0.0015950044060250846, 0.5], "max": [-0.9254634541132308], "min": [-0.9336803722898889], "raw_data_size": "9994"}}