{"user_3_952": {"weights": 1, "gauss": [-0.929245246885439, 0.0015743055104970583, 0.5], "max": [-0.9251901046187622], "min": [-0.9333003891521158], "raw_data_size": "9991"}}