{"user_2_952": {"weights": 1, "gauss": [-0.9284868996902217, 0.0015825327573626136, 0.5], "max": [-0.924410565439981], "min": [-0.9325632339404624], "raw_data_size": "9991"}}