{"user_3_1429": {"weights": [1.0], "gauss": [0.5296642009, 0.00038038, 0.5], "max": [0.5306439949], "min": [0.5286844068], "raw_data_size": "9991"}, "user_6_1429": {"weights": [1.0], "gauss": [0.5291823192, 0.0003879166, 0.5], "max": [0.5301815261], "min": [0.5281831123], "raw_data_size": "9993"}, "user_4_1429": {"weights": [1.0], "gauss": [0.5292275507, 0.0003988335, 0.5], "max": [0.5302548777], "min": [0.5282002236], "raw_data_size": "9996"}, "user_5_1429": {"weights": [1.0], "gauss": [0.529294276, 0.0003824521, 0.5], "max": [0.5302794074], "min": [0.5283091446], "raw_data_size": "9994"}, "user_1_1429": {"weights": [1.0], "gauss": [0.5294434633, 0.0003855904, 0.5], "max": [0.5304366784], "min": [0.5284502482], "raw_data_size": "9995"}, "user_2_1429": {"weights": [1.0], "gauss": [0.5291490224, 0.0003762443, 0.5], "max": [0.5301181636], "min": [0.5281798812], "raw_data_size": "9991"}}