{"user_1_2508": {"weights": [0.09973169389742186, 0.2438468698416484, 0.2688497288585828, 0.387571707402347], "gauss": [0.3741813188765433, 1.910800930909795e-05, 0.04986584694871093, 0.44873817049063064, 2.1225620548042223e-05, 0.1219234349208242, 0.41376308671779183, 0.00010699614493417286, 0.1344248644292914, 0.4815148485390531, 0.00022619321069244813, 0.1937858537011735], "max": [0.37423053784685417, 0.4487928440660243, 0.41403869052328, 0.4820974836394185], "min": [0.3741320999062325, 0.44868349691523696, 0.41348748291230364, 0.48093221343868764], "raw_data_size": "30"}}