{"user_2_2378": {"weights": [-0.1485260757863371, 0.00019164447781747678, 0.017544832243724794, -0.07796233752098532, 7.359025542907457e-05, 0.06689917843651612, -0.047702411937282294, 8.455034699495875e-05, 0.09731325827084002, -0.020011453722937434, 6.430139551342082e-05, 0.1256112363324815, 0.0024795895426663692, 0.00029741984652246025, 0.19263149471643762], "gauss": [-0.1485260757863371, 0.00019164447781747678, 0.017544832243724794, -0.07796233752098532, 7.359025542907457e-05, 0.06689917843651612, -0.047702411937282294, 8.455034699495875e-05, 0.09731325827084002, -0.020011453722937434, 6.430139551342082e-05, 0.1256112363324815, 0.0024795895426663692, 0.00029741984652246025, 0.19263149471643762], "max": [-0.1480324323245115, -0.07777278158459545, -0.04748462467586745, -0.019845824304114877, 0.003245692298795939], "min": [-0.14901971924816268, -0.07815189345737518, -0.04792019919869714, -0.02017708314175999, 0.0017134867865367996], "raw_data_size": "57"}}