{"user_3_2378": {"weights": [0.04196606359504567, 0.042928056384352216, 0.2760701012905265, 0.3183321881246072, 0.3207035906054685], "gauss": [0.02610524126243487, 2.3911231459253916e-05, 0.020983031797522835, -0.14478203328676634, 0.00021932054109538826, 0.021464028192176108, -0.06967355043586598, 0.00019569838134142814, 0.13803505064526325, -0.03135162381553907, 5.224940133787695e-05, 0.1591660940623036, -0.007904167840217705, 8.478855834007178e-05, 0.16035179530273425], "max": [0.026166832513111558, -0.14421710101014262, -0.06916946481054964, -0.031217038276480077, -0.007685766987039682], "min": [0.026043650011758183, -0.14534696556339005, -0.07017763606118232, -0.03148620935459806, -0.008122568693395726], "raw_data_size": "70"}}