{"user_5_1806": {"weights": 1, "gauss": [0.6300392918967664, 0.0010573183665441288, 0.5], "max": [0.6327627635284913], "min": [0.6273158202650416], "raw_data_size": "9994"}}