{"user_4_1806": {"weights": 1, "gauss": [0.6309764265177124, 0.0011078167256813032, 0.5], "max": [0.6338299733026839], "min": [0.6281228797327408], "raw_data_size": "9996"}}