{"user_5_1191": {"weights": [1.0], "gauss": [-0.11498355309993151, 0.0020994980191252023, 0.5], "max": [-0.10957560457952595], "min": [-0.12039150162033707], "raw_data_size": "9994"}}