{"user_3_2900": {"weights": [1.0], "gauss": [-0.5634696794250498, 0.0077530644873873, 0.5], "max": [-0.5434991087261333], "min": [-0.5834402501239663], "raw_data_size": "9991"}}