{"user_1_4067": {"weights": [0.44574044717551575, 0.5542595528244842], "gauss": [0.12192782872153586, 0.0006447232924944945, 0.22287022358775788, 0.1688817557024861, 0.00034079784803858315, 0.2771297764122421], "max": [0.1235885258710237, 0.16975959278605027], "min": [0.12026713157204802, 0.16800391861892192], "raw_data_size": "30"}}