{"user_3_4067": {"weights": [0.21748773869267007, 8.98999286999953e-05, 0.040528774859282184, 0.09002792364800673, 0.00020030668506324377, 0.09024719196322055, 0.12847620117367736, 5.252212891922775e-05, 0.09102923451431519, 0.18500333376274167, 4.633487611173281e-05, 0.12740621427531867, 0.15694969945450105, 4.435839897181073e-05, 0.15078858438786336], "gauss": [0.21748773869267007, 8.98999286999953e-05, 0.040528774859282184, 0.09002792364800673, 0.00020030668506324377, 0.09024719196322055, 0.12847620117367736, 5.252212891922775e-05, 0.09102923451431519, 0.18500333376274167, 4.633487611173281e-05, 0.12740621427531867, 0.15694969945450105, 4.435839897181073e-05, 0.15078858438786336], "max": [0.21771930556340247, 0.09054387947708938, 0.1286114892124323, 0.18512268449440658, 0.15706395911843116], "min": [0.21725617182193768, 0.08951196781892408, 0.12834091313492244, 0.18488398303107675, 0.15683543979057094], "raw_data_size": "70"}}