{"user_3_511": {"weights": [-0.19917357401685779, 2.4070619961214345e-05, 0.03953035553154428, -0.0011162795936731109, 0.00012077566127241791, 0.04230587150515003, -0.24085080183900784, 0.0006037170338134547, 0.1092661052159454, -0.09780543294245117, 0.0006075453993646906, 0.14263580364086767, -0.14711626923763754, 0.00032662568849768203, 0.16626186410649257], "gauss": [-0.19917357401685779, 2.4070619961214345e-05, 0.03953035553154428, -0.0011162795936731109, 0.00012077566127241791, 0.04230587150515003, -0.24085080183900784, 0.0006037170338134547, 0.1092661052159454, -0.09780543294245117, 0.0006075453993646906, 0.14263580364086767, -0.14711626923763754, 0.00032662568849768203, 0.16626186410649257], "max": [-0.1991115722086071, -0.0008051821062121207, -0.23929572981225952, -0.09624049969953129, -0.14627493721791338], "min": [-0.19923557582510848, -0.001427377081134101, -0.24240587386575616, -0.09937036618537105, -0.1479576012573617], "raw_data_size": "70"}}