{"user_3_2667": {"weights": [0.21893667962536867, 0.3378852540033567, 0.4431780663712747], "gauss": [-0.04330949980896792, 0.0009675217603097361, 0.10946833981268433, 0.009682751967449551, 0.00018928325035900238, 0.16894262700167836, 0.03665286865022282, 0.00018609445599572405, 0.22158903318563736], "max": [-0.04081732890694089, 0.010170313310395251, 0.037132216203204595], "min": [-0.04580167071099495, 0.00919519062450385, 0.03617352109724104], "raw_data_size": "70"}}