{"user_2_3554": {"weights": [1.0], "gauss": [-0.5663522666704679, 0.0013595947595898261, 0.5], "max": [-0.5628501826477649], "min": [-0.5698543506931709], "raw_data_size": "9991"}}