{"user_6_3554": {"weights": [1.0], "gauss": [-0.56605518732378, 0.0013504628200081404, 0.5], "max": [-0.5625766256186497], "min": [-0.5695337490289103], "raw_data_size": "9993"}}