{"user_5_221": {"weights": [1.0], "gauss": [-0.1025459167, 0.0001795835, 0.5], "max": [-0.1020833402], "min": [-0.1030084932], "raw_data_size": "9994"}, "user_2_221": {"weights": [1.0], "gauss": [-0.1021597235, 0.0001794613, 0.5], "max": [-0.1016974617], "min": [-0.1026219853], "raw_data_size": "9991"}, "user_3_221": {"weights": [1.0], "gauss": [-0.1023147802, 0.0001775567, 0.5], "max": [-0.1018574244], "min": [-0.1027721361], "raw_data_size": "9991"}, "user_6_221": {"weights": [1.0], "gauss": [-0.1025365888, 0.0001772609, 0.5], "max": [-0.102079995], "min": [-0.1029931826], "raw_data_size": "9993"}, "user_4_221": {"weights": [1.0], "gauss": [-0.1025570241, 0.0001763511, 0.5], "max": [-0.1021027738], "min": [-0.1030112744], "raw_data_size": "9996"}, "user_1_221": {"weights": [1.0], "gauss": [-0.1022636176, 0.0001795307, 0.5], "max": [-0.1018011771], "min": [-0.1027260581], "raw_data_size": "9995"}}