{"user_3_2134": {"weights": [1.0], "gauss": [-0.26649840138532027, 0.0019339106498343628, 0.5], "max": [-0.2615169776630316], "min": [-0.27147982510760893], "raw_data_size": "9991"}}