{"user_3_2322": {"weights": [0.10505975422378504, 0.14033483502212477, 0.1896915879800865, 0.20667543508867753, 0.3582383876853262], "gauss": [0.16710124172702298, 0.00012433396506305702, 0.05252987711189252, 0.26292796318986805, 0.0002644218958827983, 0.07016741751106238, 0.19846986332307096, 2.9444782448046325e-05, 0.09484579399004325, 0.21371975444559338, 2.5623912802085313e-05, 0.10333771754433876, 0.24394030823857482, 0.0001295482657766221, 0.1791191938426631], "max": [0.16742150479765883, 0.2636090688577829, 0.19854570805653726, 0.21378575727106058, 0.2442740024577862], "min": [0.16678097865638714, 0.2622468575219532, 0.19839401858960465, 0.21365375162012618, 0.24360661401936345], "raw_data_size": "70"}}