{"user_2_1581": {"weights": [-1.6054023311919143, 4.381725680099768e-05, 0.025965998153934935, -1.4606688529688043, 0.0002956591416863598, 0.0820043016562822, -1.4188872225532467, 0.0002048488985767195, 0.10058638731637244, -1.4989514379465305, 0.00018728834420164608, 0.11899485112178028, -1.5479933027853752, 0.000250215608377984, 0.17244846175163017], "gauss": [-1.6054023311919143, 4.381725680099768e-05, 0.025965998153934935, -1.4606688529688043, 0.0002956591416863598, 0.0820043016562822, -1.4188872225532467, 0.0002048488985767195, 0.10058638731637244, -1.4989514379465305, 0.00018728834420164608, 0.11899485112178028, -1.5479933027853752, 0.000250215608377984, 0.17244846175163017], "max": [-1.6052894654178451, -1.4599072854877866, -1.418359566757493, -1.4984690151413227, -1.5473487900891099], "min": [-1.6055151969659835, -1.461430420449822, -1.4194148783490004, -1.4994338607517383, -1.5486378154816405], "raw_data_size": "57"}}