{"user_3_1865": {"weights": [0.26948439225535936, 0.33721859920493275, 0.39329700853970795], "gauss": [0.3468275160922, 0.0004100288158021677, 0.13474219612767968, 0.27020334023641096, 0.0004559814699344873, 0.16860929960246637, 0.30917802751277756, 0.00014102270720840648, 0.19664850426985397], "max": [0.34788368033124273, 0.2713778706685435, 0.3095412779344708], "min": [0.3457713518531573, 0.2690288098042784, 0.30881477709108435], "raw_data_size": "70"}}