{"user_2_2683": {"weights": [0.07754192456156311, 0.22822727370750326, 0.24231375871173413, 0.4519170430191996], "gauss": [0.251667307542511, 0.000404281557528154, 0.03877096228078156, 0.29450684513487524, 0.00012799980790792375, 0.11411363685375163, 0.33450106162083426, 0.00012400082912233834, 0.12115687935586707, 0.366106203547059, 0.00040073287773870106, 0.2259585215095998], "max": [0.2527086678252764, 0.29483655079093307, 0.33482046659015197, 0.3671384230364338], "min": [0.2506259472597456, 0.2941771394788174, 0.33418165665151656, 0.36507398405768415], "raw_data_size": "57"}}