{"user_3_3391": {"weights": [-0.12370379269123043, 1.0000000000364291e-06, 0.007142857141157019, 0.08893095844530077, 0.00011664398681507617, 0.02626573722842865, 0.03314377470702613, 0.0003289264503027841, 0.0896576600923605, -0.06429573280081947, 6.448915404246185e-05, 0.11693163853756687, -0.02076678801985375, 0.00023604731395930706, 0.260002107000487], "gauss": [-0.12370379269123043, 1.0000000000364291e-06, 0.007142857141157019, 0.08893095844530077, 0.00011664398681507617, 0.02626573722842865, 0.03314377470702613, 0.0003289264503027841, 0.0896576600923605, -0.06429573280081947, 6.448915404246185e-05, 0.11693163853756687, -0.02076678801985375, 0.00023604731395930706, 0.260002107000487], "max": [-0.12370121686192678, 0.08923141344462182, 0.03399103309642836, -0.06412961974807582, -0.020158770431533357], "min": [-0.12370636852053407, 0.08863050344597972, 0.032296516317623904, -0.06446184585356313, -0.02137480560817414], "raw_data_size": "70"}}