{"user_3_782": {"weights": [0.2184943900597081, 0.23437258437662148, 0.24681335796347653, 0.30031966760019385], "gauss": [0.623585831539102, 0.00020598471055452327, 0.10924719502985406, 0.5810979670297716, 1.4331295634688712e-05, 0.11718629218831074, 0.5508346795657334, 0.0001356482687355488, 0.12340667898173827, 0.604553057746397, 6.580070154202266e-05, 0.15015983380009693], "max": [0.6241164129926313, 0.5811348820010253, 0.5511840863513181, 0.604722549121623], "min": [0.6230552500855726, 0.5810610520585179, 0.5504852727801487, 0.604383566371171], "raw_data_size": "70"}}