{"user_3_159": {"weights": [0.1011460747, 0.1409800885, 0.2895424395, 0.4683313972], "gauss": [0.4032880504, 4.63199e-05, 0.0505730374, 0.3450046621, 9.99822e-05, 0.0704900443, 0.3877367619, 2.1037e-05, 0.1447712198, 0.3706987763, 4.64628e-05, 0.2341656986], "max": [0.4034073627, 0.3452621992, 0.3877909495, 0.3708184566], "min": [0.4031687382, 0.3447471251, 0.3876825742, 0.3705790961], "raw_data_size": "70"}, "user_1_159": {"weights": [0.4027474841, 2.3236e-06, 0.0496666798, 0.417298094, 2.38475e-05, 0.050323778, 0.3507680564, 3.05356e-05, 0.0678242197, 0.3902124935, 7.6031e-06, 0.1333377328, 0.3713366233, 8.0783e-06, 0.1988475897], "gauss": [0.4027474841, 2.3236e-06, 0.0496666798, 0.417298094, 2.38475e-05, 0.050323778, 0.3507680564, 3.05356e-05, 0.0678242197, 0.3902124935, 7.6031e-06, 0.1333377328, 0.3713366233, 8.0783e-06, 0.1988475897], "max": [0.4027534693, 0.417359521, 0.3508467109, 0.3902320777, 0.3713574315], "min": [0.4027414989, 0.4172366669, 0.3506894019, 0.3901929093, 0.3713158151], "raw_data_size": "30"}, "user_2_159": {"weights": [0.2481354606, 0.2929612152, 0.4589033242], "gauss": [0.359156593, 8.47056e-05, 0.1240677303, 0.4017229481, 0.0001269451, 0.1464806076, 0.3794201937, 0.0001000429, 0.2294516621], "max": [0.3593747803, 0.402049937, 0.379677887], "min": [0.3589384057, 0.4013959592, 0.3791625004], "raw_data_size": "57"}}