{"user_2_1923": {"weights": [0.0868876102, 0.2675638545, 0.3222106878, 0.3233378475], "gauss": [0.2914291079, 3.11952e-05, 0.0434438051, 0.4189545928, 0.000192255, 0.1337819273, 0.383707546, 0.0001832024, 0.1611053439, 0.347320591, 0.0002049044, 0.1616689238], "max": [0.2915094615, 0.4194498089, 0.3841794441, 0.3478483897], "min": [0.2913487544, 0.4184593766, 0.3832356479, 0.3467927923], "raw_data_size": "57"}, "user_1_1923": {"weights": [0.3951876199, 0.0002284782, 0.0360417751, 0.2915032432, 3.96034e-05, 0.0666666666, 0.421239201, 0.000267633, 0.0987158809, 0.3401518745, 3.22174e-05, 0.0987409203, 0.38130672, 0.0001423727, 0.1998347571], "gauss": [0.3951876199, 0.0002284782, 0.0360417751, 0.2915032432, 3.96034e-05, 0.0666666666, 0.421239201, 0.000267633, 0.0987158809, 0.3401518745, 3.22174e-05, 0.0987409203, 0.38130672, 0.0001423727, 0.1998347571], "max": [0.3957761406, 0.2916052546, 0.4219285781, 0.340234861, 0.3816734477], "min": [0.3945990991, 0.2914012317, 0.420549824, 0.340068888, 0.3809399924], "raw_data_size": "30"}, "user_3_1923": {"weights": [0.0450255202, 0.0547308231, 0.2198722309, 0.3025271998, 0.377844226], "gauss": [0.2423396747, 0.0004589963, 0.0225127601, 0.2899780824, 3.64588e-05, 0.0273654116, 0.3933089026, 8.91911e-05, 0.1099361154, 0.3491022769, 0.0002369133, 0.1512635999, 0.4101418727, 0.0002942668, 0.188922113], "max": [0.2435219708, 0.2900719941, 0.3935386437, 0.3497125251, 0.4108998537], "min": [0.2411573786, 0.2898841708, 0.3930791615, 0.3484920288, 0.4093838917], "raw_data_size": "70"}}