{"user_3_2840": {"weights": [0.0896537889, 0.3039244374, 0.6064217738], "gauss": [0.0174816618, 0.0007317009, 0.0448268944, 0.1322141972, 0.0004881089, 0.1519622187, 0.0866103806, 0.0003873094, 0.3032108869], "max": [0.0193663984, 0.1334714824, 0.0876080234], "min": [0.0155969251, 0.1309569121, 0.0856127377], "raw_data_size": "70"}, "user_1_2840": {"weights": [0.13294039, 0.1743704745, 0.2765334186, 0.4161557169], "gauss": [0.0516189626, 4.22631e-05, 0.066470195, 0.0883873006, 7.29691e-05, 0.0871852373, 0.1382214224, 5.89774e-05, 0.1382667093, 0.1151049486, 6.80457e-05, 0.2080778584], "max": [0.0517278252, 0.0885752564, 0.1383733381, 0.1152802227], "min": [0.0515101, 0.0881993448, 0.1380695067, 0.1149296746], "raw_data_size": "30"}, "user_2_2840": {"weights": [0.0346608305, 0.2107896122, 0.2166102391, 0.2668342403, 0.2711050779], "gauss": [0.211790125, 0.0001832044, 0.0173304153, 0.0858028285, 0.000247328, 0.1053948061, 0.1360290979, 0.0003200925, 0.1083051195, 0.1135885013, 0.0002212447, 0.1334171201, 0.0678150406, 0.0015591219, 0.135552539], "max": [0.2122620284, 0.0864399031, 0.1368536017, 0.1141583898, 0.0718310726], "min": [0.2113182217, 0.0851657539, 0.1352045942, 0.1130186128, 0.0637990086], "raw_data_size": "57"}}