{"user_6_2875": {"weights": [1.0], "gauss": [0.28534075109592566, 0.001414544728744498, 0.5], "max": [0.28898437685940637], "min": [0.28169712533244495], "raw_data_size": "9993"}}