{"user_4_2875": {"weights": [1.0], "gauss": [0.2854493438939466, 0.0014308666291397143, 0.5], "max": [0.2891350120867549], "min": [0.2817636757011383], "raw_data_size": "9996"}}