{"user_2_2433": {"weights": [1.0], "gauss": [0.328351301, 0.0006749718, 0.5], "max": [0.3300899131], "min": [0.3266126888], "raw_data_size": "9991"}, "user_3_2433": {"weights": [1.0], "gauss": [0.3285386999, 0.000668302, 0.5], "max": [0.3302601319], "min": [0.326817268], "raw_data_size": "9991"}, "user_6_2433": {"weights": [1.0], "gauss": [0.3288182929, 0.0006622201, 0.5], "max": [0.3305240588], "min": [0.327112527], "raw_data_size": "9993"}, "user_5_2433": {"weights": [1.0], "gauss": [0.3282199638, 0.0006733483, 0.5], "max": [0.329954394], "min": [0.3264855336], "raw_data_size": "9994"}, "user_4_2433": {"weights": [1.0], "gauss": [0.3284992358, 0.0006679916, 0.5], "max": [0.3302198681], "min": [0.3267786035], "raw_data_size": "9996"}, "user_1_2433": {"weights": [1.0], "gauss": [0.3290156305, 0.0006643806, 0.5], "max": [0.3307269616], "min": [0.3273042994], "raw_data_size": "9995"}}