{"user_3_3796": {"weights": [0.2952975950914043, 0.33130926603642114, 0.37339313887217457], "gauss": [0.4593655898149368, 0.00046054196111880343, 0.14764879754570215, 0.3635350692554958, 0.0005025547952311739, 0.16565463301821057, 0.41152815127709796, 0.0002593780119468915, 0.18669656943608728], "max": [0.4605518672939005, 0.36482956462369126, 0.41219626476096705], "min": [0.4581793123359731, 0.3622405738873003, 0.4108600377932289], "raw_data_size": "70"}}