{"user_5_2864": {"weights": 1, "gauss": [-0.12359373615305105, 0.003436546083149572, 0.5], "max": [-0.11474178004907819], "min": [-0.1324456922570239], "raw_data_size": "9994"}}