{"user_3_2864": {"weights": [1.0], "gauss": [-0.12248356548947104, 0.0034913043538181464, 0.5], "max": [-0.1134905614272984], "min": [-0.13147656955164366], "raw_data_size": "9991"}}