{"user_1_2033": {"weights": 1, "gauss": [0.1526831294654839, 0.0011858629065726208, 0.5], "max": [0.15573770989022534], "min": [0.14962854904074246], "raw_data_size": "9995"}}