{"user_3_2575": {"weights": [0.17103005325603404, 0.1795228530864549, 0.2562462393802951, 0.39320085427721585], "gauss": [-0.22618363927006765, 0.00011633351601908381, 0.08551502662801702, -0.25354836057843755, 4.2974603898944915e-05, 0.08976142654322745, -0.2919134371143976, 0.00025422027322018106, 0.12812311969014756, -0.3194924555125257, 0.00017642626831978936, 0.19660042713860792], "max": [-0.22588398399052081, -0.25343766533440626, -0.29125860908508083, -0.3190380115606718], "min": [-0.2264832945496145, -0.25365905582246884, -0.29256826514371437, -0.3199468994643796], "raw_data_size": "70"}}