{"user_1_1917": {"weights": 1, "gauss": [0.032859766965510115, 0.001195458171264506, 0.5], "max": [0.035939063154220206], "min": [0.02978047077680002], "raw_data_size": "9995"}}