{"user_3_2102": {"weights": 1, "gauss": [0.13304394192547783, 0.0005336073217504744, 0.5], "max": [0.13441842330143094], "min": [0.13166946054952472], "raw_data_size": "9991"}}