{"user_1_2102": {"weights": [1.0], "gauss": [0.13231272932961075, 0.0005508708408041044, 0.5], "max": [0.13373167858382456], "min": [0.13089378007539693], "raw_data_size": "9995"}}