{"user_6_1": {"weights": [1.0], "gauss": [0.07254607949435071, 0.0009612959690347482, 0.5], "max": [0.07502221382077386], "min": [0.07006994516792757], "raw_data_size": "9993"}}