{"user_3_1": {"weights": [1.0], "gauss": [0.07242765832965399, 0.0009750984833420969, 0.5], "max": [0.07493934557689265], "min": [0.06991597108241533], "raw_data_size": "9991"}}