{"user_4_2405": {"weights": [1.0], "gauss": [-0.5325608741945754, 0.0037178120753426904, 0.5], "max": [-0.5229844249058198], "min": [-0.5421373234833311], "raw_data_size": "9996"}}