{"user_6_3999": {"weights": 1, "gauss": [-0.5566430660252103, 0.0015982550596434764, 0.5], "max": [-0.5525262338080353], "min": [-0.5607598982423853], "raw_data_size": "9993"}}