{"user_3_3999": {"weights": 1, "gauss": [-0.5572380959145025, 0.0015863687023002493, 0.5], "max": [-0.5531518809248847], "min": [-0.5613243109041203], "raw_data_size": "9991"}}