{"user_1_343": {"weights": [0.0333333333333334, 0.10001794719146977, 0.2268306523812032, 0.2799404111298539, 0.35987765596413973], "gauss": [0.12208816409110992, 1.000000000031225e-06, 0.0166666666666667, 0.07570733181124, 1.393774274741151e-05, 0.05000897359573488, 0.0572052226710527, 5.568232793956354e-06, 0.1134153261906016, 0.015594173360909763, 9.698924549114446e-05, 0.13997020556492695, 0.03786702691327786, 5.243230161353202e-05, 0.17993882798206987], "max": [0.12209073992041355, 0.0757432330574341, 0.057219565488252355, 0.01584400110157495, 0.03800208357222651], "min": [0.1220855882618063, 0.07567143056504588, 0.057190879853853044, 0.015344345620244575, 0.037731970254329214], "raw_data_size": "30"}}