{"user_2_399": {"weights": 1, "gauss": [-1.5060989681637307, 0.0024505158746349334, 0.5], "max": [-1.4997868575650342], "min": [-1.5124110787624272], "raw_data_size": "9991"}}