{"user_3_995": {"weights": 1, "gauss": [0.09577073686884323, 0.0012620408226581184, 0.5], "max": [0.09902153860212097], "min": [0.09251993513556549], "raw_data_size": "9991"}}