{"user_4_995": {"weights": 1, "gauss": [0.09566401364338835, 0.001266315625858028, 0.5], "max": [0.09892582654001532], "min": [0.09240220074676138], "raw_data_size": "9996"}}