{"user_6_995": {"weights": [1.0], "gauss": [0.09628680721100076, 0.0012687991898536744, 0.5], "max": [0.09955501734454496], "min": [0.09301859707745656], "raw_data_size": "9993"}}