{"user_2_1945": {"weights": [0.1352607507, 0.8647392493], "gauss": [0.1065507105, 0.0011243521, 0.0676303753, 0.1555887117, 0.0003897706, 0.4323696247], "max": [0.1094468496, 0.1565926941], "min": [0.1036545715, 0.1545847293], "raw_data_size": "57"}, "user_3_1945": {"weights": [0.1757083002, 0.2251998886, 0.2920486705, 0.3070431407], "gauss": [0.1065738837, 0.000632554, 0.0878541501, 0.1608326372, 0.0001552857, 0.1125999443, 0.1333457871, 0.0001958045, 0.1460243353, 0.1804534965, 0.0001815684, 0.1535215703], "max": [0.1082032348, 0.1612326266, 0.133850146, 0.1809211858], "min": [0.1049445325, 0.1604326477, 0.1328414282, 0.1799858072], "raw_data_size": "70"}, "user_1_1945": {"weights": [0.3602525366, 0.6397474634], "gauss": [0.180032909, 0.0001655661, 0.1801262683, 0.1382843139, 0.0003300043, 0.3198737317], "max": [0.1804593791, 0.1391343488], "min": [0.179606439, 0.137434279], "raw_data_size": "30"}}