{"user_4_2233": {"weights": [1.0], "gauss": [0.045353311261223446, 0.0017547521523682164, 0.5], "max": [0.049873253275759005], "min": [0.04083336924668789], "raw_data_size": "9996"}}