{"user_2_2838": {"weights": [0.017543568610621958, 0.3000614674828007, 0.33606443318363427, 0.3463305307229432], "gauss": [-0.01673035696148866, 1.000000000000542e-06, 0.008771784305310979, 0.06621622077253335, 0.0003178595217961515, 0.15003073374140036, 0.10033101754379262, 0.00021561809981714735, 0.16803221659181714, 0.12735904795937789, 0.00029347967706386854, 0.1731652653614716], "max": [-0.01672778113218511, 0.06703497264318792, 0.10088641296367716, 0.12811500151155505], "min": [-0.016732932790792212, 0.06539746890187878, 0.09977562212390807, 0.12660309440720072], "raw_data_size": "57"}}