{"user_3_1544": {"weights": 1, "gauss": [0.0008278123, 0.0020079659, 0.5], "max": [0.0059999896], "min": [-0.004344365], "raw_data_size": "9991"}, "user_1_1544": {"weights": 1, "gauss": [0.0004566321, 0.0020876884, 0.5], "max": [0.0058341611], "min": [-0.0049208969], "raw_data_size": "9995"}, "user_4_1544": {"weights": 1, "gauss": [0.0006719362, 0.0019938529, 0.5], "max": [0.0058077608], "min": [-0.0044638884], "raw_data_size": "9996"}, "user_2_1544": {"weights": 1, "gauss": [0.0006521875, 0.0019777089, 0.5], "max": [0.005746428], "min": [-0.004442053], "raw_data_size": "9991"}, "user_6_1544": {"weights": 1, "gauss": [0.0005852246, 0.0019652786, 0.5], "max": [0.0056474468], "min": [-0.0044769975], "raw_data_size": "9993"}, "user_5_1544": {"weights": 1, "gauss": [0.0012043914, 0.0019796769, 0.5], "max": [0.0063037012], "min": [-0.0038949185], "raw_data_size": "9994"}}