{"user_1_3662": {"weights": 1, "gauss": [-0.306521124619907, 0.0024595536988620123, 0.5], "max": [-0.3001857341287261], "min": [-0.31285651511108786], "raw_data_size": "9995"}}