{"user_2_4088": {"weights": 1, "gauss": [-0.42094335066218197, 0.0011158735432221223, 0.5], "max": [-0.4180690508904955], "min": [-0.42381765043386843], "raw_data_size": "9991"}}