{"user_1_4088": {"weights": 1, "gauss": [-0.4208034008872693, 0.0011150946562771536, 0.5], "max": [-0.41793110739539985], "min": [-0.42367569437913877], "raw_data_size": "9995"}}