{"user_2_966": {"weights": [0.41768954064969266, 4.894216067935397e-05, 0.034922530294411724, 0.3770060853659627, 0.00011396603126428883, 0.07092097235086833, 0.3107296027226491, 5.0137316072422885e-05, 0.09468887587453288, 0.35152819418741255, 5.195790080970885e-05, 0.14600762207905038, 0.3281047455288584, 4.17413782925331e-05, 0.15345999940113667], "gauss": [0.41768954064969266, 4.894216067935397e-05, 0.034922530294411724, 0.3770060853659627, 0.00011396603126428883, 0.07092097235086833, 0.3107296027226491, 5.0137316072422885e-05, 0.09468887587453288, 0.35152819418741255, 5.195790080970885e-05, 0.14600762207905038, 0.3281047455288584, 4.17413782925331e-05, 0.15345999940113667], "max": [0.41781560730134953, 0.3772996424089024, 0.31085874789058976, 0.35166202887086906, 0.3282122641942348], "min": [0.4175634739980358, 0.376712528323023, 0.31060045755470844, 0.35139435950395603, 0.3279972268634819], "raw_data_size": "57"}}