{"user_5_3802": {"weights": [1.0], "gauss": [0.1817277200306696, 0.0008771319897011011, 0.5], "max": [0.18398706231282183], "min": [0.17946837774851734], "raw_data_size": "9994"}}