{"user_2_773": {"weights": [1.0407260653052715, 1.8952265644346368e-06, 0.017543853019008834, 1.058778317810121, 1.0151493855608096e-05, 0.035226971179414965, 1.0745349300431049, 2.6344711798824804e-05, 0.12802746622319577, 1.1015929755805343, 5.2330687413253526e-05, 0.12964436804116977, 1.106758131876331, 0.00011440567766571219, 0.1895573415372107], "gauss": [1.0407260653052715, 1.8952265644346368e-06, 0.017543853019008834, 1.058778317810121, 1.0151493855608096e-05, 0.035226971179414965, 1.0745349300431049, 2.6344711798824804e-05, 0.12802746622319577, 1.1015929755805343, 5.2330687413253526e-05, 0.12964436804116977, 1.106758131876331, 0.00011440567766571219, 0.1895573415372107], "max": [1.040730947085393, 1.0588044663254692, 1.0746027895237498, 1.1017277704986481, 1.1070528213733548], "min": [1.04072118352515, 1.058752169294773, 1.07446707056246, 1.1014581806624204, 1.1064634423793074], "raw_data_size": "57"}}