{"user_1_297": {"weights": [1.0], "gauss": [-0.1120514028, 0.0007725911, 0.5], "max": [-0.11006134], "min": [-0.1140414656], "raw_data_size": "9995"}, "user_6_297": {"weights": [1.0], "gauss": [-0.1115886181, 0.0007532167, 0.5], "max": [-0.1096484604], "min": [-0.1135287757], "raw_data_size": "9993"}, "user_3_297": {"weights": [1.0], "gauss": [-0.1120966188, 0.0007657141, 0.5], "max": [-0.11012427], "min": [-0.1140689675], "raw_data_size": "9991"}, "user_2_297": {"weights": [1.0], "gauss": [-0.1120563531, 0.0007681997, 0.5], "max": [-0.1100776019], "min": [-0.1140351044], "raw_data_size": "9991"}, "user_4_297": {"weights": [1.0], "gauss": [-0.1120221964, 0.0007569193, 0.5], "max": [-0.1100725015], "min": [-0.1139718912], "raw_data_size": "9996"}, "user_5_297": {"weights": [1.0], "gauss": [-0.1119578897, 0.0007504443, 0.5], "max": [-0.1100248733], "min": [-0.1138909061], "raw_data_size": "9994"}}