{"user_2_1999": {"weights": [1.0], "gauss": [0.15984624255227514, 0.001860496693826533, 0.5], "max": [0.16463856445538938], "min": [0.1550539206491609], "raw_data_size": "9991"}}