{"user_5_3780": {"weights": [1.0], "gauss": [0.17128292336728904, 0.0009255175770563052, 0.5], "max": [0.17366689866322024], "min": [0.16889894807135783], "raw_data_size": "9994"}}