{"user_3_831": {"weights": [0.09762116854791181, 0.13751491223957227, 0.30589200702702296, 0.458971912185493], "gauss": [0.004951476787591057, 0.001018980398639215, 0.048810584273955904, 0.13817941401278347, 0.00030369111592622427, 0.06875745611978613, 0.06027423705157238, 0.0004063513623356337, 0.15294600351351148, 0.09303133719090673, 0.00020546990200874947, 0.2294859560927465], "max": [0.0075761963581478875, 0.1389616704884137, 0.06132092879821352, 0.09356059258549819], "min": [0.002326757217034227, 0.13739715753715323, 0.05922754530493124, 0.09250208179631526], "raw_data_size": "70"}}