{"user_4_2098": {"weights": [1.0], "gauss": [0.1721860804737473, 0.0008752236568348022, 0.5], "max": [0.17444050721618162], "min": [0.169931653731313], "raw_data_size": "9996"}}