{"user_4_2764": {"weights": [1.0], "gauss": [0.3895119304, 0.0008640073, 0.5], "max": [0.3917374656], "min": [0.3872863951], "raw_data_size": "9996"}, "user_1_2764": {"weights": [1.0], "gauss": [0.389308163, 0.0008426787, 0.5], "max": [0.3914787596], "min": [0.3871375664], "raw_data_size": "9995"}, "user_2_2764": {"weights": [1.0], "gauss": [0.3900906831, 0.0008562042, 0.5], "max": [0.392296119], "min": [0.3878852473], "raw_data_size": "9991"}, "user_3_2764": {"weights": [1.0], "gauss": [0.3894755836, 0.0008596814, 0.5], "max": [0.3916899762], "min": [0.387261191], "raw_data_size": "9991"}, "user_6_2764": {"weights": [1.0], "gauss": [0.3895965567, 0.0008401062, 0.5], "max": [0.391760527], "min": [0.3874325864], "raw_data_size": "9993"}, "user_5_2764": {"weights": [1.0], "gauss": [0.3894454619, 0.0008510666, 0.5], "max": [0.3916376642], "min": [0.3872532596], "raw_data_size": "9994"}}