{"user_4_2201": {"weights": [1.0], "gauss": [0.4068122983396262, 0.00471674585771789, 0.5], "max": [0.4189618305373288], "min": [0.3946627661419235], "raw_data_size": "9996"}}