{"user_3_2201": {"weights": [1.0], "gauss": [0.4063197875543057, 0.00470582529644603, 0.5], "max": [0.4184411902502731], "min": [0.3941983848583383], "raw_data_size": "9991"}}