{"user_4_50": {"weights": 1, "gauss": [0.19683250892024526, 0.0014625573524768831, 0.5], "max": [0.2005998070068761], "min": [0.19306521083361441], "raw_data_size": "9996"}}