{"user_5_3249": {"weights": 1, "gauss": [0.0944569564, 0.0021725288, 0.5], "max": [0.1000530197], "min": [0.0888608932], "raw_data_size": "9994"}, "user_4_3249": {"weights": 1, "gauss": [0.0944325313, 0.0021960763, 0.5], "max": [0.1000892489], "min": [0.0887758137], "raw_data_size": "9996"}, "user_3_3249": {"weights": 1, "gauss": [0.0941838741, 0.0021580861, 0.5], "max": [0.0997427356], "min": [0.0886250126], "raw_data_size": "9991"}, "user_6_3249": {"weights": 1, "gauss": [0.0946136325, 0.0021270747, 0.5], "max": [0.1000926138], "min": [0.0891346512], "raw_data_size": "9993"}, "user_2_3249": {"weights": 1, "gauss": [0.0927301689, 0.002185426, 0.5], "max": [0.0983594533], "min": [0.0871008846], "raw_data_size": "9991"}, "user_1_3249": {"weights": 1, "gauss": [0.0942172276, 0.0021669265, 0.5], "max": [0.0997988604], "min": [0.0886355948], "raw_data_size": "9995"}}