{"user_3_326": {"weights": [0.042753068045184854, 0.20484421558104593, 0.21286232107171144, 0.24791528734801582, 0.29162510795404195], "gauss": [0.2488005580298252, 2.1985997306738336e-05, 0.021376534022592427, 0.3511304261793518, 0.0001683857400663059, 0.10242210779052296, 0.2842956883116253, 7.377821883312774e-05, 0.10643116053585572, 0.3070044025560737, 7.70435655713515e-05, 0.12395764367400791, 0.32995761815750335, 0.0001065733049203783, 0.14581255397702098], "max": [0.24885719020595565, 0.3515641591029144, 0.28448572840965936, 0.3072028536299223, 0.3302321327992933], "min": [0.24874392585369476, 0.3506966932557892, 0.2841056482135913, 0.3068059514822251, 0.3296831035157134], "raw_data_size": "70"}}