{"user_2_4016": {"weights": [1.0], "gauss": [-0.01706059583160095, 0.004953616575000445, 0.5], "max": [-0.004300925099169264], "min": [-0.029820266564032635], "raw_data_size": "9991"}}