{"user_1_3967": {"weights": [1.0], "gauss": [0.11283429662386574, 0.0009325656218540358, 0.5], "max": [0.11523642648011967], "min": [0.1104321667676118], "raw_data_size": "30"}}