{"user_4_2735": {"weights": [1.0], "gauss": [-0.0771383472, 0.0009169345, 0.5], "max": [-0.0747764805], "min": [-0.0795002139], "raw_data_size": "9996"}, "user_3_2735": {"weights": [1.0], "gauss": [-0.0773396942, 0.0008982599, 0.5], "max": [-0.0750259299], "min": [-0.0796534585], "raw_data_size": "9991"}, "user_6_2735": {"weights": [1.0], "gauss": [-0.077483188, 0.0009186635, 0.5], "max": [-0.0751168677], "min": [-0.0798495084], "raw_data_size": "9993"}, "user_2_2735": {"weights": [1.0], "gauss": [-0.0767203953, 0.000910429, 0.5], "max": [-0.0743752857], "min": [-0.0790655049], "raw_data_size": "9991"}, "user_1_2735": {"weights": [1.0], "gauss": [-0.0776029457, 0.0009203464, 0.5], "max": [-0.0752322905], "min": [-0.079973601], "raw_data_size": "9995"}, "user_5_2735": {"weights": [1.0], "gauss": [-0.0776671128, 0.0009027277, 0.5], "max": [-0.0753418404], "min": [-0.0799923851], "raw_data_size": "9994"}}