{"user_4_1820": {"weights": 1, "gauss": [0.1317977686, 0.0017195387, 0.5], "max": [0.1362270068], "min": [0.1273685304], "raw_data_size": "9996"}, "user_3_1820": {"weights": 1, "gauss": [0.1314318281, 0.0017811662, 0.5], "max": [0.1360198082], "min": [0.1268438481], "raw_data_size": "9991"}, "user_5_1820": {"weights": 1, "gauss": [0.1311868339, 0.0017260074, 0.5], "max": [0.1356327344], "min": [0.1267409334], "raw_data_size": "9994"}, "user_1_1820": {"weights": 1, "gauss": [0.1306255533, 0.0017824084, 0.5], "max": [0.1352167331], "min": [0.1260343736], "raw_data_size": "9995"}, "user_2_1820": {"weights": 1, "gauss": [0.1312040773, 0.0017154666, 0.5], "max": [0.1356228265], "min": [0.1267853281], "raw_data_size": "9991"}, "user_6_1820": {"weights": 1, "gauss": [0.1313675015, 0.0017245907, 0.5], "max": [0.1358097528], "min": [0.1269252502], "raw_data_size": "9993"}}