{"user_3_3855": {"weights": 1, "gauss": [-1.0712307829367846, 0.0010249730473935448, 0.5], "max": [-1.0685906273259604], "min": [-1.0738709385476088], "raw_data_size": "9991"}}