{"user_2_1421": {"weights": [0.12113861791832214, 0.23145150583223667, 0.25342251702327634, 0.3939873592261648], "gauss": [0.18355328015877273, 0.000304133497229241, 0.06056930895916107, 0.2284989181536562, 0.00018068201539312472, 0.11572575291611834, 0.2876262589278247, 0.00015859055612346584, 0.12671125851163817, 0.2585239866088506, 0.0001251297110125411, 0.1969936796130824], "max": [0.18433667613312663, 0.22896432418353008, 0.2880347611295536, 0.2588462993852213], "min": [0.18276988418441883, 0.2280335121237823, 0.28721775672609573, 0.25820167383247994], "raw_data_size": "57"}}