{"user_5_3156": {"weights": 1, "gauss": [-0.42817575707695876, 0.0030442862468036394, 0.5], "max": [-0.42033419535405103], "min": [-0.4360173187998665], "raw_data_size": "9994"}}