{"user_1_4093": {"weights": [0.11023353547541859, 0.8897664645245814], "gauss": [-0.6773060707603309, 6.854829364702397e-05, 0.055116767737709293, -0.5675102441837195, 0.0019486524098226976, 0.4448832322622907], "max": [-0.6771295020568466, -0.562490848204067], "min": [-0.6774826394638152, -0.572529640163372], "raw_data_size": "30"}}