{"user_2_4093": {"weights": [0.0733271009880674, 0.2592773709484381, 0.3168202096095064, 0.3505753184539881], "gauss": [-0.4690277242372986, 0.000622095504434066, 0.0366635504940337, -0.5373788525656761, 0.00048057880747701023, 0.12963868547421906, -0.6403525497133795, 0.0008291119068404563, 0.1584101048047532, -0.5688755030243628, 0.00020822688682855983, 0.17528765922699405], "max": [-0.4674253124073713, -0.5361409635907122, -0.6382168989678185, -0.568339146107483], "min": [-0.4706301360672259, -0.53861674154064, -0.6424882004589405, -0.5694118599412427], "raw_data_size": "57"}}