{"user_2_1661": {"weights": 1, "gauss": [-0.2574534192, 0.001629218, 0.5], "max": [-0.2532568317], "min": [-0.2616500067], "raw_data_size": "9991"}, "user_6_1661": {"weights": 1, "gauss": [-0.2583961864, 0.0016215011, 0.5], "max": [-0.2542194762], "min": [-0.2625728965], "raw_data_size": "9993"}, "user_3_1661": {"weights": 1, "gauss": [-0.2576219587, 0.0016585033, 0.5], "max": [-0.2533499372], "min": [-0.2618939802], "raw_data_size": "9991"}, "user_4_1661": {"weights": 1, "gauss": [-0.257590086, 0.0016350198, 0.5], "max": [-0.2533785543], "min": [-0.2618016178], "raw_data_size": "9996"}, "user_5_1661": {"weights": 1, "gauss": [-0.2572809163, 0.0015852605, 0.5], "max": [-0.2531975558], "min": [-0.2613642767], "raw_data_size": "9994"}, "user_1_1661": {"weights": 1, "gauss": [-0.257668006, 0.0016449118, 0.5], "max": [-0.2534309939], "min": [-0.261905018], "raw_data_size": "9995"}}