{"user_5_2412": {"weights": 1, "gauss": [-0.08835862525425292, 0.002764616875427366, 0.5], "max": [-0.08123744409344132], "min": [-0.09547980641506452], "raw_data_size": "9994"}}