{"user_3_2624": {"weights": [0.04999661080825943, 0.12203322059241173, 0.13120748454150666, 0.1891364564284729, 0.5076262276293493], "gauss": [0.2580750403257025, 8.676843674619472e-05, 0.024998305404129714, 0.23482443121498509, 0.00013152620858282349, 0.061016610296205864, 0.15625362624351874, 8.814689805270487e-05, 0.06560374227075333, 0.17994854821013767, 6.705103760925145e-06, 0.09456822821423645, 0.21167439861349477, 0.00018571933791303768, 0.25381311381467464], "max": [0.2582985410076965, 0.2351632202772374, 0.15648067760653983, 0.1799658194128884, 0.21215277992632686], "min": [0.2578515396437085, 0.23448564215273277, 0.15602657488049765, 0.17993127700738695, 0.21119601730066268], "raw_data_size": "70"}}