{"user_6_341": {"weights": 1, "gauss": [0.1647552935, 0.0029684316, 0.5], "max": [0.1724014667], "min": [0.1571091203], "raw_data_size": "9993"}, "user_5_341": {"weights": 1, "gauss": [0.1648854207, 0.0029931337, 0.5], "max": [0.1725952221], "min": [0.1571756194], "raw_data_size": "9994"}, "user_1_341": {"weights": 1, "gauss": [0.1648228244, 0.0030614436, 0.5], "max": [0.1727085806], "min": [0.1569370683], "raw_data_size": "9995"}, "user_2_341": {"weights": 1, "gauss": [0.1644029587, 0.002937671, 0.5], "max": [0.1719698978], "min": [0.1568360195], "raw_data_size": "9991"}, "user_4_341": {"weights": 1, "gauss": [0.1656976808, 0.0029346529, 0.5], "max": [0.1732568458], "min": [0.1581385158], "raw_data_size": "9996"}, "user_3_341": {"weights": 1, "gauss": [0.1650725541, 0.0030647278, 0.5], "max": [0.1729667698], "min": [0.1571783384], "raw_data_size": "9991"}}