{"user_3_888": {"weights": 1, "gauss": [-0.4524607631355593, 0.0027843679544009006, 0.5], "max": [-0.4452887065667509], "min": [-0.45963281970436765], "raw_data_size": "9991"}}