{"user_4_57": {"weights": 1, "gauss": [-0.22898179889426196, 0.001859384557326731, 0.5], "max": [-0.22419234166493346], "min": [-0.23377125612359045], "raw_data_size": "9996"}}