{"user_5_57": {"weights": [1.0], "gauss": [-0.22898575271430768, 0.0018623452374513158, 0.5], "max": [-0.22418866927835585], "min": [-0.23378283615025952], "raw_data_size": "9994"}}