{"user_6_57": {"weights": 1, "gauss": [-0.22791258135118997, 0.0018016698290534208, 0.5], "max": [-0.22327178741019424], "min": [-0.2325533752921857], "raw_data_size": "9993"}}