{"user_3_2127": {"weights": [1.0], "gauss": [-0.249556972837386, 0.00032341991632514513, 0.5], "max": [-0.24872389833956438], "min": [-0.25039004733520764], "raw_data_size": "9991"}}