{"user_6_320": {"weights": [1.0], "gauss": [-0.22306175779005238, 0.002119492248083581, 0.5], "max": [-0.21760230754879395], "min": [-0.22852120803131082], "raw_data_size": "9993"}}