{"user_2_539": {"weights": [-0.2903605997562401, 1.0000000001804112e-06, 0.008771929822563175, -0.3687614423528897, 1.1723478215679539e-05, 0.047964918807199414, -0.38155164787972495, 1.9072137805968947e-05, 0.11237476374127128, -0.4094537539926726, 0.0003126001869943597, 0.1526382342226598, -0.34605735775892743, 6.486362146304503e-05, 0.17825015340630637], "gauss": [-0.2903605997562401, 1.0000000001804112e-06, 0.008771929822563175, -0.3687614423528897, 1.1723478215679539e-05, 0.047964918807199414, -0.38155164787972495, 1.9072137805968947e-05, 0.11237476374127128, -0.4094537539926726, 0.0003126001869943597, 0.1526382342226598, -0.34605735775892743, 6.486362146304503e-05, 0.17825015340630637], "max": [-0.2903580239269361, -0.36873124467416224, -0.381502521308283, -0.40864854927071764, -0.3458902801420286], "min": [-0.29036317558554414, -0.3687916400316172, -0.3816007744511669, -0.41025895871462753, -0.34622443537582626], "raw_data_size": "57"}}