{"user_1_3933": {"weights": 1, "gauss": [0.0772158108379358, 0.0008991093932218876, 0.5], "max": [0.0795317631600928], "min": [0.0748998585157788], "raw_data_size": "9995"}}