{"user_3_842": {"weights": 1, "gauss": [0.19878306594970782, 0.00045267951075571896, 0.5], "max": [0.19994909109862857], "min": [0.19761704080078707], "raw_data_size": "9991"}}