{"user_3_71": {"weights": [0.3281008471, 1.33796e-05, 0.0764408962, 0.3391197633, 3.3241e-06, 0.080409608, 0.3529910675, 2.34116e-05, 0.0851600539, 0.3643025478, 0.0002720556, 0.1105037324, 0.3099797845, 0.000209106, 0.1474857096], "gauss": [0.3281008471, 1.33796e-05, 0.0764408962, 0.3391197633, 3.3241e-06, 0.080409608, 0.3529910675, 2.34116e-05, 0.0851600539, 0.3643025478, 0.0002720556, 0.1105037324, 0.3099797845, 0.000209106, 0.1474857096], "max": [0.3281353108, 0.3391283257, 0.3530513717, 0.3650033167, 0.3105184059], "min": [0.3280663834, 0.339111201, 0.3529307633, 0.3636017789, 0.3094411631], "raw_data_size": "70"}, "user_2_71": {"weights": [0.1194415714, 0.3355692807, 0.5449891478], "gauss": [0.3088828669, 0.000446708, 0.0597207857, 0.3724406713, 0.0002224143, 0.1677846404, 0.3333821437, 0.0001502536, 0.2724945739], "max": [0.3100335104, 0.3730135725, 0.3337691712], "min": [0.3077322234, 0.3718677701, 0.3329951162], "raw_data_size": "57"}, "user_1_71": {"weights": [0.0333289861, 0.4294417218, 0.5372292921], "gauss": [0.2848763466, 1e-06, 0.0166644931, 0.3675100028, 0.0002651725, 0.2147208609, 0.3262557779, 8.82851e-05, 0.268614646], "max": [0.2848789224, 0.3681930418, 0.3264831853], "min": [0.2848737708, 0.3668269638, 0.3260283706], "raw_data_size": "30"}}