{"user_4_4009": {"weights": 1, "gauss": [0.26026199958315605, 0.0010171801495377764, 0.5], "max": [0.2628820820193237], "min": [0.25764191714698836], "raw_data_size": "9996"}}