{"user_3_268": {"weights": 1, "gauss": [0.13053873040750266, 0.007428194319834164, 0.5], "max": [0.149672491008987], "min": [0.11140496980601833], "raw_data_size": "9991"}}