{"user_6_268": {"weights": 1, "gauss": [0.1311998244951093, 0.007344945874430671, 0.5], "max": [0.15011915131144843], "min": [0.11228049767877019], "raw_data_size": "9993"}}