{"user_3_1057": {"weights": [0.23474997083623547, 0.23506475733552637, 0.2451481299245186, 0.28503714190371954], "gauss": [-0.07658456127724492, 0.0010718052227822572, 0.11737498541811774, 0.07248368610421903, 0.0008232443063829483, 0.11753237866776318, 0.027227878977840052, 0.0005156076409117566, 0.1225740649622593, -0.018537326923382582, 0.00035658298088221945, 0.14251857095185977], "max": [-0.07382377397670561, 0.07460422291258001, 0.028555996248434273, -0.017618830032079345], "min": [-0.07934534857778422, 0.07036314929585805, 0.02589976170724583, -0.01945582381468582], "raw_data_size": "70"}}