{"user_5_2357": {"weights": 1, "gauss": [0.36754404257784706, 0.0057715320030453645, 0.5], "max": [0.3824105238376616], "min": [0.3526775613180325], "raw_data_size": "9994"}}