{"user_3_3461": {"weights": [0.12436834946231416, 0.21522075444020375, 0.2766560978431729, 0.3837547982543092], "gauss": [0.5756290327035551, 0.0003340336155510927, 0.06218417473115708, 0.5177796979126026, 3.135802897738415e-05, 0.10761037722010187, 0.5411209344638542, 3.9057341068986614e-05, 0.13832804892158646, 0.4886313921010041, 0.0001851979953692563, 0.1918773991271546], "max": [0.576489446278862, 0.517860470842544, 0.5412215395074984, 0.48910843052443476], "min": [0.5747686191282483, 0.5176989249826611, 0.54102032942021, 0.4881543536775734], "raw_data_size": "70"}}