{"user_2_396": {"weights": [0.06958112669728135, 0.1307582651063604, 0.17757447988778746, 0.23138792312261947, 0.3906982051859513], "gauss": [-0.30081385032133984, 1.527970844516957e-05, 0.034790563348640675, -0.20403985307140757, 5.7822361662836604e-05, 0.0653791325531802, -0.24628907257181726, 6.35216619481242e-05, 0.08878723994389373, -0.22529354413508493, 2.297271410088464e-05, 0.11569396156130973, -0.26546966623725154, 8.838057664860188e-05, 0.19534910259297564], "max": [-0.3007744924005771, -0.20389091253783603, -0.24612545161356114, -0.22523437034492183, -0.26524201295805555], "min": [-0.3008532082421026, -0.2041887936049791, -0.24645269353007337, -0.22535271792524803, -0.26569731951644754], "raw_data_size": "57"}}