{"user_5_310": {"weights": [1.0], "gauss": [0.2605536947, 0.0006198488, 0.5], "max": [0.2621503193], "min": [0.2589570701], "raw_data_size": "9994"}, "user_2_310": {"weights": [1.0], "gauss": [0.26064158, 0.0006086081, 0.5], "max": [0.2622092506], "min": [0.2590739093], "raw_data_size": "9991"}, "user_1_310": {"weights": [1.0], "gauss": [0.2605713781, 0.0006089771, 0.5], "max": [0.2621399993], "min": [0.259002757], "raw_data_size": "9995"}, "user_4_310": {"weights": [1.0], "gauss": [0.2608008656, 0.0006082593, 0.5], "max": [0.2623676378], "min": [0.2592340934], "raw_data_size": "9996"}, "user_6_310": {"weights": [1.0], "gauss": [0.2606303261, 0.00063126, 0.5], "max": [0.262256344], "min": [0.2590043081], "raw_data_size": "9993"}, "user_3_310": {"weights": [1.0], "gauss": [0.2607977002, 0.0006240823, 0.5], "max": [0.2624052297], "min": [0.2591901707], "raw_data_size": "9991"}}