{"user_1_3660": {"weights": [0.13484127756089312, 0.1558498005798947, 0.22948727480863312, 0.23136235295011143, 0.24845929410046771], "gauss": [0.004860751281453413, 9.198986841960381e-05, 0.06742063878044656, -0.04134248147027615, 5.540267116012828e-06, 0.07792490028994735, -0.02326240958866906, 2.3101749586285686e-05, 0.11474363740431656, -0.08096960322902796, 0.0003663220894531363, 0.11568117647505571, -0.05075276404460174, 1.725994630258471e-05, 0.12422964705023386], "max": [0.005097701480158236, -0.041328210687889236, -0.023202903425121456, -0.08002602005647731, -0.05070830536913786], "min": [0.0046238010827485895, -0.04135675225266307, -0.023321915752216663, -0.08191318640157862, -0.050797222720065614], "raw_data_size": "30"}}