{"user_2_3745": {"weights": [1.0], "gauss": [0.2920191893622709, 0.0009112682994834022, 0.5], "max": [0.2943664609514754], "min": [0.2896719177730664], "raw_data_size": "9991"}}