{"user_4_3745": {"weights": [1.0], "gauss": [0.2923985235001383, 0.0009409495903799071, 0.5], "max": [0.2948222490282012], "min": [0.28997479797207537], "raw_data_size": "9996"}}