{"user_1_36": {"weights": 1, "gauss": [-0.3108086509978596, 0.0011399205641489513, 0.5], "max": [-0.3078724102050067], "min": [-0.31374489179071247], "raw_data_size": "9995"}}