{"user_5_1916": {"weights": [1.0], "gauss": [0.5738803326, 0.004670289, 0.5], "max": [0.5859102], "min": [0.5618504653], "raw_data_size": "9994"}, "user_6_1916": {"weights": [1.0], "gauss": [0.5743909636, 0.0047151822, 0.5], "max": [0.5865364681], "min": [0.5622454591], "raw_data_size": "9993"}, "user_2_1916": {"weights": [1.0], "gauss": [0.5744772821, 0.0046137844, 0.5], "max": [0.5863616031], "min": [0.562592961], "raw_data_size": "9991"}, "user_3_1916": {"weights": [1.0], "gauss": [0.5738514264, 0.0047069875, 0.5], "max": [0.5859758227], "min": [0.56172703], "raw_data_size": "9991"}, "user_1_1916": {"weights": [1.0], "gauss": [0.5747699006, 0.0048254252, 0.5], "max": [0.5871993722], "min": [0.5623404289], "raw_data_size": "9995"}, "user_4_1916": {"weights": [1.0], "gauss": [0.5742027825, 0.0046670782, 0.5], "max": [0.5862243794], "min": [0.5621811856], "raw_data_size": "9996"}}