{"user_1_3123": {"weights": 1, "gauss": [-0.282121651904673, 0.0010398296897976128, 0.5], "max": [-0.27944322811899214], "min": [-0.2848000756903538], "raw_data_size": "9995"}}