{"user_2_1725": {"weights": [0.11631877293651054, 0.8836812270634895], "gauss": [-0.4168494133136858, 0.0008692107489928481, 0.05815938646825527, -0.3633722976838831, 0.000431677516329997, 0.44184061353174475], "max": [-0.41461047479547036, -0.3622603700876371], "min": [-0.41908835183190124, -0.36448422528012914], "raw_data_size": "57"}}