{"user_1_1406": {"weights": 1, "gauss": [-0.03094094255728563, 0.0012486006058582038, 0.5], "max": [-0.027724760528287158], "min": [-0.0341571245862841], "raw_data_size": "9995"}}