{"user_3_3734": {"weights": [0.0842571150159797, 0.2493455967439081, 0.25997432765702955, 0.40642296058308275], "gauss": [-0.0068743426012945015, 4.573533599980918e-05, 0.04212855750798985, -0.03991999619230796, 6.863179552717957e-05, 0.12467279837195405, -0.06548830547119769, 2.671728248111898e-05, 0.12998716382851477, -0.10041897257992989, 0.0006856046337622546, 0.20321148029154137], "max": [-0.006756536182618538, -0.03974321240223388, -0.06541948631207163, -0.09865297207363616], "min": [-0.006992149019970465, -0.04009677998238204, -0.06555712463032375, -0.10218497308622362], "raw_data_size": "70"}}