{"user_3_2868": {"weights": [0.084529006, 0.1115710539, 0.1700934691, 0.3073095843, 0.3264968867], "gauss": [0.2526871419, 0.0001077328, 0.042264503, 0.0529307726, 0.0014362759, 0.0557855269, 0.1293182996, 0.0003488993, 0.0850467346, 0.2158804647, 0.000120842, 0.1536547921, 0.1807747284, 0.0001274339, 0.1632484433], "max": [0.2529646432, 0.0566303742, 0.1302170047, 0.216191733, 0.1811029765], "min": [0.2524096406, 0.0492311711, 0.1284195946, 0.2155691965, 0.1804464804], "raw_data_size": "70"}, "user_2_2868": {"weights": [0.0757344726, 0.1771618058, 0.7471037216], "gauss": [0.0432553736, 0.0023061523, 0.0378672363, 0.1237463644, 0.0004025357, 0.0885809029, 0.2000386995, 0.0006398578, 0.3735518608], "max": [0.0491956283, 0.1247832276, 0.201686864], "min": [0.037315119, 0.1227095013, 0.198390535], "raw_data_size": "57"}, "user_1_2868": {"weights": [0.1419661291, 0.1600170581, 0.6980168128], "gauss": [0.0714801288, 0.0010066898, 0.0709830646, 0.2362524878, 0.0002423621, 0.080008529, 0.1795092737, 0.0005019672, 0.3490084064], "max": [0.0740731899, 0.2368767713, 0.1808022555], "min": [0.0688870677, 0.2356282043, 0.178216292], "raw_data_size": "30"}}