{"user_6_254": {"weights": 1, "gauss": [0.13980725401952068, 0.0008127298189438266, 0.5], "max": [0.14190070730302418], "min": [0.1377138007360172], "raw_data_size": "9993"}}