{"user_3_254": {"weights": [1.0], "gauss": [0.1390649627761916, 0.0008262807556854564, 0.5], "max": [0.14119332095964474], "min": [0.13693660459273846], "raw_data_size": "9991"}}