{"user_3_1759": {"weights": [1.0], "gauss": [0.5389528804371789, 0.0012630348676489756, 0.5], "max": [0.5422062426606732], "min": [0.5356995182136847], "raw_data_size": "9991"}}