{"user_1_1859": {"weights": [1.0], "gauss": [0.31855068262806285, 0.001602118708202051, 0.5], "max": [0.3226774669444136], "min": [0.3144238983117121], "raw_data_size": "9995"}}