{"user_5_2068": {"weights": [1.0], "gauss": [-0.16861976977793003, 0.001139592901437873, 0.5], "max": [-0.16568437298829003], "min": [-0.17155516656757003], "raw_data_size": "9994"}}