{"user_1_1361": {"weights": 1, "gauss": [-0.2149219884693235, 0.0018326197837002431, 0.5], "max": [-0.21020147272820497], "min": [-0.21964250421044204], "raw_data_size": "9995"}}