{"user_4_1597": {"weights": 1, "gauss": [-0.06682003739825584, 0.0013759950599146603, 0.5], "max": [-0.06327570900138914], "min": [-0.07036436579512255], "raw_data_size": "9996"}}