{"user_3_3357": {"weights": 1, "gauss": [-0.016450311688902455, 0.002185974154707512, 0.5], "max": [-0.010819615404406308], "min": [-0.0220810079733986], "raw_data_size": "9991"}}