{"user_6_2256": {"weights": [1.0], "gauss": [-0.061019082292929294, 0.003878456850833583, 0.5], "max": [-0.051028839484002164], "min": [-0.07100932510185642], "raw_data_size": "9993"}}