{"user_2_1836": {"weights": [1.0], "gauss": [0.0396849862, 0.0010408737, 0.5], "max": [0.0423660992], "min": [0.0370038732], "raw_data_size": "9991"}, "user_1_1836": {"weights": [1.0], "gauss": [0.0398887583, 0.0010778587, 0.5], "max": [0.0426651384], "min": [0.0371123781], "raw_data_size": "9995"}, "user_3_1836": {"weights": [1.0], "gauss": [0.0399505698, 0.0010227729, 0.5], "max": [0.0425850583], "min": [0.0373160813], "raw_data_size": "9991"}, "user_6_1836": {"weights": [1.0], "gauss": [0.0392032712, 0.0010172098, 0.5], "max": [0.0418234301], "min": [0.0365831123], "raw_data_size": "9993"}, "user_5_1836": {"weights": [1.0], "gauss": [0.0393523531, 0.0010436664, 0.5], "max": [0.0420406597], "min": [0.0366640465], "raw_data_size": "9994"}, "user_4_1836": {"weights": [1.0], "gauss": [0.0390640195, 0.0010376638, 0.5], "max": [0.0417368644], "min": [0.0363911746], "raw_data_size": "9996"}}