{"user_6_3169": {"weights": [1.0], "gauss": [0.4181997428, 0.0024522341, 0.5], "max": [0.4245162792], "min": [0.4118832064], "raw_data_size": "9993"}, "user_4_3169": {"weights": [1.0], "gauss": [0.4179413992, 0.0024723751, 0.5], "max": [0.4243098154], "min": [0.411572983], "raw_data_size": "9996"}, "user_3_3169": {"weights": [1.0], "gauss": [0.4182076529, 0.0024396621, 0.5], "max": [0.4244918061], "min": [0.4119234997], "raw_data_size": "9991"}, "user_1_3169": {"weights": [1.0], "gauss": [0.4179670778, 0.002528765, 0.5], "max": [0.4244807448], "min": [0.4114534108], "raw_data_size": "9995"}, "user_5_3169": {"weights": [1.0], "gauss": [0.4181807262, 0.0024271237, 0.5], "max": [0.4244325825], "min": [0.41192887], "raw_data_size": "9994"}, "user_2_3169": {"weights": [1.0], "gauss": [0.4185558511, 0.0024476297, 0.5], "max": [0.4248605275], "min": [0.4122511747], "raw_data_size": "9991"}}