{"user_2_448": {"weights": 1, "gauss": [-0.368027569510529, 0.0015853657004293853, 0.5], "max": [-0.3639439380825217], "min": [-0.37211120093853634], "raw_data_size": "9991"}}