{"user_2_2183": {"weights": [1.0], "gauss": [-0.3188891849, 0.0005899035, 0.5], "max": [-0.3173696941], "min": [-0.3204086757], "raw_data_size": "9991"}, "user_4_2183": {"weights": [1.0], "gauss": [-0.3189562447, 0.0005915897, 0.5], "max": [-0.3174324108], "min": [-0.3204800787], "raw_data_size": "9996"}, "user_3_2183": {"weights": [1.0], "gauss": [-0.3189932223, 0.0005947297, 0.5], "max": [-0.3174613], "min": [-0.3205251446], "raw_data_size": "9991"}, "user_5_2183": {"weights": [1.0], "gauss": [-0.3195517372, 0.0006023618, 0.5], "max": [-0.3180001559], "min": [-0.3211033185], "raw_data_size": "9994"}, "user_1_2183": {"weights": [1.0], "gauss": [-0.319582033, 0.0006033667, 0.5], "max": [-0.3180278634], "min": [-0.3211362025], "raw_data_size": "9995"}, "user_6_2183": {"weights": [1.0], "gauss": [-0.3182916947, 0.0005897773, 0.5], "max": [-0.3167725291], "min": [-0.3198108603], "raw_data_size": "9993"}}