{"user_1_4011": {"weights": [1.0], "gauss": [-0.3075253833, 0.0018059115, 0.5], "max": [-0.3028736636], "min": [-0.312177103], "raw_data_size": "9995"}, "user_6_4011": {"weights": [1.0], "gauss": [-0.3081674331, 0.0017396746, 0.5], "max": [-0.3036863282], "min": [-0.312648538], "raw_data_size": "9993"}, "user_3_4011": {"weights": [1.0], "gauss": [-0.3078865782, 0.0017850967, 0.5], "max": [-0.3032884739], "min": [-0.3124846826], "raw_data_size": "9991"}, "user_4_4011": {"weights": [1.0], "gauss": [-0.3078831523, 0.0018048961, 0.5], "max": [-0.303234048], "min": [-0.3125322567], "raw_data_size": "9996"}, "user_2_4011": {"weights": [1.0], "gauss": [-0.3085822295, 0.0017841695, 0.5], "max": [-0.3039865135], "min": [-0.3131779455], "raw_data_size": "9991"}, "user_5_4011": {"weights": [1.0], "gauss": [-0.3089848179, 0.0017868791, 0.5], "max": [-0.3043821223], "min": [-0.3135875135], "raw_data_size": "9994"}}