{"user_3_2092": {"weights": [0.06257356636095486, 0.06621243390423016, 0.18030045936600286, 0.2645455168015687, 0.4263680235672435], "gauss": [-0.010156619727920405, 0.00010085366104999173, 0.03128678318047743, -0.12062771984715075, 0.0008083852197835324, 0.03310621695211508, -0.04374634526561164, 0.0001317162246315741, 0.09015022968300143, -0.10867940790507014, 0.00015111986583852998, 0.13227275840078434, -0.06778264757982853, 0.00013948722016886802, 0.21318401178362176], "max": [-0.009896837912417647, -0.11854545750947651, -0.04340706675445281, -0.10829014892629488, -0.06742335231064699], "min": [-0.010416401543423163, -0.12270998218482498, -0.04408562377677048, -0.1090686668838454, -0.06814194284901008], "raw_data_size": "70"}}