{"user_3_1179": {"weights": 1, "gauss": [0.1277249914, 0.0015480976, 0.5], "max": [0.1317126265], "min": [0.1237373563], "raw_data_size": "9991"}, "user_4_1179": {"weights": 1, "gauss": [0.1278372409, 0.0014765073, 0.5], "max": [0.1316404717], "min": [0.1240340102], "raw_data_size": "9996"}, "user_1_1179": {"weights": 1, "gauss": [0.127218641, 0.0015678988, 0.5], "max": [0.1312572807], "min": [0.1231800013], "raw_data_size": "9995"}, "user_5_1179": {"weights": 1, "gauss": [0.1280371138, 0.0015309457, 0.5], "max": [0.1319805687], "min": [0.1240936589], "raw_data_size": "9994"}, "user_2_1179": {"weights": 1, "gauss": [0.1274631458, 0.0015366744, 0.5], "max": [0.1314213569], "min": [0.1235049348], "raw_data_size": "9991"}, "user_6_1179": {"weights": 1, "gauss": [0.1283130253, 0.0015600948, 0.5], "max": [0.1323315632], "min": [0.1242944874], "raw_data_size": "9993"}}