{"user_2_3600": {"weights": [0.4618777833026305, 0.5381222166973695], "gauss": [0.6381970290545833, 0.0006947880629284688, 0.23093889165131526, 0.6589989967275444, 0.000232315504066687, 0.26906110834868474], "max": [0.6399866845068304, 0.659597401810588], "min": [0.6364073736023362, 0.6584005916445007], "raw_data_size": "57"}}