{"user_1_1356": {"weights": [0.5783408081033333, 3.6452020242243695e-05, 0.0792604636670442, 0.5990398660447879, 8.557532677214052e-05, 0.0882088991620127, 0.5618949578924687, 2.6905689581570013e-06, 0.09745308309244481, 0.5356857302638739, 1.0187928957321568e-05, 0.09982370664680423, 0.5510882895114085, 1.3574396464681837e-05, 0.135253847431694], "gauss": [0.5783408081033333, 3.6452020242243695e-05, 0.0792604636670442, 0.5990398660447879, 8.557532677214052e-05, 0.0882088991620127, 0.5618949578924687, 2.6905689581570013e-06, 0.09745308309244481, 0.5356857302638739, 1.0187928957321568e-05, 0.09982370664680423, 0.5510882895114085, 1.3574396464681837e-05, 0.135253847431694], "max": [0.5784347022852468, 0.5992602934791483, 0.5619018883388344, 0.5357119726298246, 0.5511232548396002], "min": [0.5782469139214198, 0.5988194386104274, 0.561888027446103, 0.5356594878979232, 0.5510533241832168], "raw_data_size": "30"}}