{"user_2_1356": {"weights": [0.6047479827005401, 0.00027668393136617744, 0.048488645508830815, 0.5323750612561875, 2.028185241306668e-05, 0.06958341493471269, 0.578529982194614, 5.900154025381587e-05, 0.11155395737997986, 0.5609029287790304, 1.3559525976396647e-05, 0.12047357729756755, 0.5490882266217698, 3.5021775669357265e-05, 0.14990040487890913], "gauss": [0.6047479827005401, 0.00027668393136617744, 0.048488645508830815, 0.5323750612561875, 2.028185241306668e-05, 0.06958341493471269, 0.578529982194614, 5.900154025381587e-05, 0.11155395737997986, 0.5609029287790304, 1.3559525976396647e-05, 0.12047357729756755, 0.5490882266217698, 3.5021775669357265e-05, 0.14990040487890913], "max": [0.6054606732787742, 0.5324273038459634, 0.5786819600909543, 0.5609378558033826, 0.5491784367378013], "min": [0.604035292122306, 0.5323228186664116, 0.5783780042982738, 0.5608680017546781, 0.5489980165057383], "raw_data_size": "57"}}