{"user_4_38": {"weights": 1, "gauss": [-0.2588810989810811, 0.0011275149145495145, 0.5], "max": [-0.255976813023996], "min": [-0.26178538493816617], "raw_data_size": "9996"}}