{"user_1_38": {"weights": [1.0], "gauss": [-0.2600440848477015, 0.0010932916975114465, 0.5], "max": [-0.25722795205592475], "min": [-0.2628602176394782], "raw_data_size": "9995"}}