{"user_6_136": {"weights": 1, "gauss": [-0.10550406331273587, 0.0026414486017510242, 0.5], "max": [-0.09870014260052731], "min": [-0.11230798402494443], "raw_data_size": "9993"}}