{"user_6_1654": {"weights": [1.0], "gauss": [0.03681939317349059, 0.0006436019308310243, 0.5], "max": [0.03847720188674579], "min": [0.03516158446023539], "raw_data_size": "9993"}}