{"user_3_2406": {"weights": [0.0706276620183009, 0.07147412759195347, 0.20575010702212274, 0.2764485128112303, 0.3756995905563927], "gauss": [0.5384963366688658, 2.391673639198688e-05, 0.03531383100915045, 0.6498114993893505, 6.682824102902007e-05, 0.035737063795976735, 0.567354576353978, 5.535055603847383e-05, 0.10287505351106137, 0.5877414623270394, 3.6738060226497834e-05, 0.13822425640561514, 0.611201004484494, 4.414262890459108e-05, 0.18784979527819634], "max": [0.5385579420993095, 0.6499836375308976, 0.5674971499381897, 0.5878360932991263, 0.6113147083615621], "min": [0.538434731238422, 0.6496393612478033, 0.5672120027697664, 0.5876468313549524, 0.6110873006074259], "raw_data_size": "70"}}