{"user_2_2406": {"weights": [0.14086416764905219, 0.29055556770172175, 0.5685802646492261], "gauss": [0.6258978052982583, 0.00030838647253020226, 0.07043208382452609, 0.5527959589720468, 0.000610099078718367, 0.14527778385086088, 0.590187768495218, 0.0002631782500363823, 0.28429013232461303], "max": [0.6266921562110197, 0.5543674700570778, 0.5908656707437184], "min": [0.625103454385497, 0.5512244478870159, 0.5895098662467176], "raw_data_size": "57"}}