{"user_4_3107": {"weights": [1.0], "gauss": [-0.13106653858859446, 0.0012593409954249196, 0.5], "max": [-0.12782269114941852], "min": [-0.1343103860277704], "raw_data_size": "9996"}}