{"user_3_1443": {"weights": [-0.42713970963468173, 0.002750241732061203, 0.05492492412153601, -0.2799381634931028, 6.752917027819005e-05, 0.07104342121016759, -0.3520103857784433, 4.903268653659487e-05, 0.08721740411287268, -0.33093629482454745, 2.8447747124875744e-05, 0.10180612094738405, -0.399054715558724, 0.0005472030501443283, 0.18500812960803964], "gauss": [-0.42713970963468173, 0.002750241732061203, 0.05492492412153601, -0.2799381634931028, 6.752917027819005e-05, 0.07104342121016759, -0.3520103857784433, 4.903268653659487e-05, 0.08721740411287268, -0.33093629482454745, 2.8447747124875744e-05, 0.10180612094738405, -0.399054715558724, 0.0005472030501443283, 0.18500812960803964], "max": [-0.4200555563893954, -0.27976421987745587, -0.3518840859476306, -0.33086301828388326, -0.3976452139071709], "min": [-0.43422386287996806, -0.28011210710874973, -0.352136685609256, -0.33100957136521164, -0.40046421721027714], "raw_data_size": "70"}}