{"user_1_1443": {"weights": [0.2179165168764207, 0.3865362655345095, 0.3955472175890698], "gauss": [-0.4112542411070452, 0.0005964481564839354, 0.10895825843821035, -0.35887684162632405, 0.00020422992029275788, 0.19326813276725474, -0.3159332382512687, 0.0001474953597612867, 0.1977736087945349], "max": [-0.4097178924675262, -0.3583507802129725, -0.3155533153814581], "min": [-0.41279058974656424, -0.3594029030396756, -0.31631316112107927], "raw_data_size": "30"}}