{"user_2_1789": {"weights": 1, "gauss": [0.692796727232497, 0.002032852593200101, 0.5], "max": [0.6980330085118571], "min": [0.6875604459531368], "raw_data_size": "9991"}}