{"user_5_4056": {"weights": 1, "gauss": [-0.4565003955716247, 0.0019406597274367321, 0.5], "max": [-0.4515015873774759], "min": [-0.46149920376577347], "raw_data_size": "9994"}}