{"user_1_3880": {"weights": [0.19108877918488731, 0.8089112208151127], "gauss": [0.1388392659787124, 8.081721435063732e-05, 0.09554438959244366, 0.07587577021146864, 0.0005985974786533531, 0.40445561040755634], "max": [0.13904743732766797, 0.07741765513801444], "min": [0.13863109462975684, 0.07433388528492285], "raw_data_size": "30"}}