{"user_4_1216": {"weights": 1, "gauss": [0.4127857522986021, 0.0013319942218974745, 0.5], "max": [0.4162167420475234], "min": [0.4093547625496808], "raw_data_size": "9996"}}