{"user_5_3047": {"weights": [1.0], "gauss": [0.4846711036, 0.0014249102, 0.5], "max": [0.488341429], "min": [0.4810007781], "raw_data_size": "9994"}, "user_6_3047": {"weights": [1.0], "gauss": [0.4837631722, 0.0014220381, 0.5], "max": [0.4874260996], "min": [0.4801002447], "raw_data_size": "9993"}, "user_3_3047": {"weights": [1.0], "gauss": [0.4849423332, 0.0014127185, 0.5], "max": [0.488581255], "min": [0.4813034115], "raw_data_size": "9991"}, "user_1_3047": {"weights": [1.0], "gauss": [0.4847505827, 0.001443328, 0.5], "max": [0.4884683494], "min": [0.481032816], "raw_data_size": "9995"}, "user_2_3047": {"weights": [1.0], "gauss": [0.4848954489, 0.0014182729, 0.5], "max": [0.4885486778], "min": [0.48124222], "raw_data_size": "9991"}, "user_4_3047": {"weights": [1.0], "gauss": [0.484903979, 0.0014183026, 0.5], "max": [0.4885572843], "min": [0.4812506737], "raw_data_size": "9996"}}