{"user_1_758": {"weights": [1.0], "gauss": [0.9459379692872364, 0.0006953538471335664, 0.5], "max": [0.9477290821030185], "min": [0.9441468564714542], "raw_data_size": "30"}}