{"user_2_758": {"weights": [0.25746992733966917, 0.3424055114628931, 0.40012456119743783], "gauss": [0.9363785336098717, 1.953812231267238e-05, 0.12873496366983458, 0.9207921875346856, 0.0006316081070177605, 0.17120275573144655, 0.9664114886815593, 0.00022202554139302732, 0.20006228059871892], "max": [0.936428860477861, 0.922419102205101, 0.9669833885772158], "min": [0.9363282067418823, 0.9191652728642702, 0.9658395887859029], "raw_data_size": "57"}}