{"user_1_979": {"weights": [0.09351943103510524, 0.10000000000000003, 0.1845407443391683, 0.28254759145409175, 0.3393922331716346], "gauss": [0.7790212585009614, 7.35127311168583e-05, 0.04675971551755262, 0.5832484761873876, 9.842478930363507e-05, 0.05000000000000002, 0.7099282331920542, 0.0001394251726849195, 0.09227037216958416, 0.6820840493850225, 8.747534330114004e-05, 0.14127379572704588, 0.7366661591663934, 0.00016638609012406446, 0.1696961165858173], "max": [0.779210614747956, 0.5835020016438716, 0.7102873686375084, 0.6823093709376357, 0.737094741333038], "min": [0.7788319022539667, 0.5829949507309037, 0.7095690977466, 0.6818587278324094, 0.7362375769997489], "raw_data_size": "30"}}