{"user_1_3400": {"weights": [0.033330989922726297, 0.13333641501794352, 0.27257505290766687, 0.5607575421516633], "gauss": [0.41423937678337003, 1.000000000388578e-06, 0.016665494961363148, 0.4424012178065096, 4.37789558469227e-05, 0.06666820750897176, 0.4738343280681113, 2.368226072374424e-05, 0.13628752645383344, 0.5105160160729914, 0.0002741159934012406, 0.28037877107583165], "max": [0.4142419526126746, 0.44251398492385885, 0.47389532952925784, 0.5112220920813657], "min": [0.41423680095406545, 0.44228845068916034, 0.4737733266069648, 0.509809940064617], "raw_data_size": "30"}}