{"user_1_3946": {"weights": 1, "gauss": [0.4980749111424931, 0.0006732346454177408, 0.5], "max": [0.49980904867032444], "min": [0.4963407736146617], "raw_data_size": "9995"}}