{"user_5_1768": {"weights": 1, "gauss": [0.10359657090399584, 0.001219337363611488, 0.5], "max": [0.10673737581609836], "min": [0.1004557659918933], "raw_data_size": "9994"}}