{"user_3_2631": {"weights": [0.024724224, 0.1516382103, 0.3083110923, 0.5153264734], "gauss": [0.1625117185, 0.001176293, 0.012362112, 0.073964243, 0.0013825269, 0.0758191051, 0.0177655706, 0.000477237, 0.1541555461, -0.0257745752, 0.0005920718, 0.2576632367], "max": [0.1655416485, 0.0775253962, 0.0189948516, -0.0242494994], "min": [0.1594817885, 0.0704030897, 0.0165362897, -0.027299651], "raw_data_size": "70"}, "user_2_2631": {"weights": [0.1317998154, 0.1565888457, 0.2659200204, 0.4456913185], "gauss": [-0.0050772935, 1.82705e-05, 0.0658999077, 0.0207135023, 0.0001817558, 0.0782944229, 0.0662145676, 0.002242868, 0.1329600102, -0.0389584348, 0.0001865788, 0.2228456592], "max": [-0.0050302318, 0.0211816742, 0.0719918126, -0.0384778396], "min": [-0.0051243552, 0.0202453304, 0.0604373226, -0.03943903], "raw_data_size": "57"}, "user_1_2631": {"weights": [0.3035716583, 0.6964283417], "gauss": [0.0536924514, 0.0011640771, 0.1517858291, -0.023026888, 0.0006000508, 0.3482141709], "max": [0.0566909153, -0.0214812594], "min": [0.0506939876, -0.0245725165], "raw_data_size": "30"}}