{"user_3_1526": {"weights": [0.6415999952010984, 2.0234622432029447e-05, 0.05373491628186974, 0.6532846868502618, 3.40502478758099e-05, 0.0787733277499553, 0.6745369154097794, 0.00010945767457212662, 0.10388756535220034, 0.7054999606563138, 0.0001424740393733127, 0.11339466317866835, 0.623113517488836, 0.00010384601919618996, 0.1502095274373063], "gauss": [0.6415999952010984, 2.0234622432029447e-05, 0.05373491628186974, 0.6532846868502618, 3.40502478758099e-05, 0.0787733277499553, 0.6745369154097794, 0.00010945767457212662, 0.10388756535220034, 0.7054999606563138, 0.0001424740393733127, 0.11339466317866835, 0.623113517488836, 0.00010384601919618996, 0.1502095274373063], "max": [0.6416521161345051, 0.6533723944765334, 0.6748188596954406, 0.7058669494619266, 0.6233810071081385], "min": [0.6415478742676918, 0.6531969792239901, 0.6742549711241183, 0.705132971850701, 0.6228460278695336], "raw_data_size": "70"}}