{"user_2_3371": {"weights": [1.0], "gauss": [-0.5388602846646497, 0.003012042450196122, 0.5], "max": [-0.5311017774579013], "min": [-0.5466187918713982], "raw_data_size": "9991"}}