{"user_3_3371": {"weights": 1, "gauss": [-0.5384308165070141, 0.003001476479865899, 0.5], "max": [-0.5306995254362626], "min": [-0.5461621075777655], "raw_data_size": "9991"}}