{"user_4_985": {"weights": [1.0], "gauss": [-0.07779845084292927, 0.000904366256941443, 0.5], "max": [-0.07546895773715867], "min": [-0.08012794394869988], "raw_data_size": "9996"}}