{"user_4_640": {"weights": 1, "gauss": [-0.0173731263, 0.0019279541, 0.5], "max": [-0.0124070455], "min": [-0.0223392071], "raw_data_size": "9996"}, "user_5_640": {"weights": 1, "gauss": [-0.018032567, 0.0019344607, 0.5], "max": [-0.0130497264], "min": [-0.0230154077], "raw_data_size": "9994"}, "user_1_640": {"weights": 1, "gauss": [-0.018061429, 0.0019344827, 0.5], "max": [-0.0130785317], "min": [-0.0230443263], "raw_data_size": "9995"}, "user_2_640": {"weights": 1, "gauss": [-0.0183691364, 0.0019210886, 0.5], "max": [-0.0134207402], "min": [-0.0233175326], "raw_data_size": "9991"}, "user_6_640": {"weights": 1, "gauss": [-0.0178582212, 0.0018890422, 0.5], "max": [-0.012992371], "min": [-0.0227240715], "raw_data_size": "9993"}, "user_3_640": {"weights": 1, "gauss": [-0.0173785857, 0.0019390827, 0.5], "max": [-0.0123838396], "min": [-0.0223733317], "raw_data_size": "9991"}}