{"user_3_2375": {"weights": 1, "gauss": [-0.1952419057346767, 0.0006267667866822678, 0.5], "max": [-0.19362746147904933], "min": [-0.19685634999030407], "raw_data_size": "9991"}}