{"user_4_2099": {"weights": [1.0], "gauss": [0.213483958373645, 0.0018036711912382114, 0.5], "max": [0.21812990748200334], "min": [0.20883800926528667], "raw_data_size": "9996"}}