{"user_2_2099": {"weights": 1, "gauss": [0.21304150207519842, 0.0018709504387180778, 0.5], "max": [0.21786075104073613], "min": [0.20822225310966072], "raw_data_size": "9991"}}