{"user_5_1458": {"weights": [1.0], "gauss": [-0.0312669389, 0.0016282719, 0.5], "max": [-0.0270727883], "min": [-0.0354610894], "raw_data_size": "9994"}, "user_3_1458": {"weights": [1.0], "gauss": [-0.0310954919, 0.0016512754, 0.5], "max": [-0.0268420884], "min": [-0.0353488955], "raw_data_size": "9991"}, "user_6_1458": {"weights": [1.0], "gauss": [-0.0308619352, 0.0016667111, 0.5], "max": [-0.026568772], "min": [-0.0351550984], "raw_data_size": "9993"}, "user_1_1458": {"weights": [1.0], "gauss": [-0.030007636, 0.00175705, 0.5], "max": [-0.0254817751], "min": [-0.034533497], "raw_data_size": "9995"}, "user_4_1458": {"weights": [1.0], "gauss": [-0.0312809453, 0.0016295241, 0.5], "max": [-0.0270835695], "min": [-0.0354783211], "raw_data_size": "9996"}, "user_2_1458": {"weights": [1.0], "gauss": [-0.0308263223, 0.0016585006, 0.5], "max": [-0.0265543079], "min": [-0.0350983368], "raw_data_size": "9991"}}