{"user_1_1312": {"weights": 1, "gauss": [0.10112915455627852, 0.0012036349937802465, 0.5], "max": [0.10422951284403457], "min": [0.09802879626852247], "raw_data_size": "9995"}}