{"user_3_1514": {"weights": [1.0], "gauss": [-0.0429360983729516, 0.000958558417758009, 0.5], "max": [-0.04046701551132705], "min": [-0.045405181234576146], "raw_data_size": "9991"}}