{"user_4_1514": {"weights": 1, "gauss": [-0.04332365900124129, 0.0009823598009447289, 0.5], "max": [-0.0407932678393394], "min": [-0.04585405016314319], "raw_data_size": "9996"}}