{"user_5_1514": {"weights": 1, "gauss": [-0.042266112341277064, 0.0009511266948382986, 0.5], "max": [-0.03981617232932496], "min": [-0.04471605235322917], "raw_data_size": "9994"}}