{"user_5_1191": {"weights": [1.0], "gauss": [-0.1149835531, 0.002099498, 0.5], "max": [-0.1095756046], "min": [-0.1203915016], "raw_data_size": "9994"}, "user_1_1191": {"weights": [1.0], "gauss": [-0.1144171053, 0.0021634094, 0.5], "max": [-0.1088445321], "min": [-0.1199896785], "raw_data_size": "9995"}, "user_4_1191": {"weights": [1.0], "gauss": [-0.1150714186, 0.0020795683, 0.5], "max": [-0.1097148056], "min": [-0.1204280316], "raw_data_size": "9996"}, "user_3_1191": {"weights": [1.0], "gauss": [-0.1150111245, 0.0020624087, 0.5], "max": [-0.1096987117], "min": [-0.1203235374], "raw_data_size": "9991"}, "user_2_1191": {"weights": [1.0], "gauss": [-0.1145506208, 0.0020482477, 0.5], "max": [-0.1092746844], "min": [-0.1198265573], "raw_data_size": "9991"}, "user_6_1191": {"weights": [1.0], "gauss": [-0.1145571638, 0.0020516646, 0.5], "max": [-0.1092724259], "min": [-0.1198419017], "raw_data_size": "9993"}}