{"user_3_3616": {"weights": [1.0], "gauss": [0.5077783654, 0.0016044817, 0.5], "max": [0.5119112363], "min": [0.5036454945], "raw_data_size": "9991"}, "user_2_3616": {"weights": [1.0], "gauss": [0.5080311107, 0.0015793551, 0.5], "max": [0.51209926], "min": [0.5039629615], "raw_data_size": "9991"}, "user_4_3616": {"weights": [1.0], "gauss": [0.5072170183, 0.0015965872, 0.5], "max": [0.5113295545], "min": [0.5031044822], "raw_data_size": "9996"}, "user_6_3616": {"weights": [1.0], "gauss": [0.5072008955, 0.0015925259, 0.5], "max": [0.5113029703], "min": [0.5030988207], "raw_data_size": "9993"}, "user_1_3616": {"weights": [1.0], "gauss": [0.5077243888, 0.0016708231, 0.5], "max": [0.5120281439], "min": [0.5034206338], "raw_data_size": "9995"}, "user_5_3616": {"weights": [1.0], "gauss": [0.5072824771, 0.0015971597, 0.5], "max": [0.5113964878], "min": [0.5031684664], "raw_data_size": "9994"}}