{"user_4_3639": {"weights": 1, "gauss": [0.671828549824567, 0.003383425588757121, 0.5], "max": [0.6805436766024647], "min": [0.6631134230466692], "raw_data_size": "9996"}}