{"user_1_2582": {"weights": [0.033333333333332986, 0.09331393399076955, 0.2357727059302662, 0.26964514361489095, 0.36793488313074024], "gauss": [-0.5870929956436144, 1.0000000008881784e-06, 0.016666666666666493, -0.6248411521793906, 2.2359248053631764e-05, 0.046656966995384776, -0.6697855159987428, 3.391176703817955e-05, 0.1178863529651331, -0.7031861861844384, 0.0001332376248983903, 0.13482257180744547, -0.6458270134294666, 3.0261512020872794e-05, 0.18396744156537012], "max": [-0.5870904198143085, -0.6247835585730488, -0.6696981650754708, -0.7028429888058899, -0.6457490649400335], "min": [-0.5870955714729202, -0.6248987457857325, -0.6698728669220149, -0.7035293835629869, -0.6459049619188997], "raw_data_size": "30"}}