{"user_3_2582": {"weights": [0.09436293821281092, 0.1688498164741053, 0.18931410551981726, 0.21704509395862365, 0.33042804583464286], "gauss": [-0.7225060669479075, 0.0001425527169335018, 0.04718146910640546, -0.6901599255705392, 6.163766257596858e-05, 0.08442490823705265, -0.6115669641682374, 0.00014303277970709083, 0.09465705275990863, -0.6687526572457361, 7.114888794804053e-05, 0.10852254697931182, -0.6485158233300247, 3.5886907522291286e-05, 0.16521402291732143], "max": [-0.7221388754823297, -0.6900011574730738, -0.6111985361428999, -0.6685693898552446, -0.648423384782015], "min": [-0.7228732584134854, -0.6903186936680046, -0.611935392193575, -0.6689359246362275, -0.6486082618780343], "raw_data_size": "70"}}