{"user_3_1072": {"weights": 1, "gauss": [-0.978568530826341, 0.0008068549511883451, 0.5], "max": [-0.9764902101993566], "min": [-0.9806468514533254], "raw_data_size": "9991"}}