{"user_3_1031": {"weights": 1, "gauss": [-0.5687721199417659, 0.0010779425107873264, 0.5], "max": [-0.5659955240349388], "min": [-0.571548715848593], "raw_data_size": "9991"}}