{"user_3_2682": {"weights": 1, "gauss": [0.4846611650619574, 0.0005880553777513332, 0.5], "max": [0.4861758953360788], "min": [0.483146434787836], "raw_data_size": "9991"}}