{"user_2_2682": {"weights": 1, "gauss": [0.48468766651460493, 0.0006078135324680257, 0.5], "max": [0.48625329042262966], "min": [0.4831220426065802], "raw_data_size": "9991"}}