{"user_3_3765": {"weights": [0.0571373853, 0.098976306, 0.1588094814, 0.2060657976, 0.4790110297], "gauss": [0.4088432076, 2.8341e-05, 0.0285686927, 0.4451257182, 4.00638e-05, 0.049488153, 0.5345442239, 8.55167e-05, 0.0794047407, 0.5113722185, 3.17687e-05, 0.1030328988, 0.4838676774, 0.0001008535, 0.2395055149], "max": [0.4089162092, 0.4452289157, 0.5347645003, 0.5114540494, 0.4841274588], "min": [0.4087702061, 0.4450225206, 0.5343239475, 0.5112903877, 0.4836078959], "raw_data_size": "70"}, "user_2_3765": {"weights": [0.0526273478, 0.1959818716, 0.3712244222, 0.3801663584], "gauss": [0.4122856199, 5.6475e-06, 0.0263136739, 0.4480590726, 5.68787e-05, 0.0979909358, 0.4878564053, 0.0001733269, 0.1856122111, 0.5141759223, 0.0001303768, 0.1900831792], "max": [0.4123001669, 0.4482055823, 0.4883028657, 0.5145117507], "min": [0.4122710729, 0.4479125628, 0.4874099449, 0.5138400939], "raw_data_size": "57"}, "user_1_3765": {"weights": [1.0], "gauss": [0.4904081752, 0.0007840658, 0.5], "max": [0.4924277949], "min": [0.4883885555], "raw_data_size": "30"}}