{"user_3_1746": {"weights": [0.16214916, 0.1753664557, 0.2486061646, 0.4138782198], "gauss": [-0.3101520727, 0.0005260166, 0.08107458, -0.2013745284, 7.23356e-05, 0.0876832278, -0.2264336947, 5.40457e-05, 0.1243030823, -0.2598157393, 0.0002080232, 0.2069391099], "max": [-0.3087971437, -0.2011882042, -0.2262944823, -0.2592799069], "min": [-0.3115070017, -0.2015608526, -0.2265729072, -0.2603515717], "raw_data_size": "70"}, "user_1_1746": {"weights": [0.0666723377, 0.2403305508, 0.3311826424, 0.3618144691], "gauss": [-0.3289596009, 0.0001219049, 0.0333361688, -0.2191656433, 0.0003998005, 0.1201652754, -0.276563205, 2.72292e-05, 0.1655913212, -0.2449002639, 5.76297e-05, 0.1809072345], "max": [-0.3286455948, -0.2181358254, -0.2764930673, -0.2447518197], "min": [-0.329273607, -0.2201954612, -0.2766333427, -0.2450487081], "raw_data_size": "30"}, "user_2_1746": {"weights": [0.017543642, 0.3660433128, 0.6164130452], "gauss": [-0.4127773046, 1e-06, 0.008771821, -0.2797874022, 0.0008247275, 0.1830216564, -0.2372657134, 0.0006725374, 0.3082065226], "max": [-0.4127747288, -0.277663045, -0.2355333718], "min": [-0.4127798805, -0.2819117594, -0.238998055], "raw_data_size": "57"}}