{"user_3_542": {"weights": [0.20079110441374598, 0.33402944098666487, 0.465179454599589], "gauss": [-0.36510773474112884, 1.4690981313069229e-05, 0.10039555220687299, -0.3299177177335796, 0.000731740197577684, 0.16701472049333244, -0.37752692480512967, 0.0007731328736930433, 0.2325897272997945], "max": [-0.36506989328096473, -0.32803287989007435, -0.37553546649353414], "min": [-0.36514557620129295, -0.3318025555770848, -0.3795183831167252], "raw_data_size": "70"}}