{"user_3_368": {"weights": 1, "gauss": [0.05273366629189964, 0.0009280638248589829, 0.5], "max": [0.055124200287535084], "min": [0.0503431322962642], "raw_data_size": "9991"}}