{"user_1_3740": {"weights": [1.0], "gauss": [0.307583496, 0.0014605709, 0.5], "max": [0.3113456773], "min": [0.3038213147], "raw_data_size": "30"}, "user_3_3740": {"weights": [0.0591784892, 0.2956603751, 0.2974140242, 0.3477471115], "gauss": [0.3493294439, 0.0023591489, 0.0295892446, 0.3363670401, 0.0002010311, 0.1478301875, 0.2599905369, 0.000563152, 0.1487070121, 0.2946249407, 0.0002193766, 0.1738735557], "max": [0.3554062089, 0.336884862, 0.2614411203, 0.2951900173], "min": [0.343252679, 0.3358492182, 0.2585399535, 0.2940598642], "raw_data_size": "70"}, "user_2_3740": {"weights": [0.0888276461, 0.1106792176, 0.1484803938, 0.2431321021, 0.4088806404], "gauss": [0.2670882563, 0.0001041129, 0.0444138231, 0.2368158931, 0.0001328983, 0.0553396088, 0.3577215471, 0.0001443615, 0.0742401969, 0.3294185011, 9.66139e-05, 0.1215660511, 0.2959095961, 6.65325e-05, 0.2044403202], "max": [0.2673564335, 0.2371582164, 0.3580933976, 0.3296673621, 0.2960809724], "min": [0.2668200791, 0.2364735697, 0.3573496965, 0.3291696402, 0.2957382197], "raw_data_size": "57"}}