{"user_6_17": {"weights": [1.0], "gauss": [0.014753500021721341, 0.000947849494923242, 0.5], "max": [0.017194998526098654], "min": [0.01231200151734403], "raw_data_size": "9993"}}