{"user_5_17": {"weights": [1.0], "gauss": [0.0156416089624842, 0.0009322852425104926, 0.5], "max": [0.01804301660940892], "min": [0.013240201315559481], "raw_data_size": "9994"}}