{"user_3_121": {"weights": [-1.4596967347664127, 7.627946083962788e-05, 0.031437511799226575, -1.6046861647156785, 0.00033160034729981427, 0.06713142164218856, -1.4996239670771594, 0.00023488085457920482, 0.11720088683747565, -1.564752540817403, 0.0001238195837379431, 0.14143036267765532, -1.5312699381953943, 0.00010460994999025763, 0.14279981704345385], "gauss": [-1.4596967347664127, 7.627946083962788e-05, 0.031437511799226575, -1.6046861647156785, 0.00033160034729981427, 0.06713142164218856, -1.4996239670771594, 0.00023488085457920482, 0.11720088683747565, -1.564752540817403, 0.0001238195837379431, 0.14143036267765532, -1.5312699381953943, 0.00010460994999025763, 0.14279981704345385], "max": [-1.459500251895923, -1.6038320188240367, -1.4990189540890917, -1.5644336027052577, -1.5310004808207667], "min": [-1.4598932176369024, -1.6055403106073203, -1.500228980065227, -1.5650714789295483, -1.5315393955700218], "raw_data_size": "70"}}