{"user_3_2484": {"weights": [0.07210703073333245, 0.09808269019208511, 0.15991480547189743, 0.25352597412019445, 0.41636949948249063], "gauss": [0.19148337023858847, 0.00011668514621944359, 0.036053515366666226, 0.1529894465247529, 5.985672558315208e-05, 0.049041345096042556, 0.08770277399287846, 0.0005605180978918996, 0.07995740273594872, 0.2650461623831987, 0.0003535826809858829, 0.12676298706009723, 0.21777114635678813, 0.00025430945039510335, 0.20818474974124532], "max": [0.1917839312575094, 0.15314362723252448, 0.0891465729345979, 0.26595693101410955, 0.21842620409128524], "min": [0.19118280921966754, 0.15283526581698134, 0.08625897505115901, 0.2641353937522879, 0.217116088622291], "raw_data_size": "70"}}