{"user_2_2150": {"weights": [0.017538054329663138, 0.0960655337349065, 0.3360762081224669, 0.5503202038129634], "gauss": [0.10904502868652315, 1.0000000000260208e-06, 0.008769027164831569, 0.13454531291050428, 3.984416414393077e-05, 0.04803276686745325, 0.16940816077598253, 0.00015374188565313554, 0.16803810406123346, 0.21097712290463946, 0.00032014216566062556, 0.2751601019064817], "max": [0.10904760451582676, 0.13464794467608163, 0.16980417363023073, 0.21180175447624972], "min": [0.10904245285721953, 0.13444268114492694, 0.16901214792173433, 0.2101524913330292], "raw_data_size": "57"}}