{"user_2_1164": {"weights": 1, "gauss": [-1.0181873472808662, 0.0009151306704412156, 0.5], "max": [-1.0158301268833674], "min": [-1.020544567678365], "raw_data_size": "9991"}}