{"user_4_3907": {"weights": [1.0], "gauss": [-0.09393046941535892, 0.0011846329882777673, 0.5], "max": [-0.09087905705020234], "min": [-0.09698188178051549], "raw_data_size": "9996"}}