{"user_5_3042": {"weights": [1.0], "gauss": [-0.630393519, 0.0022075122, 0.5], "max": [-0.6247073445], "min": [-0.6360796936], "raw_data_size": "9994"}, "user_1_3042": {"weights": [1.0], "gauss": [-0.6302939556, 0.0022566858, 0.5], "max": [-0.6244811181], "min": [-0.6361067931], "raw_data_size": "9995"}, "user_4_3042": {"weights": [1.0], "gauss": [-0.6305804467, 0.0022199832, 0.5], "max": [-0.6248621489], "min": [-0.6362987445], "raw_data_size": "9996"}, "user_2_3042": {"weights": [1.0], "gauss": [-0.6316690321, 0.0022075374, 0.5], "max": [-0.6259827925], "min": [-0.6373552718], "raw_data_size": "9991"}, "user_3_3042": {"weights": [1.0], "gauss": [-0.630352524, 0.0022029901, 0.5], "max": [-0.6246779977], "min": [-0.6360270504], "raw_data_size": "9991"}, "user_6_3042": {"weights": [1.0], "gauss": [-0.6304263908, 0.0022027605, 0.5], "max": [-0.6247524558], "min": [-0.6361003258], "raw_data_size": "9993"}}