{"user_1_2080": {"weights": [1.0], "gauss": [-0.8245265295507922, 0.0007358895309846615, 0.5], "max": [-0.822631003732707], "min": [-0.8264220553688774], "raw_data_size": "9995"}}