{"user_2_609": {"weights": [0.04305102256086891, 0.45238380645106874, 0.5045651709880624], "gauss": [-0.22772982643220702, 0.0001250483423899999, 0.021525511280434454, -0.1643616005046945, 0.00030347526444730085, 0.22619190322553437, -0.11823324651124624, 0.0003331886199046855, 0.2522825854940312], "max": [-0.22740772324751865, -0.1635799000256289, -0.11737500950048674], "min": [-0.22805192961689538, -0.16514330098376012, -0.11909148352200574], "raw_data_size": "57"}}