{"user_2_1717": {"weights": [0.1068283951, 0.2134789258, 0.2499665748, 0.4297261044], "gauss": [0.3901717225, 0.0002307858, 0.0534141975, 0.2882248615, 0.0004009415, 0.1067394629, 0.3228016933, 1.8673e-05, 0.1249832874, 0.3517590243, 0.0001593513, 0.2148630522], "max": [0.3907661874, 0.2892576184, 0.3228497919, 0.352169486], "min": [0.3895772575, 0.2871921045, 0.3227535948, 0.3513485627], "raw_data_size": "57"}, "user_3_1717": {"weights": [0.1000742831, 0.1364882622, 0.2788153521, 0.4846221025], "gauss": [0.2855669266, 0.0003287216, 0.0500371416, 0.3992028381, 0.0006833733, 0.0682441311, 0.3523984353, 0.000164985, 0.1394076761, 0.3225593785, 0.0001286337, 0.2423110512], "max": [0.2864136574, 0.400963091, 0.3528234086, 0.3228907171], "min": [0.2847201959, 0.3974425853, 0.351973462, 0.3222280399], "raw_data_size": "70"}, "user_1_1717": {"weights": [0.099977136, 0.0999989051, 0.0999999999, 0.1947374018, 0.5052865573], "gauss": [0.3024914646, 5.4824e-06, 0.049988568, 0.4131382855, 6.75906e-05, 0.0499994525, 0.2775319517, 2.8327e-06, 0.0499999999, 0.3223223642, 3.1526e-06, 0.0973687009, 0.3509438622, 0.0001305008, 0.2526432786], "max": [0.3025055862, 0.4133123874, 0.2775392483, 0.3223304848, 0.3512800099], "min": [0.3024773429, 0.4129641836, 0.2775246551, 0.3223142436, 0.3506077144], "raw_data_size": "30"}}