{"user_3_1782": {"weights": [0.05629304222399328, 0.16894524452969611, 0.1905943760909368, 0.23731338297624446, 0.3468539541791292], "gauss": [0.2342613099351786, 0.0018740444902101891, 0.02814652111199664, -0.01473676126858044, 0.000569532818270812, 0.08447262226484806, 0.11225557097430575, 8.141698334763925e-05, 0.0952971880454684, 0.1804779047621288, 0.000624969184371978, 0.11865669148812223, 0.06121420067572869, 0.00019506218616322378, 0.1734269770895646], "max": [0.23908852864921637, -0.013269741945945691, 0.11246528722581915, 0.1820877187010492, 0.06171664757086223], "min": [0.22943409122114083, -0.01620378059121519, 0.11204585472279234, 0.1788680908232084, 0.06071175378059515], "raw_data_size": "70"}}