{"user_2_3269": {"weights": [0.010655288462178827, 7.678239570060086e-05, 0.05148074016753637, -0.0634466422614037, 1.9810874064143294e-05, 0.05208377369785969, -0.04349113628597869, 1.7316871191468302e-05, 0.08097540117224133, -0.008374306367411032, 2.78886849614208e-05, 0.15447279060646374, -0.0237141445218021, 3.7914337523060475e-05, 0.1609872943558989], "gauss": [0.010655288462178827, 7.678239570060086e-05, 0.05148074016753637, -0.0634466422614037, 1.9810874064143294e-05, 0.05208377369785969, -0.04349113628597869, 1.7316871191468302e-05, 0.08097540117224133, -0.008374306367411032, 2.78886849614208e-05, 0.15447279060646374, -0.0237141445218021, 3.7914337523060475e-05, 0.1609872943558989], "max": [0.010853066807021122, -0.06339561283146036, -0.043446530981717926, -0.00830246987544996, -0.02361648366018556], "min": [0.010457510117336533, -0.06349767169134704, -0.04353574159023946, -0.008446142859372103, -0.023811805383418642], "raw_data_size": "57"}}