{"user_1_823": {"weights": [0.11176992922734096, 1.0017445620642542e-06, 0.03325897779769335, 0.08594564093794858, 5.703954928205812e-05, 0.06845611322722042, 0.06351795104950128, 4.276372172236264e-05, 0.09823642428716896, 0.17266347288922904, 7.414689218896816e-05, 0.12236304254810033, 0.1445485373857293, 8.998850638382541e-05, 0.177685442139817], "gauss": [0.11176992922734096, 1.0017445620642542e-06, 0.03325897779769335, 0.08594564093794858, 5.703954928205812e-05, 0.06845611322722042, 0.06351795104950128, 4.276372172236264e-05, 0.09823642428716896, 0.17266347288922904, 7.414689218896816e-05, 0.12236304254810033, 0.1445485373857293, 8.998850638382541e-05, 0.177685442139817], "max": [0.11177250955033859, 0.08609256508045053, 0.06362810309704256, 0.17285446262689647, 0.14478033241745533], "min": [0.11176734890434332, 0.08579871679544664, 0.06340779900196, 0.1724724831515616, 0.14431674235400324], "raw_data_size": "30"}}