{"user_3_354": {"weights": [0.10649427065223954, 0.24483883278067192, 0.2901932561992537, 0.3584736403678348], "gauss": [-0.02950657361582486, 0.0016319481088681164, 0.05324713532611977, 0.029773169535700313, 0.00025152269685921, 0.12241941639033596, 0.0865803795096841, 0.0002981778841590056, 0.14509662809962684, 0.14028770324036127, 0.0006539448307647894, 0.1792368201839174], "max": [-0.025302953855131156, 0.030421049068777913, 0.08734843484137107, 0.14197215349834955], "min": [-0.033710193376518566, 0.029125290002622713, 0.08581232417799713, 0.138603252982373], "raw_data_size": "70"}}