{"user_6_1604": {"weights": 1, "gauss": [-0.0966860826, 0.0008993733, 0.5], "max": [-0.0943694506], "min": [-0.0990027146], "raw_data_size": "9993"}, "user_5_1604": {"weights": 1, "gauss": [-0.0972453579, 0.0009077004, 0.5], "max": [-0.0949072766], "min": [-0.0995834393], "raw_data_size": "9994"}, "user_3_1604": {"weights": 1, "gauss": [-0.0969415384, 0.000907134, 0.5], "max": [-0.0946049161], "min": [-0.0992781608], "raw_data_size": "9991"}, "user_1_1604": {"weights": 1, "gauss": [-0.0973565305, 0.0009245926, 0.5], "max": [-0.0949749378], "min": [-0.0997381231], "raw_data_size": "9995"}, "user_2_1604": {"weights": 1, "gauss": [-0.0971648315, 0.0008980954, 0.5], "max": [-0.0948514912], "min": [-0.0994781719], "raw_data_size": "9991"}, "user_4_1604": {"weights": 1, "gauss": [-0.0967448974, 0.000912409, 0.5], "max": [-0.0943946877], "min": [-0.0990951071], "raw_data_size": "9996"}}