{"user_5_2599": {"weights": [1.0], "gauss": [-0.26877315315883654, 0.002187376701668283, 0.5], "max": [-0.2631388441527792], "min": [-0.27440746216489387], "raw_data_size": "9994"}}