{"user_1_2599": {"weights": 1, "gauss": [-0.2683491060251111, 0.0021169921092764462, 0.5], "max": [-0.262896095714655], "min": [-0.27380211633556717], "raw_data_size": "9995"}}