{"user_3_3885": {"weights": [0.07165283557323747, 0.22486315458502595, 0.2937065443942723, 0.40977746544746424], "gauss": [0.021964339404410244, 0.00015797146169587359, 0.035826417786618735, 0.10830480867405404, 0.00010114633958183028, 0.11243157729251298, 0.09185157224839705, 0.0002378813086603659, 0.14685327219713615, 0.16196879669153041, 0.0005145992329045533, 0.20488873272373212], "max": [0.022371246924570928, 0.10856534437949562, 0.09246431389401098, 0.16329431647522974], "min": [0.02155743188424956, 0.10804427296861245, 0.09123883060278311, 0.1606432769078311], "raw_data_size": "70"}}