{"user_2_2323": {"weights": [0.033212184006150836, 0.08633449468029539, 0.251919521735454, 0.2915841074507014, 0.33694969212739834], "gauss": [0.10315875694875001, 0.0001856383327260611, 0.016606092003075418, -0.04162487116449568, 3.083304275079937e-05, 0.043167247340147694, 0.06139416919195079, 9.470330505607208e-05, 0.125959760867727, 0.0038376540521490136, 0.0002126377685730471, 0.1457920537253507, 0.03447070845948082, 0.00017550853755160813, 0.16847484606369917], "max": [0.10363692960604776, -0.041545450509460596, 0.06163810874025715, 0.004385372647480718, 0.03492278849352926], "min": [0.10268058429145227, -0.04170429181953077, 0.06115022964364442, 0.0032899354568173096, 0.03401862842543237], "raw_data_size": "57"}}