{"user_4_3266": {"weights": [1.0], "gauss": [0.28416088509662296, 0.0008163499747681897, 0.5], "max": [0.28626366328358227], "min": [0.28205810690966365], "raw_data_size": "9996"}}