{"user_2_1403": {"weights": [0.14775567320721275, 0.19864180475246748, 0.2787744410282631, 0.3748280810120566], "gauss": [-0.20063715078355226, 8.790228990809734e-05, 0.07387783660360638, -0.2659380942206443, 0.00024008812232831256, 0.09932090237623374, -0.2350345061695352, 0.00026863553005274, 0.13938722051413155, -0.16409933705733748, 0.0005223128083304819, 0.1874140405060283], "max": [-0.20041072948935792, -0.265319668199717, -0.23434254689925096, -0.16275394842002092], "min": [-0.2008635720777466, -0.2665565202415716, -0.23572646543981943, -0.16544472569465404], "raw_data_size": "57"}}