{"user_2_3678": {"weights": 1, "gauss": [0.22151892644103113, 0.0014249074677968657, 0.5], "max": [0.22518924485142797], "min": [0.2178486080306343], "raw_data_size": "9991"}}