{"user_2_1683": {"weights": [0.1050304709, 0.1747742862, 0.2213455489, 0.2474453228, 0.2514043712], "gauss": [0.0995406061, 2.08634e-05, 0.0525152354, -0.0538763587, 0.0011707463, 0.0873871431, 0.0367814744, 0.000123133, 0.1106727745, 0.0706631465, 4.135e-05, 0.1237226614, -0.0093033994, 0.0002162917, 0.1257021856], "max": [0.0995943465, -0.0508607161, 0.037098644, 0.0707696569, -0.0087462691], "min": [0.0994868656, -0.0568920012, 0.0364643048, 0.070556636, -0.0098605298], "raw_data_size": "57"}, "user_1_1683": {"weights": [0.4395387517, 0.5604612483], "gauss": [-0.0229984175, 0.0011060078, 0.2197693759, 0.0582138146, 0.0006236453, 0.2802306241], "max": [-0.0201495302, 0.0598202185], "min": [-0.0258473048, 0.0566074108], "raw_data_size": "30"}, "user_3_1683": {"weights": [0.0872167246, 0.1873485204, 0.2797429852, 0.4456917698], "gauss": [-0.0911686688, 0.0003438596, 0.0436083623, 0.086384783, 0.0009900877, 0.0936742602, -0.0175663761, 0.000292255, 0.1398714926, 0.0472064107, 0.0003423453, 0.2228458849], "max": [-0.0902829451, 0.08893508, -0.0168135771, 0.0480882337], "min": [-0.0920543926, 0.083834486, -0.0183191752, 0.0463245877], "raw_data_size": "70"}}