{"user_3_438": {"weights": [0.1266050897, 0.2015261661, 0.2108699328, 0.2300455202, 0.2309532912], "gauss": [0.2957858609, 0.0002277821, 0.0633025449, 0.2612055584, 8.47311e-05, 0.100763083, 0.1786619791, 0.0002119036, 0.1054349664, 0.2145786542, 4.30925e-05, 0.1150227601, 0.2404798813, 6.10008e-05, 0.1154766456], "max": [0.2963725887, 0.2614238114, 0.1792078067, 0.2146896532, 0.240637009], "min": [0.2951991332, 0.2609873054, 0.1781161516, 0.2144676553, 0.2403227535], "raw_data_size": "70"}, "user_2_438": {"weights": [0.0175438596, 0.0943323876, 0.1286342882, 0.2788044221, 0.4806850424], "gauss": [0.1133303866, 1e-06, 0.0087719298, 0.1842919378, 2.72758e-05, 0.0471661938, 0.2883197169, 0.0003488699, 0.0643171441, 0.2095489928, 0.0001046998, 0.1394022111, 0.2413098008, 0.0001173366, 0.2403425212], "max": [0.1133329624, 0.1843621955, 0.2892183461, 0.2098186815, 0.2416120399], "min": [0.1133278107, 0.1842216802, 0.2874210877, 0.2092793041, 0.2410075616], "raw_data_size": "57"}, "user_1_438": {"weights": [0.3422343055, 0.6577656945], "gauss": [0.2164501864, 0.0003970956, 0.1711171528, 0.2428704716, 0.0009327125, 0.3288828472], "max": [0.217473037, 0.2452729797], "min": [0.2154273358, 0.2404679634], "raw_data_size": "30"}}