{"user_6_1415": {"weights": [1.0], "gauss": [-0.630412306, 0.0017562361, 0.5], "max": [-0.6258885416], "min": [-0.6349360703], "raw_data_size": "9993"}, "user_5_1415": {"weights": [1.0], "gauss": [-0.6300489541, 0.0017687927, 0.5], "max": [-0.625492846], "min": [-0.6346050621], "raw_data_size": "9994"}, "user_4_1415": {"weights": [1.0], "gauss": [-0.6302606209, 0.0018000428, 0.5], "max": [-0.625624018], "min": [-0.6348972238], "raw_data_size": "9996"}, "user_1_1415": {"weights": [1.0], "gauss": [-0.6305297984, 0.0018325554, 0.5], "max": [-0.6258094484], "min": [-0.6352501483], "raw_data_size": "9995"}, "user_2_1415": {"weights": [1.0], "gauss": [-0.6307238691, 0.0017497954, 0.5], "max": [-0.6262166948], "min": [-0.6352310435], "raw_data_size": "9991"}, "user_3_1415": {"weights": [1.0], "gauss": [-0.6303892819, 0.0017767597, 0.5], "max": [-0.6258126522], "min": [-0.6349659116], "raw_data_size": "9991"}}