{"user_2_164": {"weights": [0.11718577359705291, 0.12427661017102908, 0.13447962435694, 0.2684394564149054, 0.3556185354600726], "gauss": [0.016454052645626265, 0.00021903973101152491, 0.05859288679852646, -0.05988615742497406, 2.445123752358876e-05, 0.06213830508551454, -0.08520107259457027, 8.25586509452142e-05, 0.06723981217847, -0.019601219650384596, 8.283403672948618e-05, 0.1342197282074527, -0.04083627105461448, 5.1312817355050015e-05, 0.1778092677300363], "max": [0.01701826160340722, -0.059823175210852765, -0.08498841560220412, -0.01938785331124554, -0.04070409799602369], "min": [0.01588984368784531, -0.05994913963909535, -0.08541372958693642, -0.019814585989523653, -0.04096844411320527], "raw_data_size": "57"}}