{"user_1_3623": {"weights": [1.0], "gauss": [0.6112464846853625, 0.0017038915160983148, 0.5], "max": [0.6156354183825968], "min": [0.6068575509881281], "raw_data_size": "9995"}}