{"user_5_3623": {"weights": [1.0], "gauss": [0.6103342442198955, 0.0017071073280396632, 0.5], "max": [0.6147314612997631], "min": [0.6059370271400278], "raw_data_size": "9994"}}