{"user_1_3838": {"weights": [1.0], "gauss": [0.3346735958794112, 0.0010258563023760176, 0.5], "max": [0.33731602660430166], "min": [0.33203116515452075], "raw_data_size": "9995"}}