{"user_2_1802": {"weights": [0.2964044437, 0.000792773, 0.048311745, 0.4623053265, 0.0001648331, 0.0596494453, 0.3592417139, 0.0002218045, 0.0791508406, 0.4043990434, 0.0001725194, 0.1542381557, 0.4322203807, 7.25395e-05, 0.1586498134], "gauss": [0.2964044437, 0.000792773, 0.048311745, 0.4623053265, 0.0001648331, 0.0596494453, 0.3592417139, 0.0002218045, 0.0791508406, 0.4043990434, 0.0001725194, 0.1542381557, 0.4322203807, 7.25395e-05, 0.1586498134], "max": [0.2984464915, 0.4627299086, 0.3598130444, 0.4048434239, 0.43240723], "min": [0.2943623958, 0.4618807445, 0.3586703835, 0.403954663, 0.4320335313], "raw_data_size": "57"}, "user_1_1802": {"weights": [0.0333333304, 0.0959976155, 0.2344160735, 0.2508394234, 0.3854135571], "gauss": [0.2717974186, 1e-06, 0.0166666652, 0.3217673696, 8.23619e-05, 0.0479988078, 0.413196658, 0.0001372756, 0.1172080368, 0.3730909622, 0.0002189207, 0.1254197117, 0.4413807651, 0.0001698333, 0.1927067785], "max": [0.2717999944, 0.3219795197, 0.4135502565, 0.3736548646, 0.4418182266], "min": [0.2717948428, 0.3215552194, 0.4128430595, 0.3725270599, 0.4409433036], "raw_data_size": "30"}, "user_3_1802": {"weights": [0.1431280562, 0.1567801241, 0.203167173, 0.4969246467], "gauss": [0.2916102175, 0.0002040548, 0.0715640281, 0.4667615583, 0.0004511006, 0.078390062, 0.3675216171, 0.0002517823, 0.1015835865, 0.4221769717, 0.0001821855, 0.2484623234], "max": [0.2921358278, 0.4679235166, 0.3681701653, 0.4226462506], "min": [0.2910846071, 0.4655996001, 0.3668730688, 0.4217076929], "raw_data_size": "70"}}