{"user_1_2731": {"weights": [0.147547747, 0.2265180036, 0.6259342494], "gauss": [0.0403631398, 0.0001833524, 0.0737738735, 0.1370007687, 8.65992e-05, 0.1132590018, 0.0795284797, 0.0001994182, 0.3129671247], "max": [0.0408354243, 0.1372238334, 0.080042147], "min": [0.0398908553, 0.1367777039, 0.0790148123], "raw_data_size": "30"}, "user_2_2731": {"weights": [0.2056653325, 0.2435975446, 0.2719808227, 0.2787563002], "gauss": [0.1366267705, 0.0003181197, 0.1028326663, 0.0984994901, 0.0001750643, 0.1217987723, 0.0620409968, 0.0002358205, 0.1359904114, 0.0756566314, 0.0001152491, 0.1393781501], "max": [0.1374461926, 0.0989504258, 0.0626484303, 0.0759534935], "min": [0.1358073483, 0.0980485543, 0.0614335634, 0.0753597693], "raw_data_size": "57"}, "user_3_2731": {"weights": [0.1636618648, 0.3938905069, 0.4424476283], "gauss": [0.1473314427, 0.0002411648, 0.0818309324, 0.1048803965, 0.0001284621, 0.1969452534, 0.0667582387, 0.0001181399, 0.2212238142], "max": [0.1479526421, 0.1052112929, 0.067062547], "min": [0.1467102434, 0.1045495002, 0.0664539304], "raw_data_size": "70"}}