{"user_3_2768": {"weights": [0.033937366558187375, 0.20240063131978936, 0.20294645895540167, 0.2190407011172595, 0.3416748420493621], "gauss": [0.20253350119526298, 5.158381560556907e-05, 0.016968683279093687, 0.22011940874939964, 5.652397474773568e-05, 0.10120031565989468, 0.240143592901208, 4.972144451050636e-05, 0.10147322947770084, 0.2728887555212392, 0.00011798649962597895, 0.10952035055862976, 0.2524624638227023, 6.389392395804338e-05, 0.17083742102468105], "max": [0.20266637229908865, 0.2202650048599079, 0.24027166685499293, 0.27319266860439895, 0.2526270436643522], "min": [0.2024006300914373, 0.21997381263889138, 0.24001551894742304, 0.27258484243807946, 0.25229788398105246], "raw_data_size": "70"}}