{"user_3_3550": {"weights": [0.18087819090818227, 0.20987193590506922, 0.26267311949388805, 0.34657675369286045], "gauss": [0.02758949385260887, 7.89932619355884e-05, 0.09043909545409114, -0.003338347913671503, 0.0011474374514683888, 0.10493596795253461, 0.04582403809028388, 6.611982585115415e-05, 0.13133655974694403, 0.07186587399689552, 0.00026050550550646586, 0.17328837684643023], "max": [0.02779296701148547, -0.00038274490218975776, 0.04599435147525684, 0.0725368917117149], "min": [0.027386020693732267, -0.006293950925153248, 0.04565372470531093, 0.07119485628207614], "raw_data_size": "70"}}