{"user_2_3550": {"weights": [0.1291334731931197, 0.1669815883329576, 0.34534436179797995, 0.35854057667594263], "gauss": [-0.011672546931797624, 0.001128243319841322, 0.06456673659655986, 0.07538061916106378, 0.000176586848123019, 0.0834907941664788, 0.05077930285463929, 9.85386805829319e-05, 0.17267218089898997, 0.02058042471741879, 0.0001959725534725734, 0.17927028833797132], "max": [-0.008766384727017053, 0.07583547673908039, 0.05103312167561785, 0.02108521656334475], "min": [-0.014578709136578195, 0.07492576158304717, 0.05052548403366073, 0.020075632871492832], "raw_data_size": "57"}}