{"user_3_2128": {"weights": [0.0971965928, 0.1380363511, 0.1878845616, 0.2103760932, 0.3665064013], "gauss": [0.1963132889, 0.0002900233, 0.0485982964, 0.2874456402, 0.0002116606, 0.0690181755, 0.2269729318, 2.27979e-05, 0.0939422808, 0.2429814599, 8.769e-06, 0.1051880466, 0.2605823185, 7.99999e-05, 0.1832532007], "max": [0.1970603395, 0.2879908418, 0.2270316553, 0.2430040473, 0.2607883845], "min": [0.1955662383, 0.2869004386, 0.2269142083, 0.2429588725, 0.2603762525], "raw_data_size": "70"}, "user_2_2128": {"weights": [0.2120305138, 2.70729e-05, 0.0796177733, 0.2597381013, 3.51464e-05, 0.0796782995, 0.2792008417, 0.0001049108, 0.0854558788, 0.2484273992, 3.07038e-05, 0.1188461261, 0.2368507178, 2.54994e-05, 0.1364019223], "gauss": [0.2120305138, 2.70729e-05, 0.0796177733, 0.2597381013, 3.51464e-05, 0.0796782995, 0.2792008417, 0.0001049108, 0.0854558788, 0.2484273992, 3.07038e-05, 0.1188461261, 0.2368507178, 2.54994e-05, 0.1364019223], "max": [0.2121002489, 0.2598286325, 0.2794710741, 0.248506487, 0.2369163999], "min": [0.2119607787, 0.2596475702, 0.2789306093, 0.2483483114, 0.2367850356], "raw_data_size": "57"}, "user_1_2128": {"weights": [0.2070345695, 0.2148060173, 0.2334900607, 0.3446693525], "gauss": [0.2578685504, 8.2614e-06, 0.1035172847, 0.2782909786, 0.0001065397, 0.1074030086, 0.2138004577, 4.59548e-05, 0.1167450304, 0.2444377203, 2.0215e-05, 0.1723346763], "max": [0.2578898304, 0.2785654066, 0.2139188293, 0.2444897907], "min": [0.2578472704, 0.2780165506, 0.2136820862, 0.2443856499], "raw_data_size": "30"}}