{"user_2_2654": {"weights": [1.0], "gauss": [0.29970281443067315, 0.0011045258479312192, 0.5], "max": [0.3025478844763016], "min": [0.2968577443850447], "raw_data_size": "9991"}}