{"user_1_116": {"weights": [1.0], "gauss": [0.028654500290361713, 0.0029260298341904243, 0.5], "max": [0.03619145368032774], "min": [0.02111754690039569], "raw_data_size": "9995"}}