{"user_6_116": {"weights": 1, "gauss": [0.029226520327524402, 0.0028279271395135006, 0.5], "max": [0.0365107779217845], "min": [0.021942262733264307], "raw_data_size": "9993"}}