{"user_2_3975": {"weights": [1.0], "gauss": [0.38747700139617497, 0.0011467568515829963, 0.5], "max": [0.39043085129852795], "min": [0.384523151493822], "raw_data_size": "9991"}}