{"user_1_3011": {"weights": [1.0], "gauss": [0.059596498062213225, 0.0005191133020224168, 0.5], "max": [0.060933645317424595], "min": [0.058259350807001856], "raw_data_size": "30"}}