{"user_2_3683": {"weights": [1.0], "gauss": [0.0053204489675791585, 0.0006253645520723114, 0.5], "max": [0.00693128130620775], "min": [0.0037096166289505668], "raw_data_size": "57"}}