{"user_1_3007": {"weights": [0.09415077618016221, 0.9058492238198377], "gauss": [-0.28824599261629824, 1.136196508409637e-05, 0.047075388090081105, -0.23059769223773538, 0.0004392243643571912, 0.45292461190991884], "max": [-0.2882167261336887, -0.2294663252491915], "min": [-0.2882752590989078, -0.23172905922627926], "raw_data_size": "30"}}