{"user_6_390": {"weights": [1.0], "gauss": [0.22394696909435538, 0.0020837981873487307, 0.5], "max": [0.22931447752801032], "min": [0.21857946066070044], "raw_data_size": "9993"}}