{"user_6_1033": {"weights": 1, "gauss": [-0.3051784535303794, 0.00247856397359937, 0.5], "max": [-0.29879409581646155], "min": [-0.3115628112442973], "raw_data_size": "9993"}}