{"user_5_1193": {"weights": [1.0], "gauss": [0.37678033222421503, 0.0008568728887167466, 0.5], "max": [0.3789874905203882], "min": [0.37457317392804185], "raw_data_size": "9994"}}