{"user_5_3603": {"weights": 1, "gauss": [-0.13456191226082587, 0.0008223442297758042, 0.5], "max": [-0.132443693896165], "min": [-0.13668013062548673], "raw_data_size": "9994"}}