{"user_3_2834": {"weights": [0.0406342678, 0.1379162854, 0.2004519789, 0.2679498743, 0.3530475936], "gauss": [0.3157281787, 4.35997e-05, 0.0203171339, 0.2381000719, 8.82834e-05, 0.0689581427, 0.2915845212, 4.32467e-05, 0.1002259895, 0.2603002419, 3.61413e-05, 0.1339749372, 0.2729264506, 4.31377e-05, 0.1765237968], "max": [0.3158404841, 0.2383274748, 0.2916959172, 0.2603933357, 0.273037566], "min": [0.3156158732, 0.237872669, 0.2914731251, 0.2602071481, 0.2728153353], "raw_data_size": "70"}, "user_2_2834": {"weights": [0.0727016216, 0.2127780074, 0.3395471672, 0.3749732038], "gauss": [0.2174020786, 0.0001550652, 0.0363508108, 0.2464751842, 4.71071e-05, 0.1063890037, 0.2899648198, 9.4914e-05, 0.1697735836, 0.2688038294, 5.43855e-05, 0.1874866019], "max": [0.2178014999, 0.246596524, 0.2902093021, 0.2689439171], "min": [0.2170026572, 0.2463538445, 0.2897203376, 0.2686637416], "raw_data_size": "57"}, "user_1_2834": {"weights": [0.0333272914, 0.9666727086], "gauss": [0.1990856826, 1e-06, 0.0166636457, 0.2698626611, 0.000272891, 0.4833363543], "max": [0.1990882585, 0.2705655816], "min": [0.1990831068, 0.2691597406], "raw_data_size": "30"}}