{"user_5_2771": {"weights": [1.0], "gauss": [-0.18023878895659273, 0.004353479990110077, 0.5], "max": [-0.16902496762565342], "min": [-0.19145261028753205], "raw_data_size": "9994"}}