{"user_3_386": {"weights": [1.0], "gauss": [0.15121089567529553, 0.002010967217264222, 0.5], "max": [0.1563908039620009], "min": [0.14603098738859016], "raw_data_size": "9991"}}