{"user_1_2798": {"weights": [0.0333331462, 0.1001265632, 0.2116516387, 0.2306747737, 0.4242138781], "gauss": [-0.1833901256, 1e-06, 0.0166665731, -0.2242335219, 7.56375e-05, 0.0500632816, -0.3236340042, 2.13221e-05, 0.1058258194, -0.2586582253, 2.18924e-05, 0.1153373869, -0.2966137891, 0.0001283024, 0.2121069391], "max": [-0.1833875498, -0.2240386927, -0.3235790821, -0.258601834, -0.2962833041], "min": [-0.1833927015, -0.2244283511, -0.3236889262, -0.2587146165, -0.2969442741], "raw_data_size": "30"}, "user_3_2798": {"weights": [0.0284189597, 0.0940848338, 0.2900016041, 0.5874946025], "gauss": [-0.1651951956, 7.78039e-05, 0.0142094798, -0.3698658166, 0.0001187732, 0.0470424169, -0.2313715217, 0.0002379611, 0.1450008021, -0.2828292093, 0.0006794654, 0.2937473012], "max": [-0.164994786, -0.3695598772, -0.2307585744, -0.2810790224], "min": [-0.1653956052, -0.370171756, -0.2319844689, -0.2845793963], "raw_data_size": "70"}, "user_2_2798": {"weights": [0.2160700153, 0.2704110226, 0.5135189621], "gauss": [-0.2623129205, 0.0001242571, 0.1080350076, -0.2331654412, 0.0004602637, 0.1352055113, -0.3049330477, 0.0002188468, 0.2567594811], "max": [-0.2619928555, -0.2319798804, -0.3043693358], "min": [-0.2626329856, -0.2343510019, -0.3054967596], "raw_data_size": "57"}}