{"user_3_2587": {"weights": [1.0], "gauss": [-0.08413658189251445, 0.0008763357073858969, 0.5], "max": [-0.0818792906976836], "min": [-0.08639387308734531], "raw_data_size": "9991"}}