{"user_1_254": {"weights": [0.12688935212551472, 0.28531406360694184, 0.29092348803577583, 0.29687309623176755], "gauss": [0.17421362330518744, 6.989961861708885e-05, 0.06344467606275736, 0.15357858627878654, 4.550008481405448e-05, 0.14265703180347092, 0.12152818063611777, 0.00042685807883944486, 0.14546174401788792, 0.12600655665014568, 0.00011586975764526605, 0.14843654811588378], "max": [0.17439367279112825, 0.15369578673056455, 0.122627694184049, 0.12630501736728347], "min": [0.17403357381924664, 0.15346138582700852, 0.12042866708818654, 0.12570809593300789], "raw_data_size": "30"}}