{"user_3_1023": {"weights": [0.077651136, 0.1938044588, 0.2914849193, 0.4370594859], "gauss": [0.2584343477, 0.0003473707, 0.038825568, 0.3788684589, 0.0001124482, 0.0969022294, 0.3131268939, 0.0002752848, 0.1457424596, 0.3451250192, 0.0001050289, 0.2185297429], "max": [0.2593291152, 0.3791581063, 0.3138359805, 0.3453955557], "min": [0.2575395802, 0.3785788115, 0.3124178072, 0.3448544826], "raw_data_size": "70"}, "user_2_1023": {"weights": [0.2491804183, 0.0001236258, 0.0263587693, 0.2955647551, 4.98983e-05, 0.0806568893, 0.3380168209, 2.54448e-05, 0.0830906129, 0.322343379, 2.48342e-05, 0.1479113225, 0.3658710898, 0.000154035, 0.1619824061], "gauss": [0.2491804183, 0.0001236258, 0.0263587693, 0.2955647551, 4.98983e-05, 0.0806568893, 0.3380168209, 2.54448e-05, 0.0830906129, 0.322343379, 2.48342e-05, 0.1479113225, 0.3658710898, 0.000154035, 0.1619824061], "max": [0.2494988574, 0.2956932847, 0.3380823624, 0.3224073476, 0.3662678576], "min": [0.2488619793, 0.2954362256, 0.3379512794, 0.3222794104, 0.3654743219], "raw_data_size": "57"}, "user_1_1023": {"weights": [0.0986066723, 0.1606062544, 0.2540094603, 0.4867776129], "gauss": [0.2684473263, 0.0003594306, 0.0493033362, 0.3781883359, 4.0516e-05, 0.0803031272, 0.3552207644, 4.52828e-05, 0.1270047302, 0.3220235996, 0.0001101215, 0.2433888064], "max": [0.2693731582, 0.3782926982, 0.3553374051, 0.3223072538], "min": [0.2675214944, 0.3780839736, 0.3551041237, 0.3217399453], "raw_data_size": "30"}}