{"user_2_3524": {"weights": [0.0501432629, 0.1198766728, 0.2005870236, 0.2615060266, 0.367887014], "gauss": [0.7568424589, 5.85839e-05, 0.0250716315, 0.8596673498, 6.80287e-05, 0.0599383364, 0.8021391079, 0.0001945913, 0.1002935118, 0.8781420979, 0.000160886, 0.1307530133, 0.83365012, 6.98787e-05, 0.183943507], "max": [0.7569933609, 0.8598425802, 0.802640342, 0.8785565127, 0.8338301156], "min": [0.7566915569, 0.8594921194, 0.8016378738, 0.8777276831, 0.8334701245], "raw_data_size": "57"}, "user_1_3524": {"weights": [0.3269854093, 0.6730145907], "gauss": [0.8085952011, 0.0004965587, 0.1634927047, 0.8582712555, 0.0005602061, 0.3365072953], "max": [0.8098742514, 0.8597142507], "min": [0.8073161508, 0.8568282604], "raw_data_size": "30"}, "user_3_3524": {"weights": [0.7923591764, 4.59668e-05, 0.0621275749, 0.8410422806, 9.33146e-05, 0.0634692525, 0.8845445945, 0.0001321174, 0.1069852249, 0.85973012, 3.49621e-05, 0.112459355, 0.8216704998, 6.64063e-05, 0.1549585927], "gauss": [0.7923591764, 4.59668e-05, 0.0621275749, 0.8410422806, 9.33146e-05, 0.0634692525, 0.8845445945, 0.0001321174, 0.1069852249, 0.85973012, 3.49621e-05, 0.112459355, 0.8216704998, 6.64063e-05, 0.1549585927], "max": [0.7924775792, 0.841282643, 0.8848849065, 0.8598201764, 0.821841551], "min": [0.7922407737, 0.8408019183, 0.8842042826, 0.8596400635, 0.8214994486], "raw_data_size": "70"}}