{"user_2_132": {"weights": [0.03608132904076712, 0.14215730739925242, 0.22847592207129674, 0.23390560759842471, 0.35937983389025907], "gauss": [0.5650481929115955, 0.0001793045706249542, 0.01804066452038356, 0.5122454446590793, 9.074894617219675e-05, 0.07107865369962621, 0.49324406488092876, 5.086699813691597e-05, 0.11423796103564837, 0.43546120024469004, 0.00012186476049164019, 0.11695280379921236, 0.4677821969450587, 9.364110113438306e-05, 0.17968991694512954], "max": [0.5655100508788715, 0.5124791984538958, 0.4933750895853134, 0.4357751030658344, 0.4680234004373772], "min": [0.5645863349443194, 0.5120116908642628, 0.4931130401765441, 0.4351472974235457, 0.46754099345274014], "raw_data_size": "57"}}