{"user_1_2398": {"weights": [0.3953946828842154, 1.0000000003053113e-06, 0.016666666666666552, 0.3535933055743075, 2.6965628542484743e-05, 0.0832352104319876, 0.327110633520382, 2.2825000196221134e-05, 0.12529288797398277, 0.30528633705356123, 8.190380167498356e-05, 0.12633405106485276, 0.2744398311355848, 4.6049134578062364e-05, 0.14847118386251032], "gauss": [0.3953946828842154, 1.0000000003053113e-06, 0.016666666666666552, 0.3535933055743075, 2.6965628542484743e-05, 0.0832352104319876, 0.327110633520382, 2.2825000196221134e-05, 0.12529288797398277, 0.30528633705356123, 8.190380167498356e-05, 0.12633405106485276, 0.2744398311355848, 4.6049134578062364e-05, 0.14847118386251032], "max": [0.3953972587135198, 0.3536627644304959, 0.3271694268247409, 0.3054973072659877, 0.27455844584583405], "min": [0.39539210705491107, 0.35352384671811915, 0.32705184021602307, 0.30507536684113473, 0.2743212164253355], "raw_data_size": "30"}}