{"user_1_2552": {"weights": 1, "gauss": [-1.2233065733616397, 0.003608799829837166, 0.5], "max": [-1.2140109210093029], "min": [-1.2326022257139766], "raw_data_size": "9995"}}