{"user_5_2552": {"weights": 1, "gauss": [-1.2232539676035583, 0.0035327250568429605, 0.5], "max": [-1.2141542708807607], "min": [-1.232353664326356], "raw_data_size": "9994"}}