{"user_6_2552": {"weights": 1, "gauss": [-1.2232873648414042, 0.003505783362312747, 0.5], "max": [-1.2142570653248648], "min": [-1.2323176643579437], "raw_data_size": "9993"}}