{"user_2_2552": {"weights": 1, "gauss": [-1.2237548951016246, 0.0035247499409144225, 0.5], "max": [-1.214675740916135], "min": [-1.2328340492871142], "raw_data_size": "9991"}}