{"user_3_1447": {"weights": [0.1851403269543124, 0.30766366623199887, 0.5071960068136887], "gauss": [0.460706098387818, 5.1672495456316466e-05, 0.0925701634771562, 0.4087960638976068, 0.00011829696519599541, 0.15383183311599943, 0.43292733351173956, 3.924600448881776e-05, 0.25359800340684435], "max": [0.4608391979158019, 0.40910077668707956, 0.43302842452014906], "min": [0.4605729988598341, 0.40849135110813406, 0.43282624250333007], "raw_data_size": "70"}}