{"user_1_2449": {"weights": 1, "gauss": [0.44449660849168565, 0.002993672856540868, 0.5], "max": [0.4522077987608026], "min": [0.4367854182225687], "raw_data_size": "9995"}}