{"user_6_3633": {"weights": [1.0], "gauss": [0.12018509607479552, 0.001041378068828977, 0.5], "max": [0.12286750822055836], "min": [0.11750268392903268], "raw_data_size": "9993"}}