{"user_3_3633": {"weights": [1.0], "gauss": [0.12038561932769434, 0.0010469928717167793, 0.5], "max": [0.12308249424726923], "min": [0.11768874440811945], "raw_data_size": "9991"}}