{"user_3_3681": {"weights": [0.01428571428563281, 0.042828877028361974, 0.07827970395733519, 0.336885196955516, 0.5277205077731542], "gauss": [-0.23207899928092907, 1.0000000001249e-06, 0.007142857142816405, -0.15935441033368303, 3.05565237852409e-05, 0.021414438514180987, 0.06960225551318497, 0.00032189798290755973, 0.039139851978667595, -0.06095607689933796, 0.000570748891202235, 0.168442598477758, 0.0008350501094890369, 0.0005480505677390366, 0.2638602538865771], "max": [-0.23207642345162519, -0.1592757019443024, 0.07043140977031154, -0.0594859251804112, 0.002246734821697859], "min": [-0.23208157511023295, -0.15943311872306365, 0.0687731012560584, -0.062426228618264724, -0.000576634602719785], "raw_data_size": "70"}}