{"user_3_3200": {"weights": [0.1668436758847011, 0.212552682146637, 0.23939408625736255, 0.38120955571129944], "gauss": [0.268114039941975, 0.00012830147424723503, 0.08342183794235054, 0.1762713542252416, 0.00034030922129728205, 0.1062763410733185, 0.2400650350847147, 8.718428367924285e-05, 0.11969704312868128, 0.21209366333975774, 0.00011805643532269188, 0.19060477785564972], "max": [0.26844452263902957, 0.17714793268972703, 0.2402896069174246, 0.21239775656533444], "min": [0.2677835572449205, 0.17539477576075616, 0.23984046325200478, 0.21178957011418104], "raw_data_size": "70"}}