{"user_4_1813": {"weights": 1, "gauss": [-0.11039400972504573, 0.0017518455925423667, 0.5], "max": [-0.10588155451248212], "min": [-0.11490646493760935], "raw_data_size": "9996"}}