{"user_1_1813": {"weights": 1, "gauss": [-0.11043503903338751, 0.00178734252107745, 0.5], "max": [-0.10583114979211725], "min": [-0.11503892827465778], "raw_data_size": "9995"}}