{"user_4_2062": {"weights": [1.0], "gauss": [0.08037079922965992, 0.0015515602858307915, 0.5], "max": [0.08436735368012559], "min": [0.07637424477919426], "raw_data_size": "9996"}}