{"user_2_1390": {"weights": 1, "gauss": [0.23630900307631694, 0.0012914066894431215, 0.5], "max": [0.23963544626978361], "min": [0.23298255988285027], "raw_data_size": "9991"}}