{"user_1_1810": {"weights": [1.0], "gauss": [-0.11309534127789239, 0.00085205602209333, 0.5], "max": [-0.11090059040791908], "min": [-0.1152900921478657], "raw_data_size": "9995"}}