{"user_1_1614": {"weights": [0.09915092165296445, 0.3873424881559054, 0.5135065901911301], "gauss": [0.1098629686591495, 0.00026145211483413484, 0.049575460826482225, 0.02669181030268418, 0.0003459493307229164, 0.1936712440779527, -0.06028300895857419, 0.0006028400179383641, 0.25675329509556505], "max": [0.1105364246780141, 0.0275829167263034, -0.05873019597501661], "min": [0.10918951264028491, 0.02580070387906496, -0.061835821942131775], "raw_data_size": "30"}}