{"user_6_1371": {"weights": 1, "gauss": [-0.12052446356018802, 0.0010881103610837172, 0.5], "max": [-0.1177216770066134], "min": [-0.12332725011376264], "raw_data_size": "9993"}}