{"user_3_2202": {"weights": [0.14620172730108547, 0.18501443117388036, 0.3235635833849414, 0.3452202581400927], "gauss": [0.2402088185353755, 0.0002806878326932623, 0.07310086365054273, 0.1548932019655694, 0.00010672834299361552, 0.09250721558694018, 0.2028127208529114, 0.00023120763938846888, 0.1617817916924707, 0.1833377291120154, 0.00011051656697417988, 0.17261012907004636], "max": [0.24093182247997644, 0.1551681159589716, 0.20340827226565258, 0.18362240092375512], "min": [0.2394858145907746, 0.15461828797216723, 0.20221716944017024, 0.18305305730027568], "raw_data_size": "70"}}