{"user_3_2467": {"weights": 1, "gauss": [0.3415923989, 0.0010290031, 0.5], "max": [0.3442429352], "min": [0.3389418625], "raw_data_size": "9991"}, "user_6_2467": {"weights": 1, "gauss": [0.3411450967, 0.001035378, 0.5], "max": [0.3438120537], "min": [0.3384781396], "raw_data_size": "9993"}, "user_4_2467": {"weights": 1, "gauss": [0.3413094653, 0.0010511039, 0.5], "max": [0.3440169295], "min": [0.338602001], "raw_data_size": "9996"}, "user_1_2467": {"weights": 1, "gauss": [0.3414422718, 0.0010669706, 0.5], "max": [0.3441906061], "min": [0.3386939376], "raw_data_size": "9995"}, "user_2_2467": {"weights": 1, "gauss": [0.3413329346, 0.0010086351, 0.5], "max": [0.3439310066], "min": [0.3387348627], "raw_data_size": "9991"}, "user_5_2467": {"weights": 1, "gauss": [0.3413603354, 0.0010630906, 0.5], "max": [0.3440986753], "min": [0.3386219955], "raw_data_size": "9994"}}