{"user_4_2243": {"weights": [1.0], "gauss": [0.7994221706502477, 0.0004334345076749392, 0.5], "max": [0.800538623956286], "min": [0.7983057173442093], "raw_data_size": "9996"}}