{"user_2_1181": {"weights": [1.0], "gauss": [0.19576390389925585, 0.0016073505118659101, 0.5], "max": [0.19990416444879439], "min": [0.19162364334971732], "raw_data_size": "9991"}}