{"user_1_2396": {"weights": 1, "gauss": [-0.5276608916467995, 0.0010561702225797265, 0.5], "max": [-0.5249403774379429], "min": [-0.5303814058556562], "raw_data_size": "9995"}}