{"user_1_3052": {"weights": [1.0], "gauss": [0.32906306446381217, 0.0034836603913678535, 0.5], "max": [0.33803637898351013], "min": [0.3200897499441142], "raw_data_size": "9995"}}