{"user_6_3052": {"weights": 1, "gauss": [0.32921318303608055, 0.003432142006419988, 0.5], "max": [0.33805379499015825], "min": [0.32037257108200284], "raw_data_size": "9993"}}