{"user_5_3052": {"weights": [1.0], "gauss": [0.32978261359945377, 0.0034350537132863948, 0.5], "max": [0.33863072561340135], "min": [0.3209345015855062], "raw_data_size": "9994"}}