{"user_3_3898": {"weights": [0.12262162198068981, 0.18050230696678146, 0.3366830895058076, 0.36019298154672114], "gauss": [0.057275765923430665, 0.0002281893332529023, 0.061310810990344904, 0.023170221941650856, 3.76520661053358e-05, 0.09025115348339073, 0.0006886551277726564, 6.602640120166937e-05, 0.1683415447529038, -0.03316133308910851, 0.0002993248530728385, 0.18009649077336057], "max": [0.05786354269478078, 0.02326720723686414, 0.0008587278667957928, -0.03239032336128303], "min": [0.05668798915208055, 0.02307323664643757, 0.0005185823887495201, -0.033932342816934], "raw_data_size": "70"}}