{"user_3_4033": {"weights": 1, "gauss": [-0.1113000146, 0.002184395, 0.5], "max": [-0.1056733859], "min": [-0.1169266432], "raw_data_size": "9991"}, "user_4_4033": {"weights": 1, "gauss": [-0.1114580708, 0.0022150307, 0.5], "max": [-0.10575253], "min": [-0.1171636117], "raw_data_size": "9996"}, "user_6_4033": {"weights": 1, "gauss": [-0.1123201592, 0.0022470384, 0.5], "max": [-0.1065321718], "min": [-0.1181081467], "raw_data_size": "9993"}, "user_1_4033": {"weights": 1, "gauss": [-0.1112600714, 0.0023256438, 0.5], "max": [-0.1052696098], "min": [-0.1172505329], "raw_data_size": "9995"}, "user_2_4033": {"weights": 1, "gauss": [-0.111618411, 0.0021871229, 0.5], "max": [-0.1059847559], "min": [-0.1172520662], "raw_data_size": "9991"}, "user_5_4033": {"weights": 1, "gauss": [-0.1127029128, 0.0022582678, 0.5], "max": [-0.1068860004], "min": [-0.1185198252], "raw_data_size": "9994"}}