{"user_3_3363": {"weights": [0.014283810663384229, 0.12441198086319784, 0.21633245378193453, 0.30520762592468664, 0.33976412876679674], "gauss": [-0.0442756600677966, 1.0000000000052041e-06, 0.007141905331692114, -0.09569953369738952, 0.0001586226592512487, 0.06220599043159892, -0.15448429100038266, 8.742329298506543e-05, 0.10816622689096726, -0.12647204885162433, 8.081926578472242e-05, 0.15260381296234332, -0.18840002381527984, 0.00010833775835360809, 0.16988206438339837], "max": [-0.04427308423849304, -0.09529094880348331, -0.15425910352049899, -0.12626387221852473, -0.18812096424263183], "min": [-0.044278235897100164, -0.09610811859129574, -0.15470947848026634, -0.12668022548472394, -0.18867908338792785], "raw_data_size": "70"}}