{"user_4_3279": {"weights": 1, "gauss": [0.4625320068, 0.0005121228, 0.5], "max": [0.4638511478], "min": [0.4612128658], "raw_data_size": "9996"}, "user_3_3279": {"weights": 1, "gauss": [0.4617705352, 0.0004996132, 0.5], "max": [0.4630574535], "min": [0.4604836169], "raw_data_size": "9991"}, "user_6_3279": {"weights": 1, "gauss": [0.4621869072, 0.0005014409, 0.5], "max": [0.4634785334], "min": [0.4608952811], "raw_data_size": "9993"}, "user_2_3279": {"weights": 1, "gauss": [0.4623960183, 0.0004992534, 0.5], "max": [0.4636820098], "min": [0.4611100268], "raw_data_size": "9991"}, "user_1_3279": {"weights": 1, "gauss": [0.4621450109, 0.0005171002, 0.5], "max": [0.4634769729], "min": [0.460813049], "raw_data_size": "9995"}, "user_5_3279": {"weights": 1, "gauss": [0.4625659108, 0.0005082011, 0.5], "max": [0.4638749501], "min": [0.4612568715], "raw_data_size": "9994"}}