{"user_1_2191": {"weights": [1.0], "gauss": [0.4602210233308631, 0.0012882921911852297, 0.5], "max": [0.46353944410845127], "min": [0.456902602553275], "raw_data_size": "9995"}}