{"user_2_2866": {"weights": [0.2950253196, 0.3219023299, 0.3830723505], "gauss": [-0.4119924394, 0.0004324804, 0.1475126598, -0.3363159219, 0.0001841471, 0.1609511649, -0.3743283441, 0.000147825, 0.1915361752], "max": [-0.4108784437, -0.3358415903, -0.373947572], "min": [-0.4131064352, -0.3367902534, -0.3747091162], "raw_data_size": "57"}, "user_1_2866": {"weights": [0.2621888057, 0.3591064332, 0.3787047611], "gauss": [-0.3356951011, 0.0001398957, 0.1310944029, -0.3730392327, 0.0001347097, 0.1795532166, -0.4092328967, 0.0003655031, 0.1893523806], "max": [-0.3353347537, -0.3726922436, -0.4082914232], "min": [-0.3360554485, -0.3733862219, -0.4101743703], "raw_data_size": "30"}, "user_3_2866": {"weights": [-0.4325017374, 0.0002314319, 0.032955869, -0.4125228654, 4.09117e-05, 0.0476818632, -0.384610664, 2.50777e-05, 0.1047394992, -0.3360241539, 0.0003304154, 0.1359081941, -0.3566507102, 0.0001410414, 0.1787145744], "gauss": [-0.4325017374, 0.0002314319, 0.032955869, -0.4125228654, 4.09117e-05, 0.0476818632, -0.384610664, 2.50777e-05, 0.1047394992, -0.3360241539, 0.0003304154, 0.1359081941, -0.3566507102, 0.0001410414, 0.1787145744], "max": [-0.4319056083, -0.4124174838, -0.3845460681, -0.3351730603, -0.3562874116], "min": [-0.4330978666, -0.4126282469, -0.3846752599, -0.3368752475, -0.3570140089], "raw_data_size": "70"}}