{"user_5_2115": {"weights": [1.0], "gauss": [0.3775042168, 0.0016290866, 0.5], "max": [0.3817004657], "min": [0.3733079679], "raw_data_size": "9994"}, "user_3_2115": {"weights": [1.0], "gauss": [0.3775692311, 0.0016445833, 0.5], "max": [0.3818053969], "min": [0.3733330653], "raw_data_size": "9991"}, "user_2_2115": {"weights": [1.0], "gauss": [0.3774430364, 0.0016403361, 0.5], "max": [0.3816682623], "min": [0.3732178106], "raw_data_size": "9991"}, "user_4_2115": {"weights": [1.0], "gauss": [0.3773498137, 0.0015804836, 0.5], "max": [0.3814208696], "min": [0.3732787577], "raw_data_size": "9996"}, "user_6_2115": {"weights": [1.0], "gauss": [0.3770347073, 0.0016271125, 0.5], "max": [0.3812258712], "min": [0.3728435433], "raw_data_size": "9993"}, "user_1_2115": {"weights": [1.0], "gauss": [0.3780989441, 0.0015938244, 0.5], "max": [0.3822043635], "min": [0.3739935246], "raw_data_size": "9995"}}