{"user_3_3885": {"weights": 1, "gauss": [0.12333794146451937, 0.00220946591712625, 0.5], "max": [0.1290291485190457], "min": [0.11764673440999303], "raw_data_size": "9991"}}