{"user_6_3497": {"weights": [1.0], "gauss": [0.03234684590934441, 0.0006186437937959766, 0.5], "max": [0.03394036672186275], "min": [0.030753325096826073], "raw_data_size": "9993"}}