{"user_3_3664": {"weights": [1.0], "gauss": [0.13436914175750317, 0.000629372990783662, 0.5], "max": [0.13599029915002595], "min": [0.1327479843649804], "raw_data_size": "9991"}}