{"user_1_3831": {"weights": [0.0333333333333334, 0.06531121870064839, 0.17263412197107117, 0.2556287165475289, 0.47309260944741804], "gauss": [-0.5403371453285205, 1.0000000006661338e-06, 0.0166666666666667, -0.40658613074766553, 0.00011502378583688643, 0.032655609350324195, -0.4843371915550991, 3.7540134417423206e-05, 0.08631706098553558, -0.4620553722184339, 6.323171725205922e-05, 0.12781435827376444, -0.4335190825986998, 6.83242765878157e-05, 0.23654630472370902], "max": [-0.5403345694992152, -0.4062898491095017, -0.4842404945768075, -0.4618924981082223, -0.4333430909249211], "min": [-0.5403397211578258, -0.40688241238582934, -0.48443388853339064, -0.4622182463286455, -0.4336950742724785], "raw_data_size": "30"}}