{"user_3_2756": {"weights": [0.23663995188915626, 4.100478584088862e-05, 0.07386782916754876, 0.15871679972806677, 7.22486816797711e-05, 0.0750836478947649, 0.22040622569550672, 0.00013077013354131123, 0.10089334635019724, 0.27017609783023344, 0.00016708770955107987, 0.1048992321995607, 0.19719352832918466, 0.00018927286955801214, 0.14525594438792835], "gauss": [0.23663995188915626, 4.100478584088862e-05, 0.07386782916754876, 0.15871679972806677, 7.22486816797711e-05, 0.0750836478947649, 0.22040622569550672, 0.00013077013354131123, 0.10089334635019724, 0.27017609783023344, 0.00016708770955107987, 0.1048992321995607, 0.19719352832918466, 0.00018927286955801214, 0.14525594438792835], "max": [0.23674557321811096, 0.1589028999994803, 0.22074306723751144, 0.27060648724875797, 0.19768106293295898], "min": [0.23653433056020157, 0.15853069945665324, 0.220069384153502, 0.2697457084117089, 0.19670599372541034], "raw_data_size": "70"}}