{"user_3_1488": {"weights": [0.02852812581214733, 0.10148264170454198, 0.12173884282490108, 0.2942377571416441, 0.45401263251676555], "gauss": [0.5098834742237321, 7.6274326839736e-05, 0.014264062906073665, 0.4368184622889806, 0.000311858555982424, 0.05074132085227099, 0.40925416605481973, 0.000258798941936227, 0.06086942141245054, 0.3702553616843934, 0.0001335800695204382, 0.14711887857082204, 0.3271882963068636, 0.00019135728290220377, 0.22700631625838277], "max": [0.5100799438699144, 0.43762175669604253, 0.40992078795318654, 0.37059944114183424, 0.32768120000361056], "min": [0.5096870045775499, 0.43601516788191863, 0.40858754415645293, 0.3699112822269525, 0.3266953926101166], "raw_data_size": "70"}}