{"user_2_1351": {"weights": [1.0], "gauss": [0.3187483394225964, 0.0010655909467099229, 0.5], "max": [0.32149311980872824], "min": [0.31600355903646454], "raw_data_size": "9991"}}