{"user_1_836": {"weights": [0.296640436, 0.3313619315, 0.3719976325], "gauss": [0.0838039543, 0.0012462878, 0.148320218, 0.1593281837, 0.0005393914, 0.1656809658, 0.1100422245, 0.0001893484, 0.1859988162], "max": [0.0870141789, 0.1607175638, 0.1105299536], "min": [0.0805937297, 0.1579388035, 0.1095544955], "raw_data_size": "30"}, "user_2_836": {"weights": [0.070425705, 0.4279750408, 0.5015992543], "gauss": [0.1979685008, 0.0022386113, 0.0352128525, 0.0921533048, 0.0004460256, 0.2139875204, 0.1381980412, 0.0004847184, 0.2507996271], "max": [0.2037347813, 0.0933021905, 0.139446593], "min": [0.1922022203, 0.0910044191, 0.1369494894], "raw_data_size": "57"}, "user_3_836": {"weights": [0.2231801376, 0.000581703, 0.0236785874, 0.0457919521, 0.0001429711, 0.0430802427, 0.1689202356, 0.0001754481, 0.1004332036, 0.1323705491, 0.0001308828, 0.1494105384, 0.0973825353, 9.33856e-05, 0.1833974279], "gauss": [0.2231801376, 0.000581703, 0.0236785874, 0.0457919521, 0.0001429711, 0.0430802427, 0.1689202356, 0.0001754481, 0.1004332036, 0.1323705491, 0.0001308828, 0.1494105384, 0.0973825353, 9.33856e-05, 0.1833974279], "max": [0.2246785053, 0.0461602213, 0.1693721601, 0.1327076808, 0.0976230806], "min": [0.2216817699, 0.0454236829, 0.1684683112, 0.1320334174, 0.0971419899], "raw_data_size": "70"}}