{"user_3_3036": {"weights": [1.0], "gauss": [-0.10561214436928304, 0.0007570320566896289, 0.5], "max": [-0.103662159013936], "min": [-0.10756212972463008], "raw_data_size": "9991"}}