{"user_2_3036": {"weights": 1, "gauss": [-0.10504214759632662, 0.0007638542551412869, 0.5], "max": [-0.10307458942229317], "min": [-0.10700970577036006], "raw_data_size": "9991"}}