{"user_2_1569": {"weights": [1.0], "gauss": [-0.13758840614028203, 0.0010605056817708572, 0.5], "max": [-0.13485672452859657], "min": [-0.1403200877519675], "raw_data_size": "9991"}}