{"user_6_1569": {"weights": 1, "gauss": [-0.13816366001511612, 0.0010755623688025833, 0.5], "max": [-0.13539319494775995], "min": [-0.1409341250824723], "raw_data_size": "9993"}}