{"user_4_4040": {"weights": [1.0], "gauss": [0.0922919783, 0.0026417939, 0.5], "max": [0.0990967883], "min": [0.0854871682], "raw_data_size": "9996"}, "user_3_4040": {"weights": [1.0], "gauss": [0.0917195816, 0.0026047198, 0.5], "max": [0.0984288952], "min": [0.085010268], "raw_data_size": "9991"}, "user_1_4040": {"weights": [1.0], "gauss": [0.0919472202, 0.0026843001, 0.5], "max": [0.098861519], "min": [0.0850329213], "raw_data_size": "9995"}, "user_6_4040": {"weights": [1.0], "gauss": [0.0927863346, 0.0025964175, 0.5], "max": [0.0994742628], "min": [0.0860984063], "raw_data_size": "9993"}, "user_5_4040": {"weights": [1.0], "gauss": [0.0919761533, 0.0025706973, 0.5], "max": [0.0985978308], "min": [0.0853544758], "raw_data_size": "9994"}, "user_2_4040": {"weights": [1.0], "gauss": [0.0928362977, 0.0026182966, 0.5], "max": [0.0995805827], "min": [0.0860920126], "raw_data_size": "9991"}}