{"user_3_1088": {"weights": 1, "gauss": [-0.2135158514856326, 0.0019915364354089185, 0.5], "max": [-0.20838599357622098], "min": [-0.2186457093950442], "raw_data_size": "9991"}}