{"user_5_1088": {"weights": 1, "gauss": [-0.21344085470909308, 0.0020372099828455037, 0.5], "max": [-0.20819334953779728], "min": [-0.21868835988038887], "raw_data_size": "9994"}}