{"user_5_2578": {"weights": [1.0], "gauss": [0.1587379746736393, 0.0010966550962560352, 0.5], "max": [0.16156277100646182], "min": [0.15591317834081675], "raw_data_size": "9994"}}