{"user_4_2578": {"weights": 1, "gauss": [0.15771743303845978, 0.0011154524825671755, 0.5], "max": [0.16059064822977268], "min": [0.1548442178471469], "raw_data_size": "9996"}}