{"user_3_857": {"weights": [1.0], "gauss": [-0.07052237850020589, 0.0012770775697511902, 0.5], "max": [-0.06723284467313576], "min": [-0.07381191232727602], "raw_data_size": "9991"}}