{"user_6_883": {"weights": 1, "gauss": [0.31321944125967244, 0.001663973854730701, 0.5], "max": [0.317505553875027], "min": [0.3089333286443179], "raw_data_size": "9993"}}