{"user_4_1765": {"weights": 1, "gauss": [0.6417947513523214, 0.0005189650144217507, 0.5], "max": [0.6431315166439857], "min": [0.6404579860606572], "raw_data_size": "9996"}}