{"user_5_1357": {"weights": 1, "gauss": [0.3961959922, 0.0034519407, 0.5], "max": [0.4050876021], "min": [0.3873043822], "raw_data_size": "9994"}, "user_2_1357": {"weights": 1, "gauss": [0.3942050738, 0.0035206717, 0.5], "max": [0.403273723], "min": [0.3851364246], "raw_data_size": "9991"}, "user_4_1357": {"weights": 1, "gauss": [0.3949934488, 0.0035087683, 0.5], "max": [0.4040314369], "min": [0.3859554606], "raw_data_size": "9996"}, "user_6_1357": {"weights": 1, "gauss": [0.3951007955, 0.0035326225, 0.5], "max": [0.404200228], "min": [0.3860013629], "raw_data_size": "9993"}, "user_1_1357": {"weights": 1, "gauss": [0.3952397491, 0.0035995633, 0.5], "max": [0.4045116098], "min": [0.3859678885], "raw_data_size": "9995"}, "user_3_1357": {"weights": 1, "gauss": [0.3951863935, 0.0035777068, 0.5], "max": [0.4044019556], "min": [0.3859708313], "raw_data_size": "9991"}}