{"user_2_2605": {"weights": [1.0], "gauss": [0.3320886078, 0.0012101503, 0.5], "max": [0.3352057485], "min": [0.3289714671], "raw_data_size": "9991"}, "user_3_2605": {"weights": [1.0], "gauss": [0.3328883931, 0.0011790122, 0.5], "max": [0.3359253272], "min": [0.329851459], "raw_data_size": "9991"}, "user_6_2605": {"weights": [1.0], "gauss": [0.3334069534, 0.0011855428, 0.5], "max": [0.3364607093], "min": [0.3303531976], "raw_data_size": "9993"}, "user_1_2605": {"weights": [1.0], "gauss": [0.3329003125, 0.0012245964, 0.5], "max": [0.3360546639], "min": [0.3297459611], "raw_data_size": "9995"}, "user_5_2605": {"weights": [1.0], "gauss": [0.3333316564, 0.001199233, 0.5], "max": [0.3364206759], "min": [0.3302426368], "raw_data_size": "9994"}, "user_4_2605": {"weights": [1.0], "gauss": [0.3328789418, 0.0012134156, 0.5], "max": [0.3360044933], "min": [0.3297533903], "raw_data_size": "9996"}}