{"user_6_2483": {"weights": 1, "gauss": [0.09098264170751325, 0.0009600889524329384, 0.5], "max": [0.09345566696520358], "min": [0.08850961644982291], "raw_data_size": "9993"}}