{"user_5_2067": {"weights": 1, "gauss": [-0.2928912724101583, 0.0018967324975029387, 0.5], "max": [-0.2880056132620967], "min": [-0.2977769315582198], "raw_data_size": "9994"}}