{"user_3_2600": {"weights": [1.0], "gauss": [-0.4572672875806609, 0.0021667082611421242, 0.5], "max": [-0.4516862169493695], "min": [-0.46284835821195225], "raw_data_size": "9991"}}