{"user_2_568": {"weights": [0.1023394506, 0.4383600233, 0.459300526], "gauss": [0.2974714388, 0.0012660114, 0.0511697253, 0.3724783559, 0.0002476185, 0.2191800117, 0.33503018, 0.0002785002, 0.229650263], "max": [0.300732468, 0.3731161788, 0.335747549], "min": [0.2942104095, 0.3718405329, 0.334312811], "raw_data_size": "57"}, "user_1_568": {"weights": [0.0996832406, 0.1605683442, 0.1686104323, 0.2708200785, 0.3003179044], "gauss": [0.3872558774, 2.4558e-06, 0.0498416203, 0.3511869859, 8.4142e-06, 0.0802841721, 0.336709896, 3.55466e-05, 0.0843052161, 0.3229986772, 7.13794e-05, 0.1354100393, 0.3735696348, 1.35377e-05, 0.1501589522], "max": [0.3872622033, 0.3512086595, 0.3368014579, 0.3231825385, 0.3736045055], "min": [0.3872495516, 0.3511653123, 0.3366183342, 0.322814816, 0.3735347641], "raw_data_size": "30"}, "user_3_568": {"weights": [0.2682353831, 7.26853e-05, 0.0256272979, 0.2952770758, 4.00501e-05, 0.0373942969, 0.3778468898, 8.93372e-05, 0.1173411923, 0.3586327334, 4.29986e-05, 0.1408175842, 0.3302066866, 9.65112e-05, 0.1788196286], "gauss": [0.2682353831, 7.26853e-05, 0.0256272979, 0.2952770758, 4.00501e-05, 0.0373942969, 0.3778468898, 8.93372e-05, 0.1173411923, 0.3586327334, 4.29986e-05, 0.1408175842, 0.3302066866, 9.65112e-05, 0.1788196286], "max": [0.268422608, 0.2953802382, 0.3780770072, 0.3587434905, 0.330455283], "min": [0.2680481582, 0.2951739135, 0.3776167724, 0.3585219764, 0.3299580903], "raw_data_size": "70"}}