{"user_1_1558": {"weights": [1.0], "gauss": [0.317897899, 0.0010876473, 0.5], "max": [0.3206994928], "min": [0.3150963052], "raw_data_size": "9995"}, "user_6_1558": {"weights": [1.0], "gauss": [0.3181118394, 0.0010655251, 0.5], "max": [0.3208564502], "min": [0.3153672286], "raw_data_size": "9993"}, "user_5_1558": {"weights": [1.0], "gauss": [0.3185144342, 0.0010454203, 0.5], "max": [0.3212072585], "min": [0.31582161], "raw_data_size": "9994"}, "user_2_1558": {"weights": [1.0], "gauss": [0.3177008407, 0.0010794382, 0.5], "max": [0.3204812893], "min": [0.3149203921], "raw_data_size": "9991"}, "user_3_1558": {"weights": [1.0], "gauss": [0.3181371383, 0.0010876158, 0.5], "max": [0.320938651], "min": [0.3153356256], "raw_data_size": "9991"}, "user_4_1558": {"weights": [1.0], "gauss": [0.3176758247, 0.0010676284, 0.5], "max": [0.3204258532], "min": [0.3149257963], "raw_data_size": "9996"}}