{"user_4_2165": {"weights": 1, "gauss": [-0.12818237090578266, 0.0016054237222537227, 0.5], "max": [-0.12404707343738897], "min": [-0.13231766837417636], "raw_data_size": "9996"}}