{"user_1_1077": {"weights": [1.0], "gauss": [0.21321394489336462, 0.0015869733630910824, 0.5], "max": [0.21730171738596618], "min": [0.20912617240076306], "raw_data_size": "9995"}}