{"user_6_1077": {"weights": [1.0], "gauss": [0.2128200435713284, 0.0015987302544001661, 0.5], "max": [0.21693809980908252], "min": [0.20870198733357426], "raw_data_size": "9993"}}