{"user_2_1126": {"weights": 1, "gauss": [0.2922132371378709, 0.0007993346583252671, 0.5], "max": [0.29427218677412736], "min": [0.2901542875016144], "raw_data_size": "9991"}}