{"user_5_1126": {"weights": 1, "gauss": [0.2922832530803204, 0.0007989960484310045, 0.5], "max": [0.2943413305152887], "min": [0.29022517564535205], "raw_data_size": "9994"}}