{"user_3_1536": {"weights": [0.1975589102, 0.2073526445, 0.2122035874, 0.3828848579], "gauss": [-0.0999878425, 9.90735e-05, 0.0987794551, -0.0151693488, 8.35486e-05, 0.1036763223, -0.0327444104, 6.59067e-05, 0.1061017937, -0.0630670057, 9.88783e-05, 0.191442429], "max": [-0.099732646, -0.0149541419, -0.032574646, -0.0628123121], "min": [-0.100243039, -0.0153845557, -0.0329141747, -0.0633216994], "raw_data_size": "70"}, "user_2_1536": {"weights": [0.1282004336, 0.3708633082, 0.5009362581], "gauss": [-0.047240898, 7.75255e-05, 0.0641002168, -0.0252644244, 0.0001173385, 0.1854316541, -0.0805963037, 0.0001727893, 0.2504681291], "max": [-0.0470412055, -0.0249621804, -0.080151228], "min": [-0.0474405906, -0.0255666684, -0.0810413793], "raw_data_size": "57"}, "user_1_1536": {"weights": [0.4717071305, 0.5282928695], "gauss": [-0.0287669992, 0.0002061395, 0.2358535652, -0.083305556, 0.0002537814, 0.2641464348], "max": [-0.0282360189, -0.0826518584], "min": [-0.0292979794, -0.0839592535], "raw_data_size": "30"}}