{"user_6_2021": {"weights": [1.0], "gauss": [0.2240204565, 0.0020652173, 0.5], "max": [0.2293401037], "min": [0.2187008093], "raw_data_size": "9993"}, "user_2_2021": {"weights": [1.0], "gauss": [0.2231661847, 0.0020822048, 0.5], "max": [0.228529589], "min": [0.2178027805], "raw_data_size": "9991"}, "user_3_2021": {"weights": [1.0], "gauss": [0.2242011129, 0.0021093749, 0.5], "max": [0.2296345026], "min": [0.2187677232], "raw_data_size": "9991"}, "user_4_2021": {"weights": [1.0], "gauss": [0.2240664095, 0.0020881168, 0.5], "max": [0.2294450421], "min": [0.218687777], "raw_data_size": "9996"}, "user_1_2021": {"weights": [1.0], "gauss": [0.2238330439, 0.0021483409, 0.5], "max": [0.2293668034], "min": [0.2182992844], "raw_data_size": "9995"}, "user_5_2021": {"weights": [1.0], "gauss": [0.2241128102, 0.002100955, 0.5], "max": [0.2295245118], "min": [0.2187011086], "raw_data_size": "9994"}}