{"user_4_703": {"weights": 1, "gauss": [0.11830975680138867, 0.0032263346391934187, 0.5], "max": [0.12662024410807793], "min": [0.10999926949469939], "raw_data_size": "9996"}}