{"user_1_703": {"weights": 1, "gauss": [0.11680437799181163, 0.0031808447894305448, 0.5], "max": [0.12499769121046767], "min": [0.1086110647731556], "raw_data_size": "9995"}}