{"user_1_2581": {"weights": [-0.1589654514, 8.2367e-05, 0.0512056118, -0.0386595981, 0.0004564805, 0.0542166213, -0.0851862645, 3.15909e-05, 0.0796788194, -0.0553391563, 8.49575e-05, 0.1155686425, -0.1155843817, 6.29653e-05, 0.1993303049], "gauss": [-0.1589654514, 8.2367e-05, 0.0512056118, -0.0386595981, 0.0004564805, 0.0542166213, -0.0851862645, 3.15909e-05, 0.0796788194, -0.0553391563, 8.49575e-05, 0.1155686425, -0.1155843817, 6.29653e-05, 0.1993303049], "max": [-0.1587532881, -0.0374837824, -0.0851048918, -0.0551203202, -0.115422194], "min": [-0.1591776147, -0.0398354139, -0.0852676372, -0.0555579924, -0.1157465695], "raw_data_size": "30"}, "user_2_2581": {"weights": [0.0495263489, 0.1333090539, 0.1378115006, 0.2781991053, 0.4011539912], "gauss": [-0.1872054722, 0.0001597963, 0.0247631745, -0.0887607034, 2.64125e-05, 0.066654527, -0.1422575092, 0.0001334071, 0.0689057503, -0.1098327867, 3.13287e-05, 0.1390995526, -0.0571497263, 0.0002650733, 0.2005769956], "max": [-0.1867938643, -0.0886926692, -0.1419138751, -0.1097520894, -0.0564669428], "min": [-0.1876170802, -0.0888287375, -0.1426011432, -0.109913484, -0.0578325099], "raw_data_size": "57"}, "user_3_2581": {"weights": [0.0934715299, 0.1600680838, 0.3204010336, 0.4260593527], "gauss": [-0.1623431376, 0.0007697992, 0.046735765, -0.0348645363, 0.0001591075, 0.0800340419, -0.0745813641, 6.46641e-05, 0.1602005168, -0.1104082031, 0.0002328854, 0.2130296764], "max": [-0.1603602663, -0.0344547025, -0.0744148003, -0.10980833], "min": [-0.164326009, -0.03527437, -0.0747479278, -0.1110080762], "raw_data_size": "70"}}