{"user_1_3951": {"weights": [0.16209888013190538, 0.2572257937096639, 0.5806753261584309], "gauss": [-0.5269415309504695, 0.00014732521152568856, 0.08104944006595269, -0.4738423103230737, 0.00010149351116420135, 0.12861289685483196, -0.4973732544475645, 0.0001348025241603702, 0.29033766307921544], "max": [-0.52656204635347, -0.4735808803628969, -0.49702602615563984], "min": [-0.5273210155474689, -0.47410374028325053, -0.4977204827394891], "raw_data_size": "30"}}