{"user_1_2678": {"weights": 1, "gauss": [-1.2327873343144564, 0.0010722018784793108, 0.5], "max": [-1.2300255252965493], "min": [-1.2355491433323635], "raw_data_size": "9995"}}