{"user_1_2132": {"weights": 1, "gauss": [0.5485013732257372, 0.003416456048136534, 0.5], "max": [0.5573015808288142], "min": [0.5397011656226602], "raw_data_size": "9995"}}