{"user_3_1654": {"weights": [0.058879898712350165, 0.10488398731779411, 0.14631799481800037, 0.3208697584779801, 0.36904836067387525], "gauss": [-0.010452096207285485, 9.964193631529178e-05, 0.029439949356175082, 0.05726430324752712, 2.519029910289642e-05, 0.052441993658897054, 0.07540756853148932, 0.00011732565626637156, 0.07315899740900018, 0.016056165540058304, 2.582085293662432e-05, 0.16043487923899005, 0.03650136560960824, 4.400387034092282e-05, 0.18452418033693763], "max": [-0.010195435587862203, 0.05732918915812152, 0.07570977939495835, 0.01612267564969509, 0.036614712068301955], "min": [-0.010708756826708767, 0.05719941733693272, 0.07510535766802029, 0.01598965543042152, 0.036388019150914525], "raw_data_size": "70"}}