{"user_1_325": {"weights": [1.0], "gauss": [-0.054304623, 0.0012925749, 0.5], "max": [-0.0509751708], "min": [-0.0576340752], "raw_data_size": "30"}, "user_3_325": {"weights": [0.1148328876, 0.156137516, 0.215122103, 0.2218549914, 0.2920525019], "gauss": [-0.1238767039, 0.0001267589, 0.0574164438, -0.0938878584, 7.43881e-05, 0.078068758, -0.0097342715, 0.0009505439, 0.1075610515, -0.069626202, 7.84328e-05, 0.1109274957, -0.0226175811, 0.000232359, 0.146026251], "max": [-0.1235501946, -0.0936962473, -0.0072858326, -0.0694241725, -0.0220190639], "min": [-0.1242032133, -0.0940794696, -0.0121827104, -0.0698282315, -0.0232160983], "raw_data_size": "70"}, "user_2_325": {"weights": [0.2479787601, 0.2973973844, 0.4546238555], "gauss": [-0.0662124549, 2.56225e-05, 0.1239893801, -0.1008217945, 0.0002094967, 0.1486986922, -0.0287294868, 0.000381533, 0.2273119277], "max": [-0.0661464558, -0.1002821668, -0.0277467229], "min": [-0.0662784541, -0.1013614222, -0.0297122506], "raw_data_size": "57"}}