{"user_5_3700": {"weights": [1.0], "gauss": [-0.1369367815161555, 0.0008572263326423771, 0.5], "max": [-0.1347287128087615], "min": [-0.13914485022354947], "raw_data_size": "9994"}}