{"user_2_2621": {"weights": 1, "gauss": [0.3372540782104145, 0.0014398957938070434, 0.5], "max": [0.34096300399015944], "min": [0.3335451524306695], "raw_data_size": "9991"}}