{"user_2_3491": {"weights": 1, "gauss": [0.0338613276, 0.0013719238, 0.5], "max": [0.0373951692], "min": [0.030327486], "raw_data_size": "9991"}, "user_6_3491": {"weights": 1, "gauss": [0.0343378113, 0.0013437027, 0.5], "max": [0.0377989601], "min": [0.0308766625], "raw_data_size": "9993"}, "user_4_3491": {"weights": 1, "gauss": [0.0338868795, 0.001357501, 0.5], "max": [0.0373835704], "min": [0.0303901887], "raw_data_size": "9996"}, "user_5_3491": {"weights": 1, "gauss": [0.0339510667, 0.0013714121, 0.5], "max": [0.0374835901], "min": [0.0304185434], "raw_data_size": "9994"}, "user_3_3491": {"weights": 1, "gauss": [0.0340476215, 0.0013881877, 0.5], "max": [0.0376233561], "min": [0.0304718869], "raw_data_size": "9991"}, "user_1_3491": {"weights": 1, "gauss": [0.0336389645, 0.001373927, 0.5], "max": [0.0371779661], "min": [0.030099963], "raw_data_size": "9995"}}