{"user_3_50": {"weights": [0.2694017624, 0.7305982376], "gauss": [0.2315619403, 0.0004993857, 0.1347008812, 0.1761258369, 0.000713994, 0.3652991188], "max": [0.2328482727, 0.1779649635], "min": [0.2302756079, 0.1742867103], "raw_data_size": "70"}, "user_1_50": {"weights": [0.2009215606, 0.273421913, 0.5256565264], "gauss": [0.1400643685, 0.000190569, 0.1004607803, 0.236098307, 0.00014781, 0.1367109565, 0.183544195, 0.0001019489, 0.2628282632], "max": [0.1405552416, 0.2364790403, 0.1838067979], "min": [0.1395734954, 0.2357175738, 0.1832815921], "raw_data_size": "30"}, "user_2_50": {"weights": [0.3874916684, 0.6125083316], "gauss": [0.2216999088, 0.0005109172, 0.1937458342, 0.1657162294, 0.0005856172, 0.3062541658], "max": [0.2230159443, 0.1672246793], "min": [0.2203838732, 0.1642077795], "raw_data_size": "57"}}