{"user_2_3663": {"weights": 1, "gauss": [-0.17444900545079547, 0.0015794569751686322, 0.5], "max": [-0.1703805938904614], "min": [-0.17851741701112955], "raw_data_size": "9991"}}