{"user_2_986": {"weights": [1.0], "gauss": [0.14032196958034238, 0.002041271007950855, 0.5], "max": [0.14557993525910698], "min": [0.13506400390157777], "raw_data_size": "9991"}}