{"user_3_3696": {"weights": [1.0], "gauss": [-0.3693763987, 0.0019295794, 0.5], "max": [-0.3644061316], "min": [-0.3743466657], "raw_data_size": "9991"}, "user_4_3696": {"weights": [1.0], "gauss": [-0.3691931033, 0.0019723576, 0.5], "max": [-0.3641126469], "min": [-0.3742735598], "raw_data_size": "9996"}, "user_6_3696": {"weights": [1.0], "gauss": [-0.3690336242, 0.0019368108, 0.5], "max": [-0.3640447302], "min": [-0.3740225182], "raw_data_size": "9993"}, "user_2_3696": {"weights": [1.0], "gauss": [-0.3702939662, 0.0019610036, 0.5], "max": [-0.3652427556], "min": [-0.3753451768], "raw_data_size": "9991"}, "user_5_3696": {"weights": [1.0], "gauss": [-0.3689454654, 0.0019412994, 0.5], "max": [-0.3639450094], "min": [-0.3739459213], "raw_data_size": "9994"}, "user_1_3696": {"weights": [1.0], "gauss": [-0.3692245733, 0.0019900562, 0.5], "max": [-0.3640985281], "min": [-0.3743506185], "raw_data_size": "9995"}}