{"user_2_1797": {"weights": [1.0], "gauss": [0.15071509992369217, 0.0009160057010163387, 0.5], "max": [0.1530745742505879], "min": [0.14835562559679644], "raw_data_size": "9991"}}