{"user_3_2008": {"weights": 1, "gauss": [-0.0998301494, 0.0009701942, 0.5], "max": [-0.0973310947], "min": [-0.1023292041], "raw_data_size": "9991"}, "user_5_2008": {"weights": 1, "gauss": [-0.1002681084, 0.0009803555, 0.5], "max": [-0.09774288], "min": [-0.1027933369], "raw_data_size": "9994"}, "user_2_2008": {"weights": 1, "gauss": [-0.0997332116, 0.0009448353, 0.5], "max": [-0.0972994772], "min": [-0.102166946], "raw_data_size": "9991"}, "user_1_2008": {"weights": 1, "gauss": [-0.1003965075, 0.0009443756, 0.5], "max": [-0.0979639571], "min": [-0.1028290578], "raw_data_size": "9995"}, "user_4_2008": {"weights": 1, "gauss": [-0.0995809131, 0.0009496536, 0.5], "max": [-0.0971347676], "min": [-0.1020270586], "raw_data_size": "9996"}, "user_6_2008": {"weights": 1, "gauss": [-0.0995791174, 0.0009440064, 0.5], "max": [-0.0971475182], "min": [-0.1020107167], "raw_data_size": "9993"}}