{"user_1_398": {"weights": [0.2282042924, 0.3117639165, 0.4600317911], "gauss": [-0.4169191416, 7.18819e-05, 0.1141021462, -0.3378757799, 0.0003723842, 0.1558819582, -0.3695916632, 0.0001912582, 0.2300158956], "max": [-0.416733986, -0.3369165818, -0.3690990148], "min": [-0.4171042972, -0.338834978, -0.3700843116], "raw_data_size": "30"}, "user_2_398": {"weights": [0.153721225, 0.3185243186, 0.5277544563], "gauss": [-0.420817346, 0.0003251238, 0.0768606125, -0.3864073435, 0.0002739054, 0.1592621593, -0.3496811446, 0.0003626358, 0.2638772282], "max": [-0.4199798826, -0.3857018099, -0.3487470568], "min": [-0.4216548093, -0.3871128771, -0.3506152325], "raw_data_size": "57"}, "user_3_398": {"weights": [0.1114623582, 0.245949174, 0.2852265989, 0.3573618688], "gauss": [-0.4444086396, 0.0002186153, 0.0557311791, -0.4143567689, 0.0001259227, 0.122974587, -0.324413225, 0.000315039, 0.1426132995, -0.3747970497, 0.0002212946, 0.1786809344], "max": [-0.4438455239, -0.4140324134, -0.3236017384, -0.3742270325], "min": [-0.4449717553, -0.4146811243, -0.3252247117, -0.3753670668], "raw_data_size": "70"}}