{"user_6_4036": {"weights": 1, "gauss": [0.2165604130052898, 0.0035416269736839303, 0.5], "max": [0.22568303954634408], "min": [0.20743778646423552], "raw_data_size": "9993"}}