{"user_5_3877": {"weights": 1, "gauss": [-0.22709478553775264, 0.001125273782413615, 0.5], "max": [-0.22419627235449635], "min": [-0.22999329872100893], "raw_data_size": "9994"}}