{"user_6_2604": {"weights": 1, "gauss": [0.3437579952651828, 0.0018864321582356114, 0.5], "max": [0.3486171224975231], "min": [0.3388988680328425], "raw_data_size": "9993"}}