{"user_2_3172": {"weights": [1.0], "gauss": [-0.3689572527172738, 0.0007128562048022137, 0.5], "max": [-0.3671210568157276], "min": [-0.37079344861882], "raw_data_size": "9991"}}