{"user_1_2200": {"weights": [0.03332091878903287, 0.03333333333333327, 0.16710404465107542, 0.3220839606292331, 0.4441577425973252], "gauss": [0.6625795960426315, 1.0000000010547118e-06, 0.016660459394516436, 0.628028869628905, 1.0000000009436895e-06, 0.016666666666666635, 0.6895980756926005, 4.809938611774378e-05, 0.08355202232553771, 0.7333909340323319, 0.00017555701069257756, 0.16104198031461656, 0.7205004387642095, 3.804430682904824e-05, 0.2220788712986626], "max": [0.6625821718719378, 0.628031445458211, 0.6897219715008452, 0.7338431389249173, 0.720598434404573], "min": [0.6625770202133252, 0.6280262937995991, 0.6894741798843557, 0.7329387291397466, 0.720402443123846], "raw_data_size": "30"}}