{"user_1_1584": {"weights": [0.2021630849, 0.7978369151], "gauss": [-0.0913901979, 0.0011842608, 0.1010815425, 0.0029416189, 0.0007454913, 0.3989184575], "max": [-0.0883397443, 0.0048618772], "min": [-0.0944406516, 0.0010213607], "raw_data_size": "30"}, "user_3_1584": {"weights": [0.1807798142, 0.2149650158, 0.2706007812, 0.3336543888], "gauss": [-0.1153396963, 0.0011317568, 0.0903899071, -0.0415249581, 0.0001197116, 0.1074825079, -0.0093286796, 0.000220077, 0.1353003906, 0.0227763837, 0.0002581951, 0.1668271944], "max": [-0.1124244841, -0.0412166013, -0.0087617989, 0.0234414502], "min": [-0.1182549085, -0.0418333148, -0.0098955604, 0.0221113171], "raw_data_size": "70"}, "user_2_1584": {"weights": [-0.1598735571, 0.0002238093, 0.0175542849, -0.0944347375, 0.000158358, 0.0542705746, -0.0482080557, 9.39844e-05, 0.0768147094, 0.0234646947, 0.0004751797, 0.1375374796, -0.0130619658, 0.0001030755, 0.2138229514], "gauss": [-0.1598735571, 0.0002238093, 0.0175542849, -0.0944347375, 0.000158358, 0.0542705746, -0.0482080557, 9.39844e-05, 0.0768147094, 0.0234646947, 0.0004751797, 0.1375374796, -0.0130619658, 0.0001030755, 0.2138229514], "max": [-0.1592970626, -0.0940268343, -0.047965968, 0.0246886764, -0.0127964608], "min": [-0.1604500515, -0.0948426407, -0.0484501434, 0.022240713, -0.0133274708], "raw_data_size": "57"}}