{"user_3_2186": {"weights": [0.12595392137519065, 0.1853730661733605, 0.34046648804405333, 0.3482065244073955], "gauss": [0.09001045717635235, 0.00015052905542051087, 0.06297696068759533, 0.1792971055490366, 0.00014199825268620164, 0.09268653308668025, 0.118799629556627, 8.089768193793732e-05, 0.17023324402202666, 0.15309917093841172, 0.0001185698357980745, 0.17410326220369776], "max": [0.09039819432834004, 0.17966286880935847, 0.11900800817635192, 0.1534045865959774], "min": [0.08962272002436467, 0.17893134228871474, 0.11859125093690208, 0.15279375528084604], "raw_data_size": "70"}}