{"user_2_1459": {"weights": 1, "gauss": [0.3960710814, 0.0110228196, 0.5], "max": [0.4244639832], "min": [0.3676781797], "raw_data_size": "9991"}, "user_1_1459": {"weights": 1, "gauss": [0.3952892167, 0.0114156397, 0.5], "max": [0.4246939561], "min": [0.3658844774], "raw_data_size": "9995"}, "user_5_1459": {"weights": 1, "gauss": [0.393856144, 0.0110605017, 0.5], "max": [0.4223461084], "min": [0.3653661796], "raw_data_size": "9994"}, "user_4_1459": {"weights": 1, "gauss": [0.3944133051, 0.0110678267, 0.5], "max": [0.4229221374], "min": [0.3659044728], "raw_data_size": "9996"}, "user_3_1459": {"weights": 1, "gauss": [0.3942056423, 0.0111945402, 0.5], "max": [0.4230408671], "min": [0.3653704175], "raw_data_size": "9991"}, "user_6_1459": {"weights": 1, "gauss": [0.393626714, 0.011140101, 0.5], "max": [0.4223217125], "min": [0.3649317154], "raw_data_size": "9993"}}