{"user_5_664": {"weights": 1, "gauss": [0.31369061530370473, 0.0012281551617865222, 0.5], "max": [0.3168541333587393], "min": [0.31052709724867017], "raw_data_size": "9994"}}