{"user_1_333": {"weights": [1.0], "gauss": [-0.2439925946014783, 0.0008317989709537972, 0.5], "max": [-0.24185002243743367], "min": [-0.2461351667655229], "raw_data_size": "9995"}}