{"user_1_127": {"weights": [1.0], "gauss": [0.5629082379, 0.0016030901, 0.5], "max": [0.5670375243], "min": [0.5587789514], "raw_data_size": "9995"}, "user_3_127": {"weights": [1.0], "gauss": [0.5624060813, 0.0015687756, 0.5], "max": [0.5664469793], "min": [0.5583651833], "raw_data_size": "9991"}, "user_5_127": {"weights": [1.0], "gauss": [0.562442763, 0.0015529116, 0.5], "max": [0.5664427982], "min": [0.5584427278], "raw_data_size": "9994"}, "user_4_127": {"weights": [1.0], "gauss": [0.5623859404, 0.0015367002, 0.5], "max": [0.5663442179], "min": [0.558427663], "raw_data_size": "9996"}, "user_2_127": {"weights": [1.0], "gauss": [0.5626279956, 0.0015409946, 0.5], "max": [0.5665973347], "min": [0.5586586566], "raw_data_size": "9991"}, "user_6_127": {"weights": [1.0], "gauss": [0.5620814545, 0.0015579419, 0.5], "max": [0.5660944469], "min": [0.5580684621], "raw_data_size": "9993"}}