{"user_1_784": {"weights": [1.0], "gauss": [-0.07084369217821704, 0.001141335377181889, 0.5], "max": [-0.06790380706849489], "min": [-0.07378357728793919], "raw_data_size": "30"}}