{"user_3_1600": {"weights": [0.10247030411725322, 0.14050616815914632, 0.20384032717026265, 0.251204652605791, 0.3019785479475465], "gauss": [0.05252834247245954, 0.000952276293767271, 0.05123515205862661, -0.1268780234632204, 9.865110627701565e-05, 0.07025308407957316, -0.05236440678000737, 0.00017939543007999205, 0.10192016358513133, -0.015259228081882879, 0.00032502385411097305, 0.1256023263028955, -0.08520150210720548, 8.121848963112813e-05, 0.15098927397377326], "max": [0.05498124365502022, -0.12662391505284457, -0.05190231477428457, -0.014422022114111432, -0.08499229714162364], "min": [0.05007544128989887, -0.12713213187359626, -0.052826498785730175, -0.016096434049654326, -0.08541070707278732], "raw_data_size": "70"}}