{"user_6_2697": {"weights": 1, "gauss": [0.16263810147998578, 0.0008107169078675852, 0.5], "max": [0.16472636984815367], "min": [0.1605498331118179], "raw_data_size": "9993"}}