{"user_5_2697": {"weights": 1, "gauss": [0.1620056644847494, 0.0008274013314824327, 0.5], "max": [0.16413690908017722], "min": [0.15987441988932158], "raw_data_size": "9994"}}