{"user_3_3825": {"weights": [0.15895653677599422, 0.17430581824322972, 0.1994639173647497, 0.21848428379043333, 0.24878944382559298], "gauss": [0.3443306952788033, 0.00031575427098502653, 0.07947826838799711, 0.3175085174480108, 4.227931457739708e-05, 0.08715290912161486, 0.26043978647947097, 0.0001132483689030701, 0.09973195868237485, 0.28974665605004146, 5.2747625447753906e-05, 0.10924214189521667, 0.20615130946868507, 0.0014762121989733551, 0.12439472191279649], "max": [0.34514402438272723, 0.3176174217454332, 0.26073149494667064, 0.2898825249293624, 0.209953780109057], "min": [0.3435173661748793, 0.31739961315058834, 0.2601480780122713, 0.28961078717072053, 0.20234883882831314], "raw_data_size": "70"}}