{"user_6_541": {"weights": [1.0], "gauss": [-0.21897397431130644, 0.0017447302789995167, 0.5], "max": [-0.21447984693187044], "min": [-0.22346810169074244], "raw_data_size": "9993"}}