{"user_5_541": {"weights": [1.0], "gauss": [-0.21886105359215097, 0.0017257648608114118, 0.5], "max": [-0.21441577789263794], "min": [-0.223306329291664], "raw_data_size": "9994"}}