{"user_1_145": {"weights": [0.0996006867, 0.1217998704, 0.1485412528, 0.6300581901], "gauss": [0.052619473, 0.0001632497, 0.0498003433, 0.1560026429, 1.58066e-05, 0.0608999352, 0.1209094318, 0.0002434375, 0.0742706264, 0.2064360454, 0.0010699798, 0.3150290951], "max": [0.0530399764, 0.156043358, 0.1215364851, 0.2091921307], "min": [0.0521989696, 0.1559619277, 0.1202823784, 0.2036799602], "raw_data_size": "30"}, "user_3_145": {"weights": [0.3074325214, 4.11206e-05, 0.035711542, 0.1284047529, 1.14135e-05, 0.0371476316, 0.2196562155, 0.0003087688, 0.1196353371, 0.0856576436, 0.0004660468, 0.1414913945, 0.1792831013, 0.0001326274, 0.1660140948], "gauss": [0.3074325214, 4.11206e-05, 0.035711542, 0.1284047529, 1.14135e-05, 0.0371476316, 0.2196562155, 0.0003087688, 0.1196353371, 0.0856576436, 0.0004660468, 0.1414913945, 0.1792831013, 0.0001326274, 0.1660140948], "max": [0.3075384409, 0.1284341522, 0.2204515512, 0.0868581006, 0.1796247268], "min": [0.3073266018, 0.1283753536, 0.2188608798, 0.0844571865, 0.1789414759], "raw_data_size": "70"}, "user_2_145": {"weights": [0.0579855054, 0.0007698213, 0.0512615756, 0.2140833292, 2.59094e-05, 0.079992107, 0.1187889721, 0.0003342777, 0.0864868856, 0.2554477365, 0.0003946594, 0.0937729626, 0.1708923581, 0.0002449223, 0.1884864692], "gauss": [0.0579855054, 0.0007698213, 0.0512615756, 0.2140833292, 2.59094e-05, 0.079992107, 0.1187889721, 0.0003342777, 0.0864868856, 0.2554477365, 0.0003946594, 0.0937729626, 0.1708923581, 0.0002449223, 0.1884864692], "max": [0.0599684338, 0.2141500673, 0.1196500145, 0.2564643118, 0.1715232361], "min": [0.0560025771, 0.2140165911, 0.1179279297, 0.2544311612, 0.1702614801], "raw_data_size": "57"}}