{"user_4_288": {"gauss": [-1.386629581451413, 1.0000000039968028e-06, 0.006849315068493166, -1.5147608518600464, 0.0021240722381946344, 0.4931506849315068], "weights": [0.013698630136986332, 0.9863013698630136], "max": -1.386629581451416, "min": -1.6393206119537351, "raw_data_size": "<function raw_data_size at 0x7fcb11d6b910>"}}