{"user_4_193": {"gauss": [0.3914393186569205, 1.0000000003608224e-06, 0.006849315068493164, 0.135718841445215, 0.00011131161658101376, 0.06686812270753027, 0.18162450817992354, 0.00047317966908880834, 0.07195448224713452, 0.04863261214694087, 0.0006784405177160763, 0.09837822578185502, 0.08348773061152101, 0.00011596225764622784, 0.09933701122229052, 0.1092389047979999, 8.742267731191408e-05, 0.15661284297269648], "weights": [0.013698630136986328, 0.13373624541506055, 0.14390896449426904, 0.19675645156371005, 0.19867402244458104, 0.31322568594539296], "max": [0.39144189448622496, 0.1360055611690298, 0.18284333823740606, 0.05038015911318883, 0.08378642959287186, 0.10946409069201463], "min": [0.39143674282761604, 0.13543212172140023, 0.18040567812244102, 0.04688506518069291, 0.08318903163017016, 0.10901371890398517], "raw_data_size": "5001"}}