{"user_4_626": {"gauss": [-0.379344016313552, 1.0000000003053113e-06, 0.006849315068493037, -0.2879206240177148, 1.0000000001804112e-06, 0.006849315068493164, -0.34059941845105124, 2.4452403405233025e-05, 0.013691727979519314, -0.2175084889280793, 6.836178301094964e-05, 0.03604135822127159, -0.23615350546935912, 7.708829443237419e-06, 0.04327181399030594, -0.3016212969176743, 7.141610433425327e-05, 0.05333598511235942, -0.24845983733045612, 2.139107878828994e-05, 0.0660475527030535, -0.26129128975854604, 6.416351926995633e-06, 0.08511701571071918, -0.2807838254893794, 0.00010006141822063619, 0.18879591614578486], "weights": [0.013698630136986073, 0.013698630136986328, 0.027383455959038627, 0.07208271644254317, 0.08654362798061188, 0.10667197022471885, 0.132095105406107, 0.17023403142143836, 0.37759183229156973], "max": [-0.37934144048424767, -0.28791804818841077, -0.3405364332338178, -0.21733240064415685, -0.23613364884058316, -0.30143734122338484, -0.24840473756287873, -0.2612747623312306, -0.28052608435617205], "min": [-0.3793465921428564, -0.2879231998470188, -0.34066240366828465, -0.21768457721200177, -0.23617336209813508, -0.3018052526119638, -0.24851493709803352, -0.2613078171858615, -0.2810415666225868], "raw_data_size": "5001"}}