{"user_4_601": {"gauss": [0.05216125026345241, 1.0000000000060715e-06, 0.006849315068493164, -0.09537647097707096, 8.484001886822811e-05, 0.013720631848505173, -0.05299670494767458, 5.7789079010302e-05, 0.02812536330030895, -0.03280462744247568, 4.579073306693686e-05, 0.07308955149412014, 0.0005808616223344573, 7.479376825549797e-05, 0.07367229350417365, 0.017507027433999817, 6.673824878059885e-05, 0.1328872158950515, 0.04802370700915184, 0.00016133984391295927, 0.17165562888934743], "weights": [0.013698630136986328, 0.027441263697010346, 0.0562507266006179, 0.14617910298824027, 0.1473445870083473, 0.265774431790103, 0.34331125777869487], "max": [0.05216382609275598, -0.09515793757035654, -0.05284785014453475, -0.032686678330410876, 0.0007735176023298145, 0.01767893377087642, 0.048439290906932844], "min": [0.052158674434148844, -0.09559500438378538, -0.05314555975081442, -0.03292257655454048, 0.0003882056423391001, 0.017335121097123214, 0.04760812311137083], "raw_data_size": "5001"}}