{"user_4_430": {"gauss": [0.37196436524391085, 1.0000000003330669e-06, 0.006849315068493166, 0.23262100832329857, 0.0007083751605306753, 0.4931506849315068], "weights": [0.013698630136986332, 0.9863013698630136], "max": [0.37196694107321526, 0.23444566181969964], "min": [0.37196178941460645, 0.2307963548268975], "raw_data_size": "5001"}}