{"user_4_491": {"gauss": [0.08902104198932627, 1.0000000000173472e-06, 0.0068493150684931685, 0.17010815208365837, 0.0002562506230672422, 0.1254037682690599, 0.1350709891734707, 9.632943592679282e-05, 0.13373534605231663, 0.10932308905931126, 0.00010488293793323067, 0.23401157061013036], "weights": [0.013698630136986337, 0.2508075365381198, 0.26747069210463326, 0.46802314122026073], "max": [0.08902361781862986, 0.17076820994760764, 0.13531911735732527, 0.10959324960428198], "min": [0.08901846616002268, 0.1694480942197091, 0.13482286098961616, 0.10905292851434055], "raw_data_size": "5001"}}