{"user_4_79": {"gauss": [0.136565342545509, 1.0000000000416333e-06, 0.006849315068493166, -0.013926522205670203, 0.00010658712298171197, 0.11245411049843809, 0.03332306494827494, 0.00044491252674732967, 0.38069657443306876], "weights": [0.013698630136986332, 0.22490822099687618, 0.7613931488661375], "max": [0.13656791837481266, -0.01365197197091294, 0.03446908367218669], "min": [0.13656276671620535, -0.014201072440427467, 0.03217704622436318], "raw_data_size": "5001"}}