{"user_4_321": {"gauss": [-0.036669638007879174, 1.0000000000030357e-06, 0.006849315068493166, -0.037753368753732905, 0.0009594611554434453, 0.4931506849315068], "weights": [0.013698630136986332, 0.9863013698630136], "max": [-0.03666706217857562, -0.03528196059392479], "min": [-0.03667221383718273, -0.04022477691354102], "raw_data_size": "5001"}}