{"user_4_443": {"gauss": [0.23306058347225136, 1.0000000001249e-06, 0.006849315068493163, 0.3000127594303472, 0.00025464593426073503, 0.024706139422345542, 0.2738258409686681, 0.00011361299718756667, 0.05244774352864599, 0.24199226457295384, 0.00010949663437371287, 0.18384344788133977, 0.21022543324078835, 0.0002784927871280614, 0.23215335409917554], "weights": [0.013698630136986327, 0.049412278844691085, 0.10489548705729199, 0.36768689576267954, 0.46430670819835107], "max": 0.32212570309638977, "min": 0.1712801307439804, "raw_data_size": "<function raw_data_size at 0x7fcb11d6b910>"}}