{"user_4_516": {"gauss": [-0.13721586763858765, 1.0000000000416333e-06, 0.006849315060416289, -0.1663254052400585, 1.00000000006245e-06, 0.006849315068493164, -0.04037497703944441, 5.0688230234763315e-05, 0.03996217838674709, -0.056279761955057836, 2.4182885017656447e-05, 0.13860562915415167, -0.06643173151552671, 1.4645634138225068e-05, 0.14893499359124368, -0.08793493447651543, 5.678585016175093e-05, 0.1587985687389481], "weights": [0.013698630120832578, 0.013698630136986328, 0.07992435677349417, 0.27721125830830334, 0.29786998718248736, 0.3175971374778962], "max": [-0.137213291809284, -0.1663228294107548, -0.04024441281066068, -0.056217470971185006, -0.06639400686194441, -0.08778866381964186], "min": [-0.1372184434678913, -0.16632798106936222, -0.04050554126822815, -0.056342052938930666, -0.06646945616910901, -0.088081205133389], "raw_data_size": "5001"}}