{"user_4_127": {"gauss": [0.5689980387687671, 1.000000000777156e-06, 0.006849315068493166, 0.5579859270817704, 0.0011618462322288959, 0.4931506849315068], "weights": [0.013698630136986332, 0.9863013698630136], "max": [0.5690006145980726, 0.5609786446529634], "min": [0.5689954629394616, 0.5549932095105774], "raw_data_size": "5001"}}