{"user_4_239": {"gauss": [-0.3105578124523156, 1.0000000002081668e-06, 0.006849315068493163, -0.19548471789303787, 5.859192601708306e-06, 0.02048048686623249, -0.16945020168222028, 6.173172815660929e-05, 0.02745814662233934, -0.2304968090714899, 7.161044118095161e-05, 0.03152029129773756, -0.2574277622906578, 7.556670577646318e-05, 0.05062315024570428, -0.3450063991735435, 0.00012339294875356077, 0.11017951995209223, -0.3251643079645076, 7.620114419902468e-05, 0.11713121761347686, -0.30270353652652693, 6.330204639937064e-05, 0.13575787233392408], "weights": [0.013698630136986327, 0.04096097373246498, 0.05491629324467868, 0.06304058259547513, 0.10124630049140856, 0.22035903990418446, 0.23426243522695372, 0.27151574466784817], "max": -0.15789082646369934, "min": -0.3695605099201202, "raw_data_size": "<function raw_data_size at 0x7fcb11d6b910>"}}