{"user_4_460": {"gauss": [0.08876058459281902, 1.0000000000173472e-06, 0.006849315068493166, 0.21608491076518732, 0.0002501045612070808, 0.11686344018746964, 0.1703251333295795, 0.00018842664487215663, 0.15242619709586422, 0.14350379182742434, 0.0005702308043657966, 0.22386104764817294], "weights": [0.013698630136986332, 0.23372688037493927, 0.30485239419172844, 0.4477220952963459], "max": [0.08876316042212261, 0.21672913742289576, 0.1708104882030106, 0.14497260904309603], "min": [0.08875800876351543, 0.21544068410747888, 0.1698397784561484, 0.14203497461175266], "raw_data_size": "5001"}}