{"user_4_551": {"gauss": [-0.6238175543967929, 0.0003503054048979705, 0.027234450394724004, -0.5589004881792172, 0.0002912344685137837, 0.047802012266311644, -0.5038970993769518, 3.455860035064717e-05, 0.05481242658641092, -0.5315501436885992, 3.5428514592510503e-05, 0.061852733423590274, -0.4753450133822384, 0.00011143073861835561, 0.15284342738034468, -0.44437796451076944, 0.00013736945369205344, 0.15545494994861853], "weights": [0.05446890078944801, 0.09560402453262329, 0.10962485317282183, 0.12370546684718055, 0.30568685476068935, 0.31090989989723705], "max": [-0.6229152274696651, -0.5581503179010159, -0.503808082321479, -0.5314588858825307, -0.47505798682038913, -0.4440241242465369], "min": [-0.6247198813239206, -0.5596506584574186, -0.5039861164324246, -0.5316414014946678, -0.47563203994408765, -0.44473180477500196], "raw_data_size": "5001"}}