{"user_4_215": {"gauss": [0.32539960741996693, 1.0000000002359223e-06, 0.006849315068493163, 0.22138085054449247, 3.202690107720728e-06, 0.020546650979050972, 0.23265526764412886, 4.317302494899865e-06, 0.04109716217724995, 0.2884664635017373, 1.3184696575642807e-05, 0.06247365406289456, 0.26591735166646957, 1.5220578104434667e-05, 0.09250414758981886, 0.27486412741380806, 1.0025086444763853e-05, 0.11330438668401706, 0.2529063844921193, 1.085545751923389e-05, 0.16322468343847535], "weights": [0.013698630136986327, 0.041093301958101944, 0.0821943243544999, 0.12494730812578912, 0.1850082951796377, 0.22660877336803412, 0.3264493668769507], "max": [0.32540218324927106, 0.2213891001275221, 0.23266638827840752, 0.28850042502953527, 0.26595655727756795, 0.2748899503252431, 0.25293434629770073], "min": [0.3253970315906628, 0.22137260096146283, 0.2326441470098502, 0.2884325019739394, 0.2658781460553712, 0.274838304502373, 0.2528784226865378], "raw_data_size": "5001"}}