{"user_4_149": {"gauss": [-0.5958502292633043, 1.000000000721645e-06, 0.006849315068493166, -0.5878224778506491, 0.001121390812098082, 0.4931506849315068], "weights": [0.013698630136986332, 0.9863013698630136], "max": -0.5277876257896423, "min": -0.674967885017395, "raw_data_size": "<function raw_data_size at 0x7fcb11d6b910>"}}