{"user_4_385": {"gauss": [0.4671288132667531, 1.0000000004718447e-06, 0.006849315068493164, 0.21011803093287168, 0.0008724788046039826, 0.09744928196553508, 0.09383680342109811, 0.00020972404848128883, 0.12186665484414311, 0.17382582957111536, 0.00039585484815477564, 0.2738347481218287], "weights": [0.013698630136986328, 0.19489856393107016, 0.24373330968828621, 0.5476694962436573], "max": [0.46713138909605784, 0.21236538740449593, 0.09437701677083513, 0.17484548408894435], "min": [0.46712623743744836, 0.20787067446124743, 0.0932965900713611, 0.17280617505328638], "raw_data_size": "5001"}}