{"user_4_542": {"gauss": [-0.06272663176059709, 1.0000000000086736e-06, 0.006849315068493166, -0.3592061714993583, 0.0011053050125298103, 0.4931506849315068], "weights": [0.013698630136986332, 0.9863013698630136], "max": [-0.06272405593129352, -0.35635909445872455], "min": [-0.06272920758990067, -0.36205324853999205], "raw_data_size": "5001"}}