{"user_4_514": {"gauss": [-0.15836656093597376, 1.0000000000589806e-06, 0.00684931299581326, -0.43521651625633145, 1.0000000004163336e-06, 0.006849315068493166, -0.30646674495761544, 4.803279663677772e-06, 0.027386430956551303, -0.1965785958221974, 4.6853719363407594e-05, 0.059983295753795254, -0.22609488528103652, 9.743557864912055e-05, 0.0661640766609396, -0.2836486271033386, 2.3613875968108266e-05, 0.08491128106320227, -0.23688685025627967, 3.227317722364381e-05, 0.11687024566693477, -0.26119875824881106, 5.6285268063129386e-05, 0.13098604183427043], "weights": [0.01369862599162652, 0.013698630136986332, 0.054772861913102606, 0.11996659150759051, 0.1323281533218792, 0.16982256212640454, 0.23374049133386954, 0.26197208366854086], "max": [-0.15836398510667005, -0.4352139404270268, -0.3064543725291046, -0.19645790863888088, -0.22584390786234387, -0.2835878017896496, -0.23680372006066838, -0.26105377700597593], "min": [-0.15836913676527747, -0.4352190920856361, -0.30647911738612627, -0.1966992830055139, -0.22634586269972917, -0.2837094524170276, -0.23696998045189097, -0.2613437394916462], "raw_data_size": "5001"}}