{"user_4_476": {"gauss": [0.25541296601295416, 1.0000000001387778e-06, 0.006849315068493166, 0.2536407444212172, 0.0014687356422058695, 0.4931506849315068], "weights": [0.013698630136986332, 0.9863013698630136], "max": [0.25541554184225806, 0.2574239567275778], "min": [0.25541039018365025, 0.24985753211485662], "raw_data_size": "5001"}}