{"user_4_636": {"gauss": [0.33164849877357405, 1.0000000002498001e-06, 0.006849315068493164, 0.26237160028208645, 4.136928979912757e-05, 0.027660875792854055, 0.2898191660354105, 3.046533773288962e-05, 0.09738039605893824, 0.31145260503921274, 4.958626408335564e-05, 0.16581771484962826, 0.3286399883140245, 9.922871793145615e-05, 0.2022916982300863], "weights": [0.013698630136986328, 0.05532175158570811, 0.19476079211787647, 0.3316354296992565, 0.4045833964601726], "max": [0.33165107460287824, 0.262478160511018, 0.2898976395450854, 0.31158033079129216, 0.32889558455342593], "min": [0.33164592294426987, 0.2622650400531549, 0.28974069252573564, 0.3113248792871333, 0.3283843920746231], "raw_data_size": "5001"}}