{"user_4_252": {"gauss": [0.20757015049457506, 1.0000000000902056e-06, 0.006849315068493166, 0.2082488883493675, 0.002060446339862381, 0.4931506849315068], "weights": [0.013698630136986332, 0.9863013698630136], "max": [0.20757272632387883, 0.2135562464099751], "min": [0.2075675746652713, 0.2029415302887599], "raw_data_size": "5001"}}