{"user_4_71": {"gauss": [0.4093049764633169, 1.0000000003608224e-06, 0.006849315068493168, 0.27929058582239724, 1.0040303421359309e-05, 0.026918753641641244, 0.37349307170368795, 0.0003401809817838987, 0.2237783442624609, 0.3254862412086268, 0.00019853802814330423, 0.24245358702740472], "weights": [0.013698630136986335, 0.05383750728328249, 0.4475566885249218, 0.48490717405480943], "max": [0.4093075522926214, 0.2793164479301665, 0.37436931984507693, 0.32599764127938713], "min": [0.40930240063401246, 0.27926472371462796, 0.37261682356229897, 0.32497484113786645], "raw_data_size": "5001"}}