{"user_4_534": {"gauss": [0.29360154271125727, 1.000000000194289e-06, 0.006849315068493166, 0.1483162978871001, 0.0018915371637052171, 0.4931506849315068], "weights": [0.013698630136986332, 0.9863013698630136], "max": [0.29360411854056134, 0.15318857474212377], "min": [0.2935989668819532, 0.14344402103207643], "raw_data_size": "5001"}}