{"user_4_526": {"gauss": [0.2627923488616937, 1.0000000001665334e-06, 0.006849315068493163, 0.08070866819732388, 0.00032705850625132447, 0.057811421829859926, 0.12432480645991816, 0.00022384943311301486, 0.10728665050583878, 0.16165097773439532, 0.00011499942623597364, 0.14851883435218705, 0.2219144464196295, 0.0006066461859822449, 0.17953377824362093], "weights": [0.013698630136986327, 0.11562284365971985, 0.21457330101167757, 0.2970376687043741, 0.35906755648724187], "max": 0.2693299949169159, "min": 0.06068960577249527, "raw_data_size": "<function raw_data_size at 0x7fcb11d6b910>"}}