{"user_4_239": {"gauss": [-0.3105578124523156, 1.0000000002081668e-06, 0.006849315068493166, -0.19547056754026337, 5.837017666917131e-06, 0.020303830907641866, -0.1694481359825711, 6.172287802996734e-05, 0.027452223653955617, -0.24690626717865477, 0.00026257603034287355, 0.08127465077707757, -0.34557625175089, 0.00012558124320498254, 0.0930518924845556, -0.3146928394542276, 0.0002492762978218839, 0.2710680871082762], "weights": [0.013698630136986332, 0.04060766181528373, 0.05490444730791123, 0.16254930155415515, 0.1861037849691112, 0.5421361742165524], "max": [-0.31055523662301154, -0.1954555323791116, -0.16928914838464215, -0.24622991614528805, -0.3452527759046665, -0.31405074626161783], "min": [-0.3105603882816197, -0.19548560270141516, -0.16960712358050006, -0.2475826182120215, -0.3458997275971135, -0.3153349326468374], "raw_data_size": "5001"}}