{"user_4_271": {"gauss": [0.46695703268051036, 1.0000000004996003e-06, 0.006849315068493166, 0.36607506923719013, 0.0007454629343172082, 0.06943368115899688, 0.42695902783070794, 0.0002746828703727712, 0.4237170037725099], "weights": [0.013698630136986332, 0.13886736231799376, 0.8474340075450199], "max": [0.4669596085098152, 0.36799525450811393, 0.42766656401739706], "min": [0.4669544568512055, 0.36415488396626633, 0.4262514916440188], "raw_data_size": "5001"}}