{"user_4_405": {"gauss": [-0.20454648354936567, 0.0017479306717734847, 0.027232365612469445, -0.05494506868087132, 0.0007585344517923052, 0.4727676343875305], "weights": [0.05446473122493889, 0.945535268775061], "max": -0.00363957230001688, "min": -0.2720974385738373, "raw_data_size": "<function raw_data_size at 0x7fcb11d6b910>"}}