{"user_4_554": {"gauss": [0.1453033387660977, 1.0000000000485722e-06, 0.006849315068493166, 0.06682077277218923, 0.002330928236545996, 0.4931506849315068], "weights": [0.013698630136986332, 0.9863013698630136], "max": [0.14530591459540138, 0.07282484602835397], "min": [0.145300762936794, 0.06081669951602449], "raw_data_size": "5001"}}