{"user_4_262": {"gauss": [0.16280925273895228, 1.0000000000589806e-06, 0.006849315068493166, 0.11388187534693214, 0.00033738467879041833, 0.4931506849315068], "weights": [0.013698630136986332, 0.9863013698630136], "max": [0.162811828568256, 0.11475092068912894], "min": [0.16280667690964856, 0.11301283000473535], "raw_data_size": "5001"}}