{"user_4_74": {"gauss": [-0.5152438282966603, 1.0000000005551115e-06, 0.006849315068493166, -0.43840258320172626, 0.00042708422253226366, 0.4931506849315068], "weights": [0.013698630136986332, 0.9863013698630136], "max": [-0.5152412524673553, -0.43730248714624426], "min": [-0.5152464041259652, -0.43950267925720826], "raw_data_size": "5001"}}