{"user_4_107": {"gauss": [0.34858098626136697, 1.0000000002498001e-06, 0.006849315068493166, 0.21996674217027087, 0.0002808323401828895, 0.07924541650262056, 0.3058105201458641, 0.0013750642578561473, 0.4139052684288863], "weights": [0.013698630136986332, 0.1584908330052411, 0.8278105368577726], "max": [0.34858356209067115, 0.22069011834149818, 0.30935245095551267], "min": [0.3485784104320628, 0.21924336599904357, 0.3022685893362155], "raw_data_size": "5001"}}