{"user_4_246": {"gauss": [0.21149735152721358, 1.0000000000902056e-06, 0.006849315068493166, 0.19810386467725039, 0.001299661081495657, 0.4931506849315068], "weights": [0.013698630136986332, 0.9863013698630136], "max": [0.21149992735651735, 0.20145156977564896], "min": [0.2114947756979098, 0.1947561595788518], "raw_data_size": "5001"}}