{"user_4_374": {"gauss": [-0.030347619205713206, 1.0000000000019515e-06, 0.006849315068493166, -0.06983175602120657, 0.0009774006469390297, 0.4931506849315068], "weights": [0.013698630136986332, 0.9863013698630136], "max": [-0.030345043376409652, -0.06731413879351336], "min": [-0.03035019503501676, -0.07234937324889978], "raw_data_size": "5001"}}