{"user_4_346": {"gauss": [0.3992495834827414, 1.0000000003608224e-06, 0.006849315068493166, 0.1613180408668187, 0.0016158341055615966, 0.4931506849315068], "weights": [0.013698630136986332, 0.9863013698630136], "max": [0.3992521593120459, 0.165480153705598], "min": [0.39924700765343696, 0.1571559280280394], "raw_data_size": "5001"}}