{"user_4_537": {"gauss": [-0.15882243216037714, 1.0000000000589806e-06, 0.006849315068493168, -0.2281172159102127, 0.0004385341268919933, 0.0959579602743173, -0.10938073157080079, 0.003518597505331739, 0.3971927246571896], "weights": [0.013698630136986335, 0.1919159205486346, 0.7943854493143792], "max": [-0.15881985633107343, -0.22698762685555807, -0.10031742500917323], "min": [-0.15882500798968086, -0.22924680496486732, -0.11844403813242835], "raw_data_size": "5001"}}