{"user_4_270": {"gauss": [0.5836214423179612, 1.000000000777156e-06, 0.006849315068493163, 0.4403933383008191, 0.00015979990201325689, 0.07801777952687208, 0.36735393455391563, 0.00011497849804783977, 0.11742621332400405, 0.3888570513962724, 8.831397158340259e-05, 0.12800742509528726, 0.4138401063809277, 0.0001168357505144092, 0.1696992669853435], "weights": [0.013698630136986327, 0.15603555905374417, 0.2348524266480081, 0.2560148501905745, 0.339398533970687], "max": [0.5836240181472667, 0.4408049555711291, 0.3676500995384653, 0.3890845331121897, 0.41414105533080486], "min": [0.5836188664886557, 0.43998172103050914, 0.367057769569366, 0.3886295696803551, 0.4135391574310506], "raw_data_size": "5001"}}