{"user_4_124": {"gauss": [0.2930207550525658, 1.000000000194289e-06, 0.006849315068493168, 0.4055065856801948, 2.3911804598207964e-05, 0.013438065814049509, 0.3301330278681584, 0.0005356649409213866, 0.12736097508350888, 0.2721010130803552, 0.00041923795194199933, 0.35235164403394853], "weights": [0.013698630136986335, 0.026876131628099018, 0.25472195016701776, 0.7047032880678971], "max": [0.2930233308818699, 0.4055681784071796, 0.3315128093198675, 0.27318089848212723], "min": [0.29301817922326173, 0.40544499295321, 0.3287532464164493, 0.2710211276785832], "raw_data_size": "5001"}}