{"user_4_8": {"gauss": [-0.48510730266570934, 1.0000000004996003e-06, 0.006849315068493166, -0.4188423748645518, 0.002289287898173369, 0.4931506849315068], "weights": [0.013698630136986332, 0.9863013698630136], "max": -0.3389582335948944, "min": -0.5186864733695984, "raw_data_size": "<function raw_data_size at 0x7fcb11d6b910>"}}