{"user_4_574": {"gauss": [0.015409078449010813, 1.000000000000542e-06, 0.006849315068493166, 0.2599051056636704, 0.002378072684687842, 0.4931506849315068], "weights": [0.013698630136986332, 0.9863013698630136], "max": [0.015411654278314363, 0.26603061497085856], "min": [0.015406502619707262, 0.2537795963564823], "raw_data_size": "5001"}}