{"user_4_315": {"gauss": [0.34525111317634505, 1.0000000002498001e-06, 0.006849315068493166, 0.2315373938856347, 2.2454835067484524e-05, 0.034162917323122585, 0.3281324872522171, 4.695572524571101e-05, 0.054819523891441284, 0.24904639270053963, 1.2898896709904017e-05, 0.06692286128373336, 0.305104667177215, 1.5029024356126963e-05, 0.07200730767533398, 0.2630498701262994, 2.2816138663852125e-05, 0.10708289451115625, 0.2877456981290815, 5.737575840054809e-05, 0.1581551802467194], "weights": [0.013698630136986332, 0.06832583464624517, 0.10963904778288257, 0.1338457225674667, 0.14401461535066795, 0.2141657890223125, 0.3163103604934388], "max": 0.3452511131763458, "min": 0.2261295169591904, "raw_data_size": "<function raw_data_size at 0x7fcb11d6b910>"}}