{"user_4_441": {"gauss": [0.03179895724423211, 0.0016812197952330665, 0.019701257724284382, -0.09486359722560957, 0.0006619374111469502, 0.48029874227571556], "weights": [0.039402515448568765, 0.9605974845514311], "max": 0.0867656022310257, "min": -0.15024766325950623, "raw_data_size": "<function raw_data_size at 0x7fcb11d6b910>"}}