{"user_4_391": {"gauss": [-0.32729306817054676, 1.0000000002359223e-06, 0.006849315068493166, -0.3614388157924016, 0.0013606053594239764, 0.4931506849315068], "weights": [0.013698630136986332, 0.9863013698630136], "max": [-0.32729049234124263, -0.35793412863703167], "min": [-0.3272956439998509, -0.36494350294777156], "raw_data_size": "5001"}}