{"user_4_101": {"gauss": [0.005044219084084023, 1.0000000000000576e-06, 0.006849315068493164, -0.13883353859363784, 0.00011495567855567237, 0.03514484173367389, -0.19780226468278633, 4.5672427540281435e-06, 0.05331940736023251, -0.2665595397531482, 0.00021293284932546907, 0.059236116457366074, -0.2149004861733435, 2.4524186215484467e-05, 0.08087578852493513, -0.1816253969212282, 9.307249972761899e-05, 0.1039038463523239, -0.2350419838722882, 8.580589758116247e-05, 0.16067068450297536], "weights": [0.013698630136986328, 0.07028968346734778, 0.10663881472046502, 0.11847223291473215, 0.16175157704987025, 0.2078076927046478, 0.3213413690059507], "max": [0.005046794913387572, -0.1385374323882048, -0.1977905002450641, -0.26601106108016753, -0.21483731605584397, -0.18138565804907525, -0.2348209625268813], "min": [0.005041643254780474, -0.1391296447990709, -0.19781402912050858, -0.2671080184261289, -0.21496365629084305, -0.18186513579338115, -0.23526300521769508], "raw_data_size": "5001"}}