{"user_4_52": {"gauss": [0.22747287154197637, 1.0000000001179612e-06, 0.006849315068493166, 0.1703990422603157, 0.0018383936522370938, 0.4931506849315068], "weights": [0.013698630136986332, 0.9863013698630136], "max": [0.22747544737128023, 0.17513443050120628], "min": [0.22747029571267252, 0.1656636540194251], "raw_data_size": "5001"}}