{"user_4_335": {"gauss": [0.1125896275043485, 1.0000000000277555e-06, 0.006849315068493166, 0.15745327052556807, 0.0006944179611621794, 0.4931506849315068], "weights": [0.013698630136986332, 0.9863013698630136], "max": [0.11259220333365212, 0.1592419726588403], "min": [0.11258705167504489, 0.15566456839229584], "raw_data_size": "5001"}}