{"user_4_596": {"gauss": [0.38273856043815524, 1.0000000003330669e-06, 0.006849315068493166, 0.4695430410405, 0.0026219025041976088, 0.4931506849315068], "weights": [0.013698630136986332, 0.9863013698630136], "max": 0.5668090581893921, "min": 0.35295969247818, "raw_data_size": "<function raw_data_size at 0x7fcb11d6b910>"}}