{"user_4_521": {"gauss": [-0.5781863927841173, 1.000000000721645e-06, 0.006849315068493166, -0.3761119747327434, 0.007810281096223031, 0.4931506849315068], "weights": [0.013698630136986332, 0.9863013698630136], "max": [-0.5781838169548119, -0.3559940238161381], "min": [-0.5781889686134227, -0.39622992564934867], "raw_data_size": "5001"}}