{"user_4_410": {"gauss": [-0.08820703625678997, 1.0000000000173472e-06, 0.006849315068493164, -0.007633227276901408, 7.618949956882164e-05, 0.05153596088872169, 0.05784599904729154, 8.718998192325882e-05, 0.05512041690496485, 0.022064954105861186, 3.8893584178416085e-05, 0.08252165196401672, -0.07233537178146036, 0.00043968328195834346, 0.08882465642628495, -0.04518153365990118, 0.00012582135985154938, 0.10578215104984878, -0.021193370666186092, 6.695929168692286e-05, 0.10936584769766987], "weights": [0.013698630136986328, 0.10307192177744338, 0.1102408338099297, 0.16504330392803343, 0.1776493128525699, 0.21156430209969757, 0.21873169539533974], "max": 0.07914815843105315, "min": -0.10154615342617034, "raw_data_size": "<function raw_data_size at 0x7fcb11d6b910>"}}