{"user_4_391": {"gauss": [-0.32729306817054676, 1.0000000002359223e-06, 0.006849315068493166, -0.3614388157924016, 0.0013606053594239764, 0.4931506849315068], "weights": [0.013698630136986332, 0.9863013698630136], "max": -0.2899443209171295, "min": -0.4554693400859833, "raw_data_size": "<function raw_data_size at 0x7fcb11d6b910>"}}