{"user_4_627": {"gauss": [-0.26816672086715637, 1.0000000001665334e-06, 0.006849315068493164, -0.6272275068992953, 1.7566462661959936e-05, 0.03814931130813619, -0.6519205802958314, 7.340223012694446e-05, 0.0572777694016241, -0.5357947041553284, 9.141296934758636e-05, 0.06512051404281428, -0.5171989366347128, 0.0007197436957613036, 0.0659852763633891, -0.5848738453952727, 0.00015097559062057686, 0.10215705678211022, -0.5578127003760085, 8.80831034319175e-05, 0.1644607570334329], "weights": [0.013698630136986328, 0.07629862261627238, 0.1145555388032482, 0.13024102808562857, 0.1319705527267782, 0.20431411356422044, 0.3289215140668658], "max": [-0.2681641450378524, -0.6271822586900109, -0.6517315086805247, -0.5355592399501584, -0.5153449997321263, -0.5844849580448316, -0.557585813337041], "min": [-0.26816929669646034, -0.6272727551085797, -0.6521096519111382, -0.5360301683604983, -0.5190528735372993, -0.5852627327457137, -0.558039587414976], "raw_data_size": "5001"}}