{"user_4_37": {"gauss": [0.28979706764221125, 1.0000000001804112e-06, 0.006849315068493166, 0.3505584847281011, 4.936874099524923e-06, 0.012287594434281743, 0.25628644620212626, 0.0001310848162034962, 0.07319502048251672, 0.31919243546972714, 0.00015932801705319144, 0.11046751207436233, 0.2880704834991736, 0.00018853087950795777, 0.29720055794034606], "weights": [0.013698630136986332, 0.024575188868563486, 0.14639004096503344, 0.22093502414872465, 0.5944011158806921], "max": [0.28979964347151527, 0.35057120127307456, 0.2566240983129536, 0.3196028372449291, 0.288556106863234], "min": [0.28979449181290723, 0.3505457681831276, 0.25594879409129895, 0.3187820336945252, 0.28758486013511314], "raw_data_size": "5001"}}