{"user_4_541": {"gauss": [-0.13143719732761353, 1.0000000000416333e-06, 0.006849315068493164, -0.29042006205279763, 0.0002088586690542894, 0.07125065619119074, -0.2010013181170446, 0.0009359776621863579, 0.4219000287403161], "weights": [0.013698630136986328, 0.14250131238238148, 0.8438000574806322], "max": -0.1298743635416031, "min": -0.3161854147911072, "raw_data_size": "<function raw_data_size at 0x7fcb11d6b910>"}}