{"user_4_290": {"gauss": [-0.26782989501953064, 1.0000000001526556e-06, 0.006847609048824309, -0.09188735485076883, 1.000000000019082e-06, 0.006849315068493163, -0.18410797408338742, 1.7301899378866336e-05, 0.07548694824145862, -0.20634696197263136, 0.0002277262234014744, 0.11163188583286394, -0.16430468502440543, 7.647155407857178e-05, 0.13761694394915253, -0.13571317810600797, 0.00012066176223799501, 0.16156729785920745], "weights": [0.013695218097648619, 0.013698630136986327, 0.15097389648291723, 0.2232637716657279, 0.27523388789830505, 0.3231345957184149], "max": -0.09188735485076904, "min": -0.26782989501953125, "raw_data_size": "<function raw_data_size at 0x7fcb11d6b910>"}}