{"user_4_68": {"gauss": [0.26755598187446533, 1.0000000001526556e-06, 0.006849315068493166, 0.3613711678319507, 0.002848518896033824, 0.4931506849315068], "weights": [0.013698630136986332, 0.9863013698630136], "max": [0.2675585577037693, 0.3687084662760674], "min": [0.26755340604516137, 0.35403386938783404], "raw_data_size": "5001"}}