{"user_4_372": {"gauss": [0.19464734196662858, 1.0000000000763278e-06, 0.006849315068493166, -0.02116714701211701, 0.0010445503905063512, 0.4931506849315068], "weights": [0.013698630136986332, 0.9863013698630136], "max": [0.19464991779593233, -0.018476563507217304], "min": [0.19464476613732484, -0.023857730517016715], "raw_data_size": "5001"}}