{"user_4_667": {"gauss": [0.013320695608854263, 1.0000000000003794e-06, 0.006849315068493163, 0.26621674764136555, 0.000200131637319494, 0.052354171900817675, 0.16109569170876478, 0.00019079656782749585, 0.1279896258783599, 0.19288070098220425, 0.00011760477331534163, 0.15086418754725495, 0.22567007638579656, 0.00019139192377274388, 0.1619426996050743], "weights": [0.013698630136986327, 0.10470834380163535, 0.2559792517567198, 0.3017283750945099, 0.3238853992101486], "max": [0.013323271438157813, 0.26673225257734035, 0.1615871510991914, 0.19318363080354714, 0.22616306931151298], "min": [0.013318119779550712, 0.26570124270539075, 0.16060423231833817, 0.19257777116086136, 0.22517708346008014], "raw_data_size": "5001"}}