{"user_4_229": {"gauss": [0.5488088392317634, 1.1004981327046294e-06, 0.012649677477423179, 0.6997411442264644, 2.3956156651376958e-05, 0.01299234691507051, 0.6380858968099855, 1.2781240865593735e-05, 0.07522564744358544, 0.6631444237374838, 9.258709022749622e-05, 0.10378272574343932, 0.6202482735147777, 0.0005953181752224858, 0.2953496024204816], "weights": [0.025299354954846358, 0.02598469383014102, 0.15045129488717088, 0.20756545148687863, 0.5906992048409632], "max": [0.5488116739271021, 0.6998028511967674, 0.6381188191047428, 0.6633829122776221, 0.621781711515451], "min": [0.5488060045364247, 0.6996794372561613, 0.6380529745152282, 0.6629059351973455, 0.6187148355141044], "raw_data_size": "5001"}}