{"user_4_568": {"gauss": [0.4717945456504811, 1.0000000004996003e-06, 0.006849315068493166, 0.34579848994811374, 0.0009956270689828867, 0.4931506849315068], "weights": [0.013698630136986332, 0.9863013698630136], "max": 0.4717945456504822, "min": 0.25965297222137446, "raw_data_size": "<function raw_data_size at 0x7fcb11d6b910>"}}