{"user_4_599": {"gauss": [0.0992202982306478, 1.0000000000208166e-06, 0.006849315068493166, 0.030814048410421662, 6.789514991368279e-05, 0.06056018552357712, 0.15513252204748093, 0.00021598176379762881, 0.17183843213043754, 0.10396577189864552, 0.000489599605287644, 0.26075206727749217], "weights": [0.013698630136986332, 0.12112037104715424, 0.34367686426087507, 0.5215041345549843], "max": [0.09922287405995141, 0.030988934727138172, 0.15568885420370304, 0.1052268969089514], "min": [0.0992177224013442, 0.030639162093705152, 0.15457618989125882, 0.10270464688833963], "raw_data_size": "5001"}}