{"user_4_150": {"gauss": [-0.14588013291358914, 1.0000000000485722e-06, 0.006849315068493166, -0.041122785458962086, 3.1767806602278683e-06, 0.020547945205479468, 0.10529826986292337, 3.4557548147603725e-05, 0.05260090073344151, 0.0246929377871025, 3.723456426918802e-05, 0.07648599630134381, 0.03702744994988656, 7.352985717043337e-05, 0.07676607169581155, 0.06014023403604717, 7.95750966933521e-05, 0.08367479810404109, 0.0835347445243869, 5.273709688254587e-05, 0.1830749728913895], "weights": [0.013698630136986332, 0.041095890410958937, 0.10520180146688302, 0.15297199260268762, 0.1535321433916231, 0.16734959620808218, 0.366149945782779], "max": [-0.14587755708428546, -0.04111460261424652, 0.10538728420810077, 0.02478884766885195, 0.03721685031067193, 0.060345205901942645, 0.08367058628392106], "min": [-0.14588270874289283, -0.04113096830367765, 0.10520925551774597, 0.02459702790535305, 0.036838049589101196, 0.0599352621701517, 0.08339890276485275], "raw_data_size": "5001"}}