{"user_4_134": {"gauss": [-0.155919222304806, 0.00014895592940917631, 0.060299027790513354, -0.09727383244555086, 2.7696550096837538e-05, 0.056186716617350994, 0.002973133740296871, 1.986765353739218e-05, 0.013168791093347508, -0.08312905789860693, 3.484994316373707e-05, 0.06560318732146905, -0.13260639774843247, 0.00010934336742795991, 0.0684708412101546, -0.20284627019586499, 9.723224293554833e-05, 0.023701685627322933, -0.15609793365001645, 1.0000000000555111e-06, 0.006849315068493164, -0.06235799128905645, 6.324325758058969e-05, 0.04835011677018279, -0.024470460541358503, 8.012708451693253e-05, 0.04815491473531212, -0.11500057577083117, 3.3070229751213206e-05, 0.07268103818597231, -0.18115976177914125, 3.0602685053510544e-05, 0.036534365579881184], "weights": 0, "max": [-0.1555355372568965, -0.09720249086020422, 0.0030243094244712426, -0.08303929039377876, -0.13232474789846282, -0.20259581653526182, -0.15609535782071277, -0.062195087452928476, -0.024264066849051847, -0.1149153925039629, -0.18108093448621315], "min": [-0.15630290735271551, -0.09734517403089751, 0.002921958056122499, -0.0832188254034351, -0.13288804759840211, -0.20309672385646815, -0.15610050947932014, -0.06252089512518443, -0.024676854233665158, -0.11508575903769944, -0.18123858907206936], "raw_data_size": "5001"}}