{"user_4_29": {"gauss": [0.2395505905151362, 1.0000000001249e-06, 0.006849315068493166, 0.2050220552417967, 0.0005719715066038804, 0.4931506849315068], "weights": [0.013698630136986332, 0.9863013698630136], "max": [0.23955316634444007, 0.20649535620930198], "min": [0.2395480146858323, 0.20354875427429142], "raw_data_size": "5001"}}