{"user_4_504": {"gauss": [0.2756419479846948, 1.0000000001665334e-06, 0.006849315068493166, 0.3264203468062812, 0.0010950712132581353, 0.20238352703080276, 0.31301741852552867, 0.0003664844141764008, 0.29076715790070407], "weights": [0.013698630136986332, 0.4047670540616055, 0.5815343158014081], "max": [0.2756445238139988, 0.3292410633268643, 0.31396141981885817], "min": [0.27563937215539086, 0.32359963028569805, 0.31207341723219917], "raw_data_size": "5001"}}