{"user_4_253": {"gauss": [0.18175148963928184, 1.0000000000693889e-06, 0.006821084826211947, 0.285728752613067, 1.000000000194289e-06, 0.006849315068493168, 0.28593467275583156, 0.0006196597789206994, 0.06073762088072096, 0.20716412610189341, 5.248959990981805e-05, 0.09383951913026697, 0.24717049773313288, 0.0002584575504976362, 0.10308563041986284, 0.21849571253647138, 4.617752266194191e-05, 0.22866682967444416], "weights": [0.013642169652423894, 0.013698630136986335, 0.12147524176144192, 0.18767903826053395, 0.20617126083972567, 0.4573336593488883], "max": [0.18175406546858558, 0.2857313284423711, 0.28753081057260615, 0.2072993303514727, 0.24783624026542816, 0.2186146579525093], "min": [0.1817489138099781, 0.28572617678376294, 0.284338534939057, 0.20702892185231414, 0.2465047552008376, 0.21837676712043344], "raw_data_size": "5001"}}