{"user_4_196": {"gauss": [-0.11687114834785434, 1.000000000031225e-06, 0.006849315068493166, -0.28103401387731236, 0.001263496808237784, 0.4931506849315068], "weights": [0.013698630136986332, 0.9863013698630136], "max": -0.1168711483478546, "min": -0.3468759059906006, "raw_data_size": "<function raw_data_size at 0x7fcb11d6b910>"}}