{"user_4_587": {"gauss": [-0.4316763281822195, 1.0000000004440892e-06, 0.006849315068493166, -0.4530181752310859, 0.002572014291481433, 0.4931506849315068], "weights": [0.013698630136986332, 0.9863013698630136], "max": [-0.43167375235291483, -0.4463931054499415], "min": [-0.4316789040115242, -0.4596432450122303], "raw_data_size": "5001"}}