{"user_4_154": {"gauss": [0.31952303647994923, 1.0000000002359223e-06, 0.006849315068493166, 0.3133810626135932, 0.0009212371832755518, 0.4931506849315068], "weights": [0.013698630136986332, 0.9863013698630136], "max": [0.31952561230925336, 0.31575401234579326], "min": [0.3195204606506451, 0.3110081128813932], "raw_data_size": "5001"}}