{"user_4_146": {"gauss": [-0.3431690633296959, 1.000000000263678e-06, 0.006849315068493166, -0.5060711884356228, 8.223241379470736e-05, 0.03421694358189049, -0.5619263857294506, 0.00017732242142273657, 0.041149946370549466, -0.397530873841345, 0.00023949628102262654, 0.0599702049801265, -0.4627208755422616, 0.00011112551967681805, 0.06664247380000836, -0.41149949958753024, 5.054492455327974e-05, 0.07156100679478498, -0.44027002632623236, 0.0001494139332684764, 0.07801832339609507, -0.3804059724933567, 0.00024107237927486935, 0.14159178600805203], "weights": [0.013698630136986332, 0.06843388716378097, 0.08229989274109893, 0.119940409960253, 0.13328494760001672, 0.14312201358956997, 0.15603664679219015, 0.28318357201610406], "max": [-0.34316648750039164, -0.5058593717744688, -0.5614696334401738, -0.39691397230259595, -0.46243463517230593, -0.41136930448972026, -0.4398851615385609, -0.3797850111945443], "min": [-0.3431716391590001, -0.5062830050967768, -0.5623831380187275, -0.39814777538009405, -0.46300711591221727, -0.4116296946853402, -0.4406548911139038, -0.3810269337921692], "raw_data_size": "5001"}}