{"user_4_55": {"gauss": [0.46040835976600547, 1.0000000004440892e-06, 0.006849315046481973, 0.3808002173900596, 1.0000000003053113e-06, 0.006849315068493163, 0.42842634475212843, 9.1982736877817e-06, 0.034039455851228854, 0.3309265952854096, 6.18404136045737e-05, 0.05128652315415035, 0.3664840079523915, 1.1078507162808448e-05, 0.055245214469087416, 0.30170442479801957, 4.371348444796763e-05, 0.06170347268537857, 0.34423657406026165, 2.6484249962182127e-05, 0.07477581358447571, 0.3576404580901147, 1.572730749893514e-05, 0.08107937708107947, 0.38939960631316944, 0.00012746529811682905, 0.12817151305962443], "weights": [0.013698630092963945, 0.013698630136986327, 0.06807891170245771, 0.1025730463083007, 0.11049042893817483, 0.12340694537075714, 0.14955162716895143, 0.16215875416215894, 0.25634302611924886], "max": [0.46041093559531016, 0.38080279321936394, 0.4284500379350355, 0.3310858856349158, 0.36651254429578106, 0.3018170232722209, 0.34430479296739674, 0.35768096894963636, 0.3897279351632444], "min": [0.4604057839367008, 0.38079764156075524, 0.42840265156922136, 0.33076730493590334, 0.36645547160900194, 0.30159182632381826, 0.34416835515312655, 0.357599947230593, 0.3890712774630945], "raw_data_size": "5001"}}