{"user_4_510": {"gauss": [0.21974568068981118, 1.0000000001110223e-06, 0.006849315068493166, -0.08839692412746242, 0.001045174975297185, 0.4931506849315068], "weights": [0.013698630136986332, 0.9863013698630136], "max": [0.219748256519115, -0.08570473179875593], "min": [0.21974310486050735, -0.0910891164561689], "raw_data_size": "5001"}}