{"user_4_571": {"gauss": [0.30362448096275263, 1.0000000002220446e-06, 0.006849315068493166, 0.3690664830307166, 0.002662125042409396, 0.4931506849315068], "weights": [0.013698630136986332, 0.9863013698630136], "max": [0.30362705679205676, 0.3759236627246661], "min": [0.3036219051334485, 0.3622093033367671], "raw_data_size": "5001"}}