{"user_4_432": {"gauss": [0.6487678289413438, 1.0000000009436895e-06, 0.006849315068493166, 0.35028869203395313, 0.001515720117756621, 0.4931506849315068], "weights": [0.013698630136986332, 0.9863013698630136], "max": 0.6487678289413452, "min": 0.25349947810173035, "raw_data_size": "<function raw_data_size at 0x7fcb11d6b910>"}}