{"user_4_241": {"gauss": [0.0739272087812422, 1.000000000012143e-06, 0.006849315068493166, 0.38484493934558667, 0.00031742163840442386, 0.0976307673224081, 0.3013975251154886, 0.00043866085971469473, 0.11521072706256463, 0.34569394190352315, 0.00018322947650141374, 0.2803091905465341], "weights": [0.013698630136986332, 0.1952615346448162, 0.23042145412512927, 0.5606183810930682], "max": 0.4103432595729828, "min": 0.07392720878124237, "raw_data_size": "<function raw_data_size at 0x7fcb11d6b910>"}}