{"user_4_227": {"gauss": [-0.2914046645164483, 1.000000000194289e-06, 0.006849315068493163, -0.46780316534475025, 1.0243360802065772e-06, 0.013698581136709397, -0.39381819490641945, 0.00023028084433548878, 0.11299967300861068, -0.3495322981757711, 0.00020745932016141732, 0.15960576488119374, -0.32536568345329936, 0.0004840638966765444, 0.2068466659049931], "weights": [0.013698630136986327, 0.027397162273418794, 0.22599934601722135, 0.3192115297623875, 0.4136933318099862], "max": [-0.29140208868714423, -0.4678005268298582, -0.39322503075953413, -0.348997918379605, -0.32411881748344984], "min": [-0.2914072403457524, -0.4678058038596423, -0.39441135905330477, -0.3500666779719372, -0.3266125494231489], "raw_data_size": "5001"}}