{"user_4_614": {"gauss": [0.23554213345050756, 1.0000000001249e-06, 0.006849315068493166, 0.24261179462903076, 0.00019958319452055462, 0.4931506849315068], "weights": [0.013698630136986332, 0.9863013698630136], "max": 0.27448835968971247, "min": 0.2031060755252838, "raw_data_size": "<function raw_data_size at 0x7fcb11d6b910>"}}