{"user_4_409": {"gauss": [0.03582185879349701, 1.0000000000030357e-06, 0.006849315068493164, -0.15546208270521034, 0.00010425951291836888, 0.041142005032736566, -0.11888059418817948, 5.090583749106027e-05, 0.062181028807646026, -0.014891367726947538, 0.00029104762704913083, 0.0899710667724593, -0.04302797309544581, 4.727569934584634e-05, 0.0902015949176328, -0.08617196600689685, 7.543546186022831e-05, 0.10169724720668702, -0.06601821842502437, 5.641254708675471e-05, 0.10795774219434515], "weights": [0.013698630136986328, 0.08228401006547313, 0.12436205761529205, 0.1799421335449186, 0.1804031898352656, 0.20339449441337404, 0.2159154843886903], "max": [0.03582443462280056, -0.15519352799666147, -0.1187494694402483, -0.014141678720466015, -0.04290619896372501, -0.08597765713371053, -0.06587290933315047], "min": [0.035819282964193455, -0.1557306374137592, -0.11901171893611065, -0.01564105673342906, -0.04314974722716661, -0.08636627488008317, -0.06616352751689826], "raw_data_size": "5001"}}