{"user_4_95": {"gauss": [0.559069752693175, 1.0000000006661338e-06, 0.006849315068493163, 0.6676091134470503, 0.00026926002204305424, 0.022730952675732306, 0.6329818622644968, 6.317715766643206e-05, 0.03570598379637361, 0.536875210616067, 0.00010807897024497814, 0.08766288448743653, 0.5749415747211806, 0.00013742221903054086, 0.0929834556058345, 0.6163972907278944, 6.409825501338295e-05, 0.12003360484276644, 0.594087774202632, 4.6308402896959696e-05, 0.13403380352336344], "weights": [0.013698630136986327, 0.04546190535146461, 0.07141196759274722, 0.17532576897487306, 0.185966911211669, 0.24006720968553288, 0.2680676070467269], "max": [0.5590723285224803, 0.668302681302103, 0.6331445958385289, 0.5371536035947214, 0.5752955508999181, 0.6165623968914642, 0.5942070567438146], "min": [0.5590671768638698, 0.6669155455919976, 0.6328191286904647, 0.5365968176374126, 0.574587598542443, 0.6162321845643246, 0.5939684916614495], "raw_data_size": "5001"}}