{"user_4_307": {"gauss": [0.1178773641586301, 1.000000000031225e-06, 0.006849315068493166, 0.000905990626456009, 0.0019258013592952485, 0.4931506849315068], "weights": [0.013698630136986332, 0.9863013698630136], "max": [0.11787993998793372, 0.005866526200543015], "min": [0.11787478832932646, -0.0040545449476309964], "raw_data_size": "5001"}}