{"user_4_453": {"gauss": [-0.2141796029415866, 0.0010237718097545815, 0.06857859061602042, 0.03418632521768421, 0.0001851052524170412, 0.07531381095861732, -0.13702115656664712, 0.00013157456885922497, 0.1067358948346872, -0.04722327718435769, 0.0003709584423154283, 0.12067119547391124, -0.09546503997556303, 0.00015409429078408203, 0.12870050811676384], "weights": [0.13715718123204085, 0.15062762191723464, 0.2134717896693744, 0.24134239094782248, 0.2574010162335277], "max": [-0.21154254151387347, 0.03466312475110084, -0.1366822429365777, -0.04626775155824275, -0.09506811938585182], "min": [-0.21681666436929975, 0.03370952568426758, -0.13736007019671653, -0.048178802810472626, -0.09586196056527425], "raw_data_size": "5001"}}