{"user_4_618": {"gauss": [0.7943447828292829, 1.0000000015543122e-06, 0.006849315068493164, 0.7142890032932461, 8.068995559826108e-05, 0.08846874909263278, 0.7707730588686407, 0.0007573769032213896, 0.4046819358388741], "weights": [0.013698630136986328, 0.17693749818526555, 0.8093638716777481], "max": [0.7943473586585904, 0.7144968468453782, 0.7727239324897894], "min": [0.7943422069999754, 0.714081159741114, 0.7688221852474919], "raw_data_size": "5001"}}