{"user_4_544": {"gauss": [0.28359812498092585, 1.000000000194289e-06, 0.006849315068493163, 0.22069640236533414, 2.307250829244778e-05, 0.027364854358256672, 0.18533181505772361, 6.33520451997761e-05, 0.03430596963081497, 0.31876882273303364, 4.8420727344177346e-05, 0.04860344256610531, 0.241314142600867, 1.4405780904716947e-05, 0.05557749699749414, 0.32626849768027394, 5.9865602565086325e-05, 0.07402289016104519, 0.265545722405243, 0.00010829141292424582, 0.10488061464246028, 0.2911974823401166, 0.00014248625404820925, 0.14839541657533029], "weights": [0.013698630136986327, 0.054729708716513344, 0.06861193926162994, 0.09720688513221062, 0.11115499399498828, 0.14804578032209037, 0.20976122928492055, 0.29679083315066057], "max": [0.2836007008102299, 0.2207558332083002, 0.18549499911218895, 0.3188935462614259, 0.24135124943346187, 0.3264227012536357, 0.265824662599976, 0.2915645026086469], "min": [0.2835955491516218, 0.22063697152236808, 0.18516863100325828, 0.3186440992046414, 0.24127703576827214, 0.3261142941069122, 0.26526678221051, 0.2908304620715863], "raw_data_size": "5001"}}