{"user_2_3028": {"weights": [0.2081210933586263, 0.21312742057528752, 0.28645482736771427, 0.29229665869837185], "gauss": [-0.15627093644357629, 1.581087032673481e-05, 0.10406054667931315, -0.2086213936680704, 0.00016913780052143262, 0.10656371028764376, -0.13214730535371372, 0.00012986507445385164, 0.14322741368385714, -0.1733053033412674, 4.117508258818275e-05, 0.14614832934918592], "max": [-0.15623021034047407, -0.20818572356514947, -0.13181279508942792, -0.1731992433569607], "min": [-0.1563116625466785, -0.2090570637709913, -0.13248181561799952, -0.17341136332557408], "raw_data_size": "57"}}