{"user_2_2663": {"weights": [-0.5541329560724684, 0.00011737914471407384, 0.03512776105581609, -0.5144348256390927, 1.3212678726308824e-05, 0.05525848982397563, -0.45663939786432134, 6.228050173490051e-05, 0.12270614199104908, -0.4966988496563393, 4.5117637837653986e-05, 0.12892569162817424, -0.4767175135267417, 3.527322986140901e-05, 0.1579819155009849], "gauss": [-0.5541329560724684, 0.00011737914471407384, 0.03512776105581609, -0.5144348256390927, 1.3212678726308824e-05, 0.05525848982397563, -0.45663939786432134, 6.228050173490051e-05, 0.12270614199104908, -0.4966988496563393, 4.5117637837653986e-05, 0.12892569162817424, -0.4767175135267417, 3.527322986140901e-05, 0.1579819155009849], "max": [-0.5538306074318884, -0.5144007920340511, -0.45647897392291287, -0.4965826343226902, -0.47662665570763385], "min": [-0.5544353047130484, -0.5144688592441343, -0.4567998218057298, -0.49681506498998845, -0.4768083713458495], "raw_data_size": "57"}}