{"user_1_3729": {"weights": 1, "gauss": [0.040729318902548974, 0.0008577431009176782, 0.5], "max": [0.04293871871680963], "min": [0.038519919088288314], "raw_data_size": "9995"}}