{"user_1_2925": {"weights": [0.34010908881397767, 0.6598909111860223], "gauss": [-0.2089119650356133, 0.0001553774623196381, 0.17005454440698883, -0.25134009758358566, 0.000130805491266885, 0.32994545559301114], "max": [-0.2085117392150593, -0.2510031649661153], "min": [-0.20931219085616729, -0.25167703020105603], "raw_data_size": "30"}}