{"user_3_2925": {"weights": [0.1037690762661609, 0.3301246651568844, 0.5661062585769546], "gauss": [-0.18413666257454755, 6.820412898753719e-05, 0.05188453813308045, -0.2202380075478725, 0.00013934654577256355, 0.1650623325784422, -0.2539111314183769, 0.0002308646549106359, 0.2830531292884773], "max": [-0.18396098038047842, -0.21987907463192322, -0.2533164634751044], "min": [-0.1843123447686167, -0.2205969404638218, -0.2545057993616494], "raw_data_size": "70"}}