{"user_5_2409": {"weights": [1.0], "gauss": [0.5214684358, 0.0009715151, 0.5], "max": [0.5239708929], "min": [0.5189659788], "raw_data_size": "9994"}, "user_4_2409": {"weights": [1.0], "gauss": [0.5216528254, 0.000969682, 0.5], "max": [0.5241505607], "min": [0.5191550901], "raw_data_size": "9996"}, "user_1_2409": {"weights": [1.0], "gauss": [0.5219838543, 0.0010013049, 0.5], "max": [0.5245630447], "min": [0.5194046639], "raw_data_size": "9995"}, "user_3_2409": {"weights": [1.0], "gauss": [0.5220168521, 0.0009873143, 0.5], "max": [0.5245600053], "min": [0.519473699], "raw_data_size": "9991"}, "user_2_2409": {"weights": [1.0], "gauss": [0.521508786, 0.0009911621, 0.5], "max": [0.5240618504], "min": [0.5189557216], "raw_data_size": "9991"}, "user_6_2409": {"weights": [1.0], "gauss": [0.5221338594, 0.0009848909, 0.5], "max": [0.5246707702], "min": [0.5195969486], "raw_data_size": "9993"}}