{"user_2_899": {"weights": [0.2236943468, 0.2496349437, 0.2585339526, 0.2681367569], "gauss": [0.1289154234, 0.0001097354, 0.1118471734, 0.1621105776, 6.3579e-05, 0.1248174719, 0.2014437547, 0.0013690669, 0.1292669763, 0.1029935878, 5.56949e-05, 0.1340683784], "max": [0.1291980829, 0.1622743464, 0.2049702372, 0.1031370484], "min": [0.1286327639, 0.1619468089, 0.1979172721, 0.1028501271], "raw_data_size": "57"}, "user_1_899": {"weights": [0.1795807833, 0.3009294126, 0.5194898041], "gauss": [0.2145676427, 0.0006945927, 0.0897903917, 0.1607075568, 4.62701e-05, 0.1504647063, 0.1191924491, 0.0002924466, 0.259744902], "max": [0.216356795, 0.1608267408, 0.1199457416], "min": [0.2127784903, 0.1605883728, 0.1184391566], "raw_data_size": "30"}, "user_3_899": {"weights": [0.0697226695, 0.2027736128, 0.7275037178], "gauss": [0.0575949746, 4.61748e-05, 0.0348613347, 0.2192972788, 0.0010365842, 0.1013868064, 0.143754763, 0.0005888049, 0.3637518589], "max": [0.057713913, 0.2219673426, 0.1452714239], "min": [0.0574760362, 0.2166272149, 0.142238102], "raw_data_size": "70"}}