{"user_1_2944": {"weights": [1.0], "gauss": [-0.6266656599467842, 0.0015329746233252717, 0.5], "max": [-0.6227169789904262], "min": [-0.6306143409031423], "raw_data_size": "9995"}}