{"user_2_2944": {"weights": 1, "gauss": [-0.6276868276964503, 0.0015110544314154972, 0.5], "max": [-0.6237946094127529], "min": [-0.6315790459801478], "raw_data_size": "9991"}}