{"user_2_1019": {"weights": [0.107010675468171, 0.11459619822093026, 0.17783610732022292, 0.19569536843452465, 0.4048616505561512], "gauss": [0.7394013005702688, 0.00012079567357367493, 0.0535053377340855, 0.7105476305851794, 1.0205302182180298e-05, 0.05729809911046513, 0.6328799335490884, 3.922894239963181e-05, 0.08891805366011146, 0.6005580044603638, 0.00010256577032249814, 0.09784768421726232, 0.6627970824238583, 0.00026305392658384954, 0.2024308252780756], "max": [0.7397124496060018, 0.7105739177015918, 0.6329809806084686, 0.6008221963771015, 0.6634746644363665], "min": [0.7390901515345357, 0.710521343468767, 0.6327788864897083, 0.600293812543626, 0.66211950041135], "raw_data_size": "57"}}