{"user_5_2633": {"weights": [1.0], "gauss": [-0.5232089957458794, 0.0008202757199906864, 0.5], "max": [-0.5210961055093377], "min": [-0.5253218859824211], "raw_data_size": "9994"}}