{"user_2_917": {"weights": [0.37030209645856255, 0.6296979035414375], "gauss": [-0.5760193004007785, 0.0009792572488715723, 0.18515104822928127, -0.6110256484815682, 0.001435826949374024, 0.31484895177071875], "max": [-0.5734969008834224, -0.6073272033505454], "min": [-0.5785416999181346, -0.614724093612591], "raw_data_size": "57"}}