{"user_3_3417": {"weights": [0.16893166393759904, 0.17352544999341685, 0.19549378103250925, 0.21083269476685035, 0.25121641026962455], "gauss": [0.295849329016152, 6.459851798273808e-05, 0.08446583196879952, 0.17595354776106314, 9.407529477877926e-05, 0.08676272499670842, 0.14747155843481607, 0.0001766411751013577, 0.09774689051625463, 0.24106033103890892, 0.00018979229317241008, 0.10541634738342517, 0.20831549387174314, 0.00011645260921486805, 0.12560820513481227], "max": [0.2960157237717378, 0.17619586966209433, 0.14792655594985546, 0.24154920358925017, 0.20861545591503353], "min": [0.29568293426056624, 0.17571122586003196, 0.1470165609197767, 0.24057145848856767, 0.20801553182845275], "raw_data_size": "70"}}