{"user_2_1502": {"weights": [1.0], "gauss": [-0.06334517554886038, 0.0017586624949363359, 0.5], "max": [-0.05881516115935094], "min": [-0.06787518993836981], "raw_data_size": "9991"}}