{"user_3_1502": {"weights": 1, "gauss": [-0.062109426785821376, 0.0017317628956020094, 0.5], "max": [-0.05764870117253103], "min": [-0.06657015239911172], "raw_data_size": "9991"}}