{"user_1_783": {"weights": [0.12553662921078684, 0.20331543311471456, 0.2633441546846555, 0.40780378298984316], "gauss": [-0.3821652035017533, 6.601236777745056e-05, 0.06276831460539342, -0.4279873070082955, 0.00017729871560126409, 0.10165771655735728, -0.36277795704870436, 0.00013517689788033926, 0.13167207734232775, -0.3986332381589649, 3.221632427305343e-05, 0.20390189149492158], "max": [-0.3819951669104355, -0.4275306157811682, -0.36242976443398134, -0.3985502544068497], "min": [-0.3823352400930711, -0.42844399823542284, -0.3631261496634274, -0.3987162219110801], "raw_data_size": "30"}}