{"user_1_2383": {"weights": 1, "gauss": [0.13427114599205855, 0.000993750168349623, 0.5], "max": [0.13683087679610018], "min": [0.13171141518801693], "raw_data_size": "9995"}}