{"user_1_2599": {"weights": [0.16486689018781026, 0.1673741911012686, 0.2571338181115834, 0.41062510059933766], "gauss": [-0.21960451950128732, 2.3103661009423293e-05, 0.08243344509390513, -0.3398858056077355, 0.00018740857138918498, 0.0836870955506343, -0.291342218183653, 3.329783811828368e-05, 0.1285669090557917, -0.25867815961108886, 0.00012833878984902413, 0.20531255029966883], "max": [-0.21954500841424, -0.33940307311781504, -0.29125644863648315, -0.25834758079541376], "min": [-0.21966403058833464, -0.340368538097656, -0.2914279877308229, -0.259008738426764], "raw_data_size": "30"}}