{"user_3_2599": {"weights": [-0.28246622556270023, 2.1475256655383412e-05, 0.056136069087874114, -0.3039296240481583, 6.529159193301547e-06, 0.06134567161648732, -0.34543881877473204, 0.00046595437609722636, 0.0892704502286439, -0.26070513185236854, 6.378138427796842e-05, 0.09424602015953996, -0.23254960739947875, 0.00018238959553009454, 0.1990017889074547], "gauss": [-0.28246622556270023, 2.1475256655383412e-05, 0.056136069087874114, -0.3039296240481583, 6.529159193301547e-06, 0.06134567161648732, -0.34543881877473204, 0.00046595437609722636, 0.0892704502286439, -0.26070513185236854, 6.378138427796842e-05, 0.09424602015953996, -0.23254960739947875, 0.00018238959553009454, 0.1990017889074547], "max": [-0.2824109089673061, -0.3039128060485807, -0.34423859983866395, -0.26054084189372445, -0.2320798029346499], "min": [-0.2825215421580944, -0.30394644204773597, -0.3466390377108001, -0.26086942181101264, -0.2330194118643076], "raw_data_size": "70"}}