{"user_3_2481": {"weights": [0.2292537711, 0.2434331823, 0.2603993585, 0.2669136882], "gauss": [-0.5330036515, 0.00015429, 0.1146268855, -0.6035030097, 0.0008985601, 0.1217165911, -0.5777266205, 8.92983e-05, 0.1301996792, -0.557537253, 6.7761e-05, 0.1334568441], "max": [-0.5326062269, -0.6011884723, -0.5774966034, -0.5573627122], "min": [-0.5334010762, -0.605817547, -0.5779566376, -0.5577117939], "raw_data_size": "70"}, "user_2_2481": {"weights": [-0.5922960338, 1.81096e-05, 0.0575827228, -0.6129898419, 0.0001327355, 0.0843069608, -0.5788820659, 6.11776e-05, 0.1075674464, -0.563010222, 4.93434e-05, 0.1190890521, -0.5392744372, 0.0001558171, 0.1314538179], "gauss": [-0.5922960338, 1.81096e-05, 0.0575827228, -0.6129898419, 0.0001327355, 0.0843069608, -0.5788820659, 6.11776e-05, 0.1075674464, -0.563010222, 4.93434e-05, 0.1190890521, -0.5392744372, 0.0001558171, 0.1314538179], "max": [-0.5922493867, -0.6126479379, -0.5787244829, -0.5628831217, -0.5388730789], "min": [-0.592342681, -0.6133317458, -0.5790396489, -0.5631373223, -0.5396757954], "raw_data_size": "57"}, "user_1_2481": {"weights": [0.0333304979, 0.2061994215, 0.3563798669, 0.4040902137], "gauss": [-0.63126266, 1e-06, 0.0166652489, -0.5346283247, 0.0002027143, 0.1030997108, -0.5650239772, 6.39874e-05, 0.1781899335, -0.5933729473, 7.39128e-05, 0.2020451068], "max": [-0.6312600842, -0.5341061673, -0.5648591567, -0.5931825604], "min": [-0.6312652359, -0.5351504821, -0.5651887978, -0.5935633342], "raw_data_size": "30"}}