{"user_4_1425": {"weights": [1.0], "gauss": [-0.1343202615560169, 0.0005623456842973076, 0.5], "max": [-0.13287175506367963], "min": [-0.13576876804835417], "raw_data_size": "9996"}}