{"user_3_302": {"weights": [0.10066930414859358, 0.15074803915711113, 0.18972564439249592, 0.24480637695964563, 0.3140506353421537], "gauss": [0.059976562879452286, 0.0005262486701904408, 0.05033465207429679, 0.006693145482100098, 0.00013383904108867336, 0.07537401957855557, -0.0938107219638461, 0.00016200342107274075, 0.09486282219624796, -0.02938532516956698, 0.00017359230418831565, 0.12240318847982282, -0.05883861533769298, 0.00014124927734772882, 0.15702531767107686], "max": [0.061332089625082464, 0.007037892006095188, -0.09339342880457176, -0.02893818102556814, -0.058474781309995595], "min": [0.05862103613382211, 0.0063483989581050075, -0.09422801512312044, -0.029832469313565816, -0.05920244936539037], "raw_data_size": "70"}}