{"user_2_3122": {"weights": [0.0866279494, 0.3974530469, 0.5159190037], "gauss": [0.1699875013, 0.0004821172, 0.0433139747, 0.1197973668, 0.0005056421, 0.1987265235, 0.1503112502, 0.0002001571, 0.2579595018], "max": [0.171229353, 0.1210998145, 0.1508268207], "min": [0.1687456495, 0.118494919, 0.1497956797], "raw_data_size": "57"}, "user_3_3122": {"weights": [0.0197468965, 0.1497383463, 0.1933133122, 0.30107034, 0.336131105], "gauss": [0.064721259, 3.25173e-05, 0.0098734483, 0.089579868, 7.05637e-05, 0.0748691731, 0.182009721, 0.0002342243, 0.0966566561, 0.1502913695, 4.2683e-05, 0.15053517, 0.1214460819, 5.75943e-05, 0.1680655525], "max": [0.064805018, 0.089761628, 0.1826130429, 0.1504013136, 0.121594435], "min": [0.0646375, 0.0893981081, 0.1814063991, 0.1501814255, 0.1212977288], "raw_data_size": "70"}, "user_1_3122": {"weights": [0.1591521072, 0.2792587679, 0.5615891249], "gauss": [0.1073025557, 0.0006035418, 0.0795760536, 0.159206651, 0.0001801027, 0.139629384, 0.1355539602, 0.0001460695, 0.2807945624], "max": [0.1088571764, 0.1596705648, 0.1359302103], "min": [0.105747935, 0.1587427371, 0.13517771], "raw_data_size": "30"}}