{"user_6_2831": {"weights": 1, "gauss": [0.31849353864124913, 0.0009807762645411822, 0.5], "max": [0.3210198508836795], "min": [0.31596722639881875], "raw_data_size": "9993"}}