{"user_4_1035": {"weights": 1, "gauss": [-0.04186098891335358, 0.0023505954759640364, 0.5], "max": [-0.03580625620557594], "min": [-0.047915721621131224], "raw_data_size": "9996"}}