{"user_2_2915": {"weights": 1, "gauss": [-0.7989745955903446, 0.004231061507906502, 0.5], "max": [-0.7880761033731611], "min": [-0.809873087807528], "raw_data_size": "9991"}}