{"user_1_2028": {"weights": 1, "gauss": [-0.7784784518249535, 0.0008083824093520754, 0.5], "max": [-0.7763961967264709], "min": [-0.780560706923436], "raw_data_size": "9995"}}