{"user_2_735": {"weights": [0.053178790282433275, 0.06090321162395401, 0.22651389581550987, 0.314874840177126, 0.34452926210097673], "gauss": [0.9065954352801796, 6.405166900077985e-05, 0.026589395141216637, 0.8035296451895549, 0.0003060328492806287, 0.030451605811977006, 0.8817720043916812, 1.9026205436671994e-05, 0.11325694790775494, 0.8617964018367633, 3.2866029578719865e-05, 0.157437420088563, 0.8368659144539764, 5.0756364176256615e-05, 0.17226463105048836], "max": [0.906760421446133, 0.8043179335705806, 0.8818210126491803, 0.8618810591188435, 0.8369966541841632], "min": [0.9064304491142262, 0.8027413568085293, 0.8817229961341821, 0.8617117445546831, 0.8367351747237896], "raw_data_size": "57"}}