{"user_5_687": {"weights": [1.0], "gauss": [-0.3156515193789729, 0.003377705365573482, 0.5], "max": [-0.3069511269195744], "min": [-0.3243519118383714], "raw_data_size": "9994"}}