{"user_2_687": {"weights": 1, "gauss": [-0.3175024068483229, 0.0034485873760936306, 0.5], "max": [-0.30861943442913214], "min": [-0.3263853792675137], "raw_data_size": "9991"}}