{"user_3_2335": {"weights": [0.21060770089428368, 0.2243820292995062, 0.2773298552503549, 0.287680414555855], "gauss": [0.10261017784536063, 0.0008955003574226118, 0.10530385044714184, 0.19964735297818628, 0.0003082274055478594, 0.1121910146497531, 0.1774915517448898, 0.00011181542904349539, 0.13866492762517746, 0.13824758314183253, 0.0002990797840720154, 0.1438402072779275], "max": [0.10491683390734831, 0.20044129416155332, 0.1777795692036089, 0.1390179616137443], "min": [0.10030352178337294, 0.19885341179481925, 0.17720353428617067, 0.13747720466992075], "raw_data_size": "70"}}