{"user_6_752": {"weights": 1, "gauss": [0.03715679275383479, 0.002301210796140994, 0.5], "max": [0.043084318956177856], "min": [0.03122926655149172], "raw_data_size": "9993"}}