{"user_1_1820": {"weights": [0.027368137610167004, 3.6280276036613e-05, 0.03333333331777318, 0.19419807207277237, 0.00025584257839586413, 0.053383382369467984, 0.09769210160350421, 9.549015991078863e-05, 0.08358840387654984, 0.13555216235429823, 2.076821162158471e-05, 0.13197367311763256, 0.1580016424504531, 3.733694079233779e-05, 0.1977212073185764], "gauss": [0.027368137610167004, 3.6280276036613e-05, 0.03333333331777318, 0.19419807207277237, 0.00025584257839586413, 0.053383382369467984, 0.09769210160350421, 9.549015991078863e-05, 0.08358840387654984, 0.13555216235429823, 2.076821162158471e-05, 0.13197367311763256, 0.1580016424504531, 3.733694079233779e-05, 0.1977212073185764], "max": [0.027461589408322957, 0.19485707888329995, 0.09793806795560299, 0.13560565772237543, 0.15809781603665085], "min": [0.027274685812011052, 0.1935390652622448, 0.09744613525140543, 0.13549866698622104, 0.15790546886425533], "raw_data_size": "30"}}