{"user_3_1820": {"weights": [0.009692516793929136, 0.00029624148280021716, 0.03603109033640469, 0.06564043353131185, 6.0400141102053033e-05, 0.041665665762739584, 0.18422239207708052, 6.3849972825893e-05, 0.05825226187785088, 0.10498107228377943, 0.00010570102257950468, 0.13380012496564558, 0.1437348207048615, 9.341075467378984e-05, 0.23025085705735931], "gauss": [0.009692516793929136, 0.00029624148280021716, 0.03603109033640469, 0.06564043353131185, 6.0400141102053033e-05, 0.041665665762739584, 0.18422239207708052, 6.3849972825893e-05, 0.05825226187785088, 0.10498107228377943, 0.00010570102257950468, 0.13380012496564558, 0.1437348207048615, 9.341075467378984e-05, 0.23025085705735931], "max": [0.010455584286252713, 0.06579601398470102, 0.18438685870811625, 0.1052533400751548, 0.14397543086401685], "min": [0.008929449301605559, 0.06548485307792269, 0.1840579254460448, 0.10470880449240405, 0.14349421054570613], "raw_data_size": "70"}}