{"user_6_1884": {"weights": [1.0], "gauss": [0.4644556299966309, 0.0014723592211996473, 0.5], "max": [0.4682481760239474], "min": [0.46066308396931444], "raw_data_size": "9993"}}