{"user_2_2437": {"weights": [0.1290771358340576, 0.3326702342478012, 0.5382526299181414], "gauss": [-0.6608595211276479, 0.00013795438382960168, 0.0645385679170288, -0.7290632705359916, 0.00024173384406653186, 0.1663351171239006, -0.6893054918336231, 4.7872200707814834e-05, 0.2691263149590707], "max": [-0.6605041741832266, -0.7284406054167856, -0.6891821812162146], "min": [-0.6612148680720692, -0.7296859356551977, -0.6894288024510317], "raw_data_size": "57"}}