{"user_3_1088": {"weights": [0.2797517616070849, 0.720248238392915], "gauss": [-0.27357794748174413, 0.0011022328711429847, 0.13987588080354246, -0.1906266325659512, 0.00046958841608192483, 0.3601241191964575], "max": [-0.2707387837529192, -0.18941705296320024], "min": [-0.27641711121056906, -0.19183621216870214], "raw_data_size": "70"}}