{"user_2_2855": {"weights": [0.12825419509345942, 0.1612749577066914, 0.16257663347337062, 0.1916932485065218, 0.3562009652199568], "gauss": [-0.08955080548792735, 0.00023885928958267553, 0.06412709754672971, 0.0024064783177656377, 0.0001253461745923832, 0.0806374788533457, -0.020900946989704006, 7.45593053540019e-05, 0.08128831673668531, -0.03873029967510918, 2.5110474131518916e-05, 0.0958466242532609, -0.059318670699308206, 8.303707082300509e-05, 0.1781004826099784], "max": [-0.08893554473039542, 0.002729348667368455, -0.020708894946120916, -0.038665619380015205, -0.05910478137900144], "min": [-0.09016606624545928, 0.0020836079681628202, -0.021092999033287096, -0.038794979970203154, -0.05953256001961497], "raw_data_size": "57"}}