{"user_2_3727": {"weights": 1, "gauss": [-0.12356780942970318, 0.0009802890139103116, 0.5], "max": [-0.12104275226172594], "min": [-0.1260928665976804], "raw_data_size": "9991"}}