{"user_1_3727": {"weights": [1.0], "gauss": [-0.12226829038127562, 0.001000112447359892, 0.5], "max": [-0.119692171432522], "min": [-0.12484440933002924], "raw_data_size": "9995"}}