{"user_3_1549": {"weights": [0.050685874595100835, 0.2516698060630732, 0.29787055391947764, 0.3997737654223482], "gauss": [0.23353236198591887, 0.0003513027074795648, 0.025342937297550418, 0.270630557485225, 0.00010370290566539997, 0.1258349030315366, 0.3208801538931626, 0.00010621755596715198, 0.14893527695973882, 0.3010041502979761, 8.204185244396655e-05, 0.1998868827111741], "max": [0.2344372577942608, 0.2708976784685011, 0.32115375218637415, 0.3012154761056187], "min": [0.23262746617757693, 0.27036343650194894, 0.32060655559995105, 0.3007928244903335], "raw_data_size": "70"}}