{"user_3_2245": {"weights": 1, "gauss": [0.2568586760617857, 0.004360560008267011, 0.5], "max": [0.2680907343109633], "min": [0.24562661781260808], "raw_data_size": "9991"}}