{"user_1_2141": {"weights": [1.0], "gauss": [0.17811186145730004, 0.0007074128185089586, 0.5], "max": [0.17993403612492154], "min": [0.17628968678967855], "raw_data_size": "9995"}}