{"user_2_3788": {"weights": [0.0923309934, 0.2149095214, 0.3454494915, 0.3473099938], "gauss": [-0.1047251706, 0.0005304711, 0.0461654967, -0.0221615792, 0.0001235399, 0.1074547607, 0.0248036293, 0.0006127795, 0.1727247457, -0.05416927, 0.0002293984, 0.1736549969], "max": [-0.1033587676, -0.0218433616, 0.0263820447, -0.0535783787], "min": [-0.1060915736, -0.0224797969, 0.0232252138, -0.0547601612], "raw_data_size": "57"}, "user_1_3788": {"weights": [0.0333278994, 0.0927687588, 0.0995703245, 0.1546799206, 0.6196530967], "gauss": [0.0529153123, 1e-06, 0.0166639497, -0.0675384436, 1.7377e-06, 0.0463843794, -0.1056856507, 8.69287e-05, 0.0497851623, 0.0194458298, 2.04664e-05, 0.0773399603, -0.0285718201, 0.0003857459, 0.3098265484], "max": [0.0529178882, -0.0675339674, -0.1054617372, 0.0194985478, -0.0275782044], "min": [0.0529127365, -0.0675429197, -0.1059095641, 0.0193931117, -0.0295654357], "raw_data_size": "30"}, "user_3_3788": {"weights": [0.0142857013, 0.0427306203, 0.2481152481, 0.3442318969, 0.3506365334], "gauss": [0.1174524128, 1e-06, 0.0071428507, 0.0804831507, 1.63509e-05, 0.0213653102, 0.0255689416, 0.0002082039, 0.124057624, -0.0629484896, 0.0012335429, 0.1721159484, -0.0254124402, 0.0004437162, 0.1753182667], "max": [0.1174549887, 0.0805252678, 0.0261052392, -0.0597710937, -0.024269503], "min": [0.117449837, 0.0804410336, 0.025032644, -0.0661258855, -0.0265553774], "raw_data_size": "70"}}