{"user_1_2269": {"weights": [1.0], "gauss": [0.499573376, 0.0007498504, 0.5], "max": [0.5015048626], "min": [0.4976418895], "raw_data_size": "9995"}, "user_4_2269": {"weights": [1.0], "gauss": [0.4996755933, 0.0007594829, 0.5], "max": [0.5016318916], "min": [0.4977192949], "raw_data_size": "9996"}, "user_6_2269": {"weights": [1.0], "gauss": [0.4997076939, 0.0007689062, 0.5], "max": [0.501688265], "min": [0.4977271227], "raw_data_size": "9993"}, "user_2_2269": {"weights": [1.0], "gauss": [0.499346988, 0.0007749382, 0.5], "max": [0.5013430965], "min": [0.4973508794], "raw_data_size": "9991"}, "user_3_2269": {"weights": [1.0], "gauss": [0.4996330365, 0.0007887675, 0.5], "max": [0.501664767], "min": [0.497601306], "raw_data_size": "9991"}, "user_5_2269": {"weights": [1.0], "gauss": [0.4998856241, 0.0007678738, 0.5], "max": [0.5018635359], "min": [0.4979077123], "raw_data_size": "9994"}}