{"user_2_3383": {"weights": [1.0], "gauss": [0.4199453696, 0.0017104775, 0.5], "max": [0.4243512675], "min": [0.4155394716], "raw_data_size": "9991"}, "user_1_3383": {"weights": [1.0], "gauss": [0.42011207, 0.0017195031, 0.5], "max": [0.4245412165], "min": [0.4156829234], "raw_data_size": "9995"}, "user_4_3383": {"weights": [1.0], "gauss": [0.4200091711, 0.0017253384, 0.5], "max": [0.4244533483], "min": [0.4155649938], "raw_data_size": "9996"}, "user_6_3383": {"weights": [1.0], "gauss": [0.4202808135, 0.0017195821, 0.5], "max": [0.4247101635], "min": [0.4158514635], "raw_data_size": "9993"}, "user_5_3383": {"weights": [1.0], "gauss": [0.4202129603, 0.0017808554, 0.5], "max": [0.4248001399], "min": [0.4156257807], "raw_data_size": "9994"}, "user_3_3383": {"weights": [1.0], "gauss": [0.4194529616, 0.0017044906, 0.5], "max": [0.4238434383], "min": [0.4150624848], "raw_data_size": "9991"}}