{"user_3_2363": {"weights": [1.0], "gauss": [-0.0560207323, 0.0008620722, 0.5], "max": [-0.0538001816], "min": [-0.058241283], "raw_data_size": "9991"}, "user_2_2363": {"weights": [1.0], "gauss": [-0.0561604858, 0.0008499174, 0.5], "max": [-0.0539712438], "min": [-0.0583497279], "raw_data_size": "9991"}, "user_6_2363": {"weights": [1.0], "gauss": [-0.0563837437, 0.0008423984, 0.5], "max": [-0.0542138693], "min": [-0.0585536181], "raw_data_size": "9993"}, "user_5_2363": {"weights": [1.0], "gauss": [-0.0561118321, 0.0008297253, 0.5], "max": [-0.0539746013], "min": [-0.0582490628], "raw_data_size": "9994"}, "user_4_2363": {"weights": [1.0], "gauss": [-0.056052951, 0.0008219592, 0.5], "max": [-0.0539357245], "min": [-0.0581701775], "raw_data_size": "9996"}, "user_1_2363": {"weights": [1.0], "gauss": [-0.0560379884, 0.000833247, 0.5], "max": [-0.0538916864], "min": [-0.0581842903], "raw_data_size": "9995"}}