{"user_3_3345": {"weights": [-0.9039324608, 0.0004959276, 0.0491992442, -0.7920893416, 3.37528e-05, 0.0828715015, -0.8753932558, 0.0002094892, 0.1173103897, -0.8367186506, 0.0001033425, 0.1188511089, -0.8224708328, 7.24569e-05, 0.1317677557], "gauss": [-0.9039324608, 0.0004959276, 0.0491992442, -0.7920893416, 3.37528e-05, 0.0828715015, -0.8753932558, 0.0002094892, 0.1173103897, -0.8367186506, 0.0001033425, 0.1188511089, -0.8224708328, 7.24569e-05, 0.1317677557], "max": [-0.902655036, -0.7920024001, -0.8748536475, -0.8364524579, -0.8222841962], "min": [-0.9052098856, -0.792176283, -0.8759328641, -0.8369848432, -0.8226574695], "raw_data_size": "70"}, "user_2_3345": {"weights": [-0.9192784699, 8.62355e-05, 0.0433150412, -0.8477168969, 8.92619e-05, 0.0700561992, -0.8686611424, 0.0001502397, 0.0720884564, -0.8262470952, 4.50213e-05, 0.151730703, -0.8034351848, 0.0001420983, 0.1628096001], "gauss": [-0.9192784699, 8.62355e-05, 0.0433150412, -0.8477168969, 8.92619e-05, 0.0700561992, -0.8686611424, 0.0001502397, 0.0720884564, -0.8262470952, 4.50213e-05, 0.151730703, -0.8034351848, 0.0001420983, 0.1628096001], "max": [-0.9190563419, -0.8474869734, -0.8682741505, -0.8261311281, -0.8030691639], "min": [-0.9195005978, -0.8479468203, -0.8690481343, -0.8263630622, -0.8038012058], "raw_data_size": "57"}, "user_1_3345": {"weights": [0.3992583971, 0.6007416029], "gauss": [-0.8694907928, 0.0010067467, 0.1996291986, -0.8164231545, 0.0002000225, 0.3003708014], "max": [-0.8668975851, -0.8159079306], "min": [-0.8720840005, -0.8169383784], "raw_data_size": "30"}}