{"user_1_464": {"weights": 1, "gauss": [0.35741535242405353, 0.0007740437386490596, 0.5], "max": [0.35940915696829434], "min": [0.3554215478798127], "raw_data_size": "9995"}}