{"user_3_464": {"weights": [1.0], "gauss": [0.356770848630127, 0.0007555283043677853, 0.5], "max": [0.35871696057617813], "min": [0.3548247366840758], "raw_data_size": "9991"}}