{"user_5_2780": {"weights": [1.0], "gauss": [-0.13406791776684138, 0.0006009574084979143, 0.5], "max": [-0.13251995406384764], "min": [-0.1356158814698351], "raw_data_size": "9994"}}