{"user_6_2780": {"weights": 1, "gauss": [-0.133631703537918, 0.000606710390024293, 0.5], "max": [-0.13206892113652585], "min": [-0.13519448593931016], "raw_data_size": "9993"}}