{"user_3_2786": {"weights": 1, "gauss": [0.2976207230090856, 0.0011080782819091878, 0.5], "max": [0.3004749435182534], "min": [0.2947665024999178], "raw_data_size": "9991"}}