{"user_3_1040": {"weights": [0.12483890596659195, 0.16331701572297747, 0.16944342724327813, 0.21201861358979707, 0.33038203747735545], "gauss": [0.06443076566195922, 1.351711662750548e-05, 0.06241945298329597, -0.00928440627644083, 0.0005967309610677894, 0.08165850786148873, 0.0011755944996129977, 0.0001407193154164513, 0.08472171362163906, 0.09085605968394284, 0.0003149661646287765, 0.10600930679489853, 0.034831279763184585, 0.00014562119612114856, 0.16519101873867773], "max": [0.06446558344706785, -0.0077473291805875205, 0.0015380634358380335, 0.09166735876042005, 0.035206375107371284], "min": [0.0643959478768506, -0.01082148337229414, 0.000813125563387962, 0.09004476060746562, 0.034456184418997886], "raw_data_size": "70"}}