{"user_1_3028": {"weights": [0.0999998662, 0.1284572, 0.2766503742, 0.4948925595], "gauss": [-0.2305151937, 4.3503e-06, 0.0499999331, -0.2044939017, 2.3517e-05, 0.0642286, -0.1299662121, 0.0001492658, 0.1383251871, -0.1682581053, 0.0001228895, 0.2474462798], "max": [-0.2305039881, -0.2044333259, -0.129581729, -0.167941563], "min": [-0.2305263992, -0.2045544775, -0.1303506952, -0.1685746476], "raw_data_size": "30"}, "user_3_3028": {"weights": [0.1075400025, 0.1169276852, 0.1412555291, 0.2783900111, 0.3558867721], "gauss": [-0.1052510402, 0.0004520298, 0.0537700012, -0.2082220658, 0.0002131271, 0.0584638426, -0.1285689157, 4.89423e-05, 0.0706277645, -0.1551876538, 6.16109e-05, 0.1391950055, -0.1828640517, 8.87169e-05, 0.1779433861], "max": [-0.1040866885, -0.2076730869, -0.1284428488, -0.1550289546, -0.1826355321], "min": [-0.1064153918, -0.2087710448, -0.1286949827, -0.1553463529, -0.1830925713], "raw_data_size": "70"}, "user_2_3028": {"weights": [0.2081210934, 0.2131274206, 0.2864548274, 0.2922966587], "gauss": [-0.1562709364, 1.58109e-05, 0.1040605467, -0.2086213937, 0.0001691378, 0.1065637103, -0.1321473054, 0.0001298651, 0.1432274137, -0.1733053033, 4.11751e-05, 0.1461483293], "max": [-0.1562302103, -0.2081857236, -0.1318127951, -0.1731992434], "min": [-0.1563116625, -0.2090570638, -0.1324818156, -0.1734113633], "raw_data_size": "57"}}