{"user_2_2361": {"weights": [0.03500739342932646, 0.12375533657073265, 0.1812158140594887, 0.25213779486377397, 0.4078836610766783], "gauss": [-0.10262290229352887, 9.977257748598135e-05, 0.01750369671466323, -0.17521552997877787, 3.308996349879714e-05, 0.061877668285366325, -0.22234243329544606, 3.289465545890696e-05, 0.09060790702974435, -0.151028342875547, 0.00011284961584427555, 0.12606889743188698, -0.1994338616921329, 4.873694612124346e-05, 0.20394183053833914], "max": [-0.10236590516474987, -0.17513029588114432, -0.22225770227798486, -0.1507376615281611, -0.19930832363814832], "min": [-0.10287989942230787, -0.17530076407641143, -0.22242716431290727, -0.15131902422293292, -0.19955939974611747], "raw_data_size": "57"}}