{"user_2_1839": {"weights": [0.1464195347, 0.2151793429, 0.6384011224], "gauss": [-0.0440407607, 3.55304e-05, 0.0732097674, -0.1874640353, 0.0014595633, 0.1075896714, -0.1126243444, 0.0007280941, 0.3192005612], "max": [-0.0439492405, -0.1837044495, -0.1107488983], "min": [-0.0441322809, -0.1912236212, -0.1144997905], "raw_data_size": "57"}, "user_1_1839": {"weights": [0.3413898195, 0.6586101805], "gauss": [-0.1506058327, 0.0030318202, 0.1706949097, -0.1066573213, 0.000965267, 0.3293050903], "max": [-0.1427963813, -0.1041709582], "min": [-0.1584152841, -0.1091436843], "raw_data_size": "30"}, "user_3_1839": {"weights": [0.1271838237, 0.1378249528, 0.1902833791, 0.5447078444], "gauss": [-0.2142965139, 0.0005597362, 0.0635919119, -0.1720931732, 0.0005570145, 0.0689124764, -0.0599877754, 0.0001368475, 0.0951416895, -0.1135161213, 0.0003047872, 0.2723539222], "max": [-0.212854729, -0.1706583991, -0.0596352797, -0.1127310414], "min": [-0.2157382987, -0.1735279474, -0.0603402712, -0.1143012011], "raw_data_size": "70"}}