{"user_3_2886": {"weights": [1.0], "gauss": [-0.3057851621082851, 0.001156473450244429, 0.5], "max": [-0.3028062839063692], "min": [-0.308764040310201], "raw_data_size": "70"}}