{"user_1_3739": {"weights": [0.347144647, 1.64146e-05, 0.0333333594, 0.3230670075, 7.6645e-06, 0.0499641713, 0.2776686143, 5.39199e-05, 0.0875769672, 0.3000527177, 2.82264e-05, 0.113592734, 0.2615333742, 0.0001322054, 0.2155327681], "gauss": [0.347144647, 1.64146e-05, 0.0333333594, 0.3230670075, 7.6645e-06, 0.0499641713, 0.2776686143, 5.39199e-05, 0.0875769672, 0.3000527177, 2.82264e-05, 0.113592734, 0.2615333742, 0.0001322054, 0.2155327681], "max": [0.3471869281, 0.3230867499, 0.2778075028, 0.300125424, 0.2618739128], "min": [0.3471023658, 0.323047265, 0.2775297257, 0.2999800113, 0.2611928356], "raw_data_size": "30"}, "user_3_3739": {"weights": [0.1479719421, 0.2051019641, 0.2860879491, 0.3608381447], "gauss": [0.2470175794, 0.0003020698, 0.0739859711, 0.3254511711, 0.0007108032, 0.1025509821, 0.2964816259, 0.0001338033, 0.1430439745, 0.2761210044, 9.85908e-05, 0.1804190724], "max": [0.2477956597, 0.3272820788, 0.2968262804, 0.2763749574], "min": [0.246239499, 0.3236202634, 0.2961369714, 0.2758670513], "raw_data_size": "70"}, "user_2_3739": {"weights": [0.171300674, 0.3400000786, 0.4886992474], "gauss": [0.3254648686, 0.0007598471, 0.085650337, 0.2640946692, 0.0003204433, 0.1700000393, 0.2837721285, 0.0002437682, 0.2443496237], "max": [0.3274221049, 0.2649200763, 0.2844000336], "min": [0.3235076323, 0.2632692621, 0.2831442234], "raw_data_size": "57"}}