{"user_2_1672": {"weights": 1, "gauss": [0.13535790234829503, 0.0013270570731350798, 0.5], "max": [0.1387761748447582], "min": [0.13193962985183186], "raw_data_size": "9991"}}