{"user_5_1380": {"weights": [1.0], "gauss": [0.1350314039981924, 0.0022880860531832503, 0.5], "max": [0.14092512310302338], "min": [0.12913768489336144], "raw_data_size": "9994"}}