{"user_2_846": {"weights": [-0.14060849706492293, 6.24172220091344e-05, 0.018863733060521554, -0.24966431502840286, 1.9529646538853473e-05, 0.03408423384484538, -0.15873971912775597, 7.4784749325523525e-06, 0.041059236432586084, -0.18780149354599926, 0.00010615096523507072, 0.15313523877087976, -0.21537479937317724, 8.906946679492527e-05, 0.25285755789116726], "gauss": [-0.14060849706492293, 6.24172220091344e-05, 0.018863733060521554, -0.24966431502840286, 1.9529646538853473e-05, 0.03408423384484538, -0.15873971912775597, 7.4784749325523525e-06, 0.041059236432586084, -0.18780149354599926, 0.00010615096523507072, 0.15313523877087976, -0.21537479937317724, 8.906946679492527e-05, 0.25285755789116726], "max": [-0.14044772095542568, -0.24961400999256014, -0.15872045585287886, -0.18752806677914677, -0.2151453716305554], "min": [-0.14076927317442017, -0.24971462006424558, -0.1587589824026331, -0.18807492031285175, -0.2156042271157991], "raw_data_size": "57"}}