{"user_3_2846": {"weights": [1.0], "gauss": [-0.20828946568373982, 0.0027291811135294807, 0.5], "max": [-0.20125956099681835], "min": [-0.2153193703706613], "raw_data_size": "9991"}}