{"user_4_2846": {"weights": [1.0], "gauss": [-0.20862744992143248, 0.002737942194682783, 0.5], "max": [-0.20157497818494557], "min": [-0.21567992165791938], "raw_data_size": "9996"}}