{"user_1_976": {"weights": [0.03332453251513809, 0.15469068664166305, 0.179017137585242, 0.2344870625831061, 0.39848058067485065], "gauss": [-0.28393942117690973, 1.000000000194289e-06, 0.016662266257569044, -0.33852130692206533, 1.9182479848388722e-05, 0.07734534332083152, -0.31608294542499504, 6.826888205488279e-05, 0.089508568792621, -0.38738624395388094, 6.947722415664892e-05, 0.11724353129155304, -0.356996722917738, 2.0515157833549513e-05, 0.19924029033742532], "max": [-0.28393684534760566, -0.3384718961283571, -0.3159070964380776, -0.387207282483969, -0.3569438793730234], "min": [-0.2839419970062138, -0.3385707177157736, -0.3162587944119125, -0.38756520542379286, -0.35704956646245256], "raw_data_size": "30"}}