{"user_1_3510": {"weights": [-0.18722572950678323, 1.53499079438697e-05, 0.06760469175240943, -0.20865146942827925, 7.52021313607441e-05, 0.06883743235795704, -0.1795949615843048, 3.064549026524682e-05, 0.0791960031499826, -0.13825442529989093, 0.00014354694752904515, 0.10253977444534643, -0.16223170775738915, 4.874137402042619e-05, 0.1818220982943045], "gauss": [-0.18722572950678323, 1.53499079438697e-05, 0.06760469175240943, -0.20865146942827925, 7.52021313607441e-05, 0.06883743235795704, -0.1795949615843048, 3.064549026524682e-05, 0.0791960031499826, -0.13825442529989093, 0.00014354694752904515, 0.10253977444534643, -0.16223170775738915, 4.874137402042619e-05, 0.1818220982943045], "max": [-0.18718619076409462, -0.20845776157463092, -0.17951602403245795, -0.1378846728660106, -0.1621061582978921], "min": [-0.18726526824947184, -0.20884517728192759, -0.17967389913615164, -0.13862417773377125, -0.1623572572168862], "raw_data_size": "30"}}