{"user_1_1480": {"weights": [1.0], "gauss": [-0.3630987622409937, 0.001652745672307664, 0.5], "max": [-0.35884157150694995], "min": [-0.3673559529750374], "raw_data_size": "9995"}}