{"user_4_3609": {"weights": [1.0], "gauss": [0.06199921481311321, 0.0008406776985290042, 0.5], "max": [0.06416465706382427], "min": [0.05983377256240215], "raw_data_size": "9996"}}