{"user_4_2876": {"weights": 1, "gauss": [0.36858716552418874, 0.0006605105911571531, 0.5], "max": [0.37028852806019574], "min": [0.36688580298818174], "raw_data_size": "9996"}}