{"user_3_283": {"weights": [0.0828200079, 2.15545e-05, 0.0463093769, 0.0652720491, 7.31655e-05, 0.0658306116, 0.138789997, 8.22247e-05, 0.0766166611, 0.0981219694, 4.0121e-05, 0.1265848964, 0.1153254097, 4.15363e-05, 0.1846584541], "gauss": [0.0828200079, 2.15545e-05, 0.0463093769, 0.0652720491, 7.31655e-05, 0.0658306116, 0.138789997, 8.22247e-05, 0.0766166611, 0.0981219694, 4.0121e-05, 0.1265848964, 0.1153254097, 4.15363e-05, 0.1846584541], "max": [0.0828755287, 0.065460511, 0.1390017937, 0.0982253143, 0.1154324], "min": [0.082764487, 0.0650835871, 0.1385782003, 0.0980186246, 0.1152184194], "raw_data_size": "70"}, "user_1_283": {"weights": [1.0], "gauss": [0.1107649793, 0.0003665941, 0.5], "max": [0.1117092632], "min": [0.1098206954], "raw_data_size": "30"}, "user_2_283": {"weights": [0.1713024629, 0.4104915394, 0.4182059977], "gauss": [0.0827819924, 0.0004155241, 0.0856512315, 0.1232029162, 8.83408e-05, 0.2052457697, 0.1076101765, 8.87351e-05, 0.2091029988], "max": [0.0838523116, 0.1234304671, 0.1078387429], "min": [0.0817116732, 0.1229753653, 0.1073816102], "raw_data_size": "57"}}