{"user_1_3627": {"weights": 1, "gauss": [-0.11517817319595994, 0.0012775532215465863, 0.5], "max": [-0.11188741417105694], "min": [-0.11846893222086294], "raw_data_size": "9995"}}