{"user_2_3627": {"weights": [1.0], "gauss": [-0.11419175980396855, 0.0012488271903226742, 0.5], "max": [-0.11097499413206677], "min": [-0.11740852547587033], "raw_data_size": "9991"}}