{"user_3_639": {"weights": 1, "gauss": [-0.0027766647, 0.0003951372, 0.5], "max": [-0.0017588586], "min": [-0.0037944708], "raw_data_size": "9991"}, "user_6_639": {"weights": 1, "gauss": [-0.0029314485, 0.0003954887, 0.5], "max": [-0.0019127371], "min": [-0.0039501598], "raw_data_size": "9993"}, "user_1_639": {"weights": 1, "gauss": [-0.0027831685, 0.0004007243, 0.5], "max": [-0.0017509711], "min": [-0.003815366], "raw_data_size": "9995"}, "user_5_639": {"weights": 1, "gauss": [-0.0030128161, 0.0003844162, 0.5], "max": [-0.0020226256], "min": [-0.0040030066], "raw_data_size": "9994"}, "user_4_639": {"weights": 1, "gauss": [-0.0028014023, 0.0003916477, 0.5], "max": [-0.0017925847], "min": [-0.0038102198], "raw_data_size": "9996"}, "user_2_639": {"weights": 1, "gauss": [-0.0026585434, 0.0003900401, 0.5], "max": [-0.0016538667], "min": [-0.0036632201], "raw_data_size": "9991"}}