{"user_1_1761": {"weights": [1.0], "gauss": [0.22122563, 0.00076591, 0.5], "max": [0.2231984833], "min": [0.2192527766], "raw_data_size": "9995"}, "user_2_1761": {"weights": [1.0], "gauss": [0.220875027, 0.0007650319, 0.5], "max": [0.2228456187], "min": [0.2189044353], "raw_data_size": "9991"}, "user_6_1761": {"weights": [1.0], "gauss": [0.2206776242, 0.0007494732, 0.5], "max": [0.2226081392], "min": [0.2187471091], "raw_data_size": "9993"}, "user_5_1761": {"weights": [1.0], "gauss": [0.2209997398, 0.0007670349, 0.5], "max": [0.2229754908], "min": [0.2190239888], "raw_data_size": "9994"}, "user_3_1761": {"weights": [1.0], "gauss": [0.2204183971, 0.0007652011, 0.5], "max": [0.2223894246], "min": [0.2184473696], "raw_data_size": "9991"}, "user_4_1761": {"weights": [1.0], "gauss": [0.2207083117, 0.0007373822, 0.5], "max": [0.2226076825], "min": [0.2188089409], "raw_data_size": "9996"}}