{"user_1_1937": {"weights": [0.311166471, 2.10778e-05, 0.0494377482, 0.177922993, 3.23005e-05, 0.1000143923, 0.2400435703, 5.19867e-05, 0.1007485182, 0.2674060705, 0.0001825369, 0.1101453268, 0.2160021801, 6.05685e-05, 0.1396540145], "gauss": [0.311166471, 2.10778e-05, 0.0494377482, 0.177922993, 3.23005e-05, 0.1000143923, 0.2400435703, 5.19867e-05, 0.1007485182, 0.2674060705, 0.0001825369, 0.1101453268, 0.2160021801, 6.05685e-05, 0.1396540145], "max": [0.3112207638, 0.1780061934, 0.2401774792, 0.2678762545, 0.2161581943], "min": [0.3111121783, 0.1778397925, 0.2399096613, 0.2669358865, 0.215846166], "raw_data_size": "30"}, "user_2_1937": {"weights": [0.1843407436, 0.2431970279, 0.5724622285], "gauss": [0.3067884705, 0.0014325688, 0.0921703718, 0.175814713, 0.0002650838, 0.1215985139, 0.2396338519, 0.0007383373, 0.2862311143], "max": [0.3104785231, 0.1764975235, 0.2415356826], "min": [0.3030984179, 0.1751319025, 0.2377320211], "raw_data_size": "57"}, "user_3_1937": {"weights": [0.3290818847, 0.0006533094, 0.0413777489, 0.2911909518, 0.0005866548, 0.0637721949, 0.1769469176, 0.0005310642, 0.0873304586, 0.2135708614, 0.000102206, 0.1404325836, 0.2528264718, 0.0001988339, 0.1670870141], "gauss": [0.3290818847, 0.0006533094, 0.0413777489, 0.2911909518, 0.0005866548, 0.0637721949, 0.1769469176, 0.0005310642, 0.0873304586, 0.2135708614, 0.000102206, 0.1404325836, 0.2528264718, 0.0001988339, 0.1670870141], "max": [0.3307646982, 0.2927020744, 0.1783148483, 0.2138341265, 0.2533386341], "min": [0.3273990712, 0.2896798292, 0.1755789869, 0.2133075963, 0.2523143096], "raw_data_size": "70"}}