{"user_5_3852": {"weights": 1, "gauss": [0.5651424585882494, 0.001055185408010999, 0.5], "max": [0.5678604360828814], "min": [0.5624244810936174], "raw_data_size": "9994"}}