{"user_1_3149": {"weights": 1, "gauss": [-0.25565889827423516, 0.0007641328977750068, 0.5], "max": [-0.25369062236434053], "min": [-0.2576271741841298], "raw_data_size": "9995"}}