{"user_2_3706": {"weights": [0.0526556588947325, 0.0684718013694583, 0.20011495678461144, 0.31763615958373637, 0.36112142336746145], "gauss": [0.20027338190248703, 4.989747534440186e-05, 0.02632782944736625, 0.17215133105486843, 6.410286300043532e-06, 0.03423590068472915, 0.12868295834870738, 1.6393494953202386e-05, 0.10005747839230572, 0.11298374596620683, 8.175227108989523e-05, 0.15881807979186818, 0.14952182984549214, 4.916448841859014e-05, 0.18056071168373072], "max": [0.20040190928165225, 0.17216784285816422, 0.12872518519339543, 0.11319432586171185, 0.14964846917545474], "min": [0.2001448545233218, 0.17213481925157265, 0.12864073150401933, 0.11277316607070181, 0.14939519051552955], "raw_data_size": "57"}}