{"user_2_3210": {"weights": [0.13680813408561804, 0.1436210602437592, 0.20056195500083282, 0.24077253893920725, 0.2782363117305827], "gauss": [-0.641876668995615, 6.694312913954514e-05, 0.06840406704280902, -0.5342733539239863, 0.00018430913451908293, 0.0718105301218796, -0.5658831711759498, 0.00015876394962607742, 0.10028097750041641, -0.6090843116986973, 6.048822709234136e-05, 0.12038626946960362, -0.5864919244343276, 8.30068563835985e-05, 0.13911815586529136], "max": [-0.6417042349219061, -0.5337986050543804, -0.5654742223421557, -0.6089285043508331, -0.5862781129412593], "min": [-0.642049103069324, -0.5347481027935923, -0.5662921200097438, -0.6092401190465614, -0.5867057359273959], "raw_data_size": "57"}}