{"user_1_1546": {"weights": [0.11498085881600693, 0.12887923254261974, 0.32587808333105306, 0.43026182531032026], "gauss": [0.11046581357419519, 0.00033998127586184416, 0.05749042940800347, 0.21770847539051946, 2.3354338317411016e-05, 0.06443961627130987, 0.13805105743956658, 0.0001998005979141616, 0.16293904166552653, 0.1747897102494031, 0.00018066670680684762, 0.21513091265516013], "max": [0.11134154730721807, 0.21776863217952244, 0.13856570967454046, 0.17525507684697186], "min": [0.1095900798411723, 0.21764831860151648, 0.1375364052045927, 0.17432434365183433], "raw_data_size": "30"}}