{"user_1_47": {"weights": [1.0], "gauss": [0.2583738487, 0.0007629697, 0.5], "max": [0.2603391284], "min": [0.2564085689], "raw_data_size": "9995"}, "user_4_47": {"weights": [1.0], "gauss": [0.2582315624, 0.0007458606, 0.5], "max": [0.2601527719], "min": [0.2563103529], "raw_data_size": "9996"}, "user_2_47": {"weights": [1.0], "gauss": [0.2581886865, 0.0007407938, 0.5], "max": [0.2600968448], "min": [0.2562805282], "raw_data_size": "9991"}, "user_6_47": {"weights": [1.0], "gauss": [0.2582308297, 0.0007402908, 0.5], "max": [0.2601376925], "min": [0.2563239669], "raw_data_size": "9993"}, "user_5_47": {"weights": [1.0], "gauss": [0.258219874, 0.0007505621, 0.5], "max": [0.2601531939], "min": [0.2562865542], "raw_data_size": "9994"}, "user_3_47": {"weights": [1.0], "gauss": [0.258262557, 0.0007601542, 0.5], "max": [0.2602205846], "min": [0.2563045295], "raw_data_size": "9991"}}