{"user_1_3922": {"weights": 1, "gauss": [0.1926815881, 0.0016385661, 0.5], "max": [0.1969022546], "min": [0.1884609215], "raw_data_size": "9995"}, "user_4_3922": {"weights": 1, "gauss": [0.1924368431, 0.0016190096, 0.5], "max": [0.1966071354], "min": [0.1882665508], "raw_data_size": "9996"}, "user_5_3922": {"weights": 1, "gauss": [0.1928615525, 0.0016523515, 0.5], "max": [0.1971177278], "min": [0.1886053771], "raw_data_size": "9994"}, "user_2_3922": {"weights": 1, "gauss": [0.1921118746, 0.0016366011, 0.5], "max": [0.1963274796], "min": [0.1878962696], "raw_data_size": "9991"}, "user_3_3922": {"weights": 1, "gauss": [0.1920596788, 0.0016455166, 0.5], "max": [0.1962982487], "min": [0.1878211089], "raw_data_size": "9991"}, "user_6_3922": {"weights": 1, "gauss": [0.1918265554, 0.0016285278, 0.5], "max": [0.196021365], "min": [0.1876317458], "raw_data_size": "9993"}}