{"user_1_463": {"weights": [0.07091570549173305, 0.929084294508267], "gauss": [-0.18216483811004283, 0.0014947386988980519, 0.035457852745866526, -0.10441952453863425, 0.002200909705531444, 0.4645421472541335], "max": [-0.17831464636827268, -0.09875035682466117], "min": [-0.18601502985181298, -0.11008869225260733], "raw_data_size": "30"}}