{"user_2_500": {"weights": 1, "gauss": [0.12492429232005896, 0.001446365727859315, 0.5], "max": [0.1286498835455278], "min": [0.1211987010945901], "raw_data_size": "9991"}}