{"user_1_3284": {"weights": [0.0333333332, 0.1419029793, 0.2009814722, 0.2984802836, 0.3253019317], "gauss": [-0.4228069782, 1e-06, 0.0166666666, -0.5909867372, 0.0003396389, 0.0709514896, -0.4739616405, 6.75231e-05, 0.1004907361, -0.506865092, 9.80511e-05, 0.1492401418, -0.5493301219, 3.85501e-05, 0.1626509659], "max": [-0.4228044024, -0.5901118855, -0.4737877126, -0.5066125291, -0.5492308235], "min": [-0.4228095541, -0.5918615889, -0.4741355684, -0.507117655, -0.5494294204], "raw_data_size": "30"}, "user_2_3284": {"weights": [0.2090057631, 0.3290229148, 0.4619713221], "gauss": [-0.4555121185, 0.000532123, 0.1045028816, -0.5024419274, 0.0004529398, 0.1645114574, -0.5582997004, 0.000756274, 0.230985661], "max": [-0.4541414604, -0.5012752318, -0.5563516676], "min": [-0.4568827766, -0.5036086231, -0.5602477331], "raw_data_size": "57"}, "user_3_3284": {"weights": [-0.6307589244, 4.5498e-05, 0.0285714609, -0.4388936935, 0.0001715357, 0.062035012, -0.5552030946, 3.06676e-05, 0.0620443786, -0.5862397068, 4.98152e-05, 0.0646496766, -0.5024525977, 0.0003055341, 0.2826994719], "gauss": [-0.6307589244, 4.5498e-05, 0.0285714609, -0.4388936935, 0.0001715357, 0.062035012, -0.5552030946, 3.06676e-05, 0.0620443786, -0.5862397068, 4.98152e-05, 0.0646496766, -0.5024525977, 0.0003055341, 0.2826994719], "max": [-0.6306417293, -0.4384518468, -0.5551241001, -0.5861113913, -0.5016655941], "min": [-0.6308761196, -0.4393355401, -0.555282089, -0.5863680222, -0.5032396013], "raw_data_size": "70"}}