{"user_1_1744": {"weights": 1, "gauss": [-0.30462804294454804, 0.0006019487698419441, 0.5], "max": [-0.30307752566395396], "min": [-0.3061785602251421], "raw_data_size": "9995"}}