{"user_4_1744": {"weights": [1.0], "gauss": [-0.30527539423998473, 0.0005734911493301816, 0.5], "max": [-0.3037981789322141], "min": [-0.30675260954775535], "raw_data_size": "9996"}}