{"user_4_943": {"weights": [1.0], "gauss": [0.146701865, 0.0009101456, 0.5], "max": [0.1490462447], "min": [0.1443574853], "raw_data_size": "9996"}, "user_2_943": {"weights": [1.0], "gauss": [0.1472261824, 0.000869894, 0.5], "max": [0.1494668809], "min": [0.144985484], "raw_data_size": "9991"}, "user_3_943": {"weights": [1.0], "gauss": [0.1471547787, 0.0008875729, 0.5], "max": [0.1494410151], "min": [0.1448685423], "raw_data_size": "9991"}, "user_5_943": {"weights": [1.0], "gauss": [0.1476256341, 0.0008896409, 0.5], "max": [0.1499171971], "min": [0.145334071], "raw_data_size": "9994"}, "user_1_943": {"weights": [1.0], "gauss": [0.1477642433, 0.0009089084, 0.5], "max": [0.1501054361], "min": [0.1454230505], "raw_data_size": "9995"}, "user_6_943": {"weights": [1.0], "gauss": [0.1471277265, 0.0008911196, 0.5], "max": [0.1494230986], "min": [0.1448323544], "raw_data_size": "9993"}}