{"user_4_3441": {"weights": [1.0], "gauss": [0.0948335008, 0.0009357333, 0.5], "max": [0.09724379], "min": [0.0924232115], "raw_data_size": "9996"}, "user_2_3441": {"weights": [1.0], "gauss": [0.0955942904, 0.0009094626, 0.5], "max": [0.0979369109], "min": [0.0932516698], "raw_data_size": "9991"}, "user_5_3441": {"weights": [1.0], "gauss": [0.0950258786, 0.0009324668, 0.5], "max": [0.0974277539], "min": [0.0926240033], "raw_data_size": "9994"}, "user_3_3441": {"weights": [1.0], "gauss": [0.0952934531, 0.0009072574, 0.5], "max": [0.0976303933], "min": [0.092956513], "raw_data_size": "9991"}, "user_1_3441": {"weights": [1.0], "gauss": [0.094854728, 0.0009209551, 0.5], "max": [0.0972269512], "min": [0.0924825048], "raw_data_size": "9995"}, "user_6_3441": {"weights": [1.0], "gauss": [0.0954603283, 0.0009071321, 0.5], "max": [0.0977969457], "min": [0.0931237109], "raw_data_size": "9993"}}