{"user_1_945": {"weights": 1, "gauss": [-0.08626685759360839, 0.0019083009470523867, 0.5], "max": [-0.08135140009420073], "min": [-0.09118231509301604], "raw_data_size": "9995"}}