{"user_2_1774": {"weights": 1, "gauss": [-0.05301902193749731, 0.002210497813349334, 0.5], "max": [-0.04732515689444133], "min": [-0.05871288698055329], "raw_data_size": "9991"}}