{"user_5_1774": {"weights": [1.0], "gauss": [-0.051550914603213295, 0.0022224946930927865, 0.5], "max": [-0.045826147645762975], "min": [-0.057275681560663615], "raw_data_size": "9994"}}