{"user_6_2554": {"weights": [1.0], "gauss": [0.233249426, 0.0010896468, 0.5], "max": [0.2360561702], "min": [0.2304426817], "raw_data_size": "9993"}, "user_5_2554": {"weights": [1.0], "gauss": [0.2327322353, 0.0010748872, 0.5], "max": [0.2355009612], "min": [0.2299635093], "raw_data_size": "9994"}, "user_4_2554": {"weights": [1.0], "gauss": [0.2331244757, 0.0010467012, 0.5], "max": [0.2358205992], "min": [0.2304283522], "raw_data_size": "9996"}, "user_1_2554": {"weights": [1.0], "gauss": [0.2325673222, 0.0010935838, 0.5], "max": [0.2353842074], "min": [0.229750437], "raw_data_size": "9995"}, "user_3_2554": {"weights": [1.0], "gauss": [0.2332253298, 0.0010963947, 0.5], "max": [0.2360494555], "min": [0.2304012041], "raw_data_size": "9991"}, "user_2_2554": {"weights": [1.0], "gauss": [0.2325182039, 0.0010836458, 0.5], "max": [0.2353094905], "min": [0.2297269173], "raw_data_size": "9991"}}