{"user_4": {"gauss": [-1.4152227323, 0.0724034088, 0.0581926023, -2.4187596395, 0.1067533369, 0.0705518227, -0.0334510057, 0.2884194208, 0.1187594169, -3.9175350851, 0.317335942, 0.1206327331, 1.9207519403, 0.3532435808, 0.1318634251], "weights": [0.1163852046, 0.1411036453, 0.2375188337, 0.2412654661, 0.2637268502], "max": 2.9, "min": -4.9, "raw_data_size": 50000}, "user_3": {"gauss": [1.2104598295, 0.0704656239, 0.0581939362, 2.3240134638, 0.1705048804, 0.0851961363, -2.2708777821, 0.1735259543, 0.0918675514, -3.8858393227, 0.32927516, 0.1108225167, -0.399017759, 0.4631363392, 0.1539198594], "weights": [0.1163878725, 0.1703922725, 0.1837351028, 0.2216450334, 0.3078397188], "max": 3.1, "min": -4.9, "raw_data_size": 5000}, "user_1": {"gauss": [-2.0328968909, 0.1080646, 0.0814218961, -3.4344460554, 0.2626175206, 0.122297101, 1.7344827731, 0.2623554482, 0.1223098851, -0.2965967774, 0.4724648573, 0.1739711178], "weights": [0.1628437922, 0.2445942021, 0.2446197701, 0.3479422356], "max": 2.7, "min": -4.4, "raw_data_size": 1000}, "user_2": {"gauss": [1.2540862106, 0.0579679341, 0.0555120291, 2.2034319109, 0.0997528742, 0.0746626748, -1.8234683432, 0.1530343591, 0.0890278469, -0.1669876224, 0.3525071872, 0.138794569, -3.5402390662, 0.415771032, 0.1420028802], "weights": [0.1110240581, 0.1493253497, 0.1780556938, 0.277589138, 0.2840057604], "max": 2.7, "min": -4.7, "raw_data_size": 4000}}