{"user_5_1603": {"weights": [1.0], "gauss": [-0.08429419925527488, 0.0006259117206748641, 0.5], "max": [-0.08268195750372585], "min": [-0.08590644100682392], "raw_data_size": "9994"}}