{"user_6_123": {"weights": 1, "gauss": [0.10252527218755503, 0.0005335530280214912, 0.5], "max": [0.10389961371213004], "min": [0.10115093066298002], "raw_data_size": "9993"}}