{"user_3_1434": {"weights": [1.0], "gauss": [-0.159265045, 0.0009727955, 0.5], "max": [-0.1567592899], "min": [-0.1617708001], "raw_data_size": "9991"}, "user_6_1434": {"weights": [1.0], "gauss": [-0.1593475718, 0.0009736046, 0.5], "max": [-0.1568397325], "min": [-0.1618554111], "raw_data_size": "9993"}, "user_2_1434": {"weights": [1.0], "gauss": [-0.1602197496, 0.0010011692, 0.5], "max": [-0.1576409086], "min": [-0.1627985906], "raw_data_size": "9991"}, "user_4_1434": {"weights": [1.0], "gauss": [-0.1593905801, 0.0010081406, 0.5], "max": [-0.1567937821], "min": [-0.161987378], "raw_data_size": "9996"}, "user_1_1434": {"weights": [1.0], "gauss": [-0.1590733398, 0.0010008783, 0.5], "max": [-0.1564952482], "min": [-0.1616514313], "raw_data_size": "9995"}, "user_5_1434": {"weights": [1.0], "gauss": [-0.1594348943, 0.0010024082, 0.5], "max": [-0.156852862], "min": [-0.1620169266], "raw_data_size": "9994"}}