{"user_3_3495": {"weights": 1, "gauss": [0.41958551322137033, 0.0021382432621154515, 0.5], "max": [0.4250932628740433], "min": [0.41407776356869735], "raw_data_size": "9991"}}