{"user_1_1494": {"weights": [1.0], "gauss": [0.07093561430307493, 0.0008516918137609751, 0.5], "max": [0.07312942703455316], "min": [0.0687418015715967], "raw_data_size": "9995"}}