{"user_1_1410": {"weights": [1.0], "gauss": [-0.27217523669541616, 0.003356351417587055, 0.5], "max": [-0.26352984836098753], "min": [-0.2808206250298448], "raw_data_size": "9995"}}