{"user_2_3777": {"weights": 1, "gauss": [-0.059540309729671476, 0.0012739847355043396, 0.5], "max": [-0.056258742515685405], "min": [-0.06282187694365755], "raw_data_size": "9991"}}