{"user_5_1403": {"weights": 1, "gauss": [-0.2151812618123221, 0.0033590867967515986, 0.5], "max": [-0.20652882760808514], "min": [-0.22383369601655909], "raw_data_size": "9994"}}