{"user_2_2506": {"weights": 1, "gauss": [0.1420735865, 0.0009914494, 0.5], "max": [0.1446273909], "min": [0.1395197822], "raw_data_size": "9991"}, "user_6_2506": {"weights": 1, "gauss": [0.1419039865, 0.0009869565, 0.5], "max": [0.1444462179], "min": [0.1393617551], "raw_data_size": "9993"}, "user_1_2506": {"weights": 1, "gauss": [0.1413220167, 0.0009823678, 0.5], "max": [0.1438524284], "min": [0.1387916051], "raw_data_size": "9995"}, "user_3_2506": {"weights": 1, "gauss": [0.1418881808, 0.000979091, 0.5], "max": [0.144410152], "min": [0.1393662096], "raw_data_size": "9991"}, "user_4_2506": {"weights": 1, "gauss": [0.1417952099, 0.000942677, 0.5], "max": [0.144223385], "min": [0.1393670349], "raw_data_size": "9996"}, "user_5_2506": {"weights": 1, "gauss": [0.1414101561, 0.0009839387, 0.5], "max": [0.1439446142], "min": [0.138875698], "raw_data_size": "9994"}}