{"user_1_3850": {"weights": [0.19540662473682138, 0.8045933752631786], "gauss": [0.2859379592569088, 0.00032186071358597426, 0.09770331236841069, 0.22151133138394985, 0.0006876687350537762, 0.4022966876315893], "max": [0.2867670175146247, 0.22328264866283576], "min": [0.2851089009991929, 0.21974001410506394], "raw_data_size": "30"}}