{"user_5_1168": {"weights": 1, "gauss": [0.2383952002232233, 0.0012736142548462326, 0.5], "max": [0.24167581314227382], "min": [0.23511458730417278], "raw_data_size": "9994"}}