{"user_3_1168": {"weights": 1, "gauss": [0.23957961439814673, 0.0012257166276141488, 0.5], "max": [0.2427368512054024], "min": [0.23642237759089108], "raw_data_size": "9991"}}