{"user_3_992": {"weights": [0.014284715221496356, 0.07141406633225604, 0.18434578606413762, 0.3156691185655244, 0.41428631381658565], "gauss": [0.5297988057136523, 1.0000000006106226e-06, 0.007142357610748178, 0.34727031948673887, 2.071848137312382e-05, 0.03570703316612802, 0.41012965351245795, 0.00019613962559988829, 0.09217289303206881, 0.4827180552216581, 0.0001074546560297086, 0.1578345592827622, 0.4446871215067745, 0.00010402798917741218, 0.20714315690829282], "max": [0.5298013815429574, 0.3473236867581848, 0.41063487570766527, 0.4829948400734622, 0.4449550798496869], "min": [0.5297962298843473, 0.3472169522152929, 0.4096244313172506, 0.482441270369854, 0.44441916316386204], "raw_data_size": "70"}}