{"user_6_302": {"weights": [1.0], "gauss": [-0.04068203981273541, 0.0020004499094434464, 0.5], "max": [-0.035529222315709236], "min": [-0.045834857309761584], "raw_data_size": "9993"}}