{"user_6_831": {"weights": [1.0], "gauss": [0.08708277875005978, 0.0014911860028707974, 0.5], "max": [0.09092381935329633], "min": [0.08324173814682323], "raw_data_size": "9993"}}