{"user_2_3575": {"weights": 1, "gauss": [0.3884193672043029, 0.0006405562795576404, 0.5], "max": [0.39006933083975975], "min": [0.3867694035688461], "raw_data_size": "9991"}}