{"user_6_2757": {"weights": [1.0], "gauss": [0.24169943073810674, 0.0006659865665348531, 0.5], "max": [0.24341489845195713], "min": [0.23998396302425634], "raw_data_size": "9993"}}