{"user_3_3134": {"weights": 1, "gauss": [-0.19822848854269798, 0.0018212904849003858, 0.5], "max": [-0.19353715514141678], "min": [-0.20291982194397917], "raw_data_size": "9991"}}