{"user_5_3650": {"weights": [1.0], "gauss": [0.0596852785, 0.0009820931, 0.5], "max": [0.0622149828], "min": [0.0571555742], "raw_data_size": "9994"}, "user_6_3650": {"weights": [1.0], "gauss": [0.0599094467, 0.0009677806, 0.5], "max": [0.0624022842], "min": [0.0574166091], "raw_data_size": "9993"}, "user_4_3650": {"weights": [1.0], "gauss": [0.059895511, 0.0009595311, 0.5], "max": [0.0623670994], "min": [0.0574239226], "raw_data_size": "9996"}, "user_2_3650": {"weights": [1.0], "gauss": [0.0605265541, 0.0009698571, 0.5], "max": [0.0630247405], "min": [0.0580283677], "raw_data_size": "9991"}, "user_3_3650": {"weights": [1.0], "gauss": [0.0603545874, 0.0009537994, 0.5], "max": [0.0628114117], "min": [0.057897763], "raw_data_size": "9991"}, "user_1_3650": {"weights": [1.0], "gauss": [0.0599872751, 0.0009861171, 0.5], "max": [0.0625273443], "min": [0.0574472058], "raw_data_size": "9995"}}