{"user_2_2701": {"weights": [0.3752820485115345, 0.6247179514884655], "gauss": [0.046236365926805446, 0.0017534744287912034, 0.18764102425576726, 0.08877041783792353, 0.0005309467122665339, 0.31235897574423277], "max": [0.050753016743509495, 0.0901380459380026], "min": [0.0417197151101014, 0.08740278973784445], "raw_data_size": "57"}}