{"user_6_3470": {"weights": [1.0], "gauss": [0.2482851821, 0.0008642183, 0.5], "max": [0.2505112609], "min": [0.2460591032], "raw_data_size": "9993"}, "user_5_3470": {"weights": [1.0], "gauss": [0.2485294405, 0.0008640799, 0.5], "max": [0.2507551629], "min": [0.2463037182], "raw_data_size": "9994"}, "user_2_3470": {"weights": [1.0], "gauss": [0.2481706759, 0.0008794242, 0.5], "max": [0.2504359226], "min": [0.2459054292], "raw_data_size": "9991"}, "user_1_3470": {"weights": [1.0], "gauss": [0.2485543678, 0.0008732024, 0.5], "max": [0.2508035882], "min": [0.2463051474], "raw_data_size": "9995"}, "user_3_3470": {"weights": [1.0], "gauss": [0.2485456994, 0.0008798474, 0.5], "max": [0.2508120362], "min": [0.2462793626], "raw_data_size": "9991"}, "user_4_3470": {"weights": [1.0], "gauss": [0.248448167, 0.0008721213, 0.5], "max": [0.2506946026], "min": [0.2462017314], "raw_data_size": "9996"}}