{"user_2_2605": {"weights": [0.017526773, 0.1749155129, 0.2866813763, 0.5208763378], "gauss": [0.2483420819, 1e-06, 0.0087633865, 0.366410319, 0.0001664472, 0.0874577564, 0.2985171324, 0.0001769399, 0.1433406881, 0.3415265626, 0.0001295188, 0.2604381689], "max": [0.2483446577, 0.3668390586, 0.2989728993, 0.3418601809], "min": [0.2483395061, 0.3659815794, 0.2980613655, 0.3411929444], "raw_data_size": "57"}, "user_3_2605": {"weights": [0.0906001377, 0.1616692533, 0.1781166813, 0.2251576184, 0.3444563094], "gauss": [0.4021326062, 4.90555e-05, 0.0453000688, 0.3107600091, 6.67216e-05, 0.0808346266, 0.3709234578, 9.30516e-05, 0.0890583406, 0.2836049153, 0.0002009124, 0.1125788092, 0.339482223, 0.0001183341, 0.1722281547], "max": [0.4022589649, 0.3109318725, 0.371163143, 0.2841224314, 0.3397870315], "min": [0.4020062475, 0.3105881457, 0.3706837727, 0.2830873992, 0.3391774145], "raw_data_size": "70"}, "user_1_2605": {"weights": [0.0332967768, 0.1901096428, 0.3433030075, 0.4332905729], "gauss": [0.2483420819, 1e-06, 0.0166483884, 0.2937851942, 0.0001743468, 0.0950548214, 0.324606906, 0.0001088289, 0.1716515037, 0.3514550558, 0.0001465645, 0.2166452865], "max": [0.2483446577, 0.2942342819, 0.3248872305, 0.3518325809], "min": [0.2483395061, 0.2933361066, 0.3243265814, 0.3510775306], "raw_data_size": "30"}}