{"user_3_2706": {"weights": 1, "gauss": [-0.5904943323779073, 0.0020393177917981944, 0.5], "max": [-0.5852413978505449], "min": [-0.5957472669052697], "raw_data_size": "9991"}}