{"user_2_2706": {"weights": 1, "gauss": [-0.5911826238180972, 0.002050197171551831, 0.5], "max": [-0.5859016658655609], "min": [-0.5964635817706334], "raw_data_size": "9991"}}