{"user_3_2220": {"weights": 1, "gauss": [-0.4600502797, 0.001517888, 0.5], "max": [-0.4561404592], "min": [-0.4639601002], "raw_data_size": "9991"}, "user_2_2220": {"weights": 1, "gauss": [-0.4603435965, 0.0015567252, 0.5], "max": [-0.4563337382], "min": [-0.4643534549], "raw_data_size": "9991"}, "user_5_2220": {"weights": 1, "gauss": [-0.4590579342, 0.0015510861, 0.5], "max": [-0.4550626012], "min": [-0.4630532672], "raw_data_size": "9994"}, "user_6_2220": {"weights": 1, "gauss": [-0.4589255577, 0.0015119431, 0.5], "max": [-0.4550310503], "min": [-0.4628200651], "raw_data_size": "9993"}, "user_1_2220": {"weights": 1, "gauss": [-0.4596064032, 0.0015481674, 0.5], "max": [-0.4556185884], "min": [-0.4635942181], "raw_data_size": "9995"}, "user_4_2220": {"weights": 1, "gauss": [-0.460110803, 0.0015549316, 0.5], "max": [-0.4561055646], "min": [-0.4641160414], "raw_data_size": "9996"}}