{"user_1_1122": {"weights": 1, "gauss": [-0.06603666503752331, 0.0008601137767588906, 0.5], "max": [-0.06382115876696165], "min": [-0.06825217130808497], "raw_data_size": "9995"}}