{"user_2_181": {"weights": [0.24343224944870107, 0.24449021888312505, 0.5120775316681739], "gauss": [-0.01162095558665701, 0.0005311115200565, 0.12171612472435053, 0.08503835061260305, 0.00026092635907259693, 0.12224510944156253, 0.033918867003542894, 0.00036957751266348496, 0.25603876583408697], "max": [-0.010252902969843077, 0.08571045237437057, 0.034870835590594215], "min": [-0.012989008203470943, 0.08436624885083553, 0.03296689841649157], "raw_data_size": "57"}}