{"user_1_3372": {"weights": [1.0], "gauss": [0.3172503012912616, 0.0010833989675269595, 0.5], "max": [0.32004095209925215], "min": [0.314459650483271], "raw_data_size": "9995"}}