{"user_2_1227": {"weights": [0.07776657122889423, 0.1393285245703597, 0.38894096879148926, 0.39396393540925684], "gauss": [-0.09651625727369785, 0.00028723271358331137, 0.038883285614447115, -0.07041292039194152, 0.0001000419553144441, 0.06966426228517986, -0.03841044730609126, 7.550094080194342e-05, 0.19447048439574463, -0.011201540523056887, 0.00025648189682417214, 0.19698196770462842], "max": [-0.0957763948331121, -0.07015522939185825, -0.0382159697703281, -0.010540886937387379], "min": [-0.0972561197142836, -0.0706706113920248, -0.03860492484185441, -0.011862194108726395], "raw_data_size": "57"}}