{"user_3_2419": {"weights": [0.34155294214589, 0.65844705785411], "gauss": [0.3399266579017036, 0.0006397908766940509, 0.170776471072945, 0.3958720811072844, 0.000454987825791119, 0.329223528927055], "max": [0.3415746499900354, 0.39704405208171517], "min": [0.33827866581337185, 0.3947001101328536], "raw_data_size": "70"}}