{"user_1_3372": {"weights": [1.0], "gauss": [0.31596719821294145, 0.0007239050567748724, 0.5], "max": [0.3178318540711694], "min": [0.3141025423547135], "raw_data_size": "30"}}