{"user_5_1942": {"weights": [1.0], "gauss": [-0.7173728217280535, 0.0013012766136552823, 0.5], "max": [-0.7140209552945773], "min": [-0.7207246881615297], "raw_data_size": "9994"}}