{"user_5_1081": {"weights": [1.0], "gauss": [-0.4028009833337308, 0.0033069864636897086, 0.5], "max": [-0.39428275069411933], "min": [-0.4113192159733423], "raw_data_size": "9994"}}