{"user_6_3786": {"weights": [1.0], "gauss": [0.505561645788243, 0.0008278129440565653, 0.5], "max": [0.507693950627401], "min": [0.5034293409490851], "raw_data_size": "9993"}}