{"user_1_3786": {"weights": [1.0], "gauss": [0.5054497772095604, 0.0008317090380655358, 0.5], "max": [0.5075921177218361], "min": [0.5033074366972847], "raw_data_size": "9995"}}