{"user_3_989": {"weights": [0.15131351743976354, 0.21620569875486312, 0.3055938757508573, 0.3268869080545159], "gauss": [-0.741731078136383, 0.00017446652928662553, 0.07565675871988177, -0.8515029691198613, 0.0003235605584687985, 0.10810284937743156, -0.79497221700612, 8.751768901546397e-05, 0.15279693787542864, -0.7617088479555146, 8.563103054934251e-05, 0.16344345402725796], "max": [-0.741281682137758, -0.8506695323518848, -0.7947467863781751, -0.7614882770377326], "min": [-0.7421804741350079, -0.8523364058878379, -0.7951976476340649, -0.7619294188732967], "raw_data_size": "70"}}