{"user_3_1565": {"weights": 1, "gauss": [0.3478872262, 0.0007989718, 0.5], "max": [0.3499452411], "min": [0.3458292113], "raw_data_size": "9991"}, "user_5_1565": {"weights": 1, "gauss": [0.3476178019, 0.0008037402, 0.5], "max": [0.3496880995], "min": [0.3455475042], "raw_data_size": "9994"}, "user_1_1565": {"weights": 1, "gauss": [0.3474729087, 0.0007828068, 0.5], "max": [0.3494892854], "min": [0.345456532], "raw_data_size": "9995"}, "user_6_1565": {"weights": 1, "gauss": [0.3482487159, 0.0008008229, 0.5], "max": [0.3503114989], "min": [0.3461859329], "raw_data_size": "9993"}, "user_2_1565": {"weights": 1, "gauss": [0.3484794238, 0.0008030675, 0.5], "max": [0.3505479887], "min": [0.3464108589], "raw_data_size": "9991"}, "user_4_1565": {"weights": 1, "gauss": [0.3478141153, 0.0008168188, 0.5], "max": [0.3499181011], "min": [0.3457101295], "raw_data_size": "9996"}}