{"user_1_3409": {"weights": 1, "gauss": [-0.3158169946149462, 0.0008015305926947898, 0.5], "max": [-0.31375238862659205], "min": [-0.3178816006033004], "raw_data_size": "9995"}}