{"user_3_3991": {"weights": [0.09570958334856586, 0.3232378393259609, 0.5810525773254732], "gauss": [-1.0679962776495853, 0.0008763046496337014, 0.04785479167428293, -1.02860926955002, 0.00038625416621326694, 0.16161891966298045, -0.9702605367668009, 0.00043970084507380283, 0.2905262886627366], "max": [-1.0657390664542226, -1.02761434475007, -0.9691279424452646], "min": [-1.070253488844948, -1.0296041943499699, -0.9713931310883372], "raw_data_size": "70"}}