{"user_3_2858": {"weights": [1.0], "gauss": [0.09761593273508662, 0.0006180340346900762, 0.5], "max": [0.09920788291223187], "min": [0.09602398255794137], "raw_data_size": "9991"}}