{"user_3_2291": {"weights": [1.0], "gauss": [0.1043642817, 0.0007308796, 0.5], "max": [0.1062469028], "min": [0.1024816606], "raw_data_size": "9991"}, "user_1_2291": {"weights": [1.0], "gauss": [0.1043359869, 0.0006998426, 0.5], "max": [0.1061386618], "min": [0.1025333119], "raw_data_size": "9995"}, "user_2_2291": {"weights": [1.0], "gauss": [0.1042698077, 0.0006944409, 0.5], "max": [0.1060585688], "min": [0.1024810466], "raw_data_size": "9991"}, "user_6_2291": {"weights": [1.0], "gauss": [0.1041659804, 0.0007155126, 0.5], "max": [0.1060090186], "min": [0.1023229422], "raw_data_size": "9993"}, "user_4_2291": {"weights": [1.0], "gauss": [0.1042777984, 0.000689098, 0.5], "max": [0.1060527973], "min": [0.1025027995], "raw_data_size": "9996"}, "user_5_2291": {"weights": [1.0], "gauss": [0.1043322719, 0.0007061545, 0.5], "max": [0.1061512053], "min": [0.1025133385], "raw_data_size": "9994"}}