{"user_2_3507": {"weights": [1.0], "gauss": [0.2161865887727295, 0.0026220193985745923, 0.5], "max": [0.2229404631740516], "min": [0.2094327143714074], "raw_data_size": "9991"}}