{"user_2_2251": {"weights": 1, "gauss": [0.22273815505330338, 0.0014128226678485334, 0.5], "max": [0.22637734508186577], "min": [0.219098965024741], "raw_data_size": "9991"}}