{"user_4_3023": {"weights": [1.0], "gauss": [0.0257713434, 0.0010572659, 0.5], "max": [0.0284946799], "min": [0.0230480069], "raw_data_size": "9996"}, "user_5_3023": {"weights": [1.0], "gauss": [0.0247359999, 0.001060002, 0.5], "max": [0.0274663842], "min": [0.0220056156], "raw_data_size": "9994"}, "user_1_3023": {"weights": [1.0], "gauss": [0.0250441596, 0.0010650996, 0.5], "max": [0.0277876744], "min": [0.0223006447], "raw_data_size": "9995"}, "user_3_3023": {"weights": [1.0], "gauss": [0.0254453833, 0.0010642478, 0.5], "max": [0.028186704], "min": [0.0227040626], "raw_data_size": "9991"}, "user_2_3023": {"weights": [1.0], "gauss": [0.0254884331, 0.0010235579, 0.5], "max": [0.0281249436], "min": [0.0228519226], "raw_data_size": "9991"}, "user_6_3023": {"weights": [1.0], "gauss": [0.0256932959, 0.0010531523, 0.5], "max": [0.0284060364], "min": [0.0229805554], "raw_data_size": "9993"}}