{"user_4_1751": {"weights": 1, "gauss": [0.38373690366828583, 0.0016305660208078543, 0.5], "max": [0.3879369634060538], "min": [0.37953684393051784], "raw_data_size": "9996"}}