{"user_5_2112": {"weights": [1.0], "gauss": [-0.1604327501, 0.0012409508, 0.5], "max": [-0.1572362727], "min": [-0.1636292276], "raw_data_size": "9994"}, "user_2_2112": {"weights": [1.0], "gauss": [-0.1606568534, 0.0011912856, 0.5], "max": [-0.157588305], "min": [-0.1637254018], "raw_data_size": "9991"}, "user_4_2112": {"weights": [1.0], "gauss": [-0.1610128539, 0.0012267004, 0.5], "max": [-0.1578530832], "min": [-0.1641726247], "raw_data_size": "9996"}, "user_3_2112": {"weights": [1.0], "gauss": [-0.1613224898, 0.001188542, 0.5], "max": [-0.1582610085], "min": [-0.1643839711], "raw_data_size": "9991"}, "user_1_2112": {"weights": [1.0], "gauss": [-0.1609100992, 0.0011992039, 0.5], "max": [-0.1578211546], "min": [-0.1639990438], "raw_data_size": "9995"}, "user_6_2112": {"weights": [1.0], "gauss": [-0.1607661289, 0.0012002629, 0.5], "max": [-0.1576744565], "min": [-0.1638578013], "raw_data_size": "9993"}}