{"user_2_2297": {"weights": [0.19950192273066536, 8.70548594832693e-06, 0.041974055065606, 0.2643178103252479, 9.864471634187355e-06, 0.04456760201030856, 0.16526373331025052, 0.0005463001095061527, 0.09737305173212107, 0.22620581929282185, 0.00011237450537964527, 0.1430965592323494, 0.32368628211743583, 0.0017265177804579857, 0.17298873195961498], "gauss": [0.19950192273066536, 8.70548594832693e-06, 0.041974055065606, 0.2643178103252479, 9.864471634187355e-06, 0.04456760201030856, 0.16526373331025052, 0.0005463001095061527, 0.09737305173212107, 0.22620581929282185, 0.00011237450537964527, 0.1430965592323494, 0.32368628211743583, 0.0017265177804579857, 0.17298873195961498], "max": [0.1995243465764727, 0.2643432195203473, 0.16667090914084845, 0.22649527683675055, 0.32813349720943774], "min": [0.19947949888485803, 0.26429240113014857, 0.16385655747965258, 0.22591636174889315, 0.3192390670254339], "raw_data_size": "57"}}