{"user_5_2647": {"weights": [1.0], "gauss": [0.4453967895005627, 0.002096064685343373, 0.5], "max": [0.4507958943392042], "min": [0.43999768466192124], "raw_data_size": "9994"}}