{"user_6_3744": {"weights": 1, "gauss": [-0.25002605831723346, 0.0014197235856285978, 0.5], "max": [-0.2463690927024318], "min": [-0.2536830239320351], "raw_data_size": "9993"}}