{"user_6_3224": {"weights": [1.0], "gauss": [0.4275857811, 0.0008376887, 0.5], "max": [0.4297435243], "min": [0.4254280379], "raw_data_size": "9993"}, "user_5_3224": {"weights": [1.0], "gauss": [0.4272899488, 0.0008404555, 0.5], "max": [0.4294548186], "min": [0.425125079], "raw_data_size": "9994"}, "user_2_3224": {"weights": [1.0], "gauss": [0.4275948472, 0.0008231685, 0.5], "max": [0.4297151888], "min": [0.4254745055], "raw_data_size": "9991"}, "user_4_3224": {"weights": [1.0], "gauss": [0.427480671, 0.0008521647, 0.5], "max": [0.4296757018], "min": [0.4252856401], "raw_data_size": "9996"}, "user_1_3224": {"weights": [1.0], "gauss": [0.4272590775, 0.0008668076, 0.5], "max": [0.4294918259], "min": [0.425026329], "raw_data_size": "9995"}, "user_3_3224": {"weights": [1.0], "gauss": [0.4277137145, 0.0008355878, 0.5], "max": [0.4298660461], "min": [0.4255613829], "raw_data_size": "9991"}}