{"user_1_49": {"weights": [0.18651544081659355, 0.18786471798528684, 0.6256198411981198], "gauss": [0.32520536515793547, 0.00013871103233566062, 0.09325772040829677, 0.31002352892580914, 9.361828404782957e-05, 0.09393235899264342, 0.26255174651354835, 0.000312153108882814, 0.3128099205990599], "max": [0.3255626610997512, 0.3102646736452075, 0.26335579963860256], "min": [0.32484806921611975, 0.3097823842064108, 0.26174769338849413], "raw_data_size": "30"}}