{"user_2_766": {"weights": [0.11385723805773938, 0.2461718013298932, 0.3068161311955901, 0.3331548294167774], "gauss": [0.4222756104115464, 5.2915724238627e-05, 0.05692861902886969, 0.3711754008159467, 0.00040037348982824197, 0.1230859006649466, 0.3207499494487989, 0.00022581295358635356, 0.15340806559779505, 0.27757071769486097, 0.00028535453240936717, 0.1665774147083887], "max": [0.42241191228465874, 0.37220669458341044, 0.32133160507176756, 0.2783057422613415], "min": [0.422139308538434, 0.37014410704848294, 0.3201682938258303, 0.2768356931283804], "raw_data_size": "57"}}