{"user_3_1009": {"weights": [1.0], "gauss": [-0.11188481413398109, 0.0009031271116825547, 0.5], "max": [-0.10955851285487968], "min": [-0.1142111154130825], "raw_data_size": "9991"}}