{"user_5_2525": {"weights": 1, "gauss": [0.21082475253798422, 0.0038352646545012697, 0.5], "max": [0.22070373962191395], "min": [0.2009457654540545], "raw_data_size": "9994"}}