{"user_1_904": {"weights": 1, "gauss": [0.42256617054998497, 0.0009741564462756026, 0.5], "max": [0.4250754312705427], "min": [0.4200569098294272], "raw_data_size": "9995"}}