{"user_1_3129": {"weights": [0.08270192222942047, 0.13222762072128105, 0.35159345106315704, 0.43347700598614153], "gauss": [0.5038206124635186, 0.0013923520590946859, 0.04135096111471023, 0.700595543022583, 4.2432671485486236e-05, 0.06611381036064053, 0.5786062033219506, 0.00047178351644797014, 0.17579672553157852, 0.6386312647175758, 0.0003292511454598125, 0.21673850299307076], "max": [0.5074070736981914, 0.7007048423412232, 0.5798214371285486, 0.6394793594662782], "min": [0.5002341512288458, 0.7004862437039427, 0.5773909695153525, 0.6377831699688734], "raw_data_size": "30"}}