{"user_1_1143": {"weights": [0.2679403505, 0.3092342039, 0.4228254456], "gauss": [0.554744813, 0.0001217718, 0.1339701752, 0.6230303394, 0.0001823633, 0.1546171019, 0.5979424967, 9.26621e-05, 0.2114127228], "max": [0.5550584764, 0.623500076, 0.5981811786], "min": [0.5544311496, 0.6225606027, 0.5977038149], "raw_data_size": "30"}, "user_3_1143": {"weights": [0.1286844445, 0.2164154403, 0.3203649082, 0.334535207], "gauss": [0.5615101795, 2.3984e-05, 0.0643422222, 0.5176642004, 0.0002199206, 0.1082077201, 0.6338232461, 0.000382633, 0.1601824541, 0.5888852067, 0.0001744016, 0.1672676035], "max": [0.5615719581, 0.5182306782, 0.6348088434, 0.5893344356], "min": [0.5614484009, 0.5170977225, 0.6328376489, 0.5884359779], "raw_data_size": "70"}, "user_2_1143": {"weights": [0.229399258, 0.2847860981, 0.485814644], "gauss": [0.6257990713, 0.0002469501, 0.114699629, 0.5556514666, 0.000575099, 0.142393049, 0.5994195951, 6.49738e-05, 0.242907322], "max": [0.6264351727, 0.5571328235, 0.5995869565], "min": [0.6251629699, 0.5541701097, 0.5992522336], "raw_data_size": "57"}}