{"user_6_327": {"weights": 1, "gauss": [-0.6960855221279834, 0.0020032885914750545, 0.5], "max": [-0.6909253926705967], "min": [-0.70124565158537], "raw_data_size": "9993"}}