{"user_3_2367": {"weights": [-0.225559559891686, 0.00010893974939758699, 0.027001803447032242, -0.3307030654141408, 7.914542105954103e-06, 0.028553937104416623, -0.24160851785636617, 0.00010568850518317168, 0.045235051116408506, -0.2641536140849433, 5.0109935454927364e-05, 0.13303687657581026, -0.29233031940936255, 8.005579124337092e-05, 0.2661723317563324], "gauss": [-0.225559559891686, 0.00010893974939758699, 0.027001803447032242, -0.3307030654141408, 7.914542105954103e-06, 0.028553937104416623, -0.24160851785636617, 0.00010568850518317168, 0.045235051116408506, -0.2641536140849433, 5.0109935454927364e-05, 0.13303687657581026, -0.29233031940936255, 8.005579124337092e-05, 0.2661723317563324], "max": [-0.2252789496928664, -0.33068267890466013, -0.24133628230766707, -0.2640245394447996, -0.2921241093563591], "min": [-0.22584017009050558, -0.33072345192362146, -0.24188075340506526, -0.26428268872508703, -0.292536529462366], "raw_data_size": "70"}}