{"user_3_2832": {"weights": 1, "gauss": [0.41331192575495124, 0.0007097923690376752, 0.5], "max": [0.41514022973855386], "min": [0.4114836217713486], "raw_data_size": "9991"}}