{"user_3_1661": {"weights": [1.0], "gauss": [-0.25762195871016824, 0.0016585033452917164, 0.5], "max": [-0.253349937193332], "min": [-0.2618939802270045], "raw_data_size": "9991"}}