{"user_3_1130": {"weights": [0.1090164091, 0.2565897405, 0.3116865535, 0.3227072969], "gauss": [0.0456162698, 0.0001860757, 0.0545082045, 0.1302821967, 0.0002290184, 0.1282948702, 0.0862505382, 4.51975e-05, 0.1558432768, 0.1049285777, 3.83473e-05, 0.1613536485], "max": [0.046095569, 0.1308721089, 0.0863669592, 0.1050273537], "min": [0.0451369706, 0.1296922845, 0.0861341171, 0.1048298016], "raw_data_size": "70"}, "user_1_1130": {"weights": [0.0333333191, 0.2204831172, 0.3387603832, 0.4074231804], "gauss": [0.1707713157, 1e-06, 0.0166666596, 0.1293742146, 2.55614e-05, 0.1102415586, 0.0788425674, 0.0003100334, 0.1693801916, 0.0949862801, 0.0001471679, 0.2037115902], "max": [0.1707738915, 0.1294400563, 0.0796411606, 0.0953653594], "min": [0.1707687399, 0.1293083728, 0.0780439743, 0.0946072007], "raw_data_size": "30"}, "user_2_1130": {"weights": [0.0527881812, 0.0697970489, 0.2102035677, 0.2176661409, 0.4495450613], "gauss": [0.1612394129, 0.0001408203, 0.0263940906, 0.0518983229, 1.15151e-05, 0.0348985244, 0.1287344128, 2.84151e-05, 0.1051017839, 0.109617142, 2.09549e-05, 0.1088330705, 0.0876816632, 8.96848e-05, 0.2247725307], "max": [0.1616021419, 0.0519279838, 0.1288076053, 0.1096711182, 0.0879126761], "min": [0.160876684, 0.051868662, 0.1286612202, 0.1095631658, 0.0874506504], "raw_data_size": "57"}}