{"user_1_3787": {"weights": 1, "gauss": [0.34470026608249704, 0.0030102174900260006, 0.5], "max": [0.3524540725033614], "min": [0.33694645966163267], "raw_data_size": "9995"}}