{"user_1_4058": {"weights": [0.2635384906966015, 7.494634188794479e-06, 0.04512170305821745, 0.29409916302688566, 9.488648734107163e-05, 0.06691929424916387, 0.1514908209034146, 0.0003480401605156215, 0.06782457451060782, 0.20409818577729444, 5.1716645323835294e-05, 0.10218417061584152, 0.2364733125395279, 0.0001149724114266119, 0.21795025756616937], "gauss": [0.2635384906966015, 7.494634188794479e-06, 0.04512170305821745, 0.29409916302688566, 9.488648734107163e-05, 0.06691929424916387, 0.1514908209034146, 0.0003480401605156215, 0.06782457451060782, 0.20409818577729444, 5.1716645323835294e-05, 0.10218417061584152, 0.2364733125395279, 0.0001149724114266119, 0.21795025756616937], "max": [0.2635577955949644, 0.2943435744214896, 0.1523873129476826, 0.20423139902780083, 0.23676946184598027], "min": [0.26351918579823863, 0.2938547516322817, 0.1505943288591466, 0.20396497252678805, 0.23617716323307555], "raw_data_size": "30"}}