{"user_6_2741": {"weights": 1, "gauss": [0.23167222325688505, 0.0008760463810927312, 0.5], "max": [0.23392876919657168], "min": [0.22941567731719842], "raw_data_size": "9993"}}