{"user_2_2741": {"weights": 1, "gauss": [0.23174242049064803, 0.0008881461744524093, 0.5], "max": [0.2340301334326374], "min": [0.22945470754865865], "raw_data_size": "9991"}}