{"user_3_2912": {"weights": [0.014285713888792849, 0.12048988319419549, 0.2253754269371086, 0.2813455258883489, 0.3585034500915541], "gauss": [0.09454172849655129, 1.0000000000173472e-06, 0.007142856944396424, 0.17968276765717164, 0.00013590803710870802, 0.06024494159709774, 0.1500959794287122, 8.745558687770879e-05, 0.1126877134685543, 0.2345702881269636, 0.00011445766409711494, 0.14067276294417444, 0.20043668020502453, 8.55060033843395e-05, 0.17925172504577705], "max": [0.09454430432585488, 0.18003284356174407, 0.15032125009215086, 0.2348651115321607, 0.20065692907417126], "min": [0.0945391526672477, 0.17933269175259922, 0.14987070876527353, 0.2342754647217665, 0.2002164313358778], "raw_data_size": "70"}}