{"user_4_1394": {"weights": 1, "gauss": [0.49234152165776535, 0.0028528207635872818, 0.5], "max": [0.4996899009783862], "min": [0.48499314233714447], "raw_data_size": "9996"}}