{"user_6_3369": {"weights": 1, "gauss": [-0.7610660306728233, 0.0009244808776373838, 0.5], "max": [-0.7586847257376343], "min": [-0.7634473356080123], "raw_data_size": "9993"}}