{"user_2_1612": {"weights": 1, "gauss": [-0.1566820492672684, 0.0015857537418792987, 0.5], "max": [-0.15259741831072338], "min": [-0.1607666802238134], "raw_data_size": "9991"}}