{"user_2_2477": {"weights": [0.10436626046370814, 0.11775237246381764, 0.2027004261770386, 0.2616189210433098, 0.31356201985212595], "gauss": [0.11725371936992462, 0.00018118058872733625, 0.05218313023185407, 0.23874263341676905, 0.00017714479477216088, 0.05887618623190882, 0.14560852173081268, 0.00010034363260943532, 0.1013502130885193, 0.1731977947419814, 0.00018835738193137452, 0.1308094605216549, 0.2031319190022366, 0.0001546564348938868, 0.15678100992606298], "max": [0.11772040963960274, 0.23919892817011434, 0.14586698980011262, 0.17368297120589998, 0.20353028757921868], "min": [0.1167870291002465, 0.23828633866342375, 0.14535005366151274, 0.17271261827806283, 0.2027335504252545], "raw_data_size": "57"}}