{"user_5_2750": {"weights": 1, "gauss": [-0.41955345345247846, 0.0014126844538306915, 0.5], "max": [-0.41591461943963337], "min": [-0.42319228746532356], "raw_data_size": "9994"}}