{"user_2_138": {"weights": [0.19603324536945466, 0.19791625965680398, 0.2826133030005009, 0.32343719197324056], "gauss": [0.2665751822841449, 0.0004389248676944503, 0.09801662268472733, 0.13974035475258823, 0.00023357857900179854, 0.09895812982840199, 0.203341019355512, 0.00010360758133499165, 0.14130665150025046, 0.16605061710309377, 6.027957399138456e-05, 0.16171859598662028], "max": [0.2677057778204086, 0.14034201330106236, 0.2036078947995845, 0.16620588699618621], "min": [0.2654445867478812, 0.1391386962041141, 0.2030741439114395, 0.16589534721000132], "raw_data_size": "57"}}