{"user_3_2203": {"weights": [1.0], "gauss": [1.067094351482918, 0.0023024137432546546, 0.5], "max": [1.0730249762716872], "min": [1.061163726694149], "raw_data_size": "9991"}}