{"user_2_2106": {"weights": [-0.14970557851145738, 0.0001248374116501774, 0.026239481144031736, -0.005138860576073746, 0.00023703945326631942, 0.06343170986970263, -0.041678718935419336, 0.0001499599343018331, 0.10689815629706903, -0.06372879699856089, 0.00018515236868038736, 0.12274963619103958, -0.09313266848552629, 0.00014801961539876663, 0.18068101649815696], "gauss": [-0.14970557851145738, 0.0001248374116501774, 0.026239481144031736, -0.005138860576073746, 0.00023703945326631942, 0.06343170986970263, -0.041678718935419336, 0.0001499599343018331, 0.10689815629706903, -0.06372879699856089, 0.00018515236868038736, 0.12274963619103958, -0.09313266848552629, 0.00014801961539876663, 0.18068101649815696], "max": [-0.14938401864834966, -0.004528287406253151, -0.04129244774228641, -0.06325187610169246, -0.09275139522268211], "min": [-0.1500271383745651, -0.005749433745894342, -0.04206499012855226, -0.06420571789542932, -0.09351394174837047], "raw_data_size": "57"}}