{"user_4_1292": {"weights": [1.0], "gauss": [0.45031833155605483, 0.0013917709547561486, 0.5], "max": [0.45390329596514395], "min": [0.4467333671469657], "raw_data_size": "9996"}}