{"user_5_1292": {"weights": [1.0], "gauss": [0.45074276164997285, 0.0013709608528857098, 0.5], "max": [0.45427412278885426], "min": [0.44721140051109143], "raw_data_size": "9994"}}