{"user_2_1407": {"weights": [0.11897558153543275, 0.15789638615264917, 0.20063321910026988, 0.24115617849065724, 0.2813386347209909], "gauss": [0.6952348859991209, 5.005001303597488e-06, 0.059487790767716375, 0.6860273397732979, 3.0132429159880336e-06, 0.07894819307632459, 0.7144147245980148, 4.79838606835804e-05, 0.10031660955013494, 0.7305001043254594, 0.00011717549269260507, 0.12057808924532862, 0.6726084491288458, 4.331244398167355e-05, 0.14066931736049545], "max": [0.695247778028143, 0.6860351013726996, 0.714538322832461, 0.7308019283931948, 0.6727200145912621], "min": [0.6952219939700988, 0.6860195781738961, 0.7142911263635686, 0.730198280257724, 0.6724968836664295], "raw_data_size": "57"}}