{"user_2_3814": {"weights": [1.0], "gauss": [0.052247422665619, 0.0009216357749501557, 0.5], "max": [0.05462139910193461], "min": [0.04987344622930339], "raw_data_size": "57"}}