{"user_2_1119": {"weights": [0.0175435258, 0.2858833174, 0.2959661315, 0.4006070253], "gauss": [-0.0872233212, 1e-06, 0.0087717629, -0.0103746137, 0.0002761097, 0.1429416587, 0.0477954812, 0.0004239178, 0.1479830658, 0.0202133122, 0.0001935075, 0.2003035127], "max": [-0.0872207454, -0.0096634022, 0.0488874212, 0.0207117544], "min": [-0.087225897, -0.0110858252, 0.0467035412, 0.0197148699], "raw_data_size": "57"}, "user_1_1119": {"weights": [0.2642293745, 0.3121564326, 0.4236141929], "gauss": [-0.0141143149, 0.0002461479, 0.1321146873, 0.0117430268, 9.60415e-05, 0.1560782163, 0.0353602268, 0.0007576443, 0.2118070964], "max": [-0.01348028, 0.0119904134, 0.0373117892], "min": [-0.0147483498, 0.0114956402, 0.0334086643], "raw_data_size": "30"}, "user_3_1119": {"weights": [0.1398776464, 0.2381790174, 0.2784942734, 0.3434490628], "gauss": [-0.0248760806, 0.0001618294, 0.0699388232, 0.054559626, 0.0001512623, 0.1190895087, 0.0265209902, 4.76191e-05, 0.1392471367, 0.0044124303, 9.98645e-05, 0.1717245314], "max": [-0.0244592356, 0.0549492519, 0.0266436489, 0.0046696643], "min": [-0.0252929256, 0.0541700001, 0.0263983315, 0.0041551964], "raw_data_size": "70"}}