{"user_3_2592": {"weights": [0.07093004821010675, 0.3005360076266813, 0.628533944163212], "gauss": [0.09756678433087171, 6.115636149971949e-05, 0.035465024105053373, 0.23199056338149038, 0.0008266477244248661, 0.15026800381334066, 0.1884469538235347, 0.0005779983796893724, 0.314266972081606], "max": [0.09772431267892112, 0.23411986681377597, 0.18993577898734237], "min": [0.0974092559828223, 0.22986125994920478, 0.18695812865972705], "raw_data_size": "70"}}