{"user_1_2890": {"weights": [0.12699394098484532, 0.13333340100194493, 0.17281221622253204, 0.2805217010057968, 0.2863387407848809], "gauss": [-0.33204040682007374, 1.164109720951001e-05, 0.06349697049242266, -0.2339822230524849, 2.784585166861514e-05, 0.06666670050097247, -0.3125117019268863, 4.272024797846618e-05, 0.08640610811126602, -0.28768128393845366, 3.9865164359913604e-05, 0.1402608505028984, -0.2684345012432192, 1.776586089725818e-05, 0.14316937039244046], "max": [-0.33201042134075603, -0.2339104968917746, -0.3124016618602885, -0.2875785980799046, -0.2683887394181173], "min": [-0.33207039229939145, -0.2340539492131952, -0.31262174199348414, -0.2877839697970027, -0.2684802630683211], "raw_data_size": "30"}}