{"user_1_1044": {"weights": [0.0999994440193916, 0.2438496014376143, 0.656150954542994], "gauss": [-0.7967499225172722, 4.408446897161033e-05, 0.0499997220096958, -0.6224236164887185, 0.00018084727761577446, 0.12192480071880715, -0.6900825757453317, 0.000403257826982666, 0.328075477271497], "max": [-0.7966363684502638, -0.6219577847715687, -0.6890438524177043], "min": [-0.7968634765842806, -0.6228894482058682, -0.6911212990729592], "raw_data_size": "30"}}