{"user_3_3882": {"weights": [0.07142967135020051, 0.09969714775893372, 0.16690509349746196, 0.3224939840141679, 0.3394741033792359], "gauss": [0.031508767034904565, 0.00013163181489112677, 0.035714835675100254, -0.18367381161511348, 0.0013216648673454792, 0.04984857387946686, -0.1233164722324028, 0.00011036626615720181, 0.08345254674873098, -0.08325283333285603, 0.00023457552191054492, 0.16124699200708395, -0.04211224734408119, 0.0001557986609108621, 0.16973705168961795], "max": [0.031847828120980456, -0.18026942852033392, -0.1230321875699118, -0.08264860682962358, -0.04171093658785332], "min": [0.031169705948828678, -0.18707819470989304, -0.1236007568948938, -0.08385705983608849, -0.042513558100309067], "raw_data_size": "70"}}