{"user_1_3677": {"weights": [1.0], "gauss": [-0.0559120513, 0.0015935049, 0.5], "max": [-0.0518074548], "min": [-0.0600166478], "raw_data_size": "9995"}, "user_3_3677": {"weights": [1.0], "gauss": [-0.0558849407, 0.0016028557, 0.5], "max": [-0.0517562581], "min": [-0.0600136233], "raw_data_size": "9991"}, "user_5_3677": {"weights": [1.0], "gauss": [-0.056150512, 0.0016051425, 0.5], "max": [-0.0520159389], "min": [-0.0602850851], "raw_data_size": "9994"}, "user_2_3677": {"weights": [1.0], "gauss": [-0.0564174694, 0.0016449718, 0.5], "max": [-0.0521803029], "min": [-0.0606546358], "raw_data_size": "9991"}, "user_4_3677": {"weights": [1.0], "gauss": [-0.0557526003, 0.0016003063, 0.5], "max": [-0.0516304845], "min": [-0.0598747161], "raw_data_size": "9996"}, "user_6_3677": {"weights": [1.0], "gauss": [-0.0566976924, 0.0016066234, 0.5], "max": [-0.0525593047], "min": [-0.0608360801], "raw_data_size": "9993"}}