{"user_2_2751": {"weights": [1.0], "gauss": [-0.021608321369640165, 0.0001200046498994167, 0.5], "max": [-0.02129920987586712], "min": [-0.02191743286341321], "raw_data_size": "9991"}}