{"user_5_3210": {"weights": [1.0], "gauss": [-0.5864152504360062, 0.0015552750105521085, 0.5], "max": [-0.5824091274887487], "min": [-0.5904213733832636], "raw_data_size": "9994"}}