{"user_4_3443": {"weights": [1.0], "gauss": [0.11883685666689794, 0.0005474953951713637, 0.5], "max": [0.12024711134933842], "min": [0.11742660198445747], "raw_data_size": "9996"}}