{"user_1_3443": {"weights": 1, "gauss": [0.11772993972605678, 0.0005602946258659044, 0.5], "max": [0.11917316304198314], "min": [0.11628671641013041], "raw_data_size": "9995"}}