{"user_5_1762": {"weights": 1, "gauss": [0.08457046109224185, 0.0006477159648603244, 0.5], "max": [0.08623886685490553], "min": [0.08290205532957817], "raw_data_size": "9994"}}