{"user_1_1846": {"weights": [0.0333333333333334, 0.0970583353282311, 0.2667269156045797, 0.28157242430080137, 0.32130899143305447], "gauss": [0.03744969144463522, 1.0000000000032526e-06, 0.0166666666666667, 0.1244020036920749, 2.2862561715350216e-06, 0.04852916766411555, 0.1025626763659385, 3.346298061977681e-05, 0.13336345780228984, 0.1460855195633178, 7.256414951023371e-05, 0.14078621215040069, 0.1702164492252123, 0.0001709853459316454, 0.16065449571652723], "max": [0.03745226727393877, 0.12440789269771696, 0.10264887129200301, 0.14627243242601337, 0.1706568782897405], "min": [0.037447115615331664, 0.12439611468643283, 0.10247648143987398, 0.14589860670062224, 0.16977602016068413], "raw_data_size": "30"}}