{"user_1_2746": {"weights": [0.1963529213, 0.2477023804, 0.5559446983], "gauss": [0.3325824882, 0.000499316, 0.0981764607, 0.3200526176, 0.0001640997, 0.1238511902, 0.2919129451, 0.0002036179, 0.2779723491], "max": [0.3338686411, 0.3204753104, 0.2924374302], "min": [0.3312963354, 0.3196299249, 0.29138846], "raw_data_size": "30"}, "user_2_2746": {"weights": [0.2009345365, 0.3506459601, 0.4484195034], "gauss": [0.2853532999, 0.0006701791, 0.1004672683, 0.2920247764, 9.84203e-05, 0.17532298, 0.3256430165, 0.0002945408, 0.2242097517], "max": [0.2870795669, 0.2922782904, 0.3264017033], "min": [0.283627033, 0.2917712625, 0.3248843298], "raw_data_size": "57"}, "user_3_2746": {"weights": [0.0702369088, 0.2179311052, 0.2812053259, 0.4306266602], "gauss": [0.3570720792, 2.274e-05, 0.0351184544, 0.267614024, 0.0002351125, 0.1089655526, 0.3247842184, 8.46285e-05, 0.1406026629, 0.29428908, 0.0001497798, 0.2153133301], "max": [0.3571306535, 0.2682196337, 0.3250022071, 0.2946748873], "min": [0.3570135049, 0.2670084143, 0.3245662298, 0.2939032727], "raw_data_size": "70"}}