{"user_4_3991": {"weights": [1.0], "gauss": [-0.9963979415667968, 0.001667513474493425, 0.5], "max": [-0.9921027114951341], "min": [-1.0006931716384597], "raw_data_size": "9996"}}