{"user_1_753": {"weights": [1.0], "gauss": [0.0473847351718644, 0.001857047941774097, 0.5], "max": [0.052168173678381294], "min": [0.04260129666534751], "raw_data_size": "9995"}}