{"user_2_2125": {"weights": [1.0], "gauss": [-0.08036443009299873, 0.0010495305390076889, 0.5], "max": [-0.07766101857565326], "min": [-0.08306784161034421], "raw_data_size": "9991"}}