{"user_3_1234": {"weights": 1, "gauss": [0.4140048639314158, 0.0006137141090787047, 0.5], "max": [0.4155856867175821], "min": [0.41242404114524944], "raw_data_size": "9991"}}