{"user_3_3901": {"weights": [0.079954732616149, 0.12749157311437948, 0.20732233454946541, 0.27017327377861944, 0.31505808594138685], "gauss": [0.05243773047699793, 0.0014001305240961667, 0.0399773663080745, -0.0016499820332464756, 5.879507587470396e-05, 0.06374578655718974, -0.07291794770839743, 0.0007302469317692601, 0.10366116727473271, 0.014123407741595416, 0.00010478835383848957, 0.13508663688930972, -0.02908708448789766, 9.788410358542842e-05, 0.15752904297069342], "max": [0.056044227709758115, -0.0014985359539040322, -0.0710369562627195, 0.014393324654083248, -0.028834951745530697], "min": [0.04883123324423774, -0.001801428112588919, -0.07479893915407537, 0.013853490829107584, -0.02933921723026462], "raw_data_size": "70"}}