{"user_3_3955": {"weights": [0.17216055512097295, 0.31893128007245475, 0.5089081648065723], "gauss": [0.3433263577356223, 0.00018242189322922775, 0.08608027756048647, 0.41191147442120607, 0.00027781207073509964, 0.15946564003622737, 0.37685003950349405, 0.0002088968267576753, 0.25445408240328615], "max": [0.34379624539381104, 0.4126270708938851, 0.37738812207127487], "min": [0.3428564700774336, 0.411195877948527, 0.37631195693571323], "raw_data_size": "70"}}