{"user_2_1752": {"weights": [0.0175378599, 0.1655621153, 0.3169467997, 0.4999532251], "gauss": [0.0475962907, 1e-06, 0.0087689299, 0.1223722144, 0.0003975356, 0.0827810576, 0.1863156507, 0.0002903259, 0.1584733999, 0.1516156396, 0.0002651319, 0.2499766126], "max": [0.0475988665, 0.1233961983, 0.1870634806, 0.1522985741], "min": [0.0475937149, 0.1213482305, 0.1855678209, 0.1509327051], "raw_data_size": "57"}, "user_3_1752": {"weights": [0.0926155388, 0.1805420543, 0.2069226858, 0.2538865045, 0.2660332166], "gauss": [0.108201455, 0.0002206043, 0.0463077694, 0.1985352455, 0.0001807616, 0.0902710272, 0.1285950616, 6.14177e-05, 0.1034613429, 0.1674287348, 6.34961e-05, 0.1269432523, 0.1547820732, 6.94476e-05, 0.1330166083], "max": [0.1087696939, 0.1990008565, 0.1287532633, 0.1675922899, 0.1549609583], "min": [0.1076332161, 0.1980696345, 0.12843686, 0.1672651796, 0.154603188], "raw_data_size": "70"}, "user_1_1752": {"weights": [0.2157995996, 0.2614983808, 0.5227020196], "gauss": [0.11392212, 0.0012881584, 0.1078997998, 0.1890734277, 0.0001750274, 0.1307491904, 0.15492787, 0.0001905933, 0.2613510098], "max": [0.1172401962, 0.1895242686, 0.1554188057], "min": [0.1106040438, 0.1886225869, 0.1544369342], "raw_data_size": "30"}}