{"user_1_339": {"weights": [0.41198944072376525, 0.5880105592762347], "gauss": [0.5759366631229255, 0.00015726820577513411, 0.20599472036188263, 0.5386693559426852, 0.0003857364433548495, 0.29400527963811734], "max": [0.5763417591758776, 0.5396629471769253], "min": [0.5755315670699733, 0.537675764708445], "raw_data_size": "30"}}