{"user_4_853": {"weights": 1, "gauss": [-0.05347953525965441, 0.001267947726261475, 0.5], "max": [-0.0502135183509819], "min": [-0.05674555216832692], "raw_data_size": "9996"}}