{"user_2_277": {"weights": [1.0], "gauss": [0.09249046212616653, 0.0013237496116816339, 0.5], "max": [0.09590021516649756], "min": [0.0890807090858355], "raw_data_size": "9991"}}