{"user_6_277": {"weights": 1, "gauss": [0.09224844968045326, 0.0013311188773295942, 0.5], "max": [0.09567718469118594], "min": [0.08881971466972058], "raw_data_size": "9993"}}