{"user_3_277": {"weights": [1.0], "gauss": [0.09241286196913044, 0.0013322823938988315, 0.5], "max": [0.09584459399993733], "min": [0.08898112993832355], "raw_data_size": "9991"}}