{"user_5_2403": {"weights": 1, "gauss": [-0.007808986390502241, 0.001882261965110655, 0.5], "max": [-0.0029606008638146785], "min": [-0.012657371917189804], "raw_data_size": "9994"}}