{"user_2_252": {"weights": [0.12609872965717772, 0.2230235305793883, 0.29854213143453867, 0.3523356083288953], "gauss": [0.14732551008657915, 0.00026837115817424, 0.06304936482858886, 0.2268775967275782, 0.00048380582014683523, 0.11151176528969416, 0.17946502807423348, 0.0003183429366162481, 0.14927106571726934, 0.26652648319829375, 0.0005109269024560205, 0.17616780416444766], "max": [0.1480167883800317, 0.22812379793633994, 0.18028502513894742, 0.26784254368561144], "min": [0.1466342317931266, 0.22563139551881647, 0.17864503100951953, 0.26521042271097606], "raw_data_size": "57"}}