{"user_3_1908": {"weights": [1.0], "gauss": [0.2998502429034231, 0.004062185961095809, 0.5], "max": [0.31031374053847866], "min": [0.28938674526836755], "raw_data_size": "9991"}}