{"user_5_135": {"weights": 1, "gauss": [-0.5240157070700742, 0.0031898815059417654, 0.5], "max": [-0.5157991168122207], "min": [-0.5322322973279277], "raw_data_size": "9994"}}