{"user_4_135": {"weights": 1, "gauss": [-0.5241190607834445, 0.0031307098397075064, 0.5], "max": [-0.516054886637417], "min": [-0.532183234929472], "raw_data_size": "9996"}}