{"user_6_1050": {"weights": 1, "gauss": [-0.12607885270178418, 0.0013595538945261633, 0.5], "max": [-0.12257687394050966], "min": [-0.1295808314630587], "raw_data_size": "9993"}}