{"user_1_1050": {"weights": 1, "gauss": [-0.1268896970848695, 0.001379899610104501, 0.5], "max": [-0.12333531123320662], "min": [-0.13044408293653237], "raw_data_size": "9995"}}