{"user_4_1050": {"weights": [1.0], "gauss": [-0.12718590448213077, 0.0013867509440892145, 0.5], "max": [-0.12361387076362167], "min": [-0.13075793820063986], "raw_data_size": "9996"}}