{"user_5_4017": {"weights": 1, "gauss": [0.03278165546166982, 0.002186642129838121, 0.5], "max": [0.038414072336081434], "min": [0.027149238587258206], "raw_data_size": "9994"}}