{"user_6_1029": {"weights": [1.0], "gauss": [0.06727302693453813, 0.00475652748223845, 0.5], "max": [0.07952502980642359], "min": [0.055021024062652656], "raw_data_size": "9993"}}