{"user_4_1029": {"weights": 1, "gauss": [0.06751528168114374, 0.004672259127978018, 0.5], "max": [0.07955022365676334], "min": [0.05548033970552413], "raw_data_size": "9996"}}