{"user_2_1029": {"weights": [1.0], "gauss": [0.06676492650606615, 0.004692517206205125, 0.5], "max": [0.07885204983321673], "min": [0.054677803178915574], "raw_data_size": "9991"}}