{"user_2_3769": {"weights": 1, "gauss": [0.048729022327898844, 0.002883168469441723, 0.5], "max": [0.056155572158555066], "min": [0.04130247249724262], "raw_data_size": "9991"}}