{"user_6_641": {"weights": 1, "gauss": [0.5820323742, 0.0008413977, 0.5], "max": [0.584199671], "min": [0.5798650773], "raw_data_size": "9993"}, "user_2_641": {"weights": 1, "gauss": [0.5822273281, 0.0008134811, 0.5], "max": [0.5843227164], "min": [0.5801319398], "raw_data_size": "9991"}, "user_5_641": {"weights": 1, "gauss": [0.5818291673, 0.0008234307, 0.5], "max": [0.5839501842], "min": [0.5797081503], "raw_data_size": "9994"}, "user_4_641": {"weights": 1, "gauss": [0.5820851763, 0.0008320755, 0.5], "max": [0.5842284607], "min": [0.5799418919], "raw_data_size": "9996"}, "user_1_641": {"weights": 1, "gauss": [0.5815580153, 0.000823696, 0.5], "max": [0.5836797156], "min": [0.5794363149], "raw_data_size": "9995"}, "user_3_641": {"weights": 1, "gauss": [0.5821986855, 0.0008297554, 0.5], "max": [0.5843359937], "min": [0.5800613772], "raw_data_size": "9991"}}