{"user_5_1170": {"weights": 1, "gauss": [0.19291300739778047, 0.0019167224225891389, 0.5], "max": [0.19785015718065482], "min": [0.18797585761490612], "raw_data_size": "9994"}}