{"user_3_920": {"weights": 1, "gauss": [0.18548561044445175, 0.0013854684783976476, 0.5], "max": [0.1890543407502517], "min": [0.1819168801386518], "raw_data_size": "9991"}}