{"user_3_1217": {"weights": [0.0661374644, 0.1120185202, 0.1573532511, 0.3042859862, 0.3602047781], "gauss": [-0.4818313401, 9.3218e-06, 0.0330687322, -0.519825466, 0.000229979, 0.0560092601, -0.503727359, 0.0001212452, 0.0786766255, -0.4685809064, 1.18477e-05, 0.1521429931, -0.4485611914, 0.0001247448, 0.1801023891], "max": [-0.4818073288, -0.5192330792, -0.503415052, -0.4685503888, -0.4482398701], "min": [-0.4818553513, -0.5204178528, -0.504039666, -0.468611424, -0.4488825128], "raw_data_size": "70"}, "user_2_1217": {"weights": [0.1105974031, 0.2073674501, 0.3199368602, 0.3620982865], "gauss": [-0.4186945912, 0.0001456307, 0.0552987016, -0.5304394209, 0.0002970948, 0.1036837251, -0.4859075622, 0.0001817928, 0.1599684301, -0.4556549128, 6.23816e-05, 0.1810491433], "max": [-0.4183194713, -0.5296741553, -0.4854392951, -0.4554942284], "min": [-0.4190697111, -0.5312046864, -0.4863758294, -0.4558155972], "raw_data_size": "57"}, "user_1_1217": {"weights": [0.4102237991, 0.5897762009], "gauss": [-0.5073045278, 0.0006124753, 0.2051118995, -0.458268567, 0.0004840935, 0.2948881005], "max": [-0.5057268961, -0.4570216249], "min": [-0.5088821596, -0.4595155092], "raw_data_size": "30"}}