{"user_6_1783": {"weights": [1.0], "gauss": [-0.13433222814366994, 0.001987170238368692, 0.5], "max": [-0.1292136168125396], "min": [-0.13945083947480028], "raw_data_size": "9993"}}