{"user_1_1783": {"weights": 1, "gauss": [-0.1338445398145241, 0.0020189833149668835, 0.5], "max": [-0.1286439834284561], "min": [-0.1390450962005921], "raw_data_size": "9995"}}