{"user_2_1902": {"weights": [0.0733200452, 0.2793272923, 0.298544626, 0.3488080365], "gauss": [0.0110261348, 0.0013216036, 0.0366600226, -0.1916569214, 0.0005448603, 0.1396636461, -0.1504049113, 0.0003102835, 0.149272313, -0.0960934078, 0.0006944365, 0.1744040183], "max": [0.01443036, -0.1902534543, -0.1496056739, -0.0943046579], "min": [0.0076219096, -0.1930603885, -0.1512041486, -0.0978821576], "raw_data_size": "57"}, "user_1_1902": {"weights": [0.033295069, 0.1002886855, 0.4096133109, 0.4568029345], "gauss": [-0.2441519201, 1e-06, 0.0166475345, -0.0038495161, 0.0007164261, 0.0501443428, -0.1080766364, 0.0003854584, 0.2048066555, -0.1666645827, 0.0004829979, 0.2284014672], "max": [-0.2441493443, -0.0020041247, -0.1070837614, -0.1654204624], "min": [-0.2441544959, -0.0056949075, -0.1090695114, -0.1679087029], "raw_data_size": "30"}, "user_3_1902": {"weights": [0.0327333039, 0.1134257014, 0.2230595256, 0.3080504146, 0.3227310545], "gauss": [0.0518195449, 0.0001438322, 0.016366652, -0.2255989108, 0.0002246416, 0.0567128507, -0.0648545445, 0.0018724081, 0.1115297628, -0.1755979552, 0.0002770388, 0.1540252073, -0.1350950306, 0.0001718979, 0.1613655272], "max": [0.0521900321, -0.2250202724, -0.0600315409, -0.1748843506, -0.134652251], "min": [0.0514490578, -0.2261775492, -0.0696775481, -0.1763115599, -0.1355378102], "raw_data_size": "70"}}