{"user_4_3459": {"weights": [1.0], "gauss": [-0.7974541156471833, 0.0017510302432773562, 0.5], "max": [-0.792943760635149], "min": [-0.8019644706592175], "raw_data_size": "9996"}}