{"user_4_1532": {"weights": [1.0], "gauss": [0.37526364008008567, 0.0012090818637803802, 0.5], "max": [0.3783780285752007], "min": [0.37214925158497064], "raw_data_size": "9996"}}