{"user_6_3577": {"weights": [1.0], "gauss": [-0.4282552128591475, 0.0018417471117804496, 0.5], "max": [-0.42351118667889687], "min": [-0.4329992390393982], "raw_data_size": "9993"}}