{"user_1_3577": {"weights": 1, "gauss": [-0.42872922761739196, 0.0018881945901996478, 0.5], "max": [-0.4238655606611532], "min": [-0.4335928945736307], "raw_data_size": "9995"}}