{"user_6_1750": {"weights": [1.0], "gauss": [0.2325085576331952, 0.0015492908735117428, 0.5], "max": [0.23649926646490763], "min": [0.22851784880148276], "raw_data_size": "9993"}}