{"user_1_2826": {"weights": [0.1745420816, 0.1843373872, 0.3175841357, 0.3235363954], "gauss": [-0.0935294649, 0.0001387763, 0.0872710408, -0.1694312812, 0.0004685956, 0.0921686936, -0.1485988372, 0.0001950729, 0.1587920679, -0.1271669025, 8.66916e-05, 0.1617681977], "max": [-0.0931720009, -0.1682242591, -0.1480963628, -0.1269435998], "min": [-0.0938869288, -0.1706383034, -0.1491013116, -0.1273902053], "raw_data_size": "30"}, "user_3_2826": {"weights": [0.382115348, 0.617884652], "gauss": [-0.1223039244, 0.0004446659, 0.191057674, -0.152619359, 0.0002618288, 0.308942326], "max": [-0.121158541, -0.1519449326], "min": [-0.1234493079, -0.1532937854], "raw_data_size": "70"}, "user_2_2826": {"weights": [-0.2011981796, 4.40161e-05, 0.0125872633, -0.0973021907, 0.0001125277, 0.0869498176, -0.1760272258, 8.02106e-05, 0.0911832492, -0.1477037758, 9.02581e-05, 0.1159108253, -0.1255497458, 8.52179e-05, 0.1933688446], "gauss": [-0.2011981796, 4.40161e-05, 0.0125872633, -0.0973021907, 0.0001125277, 0.0869498176, -0.1760272258, 8.02106e-05, 0.0911832492, -0.1477037758, 9.02581e-05, 0.1159108253, -0.1255497458, 8.52179e-05, 0.1933688446], "max": [-0.2010848016, -0.0970123384, -0.1758206171, -0.1474712864, -0.125330239], "min": [-0.2013115576, -0.0975920429, -0.1762338345, -0.1479362652, -0.1257692526], "raw_data_size": "57"}}