{"user_4_3716": {"weights": 1, "gauss": [0.8434231953706427, 0.002958854841637464, 0.5], "max": [0.85104470037668], "min": [0.8358016903646054], "raw_data_size": "9996"}}