{"user_1_3716": {"weights": [1.0], "gauss": [0.8434488816905253, 0.0030005715370592092, 0.5], "max": [0.8511778417830772], "min": [0.8357199215979735], "raw_data_size": "9995"}}