{"user_3_994": {"weights": [0.18670924391566673, 0.23753446690039703, 0.27474684733274257, 0.3010094418511938], "gauss": [0.42276419280560806, 0.0002768289038176931, 0.09335462195783337, 0.43135190375926846, 0.000900642299024922, 0.11876723345019852, 0.397006996374308, 0.0001706675228357869, 0.13737342366637129, 0.37919710510103516, 0.00040133473593048543, 0.1505047209255969], "max": [0.423477256808131, 0.4336718045851125, 0.3974466067807925, 0.38023087487437696], "min": [0.42205112880308515, 0.4290320029334244, 0.3965673859678234, 0.37816333532769336], "raw_data_size": "70"}}