{"user_5_1052": {"weights": 1, "gauss": [-0.0167960291, 0.0027102519, 0.5], "max": [-0.0098148829], "min": [-0.0237771752], "raw_data_size": "9994"}, "user_4_1052": {"weights": 1, "gauss": [-0.0170484256, 0.0027464284, 0.5], "max": [-0.009974095], "min": [-0.0241227563], "raw_data_size": "9996"}, "user_1_1052": {"weights": 1, "gauss": [-0.0170307943, 0.0028562089, 0.5], "max": [-0.0096736877], "min": [-0.0243879009], "raw_data_size": "9995"}, "user_6_1052": {"weights": 1, "gauss": [-0.01700275, 0.0027054263, 0.5], "max": [-0.0100340336], "min": [-0.0239714664], "raw_data_size": "9993"}, "user_2_1052": {"weights": 1, "gauss": [-0.0178291279, 0.0027165997, 0.5], "max": [-0.0108316307], "min": [-0.024826625], "raw_data_size": "9991"}, "user_3_1052": {"weights": 1, "gauss": [-0.0171407264, 0.0026769927, 0.5], "max": [-0.0102452502], "min": [-0.0240362026], "raw_data_size": "9991"}}