{"user_3_1929": {"weights": [0.17236134022888097, 0.25150633482111445, 0.2879997761854794, 0.2881325487645252], "gauss": [-1.1069262886605795, 4.425697286922114e-05, 0.08618067011444049, -1.0840073327472741, 0.00016037924090092536, 0.12575316741055723, -1.1344436718270494, 0.0003144252323468978, 0.1439998880927397, -1.0480040609699697, 0.0004677173039838435, 0.1440662743822626], "max": [-1.1068122902529767, -1.0835942231988807, -1.133633766099795, -1.0467993010325911], "min": [-1.1070402870681824, -1.0844204422956676, -1.1352535775543038, -1.0492088209073482], "raw_data_size": "70"}}