{"user_6_3440": {"weights": 1, "gauss": [0.327459673, 0.0010320449, 0.5], "max": [0.3301180444], "min": [0.3248013016], "raw_data_size": "9993"}, "user_2_3440": {"weights": 1, "gauss": [0.3279816323, 0.001039674, 0.5], "max": [0.3306596551], "min": [0.3253036095], "raw_data_size": "9991"}, "user_4_3440": {"weights": 1, "gauss": [0.3276716253, 0.0010557471, 0.5], "max": [0.3303910498], "min": [0.3249522009], "raw_data_size": "9996"}, "user_5_3440": {"weights": 1, "gauss": [0.3278519139, 0.0010575363, 0.5], "max": [0.3305759468], "min": [0.3251278809], "raw_data_size": "9994"}, "user_3_3440": {"weights": 1, "gauss": [0.3275716434, 0.0010500628, 0.5], "max": [0.3302764259], "min": [0.3248668608], "raw_data_size": "9991"}, "user_1_3440": {"weights": 1, "gauss": [0.3277926102, 0.0010405226, 0.5], "max": [0.3304728187], "min": [0.3251124017], "raw_data_size": "9995"}}