{"user_3_1326": {"weights": 1, "gauss": [-0.30479924375706785, 0.0013465777914581634, 0.5], "max": [-0.30133068922232176], "min": [-0.30826779829181394], "raw_data_size": "9991"}}