{"user_3_1221": {"weights": [0.0142857141, 0.0999768796, 0.1750738903, 0.2503610252, 0.4603024908], "gauss": [-0.342795819, 1e-06, 0.007142857, -0.2995448672, 3.01762e-05, 0.0499884398, -0.2808131034, 2.01096e-05, 0.0875369451, -0.2615011499, 8.73694e-05, 0.1251805126, -0.2317785175, 0.0003403032, 0.2301512454], "max": [-0.3427932432, -0.2994671384, -0.2807613045, -0.2612761012, -0.2309019546], "min": [-0.3427983949, -0.299622596, -0.2808649022, -0.2617261986, -0.2326550803], "raw_data_size": "70"}, "user_2_1221": {"weights": [0.0742406577, 0.2949654401, 0.304803391, 0.3259905112], "gauss": [-0.2807781623, 0.0026901167, 0.0371203288, -0.2251292198, 0.0002799377, 0.1474827201, -0.254573264, 6.69661e-05, 0.1524016955, -0.2842280718, 0.0001363659, 0.1629952556], "max": [-0.2738488809, -0.224408148, -0.2544007709, -0.2838768166], "min": [-0.2877074437, -0.2258502915, -0.2547457571, -0.2845793271], "raw_data_size": "57"}, "user_1_1221": {"weights": [0.0333333333, 0.1893517449, 0.2048546111, 0.2305136812, 0.3419466295], "gauss": [-0.3551781178, 1e-06, 0.0166666667, -0.2487864809, 3.24407e-05, 0.0946758724, -0.2662154859, 5.03026e-05, 0.1024273055, -0.2162639081, 0.000365841, 0.1152568406, -0.2901925352, 3.85576e-05, 0.1709733148], "max": [-0.3551755419, -0.2487029192, -0.266085915, -0.2153215641, -0.2900932175], "min": [-0.3551806936, -0.2488700426, -0.2663450567, -0.2172062522, -0.2902918529], "raw_data_size": "30"}}