{"user_2_2270": {"weights": [0.1058295686521178, 0.1946849483604705, 0.2825070709093927, 0.4169784120780189], "gauss": [-0.3270825836060072, 6.132585794903122e-05, 0.0529147843260589, -0.29840494499456877, 1.0953014576666309e-05, 0.09734247418023526, -0.2413559253155544, 5.82647804363488e-05, 0.14125353545469635, -0.2774223273032941, 7.10137994435468e-05, 0.20848920603900944], "max": [-0.3269246186640368, -0.29837673189866, -0.2412058451867416, -0.27723940787773105], "min": [-0.3272405485479776, -0.29843315809047755, -0.24150600544436718, -0.2776052467288571], "raw_data_size": "57"}}