{"user_2_2724": {"weights": [0.10533877565327168, 0.00034262259113565236, 0.04735268442346953, 0.2055179748667102, 0.00025867561774920486, 0.0797797765804549, 0.08322741614184989, 0.00039387624560975685, 0.11328936101982681, 0.13516944317212387, 0.00014175127266620357, 0.12336002024509804, 0.16353846060243846, 0.00016568569741631342, 0.13621815773115065], "gauss": [0.10533877565327168, 0.00034262259113565236, 0.04735268442346953, 0.2055179748667102, 0.00025867561774920486, 0.0797797765804549, 0.08322741614184989, 0.00039387624560975685, 0.11328936101982681, 0.13516944317212387, 0.00014175127266620357, 0.12336002024509804, 0.16353846060243846, 0.00016568569741631342, 0.13621815773115065], "max": [0.10622131296357674, 0.2061842791030222, 0.08424197411726332, 0.13553457025407284, 0.16396523867702234], "min": [0.10445623834296662, 0.2048516706303982, 0.08221285816643646, 0.1348043160901749, 0.16311168252785457], "raw_data_size": "57"}}