{"user_3_1173": {"weights": 1, "gauss": [0.5374400093, 0.0008804306, 0.5], "max": [0.5397078482], "min": [0.5351721703], "raw_data_size": "9991"}, "user_2_1173": {"weights": 1, "gauss": [0.5367182081, 0.0008875647, 0.5], "max": [0.5390044233], "min": [0.5344319929], "raw_data_size": "9991"}, "user_4_1173": {"weights": 1, "gauss": [0.5375220724, 0.0009079182, 0.5], "max": [0.5398607147], "min": [0.5351834301], "raw_data_size": "9996"}, "user_6_1173": {"weights": 1, "gauss": [0.5376097284, 0.0008761374, 0.5], "max": [0.5398665089], "min": [0.5353529479], "raw_data_size": "9993"}, "user_1_1173": {"weights": 1, "gauss": [0.5373552513, 0.0008730945, 0.5], "max": [0.5396041937], "min": [0.5351063088], "raw_data_size": "9995"}, "user_5_1173": {"weights": 1, "gauss": [0.5368125524, 0.000895377, 0.5], "max": [0.5391188908], "min": [0.534506214], "raw_data_size": "9994"}}