{"user_1_2514": {"weights": [0.30187539339697755, 5.436021352721697e-06, 0.0490324187681451, 0.33010362436857066, 1.6382781351186426e-05, 0.06161935810449105, 0.3511163301350063, 0.00010545830740944683, 0.07171423115129297, 0.25162061120093804, 6.862359683765151e-05, 0.11686112054825114, 0.2846390636386281, 2.678096980386524e-05, 0.2007728714278197], "gauss": [0.30187539339697755, 5.436021352721697e-06, 0.0490324187681451, 0.33010362436857066, 1.6382781351186426e-05, 0.06161935810449105, 0.3511163301350063, 0.00010545830740944683, 0.07171423115129297, 0.25162061120093804, 6.862359683765151e-05, 0.11686112054825114, 0.2846390636386281, 2.678096980386524e-05, 0.2007728714278197], "max": [0.3018893956600726, 0.3301458236168487, 0.3513879727335342, 0.2517973738725874, 0.2847080468454264], "min": [0.3018613911338825, 0.33006142512029263, 0.3508446875364784, 0.2514438485292887, 0.28457008043182985], "raw_data_size": "30"}}