{"user_3_2514": {"weights": [0.20280569730525289, 0.24015881174563708, 0.26090152057438437, 0.2961339703747256], "gauss": [0.24614574095265515, 0.00026371156542250626, 0.10140284865262644, 0.3393514083155052, 0.00036652953193129403, 0.12007940587281854, 0.2756173635589836, 0.00019857122717474484, 0.13045076028719219, 0.3059089770484315, 0.0002526886068878316, 0.1480669851873628], "max": [0.2468250169305552, 0.34029552582446987, 0.276128849144782, 0.3065598597667261], "min": [0.2454664649747551, 0.33840729080654053, 0.2751058779731852, 0.3052580943301369], "raw_data_size": "70"}}