{"user_1_1460": {"weights": [0.44756342470617044, 4.445341617780428e-06, 0.033333333328008516, 0.47155503144439653, 7.812748988421769e-06, 0.09872664887722035, 0.5048938757656721, 2.7407237735726064e-05, 0.11350790273094326, 0.5296438480298046, 7.151248136896726e-05, 0.1174299497156684, 0.49079857722828546, 3.765169270647417e-05, 0.1370021653481595], "gauss": [0.44756342470617044, 4.445341617780428e-06, 0.033333333328008516, 0.47155503144439653, 7.812748988421769e-06, 0.09872664887722035, 0.5048938757656721, 2.7407237735726064e-05, 0.11350790273094326, 0.5296438480298046, 7.151248136896726e-05, 0.1174299497156684, 0.49079857722828546, 3.765169270647417e-05, 0.1370021653481595], "max": [0.4475748751473738, 0.4715751557521822, 0.5049644721317611, 0.5298280519748843, 0.490895561561687], "min": [0.44755197426496707, 0.4715349071366109, 0.5048232793995832, 0.5294596440847249, 0.4907015928948839], "raw_data_size": "30"}}