{"user_1_863": {"weights": [1.0], "gauss": [-0.29302872776208755, 0.0010316630490663215, 0.5], "max": [-0.2903713398489139], "min": [-0.2956861156752612], "raw_data_size": "9995"}}