{"user_3_3983": {"weights": 1, "gauss": [0.3304247565322821, 0.0017296197280688836, 0.5], "max": [0.3348799617118382], "min": [0.325969551352726], "raw_data_size": "9991"}}