{"user_5_2681": {"weights": [1.0], "gauss": [0.1338763537391121, 0.0013243316830013538, 0.5], "max": [0.13728760609580523], "min": [0.13046510138241899], "raw_data_size": "9994"}}