{"user_1_2661": {"weights": 1, "gauss": [0.20788685167568055, 0.0035050911069417967, 0.5], "max": [0.2169153680605499], "min": [0.1988583352908112], "raw_data_size": "9995"}}