{"user_3_1567": {"weights": [1.0], "gauss": [-0.050913417946617696, 0.002766310417615638, 0.5], "max": [-0.04378787451021074], "min": [-0.058038961383024654], "raw_data_size": "9991"}}