{"user_1_1034": {"weights": [1.0], "gauss": [0.07475901236178005, 0.0011785910961518958, 0.5], "max": [0.07779486184414992], "min": [0.07172316287941018], "raw_data_size": "9995"}}