{"user_6_3517": {"weights": [1.0], "gauss": [-0.06002452994559944, 0.0013706848284957454, 0.5], "max": [-0.0564938797984302], "min": [-0.06355518009276868], "raw_data_size": "9993"}}