{"user_2_2580": {"weights": [0.11981210593363403, 0.12478140804635919, 0.1880785265384285, 0.5673279594815782], "gauss": [0.3301460173402624, 0.00020479401099365757, 0.05990605296681702, 0.35080162493452605, 8.033032513509286e-06, 0.062390704023179595, 0.36626135889838607, 1.0550017095155683e-05, 0.09403926326921425, 0.3978297595798459, 0.00026596832720238064, 0.2836639797407891], "max": [0.33067353175497116, 0.3508223166550707, 0.36628853394157274, 0.39851484859086966], "min": [0.3296185029255536, 0.3507809332139814, 0.3662341838551994, 0.39714467056882213], "raw_data_size": "57"}}