{"user_1_2064": {"weights": 1, "gauss": [-0.38983690484355277, 0.0011347246724814342, 0.5], "max": [-0.38691404778071514], "min": [-0.3927597619063904], "raw_data_size": "9995"}}