{"user_2_3094": {"weights": 1, "gauss": [0.15650147592691174, 0.0052658476817953525, 0.5], "max": [0.17006540069370527], "min": [0.14293755116011822], "raw_data_size": "9991"}}