{"user_1_1928": {"weights": [0.3940419923840131, 7.462657967338593e-05, 0.049779559413342576, 0.3557639858686771, 4.716084399030261e-06, 0.06412058829423581, 0.3341429450497556, 5.212833106975733e-06, 0.08275066153508767, 0.3716607763751721, 1.8915545900026864e-05, 0.10055392958404183, 0.32096586627976753, 0.00018963983352469804, 0.20279526117329216], "gauss": [0.3940419923840131, 7.462657967338593e-05, 0.049779559413342576, 0.3557639858686771, 4.716084399030261e-06, 0.06412058829423581, 0.3341429450497556, 5.212833106975733e-06, 0.08275066153508767, 0.3716607763751721, 1.8915545900026864e-05, 0.10055392958404183, 0.32096586627976753, 0.00018963983352469804, 0.20279526117329216], "max": [0.3942342177147594, 0.3557761336970701, 0.3341563724180271, 0.371709499592594, 0.32145434612008056], "min": [0.3938497670532668, 0.35575183804028404, 0.33412951768148413, 0.3716120531577502, 0.3204773864394545], "raw_data_size": "30"}}