{"user_6_2590": {"weights": [1.0], "gauss": [0.2519906054, 0.000907673, 0.5], "max": [0.2543286162], "min": [0.2496525946], "raw_data_size": "9993"}, "user_1_2590": {"weights": [1.0], "gauss": [0.2519762945, 0.0009271823, 0.5], "max": [0.2543645579], "min": [0.2495880311], "raw_data_size": "9995"}, "user_5_2590": {"weights": [1.0], "gauss": [0.2517216661, 0.0009181299, 0.5], "max": [0.2540866119], "min": [0.2493567202], "raw_data_size": "9994"}, "user_4_2590": {"weights": [1.0], "gauss": [0.2521812701, 0.0009060437, 0.5], "max": [0.2545150841], "min": [0.2498474561], "raw_data_size": "9996"}, "user_3_2590": {"weights": [1.0], "gauss": [0.2527265927, 0.0009164422, 0.5], "max": [0.2550871915], "min": [0.2503659939], "raw_data_size": "9991"}, "user_2_2590": {"weights": [1.0], "gauss": [0.2518806073, 0.0009289144, 0.5], "max": [0.2542733322], "min": [0.2494878824], "raw_data_size": "9991"}}