{"user_1_1870": {"weights": [1.0], "gauss": [-9.52343e-05, 0.0024398212, 0.5], "max": [0.0061893288], "min": [-0.0063797973], "raw_data_size": "9995"}, "user_3_1870": {"weights": [1.0], "gauss": [0.0002271283, 0.0024364467, 0.5], "max": [0.0065029992], "min": [-0.0060487426], "raw_data_size": "9991"}, "user_4_1870": {"weights": [1.0], "gauss": [-0.0001854296, 0.002412526, 0.5], "max": [0.0060288255], "min": [-0.0063996847], "raw_data_size": "9996"}, "user_6_1870": {"weights": [1.0], "gauss": [0.00026587, 0.0023889005, 0.5], "max": [0.0064192699], "min": [-0.00588753], "raw_data_size": "9993"}, "user_2_1870": {"weights": [1.0], "gauss": [-0.0008003798, 0.0024293208, 0.5], "max": [0.0054571358], "min": [-0.0070578954], "raw_data_size": "9991"}, "user_5_1870": {"weights": [1.0], "gauss": [4.2049e-06, 0.0024155286, 0.5], "max": [0.0062261941], "min": [-0.0062177844], "raw_data_size": "9994"}}