{"user_3_1574": {"weights": [1.0], "gauss": [0.16000001769514755, 0.0014819565234443315, 0.5], "max": [0.1638172847348209], "min": [0.15618275065547418], "raw_data_size": "9991"}}