{"user_1_290": {"weights": [1.0], "gauss": [-0.1689132454963605, 0.0013189765957567444, 0.5], "max": [-0.1655157869303151], "min": [-0.1723107040624059], "raw_data_size": "9995"}}