{"user_3_4069": {"weights": [0.12862935815568502, 0.13791031643967394, 0.3106496362615374, 0.42281068914310366], "gauss": [-0.47492450949998666, 0.0009287109648146154, 0.06431467907784251, -0.2917899647676333, 0.0010098798218170768, 0.06895515821983697, -0.35407966002629393, 0.0003019588429342125, 0.1553248181307687, -0.41018123046976784, 0.00024434229857320147, 0.21140534457155183], "max": [-0.47253230858229, -0.28918868672953413, -0.35330186559019827, -0.4095518464170065], "min": [-0.4773167104176833, -0.2943912428057325, -0.3548574544623896, -0.4108106145225292], "raw_data_size": "70"}}