{"user_2_2145": {"weights": 1, "gauss": [0.053417641139430226, 0.0009233400603226265, 0.5], "max": [0.05579600752394986], "min": [0.051039274754910595], "raw_data_size": "9991"}}