{"user_5_2145": {"weights": 1, "gauss": [0.054127439995110035, 0.0009067175929324973, 0.5], "max": [0.05646298974102888], "min": [0.05179189024919119], "raw_data_size": "9994"}}