{"user_5_3996": {"weights": [1.0], "gauss": [0.026825219353847206, 0.002298631690850611, 0.5], "max": [0.032746102221206365], "min": [0.020904336486488047], "raw_data_size": "9994"}}