{"user_4_2280": {"weights": 1, "gauss": [-0.2228611104213467, 0.0024910218268110384, 0.5], "max": [-0.21644466340406693], "min": [-0.2292775574386265], "raw_data_size": "9996"}}