{"user_1_1829": {"weights": 1, "gauss": [-0.04653301870968918, 0.0026313543879262075, 0.5], "max": [-0.03975509896924687], "min": [-0.05331093845013148], "raw_data_size": "9995"}}