{"user_2_1829": {"weights": 1, "gauss": [-0.04672217390130749, 0.002608764014386551, 0.5], "max": [-0.04000244310700675], "min": [-0.053441904695608236], "raw_data_size": "9991"}}