{"user_6_1460": {"weights": 1, "gauss": [0.49196361443153896, 0.0013881652023188795, 0.5], "max": [0.49553929103783884], "min": [0.4883879378252391], "raw_data_size": "9993"}}