{"user_3_1878": {"weights": [0.02872171090235671, 0.09522918297146517, 0.20553930134900436, 0.32555417530189795, 0.34495562947527575], "gauss": [0.32454815586427216, 0.00015751599242398617, 0.014360855451178356, 0.4434086468616057, 4.78753836110336e-05, 0.047614591485732584, 0.42498523003310074, 8.777480262000991e-05, 0.10276965067450218, 0.40148378666355017, 0.00013196178341562292, 0.16277708765094898, 0.3713314953278403, 8.528249873443372e-05, 0.17247781473763787], "max": [0.3249538901733354, 0.44353196567762965, 0.4252113229418026, 0.4018236976922207, 0.37155116848716035], "min": [0.3241424215552089, 0.44328532804558174, 0.4247591371243989, 0.40114387563487963, 0.3711118221685203], "raw_data_size": "70"}}