{"user_3_938": {"weights": [0.07456480594518575, 0.27524349058765285, 0.6501917034671615], "gauss": [-0.5961620113579613, 0.0024312841670993393, 0.037282402972592874, -0.5234396455298441, 0.0005846090916460091, 0.13762174529382643, -0.47366349532542884, 0.0005660880518967283, 0.32509585173358074], "max": [-0.5898994383550924, -0.5219337923004612, -0.47220534913296436], "min": [-0.6024245843608302, -0.524945498759227, -0.4751216415178933], "raw_data_size": "70"}}