{"user_3_3202": {"weights": [0.07130219543782025, 0.25394149257817367, 0.2600677398689213, 0.4146885721150848], "gauss": [0.4282149594670416, 1.4780155768888803e-05, 0.035651097718910126, 0.3013267161008736, 0.00043129452403096915, 0.12697074628908683, 0.3293737900362049, 0.00024411402515657387, 0.13003386993446064, 0.3651272725106161, 0.00024967081792942505, 0.2073442860575424], "max": [0.4282530306253821, 0.30243765717433274, 0.3300025860956105, 0.36577038191967975], "min": [0.42817688830870104, 0.3002157750274144, 0.32874499397679935, 0.36448416310155246], "raw_data_size": "70"}}