{"user_3_3273": {"weights": [1.0], "gauss": [-0.015540278145354358, 0.0011477025488248179, 0.5], "max": [-0.01258399228833363], "min": [-0.018496564002375086], "raw_data_size": "9991"}}