{"user_3_239": {"weights": [1.0], "gauss": [-0.2925896989168586, 0.002694377377806408, 0.5], "max": [-0.2856494427122856], "min": [-0.2995299551214316], "raw_data_size": "9991"}}