{"user_2_3941": {"weights": [0.1519735210026029, 0.200038546332761, 0.20239687418783672, 0.22258457428484865, 0.2230064841919506], "gauss": [0.03287972375008912, 0.00016815203487647264, 0.07598676050130145, -0.005258954565661021, 4.12051633160807e-05, 0.1000192731663805, -0.026253522029046312, 6.870377653039685e-05, 0.10119843709391836, 0.015770081116285098, 8.191199004282574e-05, 0.11129228714242433, -0.05760763146372863, 0.00030334246007413825, 0.1115032420959753], "max": [0.03331285468897532, -0.005152817098533942, -0.026076552828194842, 0.015981072420549414, -0.05682627306605905], "min": [0.03244659281120293, -0.0053650920327881005, -0.026430491229897782, 0.015559089812020782, -0.05838898986139821], "raw_data_size": "57"}}