{"user_1_367": {"weights": [0.1475286674392999, 0.23801998124195858, 0.6144513513187416], "gauss": [-0.47157150869539544, 2.0032412596847737e-05, 0.07376433371964995, -0.49436508592140793, 8.710356817126407e-05, 0.11900999062097929, -0.5178140096006977, 7.40621880649096e-05, 0.3072256756593708], "max": [-0.4715199086200077, -0.49414072199806874, -0.5176232380463951], "min": [-0.4716231087707832, -0.4945894498447471, -0.5180047811550003], "raw_data_size": "30"}}