{"user_3_1353": {"weights": [1.0], "gauss": [-0.03164135389841138, 0.00047863725671252685, 0.5], "max": [-0.030408466026800994], "min": [-0.03287424177002176], "raw_data_size": "9991"}}