{"user_1_3994": {"weights": [1.0], "gauss": [0.10720622333503246, 0.0008910255405025273, 0.5], "max": [0.10950135303246937], "min": [0.10491109363759556], "raw_data_size": "9995"}}