{"user_5_3994": {"weights": 1, "gauss": [0.1066456605934428, 0.0008810321190263888, 0.5], "max": [0.10891504894299875], "min": [0.10437627224388685], "raw_data_size": "9994"}}