{"user_3_2264": {"weights": 1, "gauss": [-0.48802678041064584, 0.0017481761674963115, 0.5], "max": [-0.48352377701064303], "min": [-0.49252978381064866], "raw_data_size": "9991"}}