{"user_5_2730": {"weights": [1.0], "gauss": [0.3262477058839674, 0.00211552374028856, 0.5], "max": [0.331696933926556], "min": [0.32079847784137877], "raw_data_size": "9994"}}