{"user_2_1255": {"weights": [1.0], "gauss": [-0.1653437153098335, 0.0013372665992942175, 0.5], "max": [-0.16189914481671427], "min": [-0.16878828580295271], "raw_data_size": "9991"}}