{"user_4_4039": {"weights": 1, "gauss": [0.06126837243469303, 0.0016139737419294169, 0.5], "max": [0.0654256932943133], "min": [0.05711105157507277], "raw_data_size": "9996"}}