{"user_3_1463": {"weights": [0.0927653995, 0.1507115427, 0.2125473153, 0.2510255792, 0.2929501633], "gauss": [-0.2139090845, 9.58898e-05, 0.0463826998, -0.1779489488, 0.0002118677, 0.0753557714, -0.2483694796, 4.50247e-05, 0.1062736576, -0.2693400227, 0.0001129007, 0.1255127896, -0.301494202, 8.61168e-05, 0.1464750817], "max": [-0.2136620887, -0.1774032137, -0.2482535036, -0.2690492098, -0.3012723798], "min": [-0.2141560804, -0.1784946839, -0.2484854556, -0.2696308355, -0.3017160242], "raw_data_size": "70"}, "user_1_1463": {"weights": [0.2980939373, 0.7019060627], "gauss": [-0.2211880443, 0.0009373784, 0.1490469687, -0.2791970147, 0.0003588086, 0.3509530313], "max": [-0.2187735175, -0.2782727849], "min": [-0.2236025711, -0.2801212445], "raw_data_size": "30"}, "user_2_1463": {"weights": [-0.1650174392, 3.4466e-06, 0.0262931711, -0.2417349339, 9.3009e-06, 0.058612944, -0.2114621132, 0.0001676523, 0.063353769, -0.3080852883, 0.0001805389, 0.1153584595, -0.2737126611, 9.68674e-05, 0.2363816565], "gauss": [-0.1650174392, 3.4466e-06, 0.0262931711, -0.2417349339, 9.3009e-06, 0.058612944, -0.2114621132, 0.0001676523, 0.063353769, -0.3080852883, 0.0001805389, 0.1153584595, -0.2737126611, 9.68674e-05, 0.2363816565], "max": [-0.1650085613, -0.2417109764, -0.2110302695, -0.3076202509, -0.2734631473], "min": [-0.1650263172, -0.2417588914, -0.2118939569, -0.3085503258, -0.273962175], "raw_data_size": "57"}}