{"user_3_2331": {"weights": 1, "gauss": [-0.3410259941481885, 0.0012380889500531861, 0.5], "max": [-0.33783688835024145], "min": [-0.3442150999461356], "raw_data_size": "9991"}}