{"user_6_3384": {"weights": 1, "gauss": [0.1116316578729212, 0.0005323782229161776, 0.5], "max": [0.11300297330007998], "min": [0.11026034244576242], "raw_data_size": "9993"}}