{"user_6_919": {"weights": 1, "gauss": [0.0645047873554929, 0.0005611162307231449, 0.5], "max": [0.06595012698528649], "min": [0.06305944772569932], "raw_data_size": "9993"}}