{"user_1_1922": {"weights": 1, "gauss": [-0.4791262784633717, 0.0007064016411932596, 0.5], "max": [-0.47730670841591105], "min": [-0.48094584851083233], "raw_data_size": "9995"}}