{"user_3_1922": {"weights": [1.0], "gauss": [-0.4794045751166523, 0.0006850847531134342, 0.5], "max": [-0.47763991373416814], "min": [-0.48116923649913645], "raw_data_size": "9991"}}