{"user_6_122": {"weights": [1.0], "gauss": [0.0237341414, 0.0007706316, 0.5], "max": [0.025719157], "min": [0.0217491258], "raw_data_size": "9993"}, "user_5_122": {"weights": [1.0], "gauss": [0.0242032263, 0.0007736862, 0.5], "max": [0.02619611], "min": [0.0222103427], "raw_data_size": "9994"}, "user_1_122": {"weights": [1.0], "gauss": [0.0236525736, 0.0007532295, 0.5], "max": [0.0255927643], "min": [0.0217123829], "raw_data_size": "9995"}, "user_4_122": {"weights": [1.0], "gauss": [0.0237755667, 0.0007799422, 0.5], "max": [0.0257845647], "min": [0.0217665687], "raw_data_size": "9996"}, "user_2_122": {"weights": [1.0], "gauss": [0.0240620465, 0.0007467459, 0.5], "max": [0.0259855366], "min": [0.0221385564], "raw_data_size": "9991"}, "user_3_122": {"weights": [1.0], "gauss": [0.0237368587, 0.0007523001, 0.5], "max": [0.0256746553], "min": [0.0217990621], "raw_data_size": "9991"}}