{"user_2_3209": {"weights": [0.07628233704925282, 0.15258282361857256, 0.17217847395646615, 0.2554890728522547, 0.34346729252345376], "gauss": [0.2657920427256489, 0.0002465327648581557, 0.03814116852462641, 0.36110945678946127, 4.2061312459789165e-05, 0.07629141180928628, 0.3037359926538092, 3.6474464939774794e-05, 0.08608923697823308, 0.34248960791499805, 4.032200936300478e-05, 0.12774453642612735, 0.3244652443509708, 2.995233149539933e-05, 0.17173364626172688], "max": [0.26642706904565544, 0.36121779955064093, 0.3038299446494323, 0.34259347052829325, 0.32454239644414623], "min": [0.2651570164056423, 0.3610011140282816, 0.30364204065818606, 0.34238574530170285, 0.32438809225779536], "raw_data_size": "57"}}