{"user_1_3209": {"weights": [0.2024080979356903, 0.7975919020643096], "gauss": [0.3573345015637048, 9.983117121409213e-05, 0.10120404896784516, 0.3187628664368829, 0.00033850700230161803, 0.3987959510321548], "max": [0.3575916496199256, 0.3196348026928679], "min": [0.35707735350748393, 0.31789093018089787], "raw_data_size": "30"}}