{"user_3_3071": {"weights": [0.44910137568214553, 0.5508986243178544], "gauss": [-0.5388618308708205, 0.0002156643641883772, 0.22455068784107277, -0.5837514785032734, 0.00030069751458258645, 0.2754493121589272], "max": [-0.5383063162818128, -0.5829769330337072], "min": [-0.5394173454598282, -0.5845260239728395], "raw_data_size": "70"}}