{"user_3_2983": {"weights": [0.16628344289746166, 0.17695544996147308, 0.2833340625880451, 0.3734270445530202], "gauss": [-0.14418601952388932, 0.00013702035041345925, 0.08314172144873083, -0.06324284025067363, 8.798876704034148e-05, 0.08847772498073654, -0.11468152217961664, 0.00014090121525995352, 0.14166703129402256, -0.08350013543064275, 8.850297395856109e-05, 0.1867135222765101], "max": [-0.1438330784901118, -0.06301619620614798, -0.1143185847004444, -0.08327216687686906], "min": [-0.14453896055766685, -0.06346948429519927, -0.11504445965878887, -0.08372810398441644], "raw_data_size": "70"}}