{"user_1_3189": {"weights": [0.006989941, 3.8261e-06, 0.0490297192, -0.0487574858, 3.344e-06, 0.0811216953, -0.0105578097, 3.81543e-05, 0.087177579, -0.0286215565, 1.10917e-05, 0.0970638013, -0.0831320171, 0.000202578, 0.1856072052], "gauss": [0.006989941, 3.8261e-06, 0.0490297192, -0.0487574858, 3.344e-06, 0.0811216953, -0.0105578097, 3.81543e-05, 0.087177579, -0.0286215565, 1.10917e-05, 0.0970638013, -0.0831320171, 0.000202578, 0.1856072052], "max": [0.0069997964, -0.0487488722, -0.0104595307, -0.0285929862, -0.0826102107], "min": [0.0069800856, -0.0487660993, -0.0106560888, -0.0286501268, -0.0836538235], "raw_data_size": "30"}, "user_3_3189": {"weights": [0.027957376, 0.137269888, 0.1964309666, 0.2686692315, 0.3696725379], "gauss": [0.0408015974, 7.55206e-05, 0.013978688, -0.1259891433, 0.0001922071, 0.068634944, -0.0800461013, 0.0001319458, 0.0982154833, -0.0058971515, 0.0001270753, 0.1343346158, -0.0429150812, 0.000141773, 0.184836269], "max": [0.0409961257, -0.1254940507, -0.0797062315, -0.0055698273, -0.0425498981], "min": [0.0406070691, -0.1264842359, -0.0803859712, -0.0062244757, -0.0432802644], "raw_data_size": "70"}, "user_2_3189": {"weights": [0.0765386, 1e-06, 0.0087719295, -0.0502857201, 2.82308e-05, 0.0905658059, -0.0053041827, 0.0001986057, 0.1121845028, -0.0311468286, 2.85821e-05, 0.1239610783, -0.0840710657, 0.0002597542, 0.1645166835], "gauss": [0.0765386, 1e-06, 0.0087719295, -0.0502857201, 2.82308e-05, 0.0905658059, -0.0053041827, 0.0001986057, 0.1121845028, -0.0311468286, 2.85821e-05, 0.1239610783, -0.0840710657, 0.0002597542, 0.1645166835], "max": [0.0765411759, -0.0502130025, -0.0047926084, -0.0310732059, -0.0834019832], "min": [0.0765360242, -0.0503584378, -0.005815757, -0.0312204512, -0.0847401482], "raw_data_size": "57"}}