{"user_2_2566": {"weights": [0.03487615524837742, 0.035087331704122045, 0.20249091044361942, 0.3494278471348309, 0.3781177554690503], "gauss": [0.23985972396253655, 1.2055306294284473e-05, 0.01743807762418871, 0.05768858174106485, 4.500547070069398e-06, 0.017543665852061022, 0.12385312050888288, 0.00018413972066120142, 0.10124545522180971, 0.160986630413495, 0.0001368417956046666, 0.17471392356741544, 0.19078083895496373, 0.0001758318662034773, 0.18905887773452515], "max": [0.2398907763737526, 0.057700174382089936, 0.1243274329973093, 0.16133911152056377, 0.19123375182842833], "min": [0.23982867155132048, 0.057676989100039766, 0.12337880802045645, 0.16063414930642625, 0.19032792608149912], "raw_data_size": "57"}}