{"user_2_2950": {"weights": [0.035084514493368565, 0.32246532027598307, 0.6424501652306485], "gauss": [-0.26162701463938937, 1.0247857222324796e-05, 0.017542257246684283, -0.12620294982413469, 0.0009648219380057635, 0.16123266013799153, -0.08577611482304119, 0.0005234759836275689, 0.32122508261532423], "max": [-0.2616006179084575, -0.1237177332035126, -0.08442773004470921], "min": [-0.2616534113703212, -0.12868816644475678, -0.08712449960137317], "raw_data_size": "57"}}