{"user_3_2950": {"weights": [0.059868567929834526, 0.9401314320701655], "gauss": [-0.23280124529132162, 0.0007766593554729616, 0.029934283964917263, -0.1001580587024758, 0.001344339686544766, 0.47006571603508274], "max": [-0.23080070336461897, -0.09669526914395005], "min": [-0.23480178721802428, -0.10362084826100154], "raw_data_size": "70"}}