{"user_2_3801": {"weights": [1.0], "gauss": [0.2864380745, 0.0018446914, 0.5], "max": [0.2911896846], "min": [0.2816864644], "raw_data_size": "9991"}, "user_6_3801": {"weights": [1.0], "gauss": [0.2862610053, 0.0018335915, 0.5], "max": [0.290984024], "min": [0.2815379865], "raw_data_size": "9993"}, "user_1_3801": {"weights": [1.0], "gauss": [0.2868127151, 0.0018671001, 0.5], "max": [0.2916220462], "min": [0.282003384], "raw_data_size": "9995"}, "user_4_3801": {"weights": [1.0], "gauss": [0.2863540946, 0.0017726758, 0.5], "max": [0.2909202049], "min": [0.2817879842], "raw_data_size": "9996"}, "user_5_3801": {"weights": [1.0], "gauss": [0.2871879201, 0.0018287035, 0.5], "max": [0.2918983482], "min": [0.282477492], "raw_data_size": "9994"}, "user_3_3801": {"weights": [1.0], "gauss": [0.2865985876, 0.0018498785, 0.5], "max": [0.2913635588], "min": [0.2818336163], "raw_data_size": "9991"}}