{"user_3_3520": {"weights": 1, "gauss": [-0.0981337262, 0.0013184405, 0.5], "max": [-0.0947376484], "min": [-0.1015298039], "raw_data_size": "9991"}, "user_6_3520": {"weights": 1, "gauss": [-0.0975155917, 0.0013079405, 0.5], "max": [-0.0941465601], "min": [-0.1008846233], "raw_data_size": "9993"}, "user_4_3520": {"weights": 1, "gauss": [-0.0981238175, 0.0012967808, 0.5], "max": [-0.0947835315], "min": [-0.1014641035], "raw_data_size": "9996"}, "user_5_3520": {"weights": 1, "gauss": [-0.0987298378, 0.0013353887, 0.5], "max": [-0.0952901043], "min": [-0.1021695713], "raw_data_size": "9994"}, "user_1_3520": {"weights": 1, "gauss": [-0.0988177463, 0.0013107431, 0.5], "max": [-0.0954414958], "min": [-0.1021939969], "raw_data_size": "9995"}, "user_2_3520": {"weights": 1, "gauss": [-0.0983960588, 0.001305101, 0.5], "max": [-0.0950343415], "min": [-0.1017577761], "raw_data_size": "9991"}}