{"user_5_3905": {"weights": 1, "gauss": [0.07104998594210514, 0.0013329544924379842, 0.5], "max": [0.07448344918402405], "min": [0.06761652270018623], "raw_data_size": "9994"}}