{"user_3_786": {"weights": [0.19949165017023046, 0.2607600258587205, 0.539748323971049], "gauss": [-0.7996822338074129, 0.0007181727513614057, 0.09974582508511523, -0.9098550210750725, 0.000859701240350257, 0.13038001292936024, -0.8561790229058969, 0.0004992731610463365, 0.2698741619855245], "max": [-0.7978323433894459, -0.9076405774278811, -0.8548929804671982], "min": [-0.8015321242253799, -0.912069464722264, -0.8574650653445955], "raw_data_size": "70"}}