{"user_1_2088": {"weights": [0.059687482714281724, 0.4578206686733742, 0.4824918486123441], "gauss": [0.4041649784354119, 7.873036132743827e-05, 0.029843741357140862, 0.4498504719292279, 0.00019000130685242655, 0.2289103343366871, 0.496042233280967, 0.0003029169611864492, 0.24124592430617206], "max": [0.40436777440719807, 0.450339882863131, 0.49682249566613307], "min": [0.4039621824636257, 0.4493610609953248, 0.495261970895801], "raw_data_size": "30"}}