{"user_3_2088": {"weights": [0.12942207545615386, 0.19393450096697762, 0.28240058806514984, 0.3942428355117187], "gauss": [0.41561479034974175, 0.0008435677934142118, 0.06471103772807693, 0.5177184993971077, 0.0001293670199872522, 0.09696725048348881, 0.4314349871536968, 0.00015266596875804128, 0.14120029403257492, 0.4701892308842441, 0.00015557738609134241, 0.19712141775585934], "max": [0.4177876769915482, 0.5180517267581036, 0.43182822862967846, 0.4705899716743077], "min": [0.4134419037079353, 0.5173852720361117, 0.4310417456777152, 0.46978849009418044], "raw_data_size": "70"}}