{"user_4_2216": {"weights": 1, "gauss": [-0.1063718535357766, 0.003755364885106906, 0.5], "max": [-0.09669867461919969], "min": [-0.11604503245235352], "raw_data_size": "9996"}}