{"user_2_217": {"weights": [1.0], "gauss": [-0.07777960481790333, 0.0026821331789849525, 0.5], "max": [-0.07087088757945312], "min": [-0.08468832205635354], "raw_data_size": "9991"}}