{"user_1_696": {"weights": [0.13212084316336795, 0.4337973616109015, 0.43408179522573065], "gauss": [0.09793016678977969, 0.0001664862325668905, 0.06606042158168397, 0.1144169369354333, 5.2363494684885516e-05, 0.21689868080545074, 0.16217356398973584, 0.00019506820564514884, 0.21704089761286532], "max": [0.09835900690626294, 0.11455181635947885, 0.16267602639002732], "min": [0.09750132667329643, 0.11428205751138774, 0.16167110158944437], "raw_data_size": "30"}}