{"user_6_1109": {"weights": [1.0], "gauss": [0.022928925083579944, 0.00161540698159299, 0.5], "max": [0.027089937723924647], "min": [0.01876791244323524], "raw_data_size": "9993"}}