{"user_5_1071": {"weights": 1, "gauss": [-0.426581653847035, 0.005427504045716041, 0.5], "max": [-0.41260132988094944], "min": [-0.44056197781312056], "raw_data_size": "9994"}}