{"user_3_1071": {"weights": 1, "gauss": [-0.4273750699606358, 0.005596492448972089, 0.5], "max": [-0.41295946071348333], "min": [-0.44179067920778825], "raw_data_size": "9991"}}