{"user_5_1500": {"weights": [1.0], "gauss": [0.2981848283, 0.0020344895, 0.5], "max": [0.303425326], "min": [0.2929443306], "raw_data_size": "9994"}, "user_1_1500": {"weights": [1.0], "gauss": [0.2973618399, 0.0020853852, 0.5], "max": [0.3027334361], "min": [0.2919902437], "raw_data_size": "9995"}, "user_3_1500": {"weights": [1.0], "gauss": [0.2979384207, 0.0019969643, 0.5], "max": [0.30308226], "min": [0.2927945815], "raw_data_size": "9991"}, "user_6_1500": {"weights": [1.0], "gauss": [0.2980580442, 0.0019972353, 0.5], "max": [0.3032025815], "min": [0.2929135069], "raw_data_size": "9993"}, "user_4_1500": {"weights": [1.0], "gauss": [0.297654976, 0.0020207075, 0.5], "max": [0.3028599736], "min": [0.2924499783], "raw_data_size": "9996"}, "user_2_1500": {"weights": [1.0], "gauss": [0.2976325631, 0.0019971839, 0.5], "max": [0.3027769679], "min": [0.2924881583], "raw_data_size": "9991"}}