{"user_3_1420": {"weights": [0.102171047, 0.1608171626, 0.1819193575, 0.2113221014, 0.3437703316], "gauss": [-0.5389863917, 0.00010942, 0.0510855235, -0.574291971, 7.44263e-05, 0.0804085813, -0.625918985, 8.46802e-05, 0.0909596787, -0.5983084027, 5.30265e-05, 0.1056610507, -0.6545478758, 8.59028e-05, 0.1718851658], "max": [-0.5387045446, -0.5741002616, -0.6257008633, -0.5981718154, -0.6543266048], "min": [-0.5392682388, -0.5744836803, -0.6261371068, -0.59844499, -0.6547691468], "raw_data_size": "70"}, "user_1_1420": {"weights": [0.1617167479, 0.1807784207, 0.2391087663, 0.4183960651], "gauss": [-0.6560945685, 3.68485e-05, 0.080858374, -0.5606537575, 0.0001020886, 0.0903892103, -0.5810126423, 4.53454e-05, 0.1195543831, -0.6149421101, 0.0002117181, 0.2091980326], "max": [-0.6559996529, -0.5603907947, -0.5808958404, -0.6143967604], "min": [-0.656189484, -0.5609167202, -0.5811294442, -0.6154874597], "raw_data_size": "30"}, "user_2_1420": {"weights": [0.3215989159, 0.3274553949, 0.3509456892], "gauss": [-0.6453125219, 0.0001456731, 0.160799458, -0.6083731447, 0.0001550537, 0.1637276974, -0.5712007571, 0.0002239479, 0.1754728446], "max": [-0.6449372929, -0.6079737529, -0.5706239057], "min": [-0.645687751, -0.6087725364, -0.5717776086], "raw_data_size": "57"}}