{"user_5_1760": {"weights": [1.0], "gauss": [0.3179957083, 0.0025045327, 0.5], "max": [0.3244469571], "min": [0.3115444596], "raw_data_size": "9994"}, "user_4_1760": {"weights": [1.0], "gauss": [0.3189155249, 0.0025223666, 0.5], "max": [0.3254127108], "min": [0.3124183391], "raw_data_size": "9996"}, "user_6_1760": {"weights": [1.0], "gauss": [0.3190816322, 0.0025484718, 0.5], "max": [0.3256460606], "min": [0.3125172038], "raw_data_size": "9993"}, "user_1_1760": {"weights": [1.0], "gauss": [0.3184407722, 0.0026212286, 0.5], "max": [0.3251926097], "min": [0.3116889348], "raw_data_size": "9995"}, "user_2_1760": {"weights": [1.0], "gauss": [0.3190991495, 0.0025862612, 0.5], "max": [0.3257609169], "min": [0.3124373821], "raw_data_size": "9991"}, "user_3_1760": {"weights": [1.0], "gauss": [0.3188487395, 0.0025423249, 0.5], "max": [0.3253973345], "min": [0.3123001444], "raw_data_size": "9991"}}