{"user_1_1478": {"weights": [1.0], "gauss": [0.0128971372, 0.0006668074, 0.5], "max": [0.0146147192], "min": [0.0111795552], "raw_data_size": "9995"}, "user_4_1478": {"weights": [1.0], "gauss": [0.0133262231, 0.0006799807, 0.5], "max": [0.0150777374], "min": [0.0115747088], "raw_data_size": "9996"}, "user_2_1478": {"weights": [1.0], "gauss": [0.0131219514, 0.0006820622, 0.5], "max": [0.0148788272], "min": [0.0113650755], "raw_data_size": "9991"}, "user_3_1478": {"weights": [1.0], "gauss": [0.0132879948, 0.0006579697, 0.5], "max": [0.0149828123], "min": [0.0115931772], "raw_data_size": "9991"}, "user_5_1478": {"weights": [1.0], "gauss": [0.0132432771, 0.0006747236, 0.5], "max": [0.0149812499], "min": [0.0115053043], "raw_data_size": "9994"}, "user_6_1478": {"weights": [1.0], "gauss": [0.0127306684, 0.000675511, 0.5], "max": [0.0144706694], "min": [0.0109906675], "raw_data_size": "9993"}}