{"user_5_398": {"weights": [1.0], "gauss": [-0.3745522486, 0.0015666702, 0.5], "max": [-0.3705167737], "min": [-0.3785877235], "raw_data_size": "9994"}, "user_4_398": {"weights": [1.0], "gauss": [-0.3753986651, 0.0016015054, 0.5], "max": [-0.3712734607], "min": [-0.3795238696], "raw_data_size": "9996"}, "user_1_398": {"weights": [1.0], "gauss": [-0.3736834513, 0.0015735482, 0.5], "max": [-0.3696302598], "min": [-0.3777366428], "raw_data_size": "9995"}, "user_2_398": {"weights": [1.0], "gauss": [-0.3755480694, 0.0015674861, 0.5], "max": [-0.3715104927], "min": [-0.3795856462], "raw_data_size": "9991"}, "user_6_398": {"weights": [1.0], "gauss": [-0.375010204, 0.0015477991, 0.5], "max": [-0.3710233377], "min": [-0.3789970704], "raw_data_size": "9993"}, "user_3_398": {"weights": [1.0], "gauss": [-0.3748060144, 0.0015432112, 0.5], "max": [-0.3708309659], "min": [-0.3787810629], "raw_data_size": "9991"}}