{"user_4_2128": {"weights": [1.0], "gauss": [0.24856855598319583, 0.0007065349942116859, 0.5], "max": [0.25038846952526905], "min": [0.2467486424411226], "raw_data_size": "9996"}}