{"user_1_2128": {"weights": 1, "gauss": [0.2479702093451245, 0.0006787335803112156, 0.5], "max": [0.2497185111905928], "min": [0.24622190749965622], "raw_data_size": "9995"}}