{"user_1_2835": {"weights": [0.1233746868492549, 0.3762788333701744, 0.5003464797805708], "gauss": [0.17144147288343753, 1.4840244097156757e-05, 0.06168734342462745, 0.1944075077486065, 0.00016823259336756668, 0.1881394166850872, 0.1415266544836708, 5.6480186405061635e-05, 0.2501732398902854], "max": [0.1714796988190548, 0.1948408461924147, 0.14167213780288287], "min": [0.17140324694782025, 0.19397416930479827, 0.14138117116445872], "raw_data_size": "30"}}