{"user_4_1972": {"weights": [1.0], "gauss": [0.5890020721568857, 0.00101237975594634, 0.5], "max": [0.591609789598572], "min": [0.5863943547151994], "raw_data_size": "9996"}}