{"user_2_1972": {"weights": 1, "gauss": [0.5887934378032623, 0.0009684076096254925, 0.5], "max": [0.5912878905019154], "min": [0.5862989851046092], "raw_data_size": "9991"}}