{"user_3_1972": {"weights": 1, "gauss": [0.5887810895292307, 0.000967274941767209, 0.5], "max": [0.5912726246688232], "min": [0.5862895543896381], "raw_data_size": "9991"}}