{"user_5_3066": {"weights": 1, "gauss": [-0.5378103419823346, 0.0012313195569874913, 0.5], "max": [-0.5346386729854133], "min": [-0.5409820109792558], "raw_data_size": "9994"}}