{"user_1_426": {"weights": [0.09998702628436895, 0.2173837461929678, 0.21860676327698994, 0.2222952433388678, 0.2417272209068056], "gauss": [-0.159887093262351, 5.945994243402141e-06, 0.049993513142184476, -0.2762879965306029, 0.00012439715546583196, 0.1086918730964839, -0.22035144765607462, 6.980719720636641e-05, 0.10930338163849497, -0.24721179423753412, 6.604833913319879e-05, 0.1111476216694339, -0.1957822842871733, 6.795850676095155e-05, 0.1208636104534028], "max": [-0.1598717773961401, -0.27596757069227584, -0.22017163623191185, -0.2470416649901441, -0.19560723477403302], "min": [-0.1599024091285619, -0.2766084223689299, -0.22053125908023738, -0.24738192348492413, -0.1959573338003136], "raw_data_size": "30"}}