{"user_6_2876": {"weights": [1.0], "gauss": [0.3684244795, 0.0006539115, 0.5], "max": [0.3701088439], "min": [0.3667401151], "raw_data_size": "9993"}, "user_5_2876": {"weights": [1.0], "gauss": [0.369185841, 0.0006497586, 0.5], "max": [0.3708595082], "min": [0.3675121738], "raw_data_size": "9994"}, "user_3_2876": {"weights": [1.0], "gauss": [0.3689547647, 0.000657697, 0.5], "max": [0.37064888], "min": [0.3672606494], "raw_data_size": "9991"}, "user_2_2876": {"weights": [1.0], "gauss": [0.3686823551, 0.0006476645, 0.5], "max": [0.3703506283], "min": [0.3670140819], "raw_data_size": "9991"}, "user_1_2876": {"weights": [1.0], "gauss": [0.3691246444, 0.0006559553, 0.5], "max": [0.3708142732], "min": [0.3674350156], "raw_data_size": "9995"}, "user_4_2876": {"weights": [1.0], "gauss": [0.3685871655, 0.0006605106, 0.5], "max": [0.3702885281], "min": [0.366885803], "raw_data_size": "9996"}}