{"user_2_2447": {"weights": 1, "gauss": [0.8393895033908407, 0.0012083330554023264, 0.5], "max": [0.8425019630833929], "min": [0.8362770436982886], "raw_data_size": "9991"}}