{"user_1_1316": {"weights": [1.0], "gauss": [0.196769244965164, 0.0013410025089129602, 0.5], "max": [0.20022343852375457], "min": [0.1933150514065734], "raw_data_size": "9995"}}