{"user_1_863": {"weights": [-0.3807699084, 1e-06, 0.0166660827, -0.3513246693, 4.85537e-05, 0.0309748955, -0.3160173563, 0.0001220426, 0.1237116528, -0.2867927553, 1.81389e-05, 0.1421435293, -0.2625003227, 0.0001492547, 0.1865038398], "gauss": [-0.3807699084, 1e-06, 0.0166660827, -0.3513246693, 4.85537e-05, 0.0309748955, -0.3160173563, 0.0001220426, 0.1237116528, -0.2867927553, 1.81389e-05, 0.1421435293, -0.2625003227, 0.0001492547, 0.1865038398], "max": [-0.3807673326, -0.3511996033, -0.3157029953, -0.2867460325, -0.262115868], "min": [-0.3807724843, -0.3514497354, -0.3163317172, -0.2868394781, -0.2628847774], "raw_data_size": "30"}, "user_2_863": {"weights": [0.0499746456, 0.354219854, 0.5958055004], "gauss": [-0.2363519597, 1.46722e-05, 0.0249873228, -0.3285910794, 0.0008798844, 0.177109927, -0.2787839847, 0.0001580324, 0.2979027502], "max": [-0.2363141666, -0.3263246474, -0.2783769202], "min": [-0.2363897528, -0.3308575115, -0.2791910492], "raw_data_size": "57"}, "user_3_863": {"weights": [-0.2573402353, 5.23691e-05, 0.0277047216, -0.3813803075, 1.02981e-05, 0.0278731092, -0.2724573987, 6.48451e-05, 0.1100219482, -0.3321675791, 0.0003009355, 0.1243103797, -0.2973309757, 0.0001357202, 0.2100898413], "gauss": [-0.2573402353, 5.23691e-05, 0.0277047216, -0.3813803075, 1.02981e-05, 0.0278731092, -0.2724573987, 6.48451e-05, 0.1100219482, -0.3321675791, 0.0003009355, 0.1243103797, -0.2973309757, 0.0001357202, 0.2100898413], "max": [-0.2572053415, -0.3813537814, -0.2722903689, -0.3313924206, -0.2969813837], "min": [-0.2574751292, -0.3814068336, -0.2726244286, -0.3329427376, -0.2976805676], "raw_data_size": "70"}}