{"user_3_555": {"weights": [-0.007604901768175502, 4.872212975353003e-06, 0.047395363417160434, -0.06361756874130313, 0.0011241721278891336, 0.060379365106447834, 0.025686580416090805, 0.0001500412336373544, 0.10837910967829735, 0.11790068683774595, 0.0004309437696469767, 0.11023298502849292, 0.06780794713548974, 0.0001494184350709905, 0.17361317676960147], "gauss": [-0.007604901768175502, 4.872212975353003e-06, 0.047395363417160434, -0.06361756874130313, 0.0011241721278891336, 0.060379365106447834, 0.025686580416090805, 0.0001500412336373544, 0.10837910967829735, 0.11790068683774595, 0.0004309437696469767, 0.11023298502849292, 0.06780794713548974, 0.0001494184350709905, 0.17361317676960147], "max": [-0.007592351779220457, -0.060721893232053376, 0.026073061022434528, 0.11901072442778446, 0.06819282351903601], "min": [-0.007617451757130547, -0.06651324425055288, 0.02530009980974708, 0.11679064924770743, 0.06742307075194347], "raw_data_size": "70"}}