{"user_4_445": {"weights": [1.0], "gauss": [0.191002872392659, 0.0006167889772104713, 0.5], "max": [0.19259161551426368], "min": [0.18941412927105433], "raw_data_size": "9996"}}