{"user_2_2987": {"weights": [0.1426003466, 0.234621282, 0.3042548236, 0.3185235478], "gauss": [0.0470930401, 0.0005745277, 0.0713001733, -0.0653625683, 0.0007077883, 0.117310641, -0.0122212562, 0.000159035, 0.1521274118, 0.0221554958, 0.0002788701, 0.1592617739], "max": [0.0485729254, -0.0635394263, -0.011811609, 0.0228738177], "min": [0.0456131548, -0.0671857102, -0.0126309033, 0.0214371739], "raw_data_size": "57"}, "user_3_2987": {"weights": [0.0671818043, 0.160810199, 0.2177591924, 0.2439166147, 0.3103321896], "gauss": [-0.100408119, 8.27264e-05, 0.0335909022, 0.0616257542, 0.0004647883, 0.0804050995, -0.0585756152, 0.0001747949, 0.1088795962, -0.0209166058, 0.0001758657, 0.1219583073, 0.0171156871, 9.23208e-05, 0.1551660948], "max": [-0.1001950299, 0.0628229696, -0.0581253734, -0.0204636058, 0.0173534896], "min": [-0.100621208, 0.0604285389, -0.0590258571, -0.0213696059, 0.0168778845], "raw_data_size": "70"}, "user_1_2987": {"weights": [0.0666663521, 0.1324943246, 0.3662115704, 0.4346277529], "gauss": [-0.1107339235, 1.4261e-06, 0.033333176, -0.0646882796, 9.60453e-05, 0.0662471623, -0.0111142918, 0.000147552, 0.1831057852, 0.0307252812, 0.000423306, 0.2173138765], "max": [-0.11073025, -0.0644408832, -0.0107342231, 0.0318156453], "min": [-0.110737597, -0.0649356759, -0.0114943604, 0.0296349172], "raw_data_size": "30"}}