{"user_1_1444": {"weights": [1.0], "gauss": [-0.22898134090029465, 0.0011009622473290004, 0.5], "max": [-0.22614545008152356], "min": [-0.23181723171906574], "raw_data_size": "9995"}}