{"user_2_1693": {"weights": 1, "gauss": [0.4875248386641196, 0.002506313868426784, 0.5], "max": [0.4939806753703043], "min": [0.4810690019579349], "raw_data_size": "9991"}}