{"user_5_1693": {"weights": 1, "gauss": [0.4880164506422968, 0.002539260295013223, 0.5], "max": [0.4945571517195301], "min": [0.48147574956506356], "raw_data_size": "9994"}}