{"user_3_3282": {"weights": [0.1643466064, 0.1777960849, 0.3226210697, 0.335236239], "gauss": [0.1233726624, 0.0009216448, 0.0821733032, 0.2360416188, 0.0001015582, 0.0888980424, 0.1636611366, 0.0003292533, 0.1613105348, 0.1945685521, 0.0001508187, 0.1676181195], "max": [0.1257466622, 0.2363032154, 0.1645092368, 0.1949570354], "min": [0.1209986627, 0.2357800222, 0.1628130363, 0.1941800687], "raw_data_size": "70"}, "user_2_3282": {"weights": [0.1244859833, 0.2044374646, 0.3333668157, 0.3377097364], "gauss": [0.0995537842, 0.0013774393, 0.0622429917, 0.2191168694, 0.0001022934, 0.1022187323, 0.1536936494, 0.0002726463, 0.1666834078, 0.1823788756, 0.0001430208, 0.1688548682], "max": [0.1031018326, 0.2193803598, 0.1543959396, 0.1827472727], "min": [0.0960057357, 0.218853379, 0.1529913591, 0.1820104785], "raw_data_size": "57"}, "user_1_3282": {"weights": [0.096535811, 0.903464189], "gauss": [0.092428868, 0.0022337103, 0.0482679055, 0.1840397081, 0.0006930495, 0.4517320945], "max": [0.0981825244, 0.1858248854], "min": [0.0866752116, 0.1822545307], "raw_data_size": "30"}}