{"user_2_2221": {"weights": [0.0175438426, 0.1947826929, 0.364501406, 0.4231720585], "gauss": [0.4383602738, 1e-06, 0.0087719213, 0.5268128958, 0.0001351116, 0.0973913465, 0.5529235177, 0.0004957942, 0.182250703, 0.4983111349, 6.9551e-05, 0.2115860292], "max": [0.4383628497, 0.5271609203, 0.554200599, 0.4984902864], "min": [0.438357698, 0.5264648713, 0.5516464364, 0.4981319835], "raw_data_size": "57"}, "user_3_2221": {"weights": [0.1595385806, 0.3062170682, 0.5342443511], "gauss": [0.5649332801, 0.0004736301, 0.0797692903, 0.5059204537, 0.0008930671, 0.1531085341, 0.5219853206, 0.0004053858, 0.2671221756], "max": [0.5661532704, 0.508220842, 0.5230295253], "min": [0.5637132899, 0.5036200653, 0.5209411159], "raw_data_size": "70"}, "user_1_2221": {"weights": [0.0746958725, 0.3953048421, 0.5299992854], "gauss": [0.4846347916, 0.0020723041, 0.0373479362, 0.5531225619, 0.0002775097, 0.197652421, 0.5018424925, 6.03777e-05, 0.2649996427], "max": [0.4899726933, 0.5538373794, 0.5019980151], "min": [0.47929689, 0.5524077444, 0.5016869699], "raw_data_size": "30"}}