{"user_2_4041": {"weights": 1, "gauss": [0.6406263848611744, 0.0018489701162505967, 0.5], "max": [0.6453890162679989], "min": [0.6358637534543499], "raw_data_size": "9991"}}