{"user_2_925": {"weights": 1, "gauss": [0.26809723029802834, 0.00036119486200747355, 0.5], "max": [0.2690276066078785], "min": [0.2671668539881782], "raw_data_size": "9991"}}