{"user_1_4071": {"weights": [1.0], "gauss": [0.3927800656500431, 0.0005708032792713082, 0.5], "max": [0.3942503574633519], "min": [0.39130977383673426], "raw_data_size": "9995"}}