{"user_5_633": {"weights": [1.0], "gauss": [-0.0542774664, 0.0030832953, 0.5], "max": [-0.046335424], "min": [-0.0622195087], "raw_data_size": "9994"}, "user_6_633": {"weights": [1.0], "gauss": [-0.0535040717, 0.0030517935, 0.5], "max": [-0.0456431726], "min": [-0.0613649708], "raw_data_size": "9993"}, "user_4_633": {"weights": [1.0], "gauss": [-0.0545248459, 0.0031125604, 0.5], "max": [-0.0465074216], "min": [-0.0625422702], "raw_data_size": "9996"}, "user_3_633": {"weights": [1.0], "gauss": [-0.0541821586, 0.0030711953, 0.5], "max": [-0.0462712837], "min": [-0.0620930335], "raw_data_size": "9991"}, "user_1_633": {"weights": [1.0], "gauss": [-0.0542772394, 0.0031775436, 0.5], "max": [-0.0460924294], "min": [-0.0624620494], "raw_data_size": "9995"}, "user_2_633": {"weights": [1.0], "gauss": [-0.0535353683, 0.003025793, 0.5], "max": [-0.0457414421], "min": [-0.0613292945], "raw_data_size": "9991"}}