{"user_3_3379": {"weights": [0.08671699460026863, 0.17429943721564217, 0.21569006502061647, 0.22577698574913263, 0.29751651741434015], "gauss": [0.20643320862825237, 9.298548154877584e-05, 0.043358497300134316, 0.11514056341085216, 0.00010514561901893847, 0.08714971860782109, 0.18610311849364697, 9.132875904529946e-05, 0.10784503251030823, 0.14810399618042297, 3.196277961787616e-05, 0.11288849287456632, 0.1620408761362226, 2.2773936768602898e-05, 0.14875825870717008], "max": [0.2066727233564303, 0.11541140057746092, 0.1863383657874526, 0.14818632684478558, 0.16209953790990833], "min": [0.20619369390007444, 0.1148697262442434, 0.18586787119984133, 0.14802166551606036, 0.16198221436253685], "raw_data_size": "70"}}