{"user_3_4077": {"weights": [1.0], "gauss": [0.5037567128165699, 0.0032700720842450395, 0.5], "max": [0.5121798603158855], "min": [0.49533356531725425], "raw_data_size": "9991"}}