{"user_5_3021": {"weights": [1.0], "gauss": [0.210928766, 0.0006939717, 0.5], "max": [0.2127163187], "min": [0.2091412133], "raw_data_size": "9994"}, "user_3_3021": {"weights": [1.0], "gauss": [0.2106233413, 0.0006746897, 0.5], "max": [0.2123612269], "min": [0.2088854557], "raw_data_size": "9991"}, "user_1_3021": {"weights": [1.0], "gauss": [0.210295111, 0.0006797735, 0.5], "max": [0.2120460915], "min": [0.2085441305], "raw_data_size": "9995"}, "user_4_3021": {"weights": [1.0], "gauss": [0.2109706244, 0.0006625411, 0.5], "max": [0.2126772172], "min": [0.2092640316], "raw_data_size": "9996"}, "user_2_3021": {"weights": [1.0], "gauss": [0.2108935263, 0.0006865532, 0.5], "max": [0.2126619701], "min": [0.2091250825], "raw_data_size": "9991"}, "user_6_3021": {"weights": [1.0], "gauss": [0.210932444, 0.0006786078, 0.5], "max": [0.2126804219], "min": [0.2091844661], "raw_data_size": "9993"}}