{"user_4_223": {"weights": 1, "gauss": [0.3175557830747074, 0.0007235246339293001, 0.5], "max": [0.31941945902862195], "min": [0.3156921071207928], "raw_data_size": "9996"}}