{"user_6_810": {"weights": [1.0], "gauss": [-0.625453417, 0.0010138811, 0.5], "max": [-0.6228418324], "min": [-0.6280650016], "raw_data_size": "9993"}, "user_2_810": {"weights": [1.0], "gauss": [-0.624780402, 0.0010123445, 0.5], "max": [-0.6221727754], "min": [-0.6273880286], "raw_data_size": "9991"}, "user_3_810": {"weights": [1.0], "gauss": [-0.6253204685, 0.0009996992, 0.5], "max": [-0.6227454141], "min": [-0.627895523], "raw_data_size": "9991"}, "user_4_810": {"weights": [1.0], "gauss": [-0.6253949865, 0.001002211, 0.5], "max": [-0.622813462], "min": [-0.627976511], "raw_data_size": "9996"}, "user_1_810": {"weights": [1.0], "gauss": [-0.6250004389, 0.0010200699, 0.5], "max": [-0.6223729131], "min": [-0.6276279647], "raw_data_size": "9995"}, "user_5_810": {"weights": [1.0], "gauss": [-0.6252989033, 0.0010275632, 0.5], "max": [-0.6226520759], "min": [-0.6279457307], "raw_data_size": "9994"}}