{"user_3_3186": {"weights": [0.10003870832895322, 0.13173497292888217, 0.14773692677013955, 0.2239726833151672, 0.3965167086568578], "gauss": [0.23019589373989718, 8.745803306843447e-05, 0.05001935416447661, 0.18637508780464448, 7.360829886565623e-05, 0.06586748646444109, 0.05268291387667729, 0.00038709412154925595, 0.07386846338506978, 0.08683941379497843, 0.00032619309025393075, 0.1119863416575836, 0.14465917794191688, 0.0001785174261095247, 0.1982583543284289], "max": [0.2304211707043056, 0.18656469021784702, 0.053680002258195386, 0.08767963151546967, 0.14511900835928393], "min": [0.22997061677548877, 0.18618548539144195, 0.051685825495159196, 0.0859991960744872, 0.14419934752454983], "raw_data_size": "70"}}