{"user_3_2478": {"weights": [1.0], "gauss": [0.0336895304, 0.0012600769, 0.5], "max": [0.0369352733], "min": [0.0304437875], "raw_data_size": "9991"}, "user_2_2478": {"weights": [1.0], "gauss": [0.0337305054, 0.0012947194, 0.5], "max": [0.0370654814], "min": [0.0303955293], "raw_data_size": "9991"}, "user_5_2478": {"weights": [1.0], "gauss": [0.0343788234, 0.0012875813, 0.5], "max": [0.0376954131], "min": [0.0310622337], "raw_data_size": "9994"}, "user_1_2478": {"weights": [1.0], "gauss": [0.0335958154, 0.0012670258, 0.5], "max": [0.0368594576], "min": [0.0303321732], "raw_data_size": "9995"}, "user_4_2478": {"weights": [1.0], "gauss": [0.0338078739, 0.0012663425, 0.5], "max": [0.037069756], "min": [0.0305459918], "raw_data_size": "9996"}, "user_6_2478": {"weights": [1.0], "gauss": [0.0349062311, 0.0012612809, 0.5], "max": [0.0381550755], "min": [0.0316573867], "raw_data_size": "9993"}}