{"user_2_1347": {"weights": [0.002189537956943708, 0.0005315007257127555, 0.03122829491913289, -0.15504779949671443, 0.00035783442394294706, 0.0669572644360025, -0.04521195989241548, 7.784292844970528e-05, 0.10859018415532706, -0.10986825942612724, 0.00011144106966087534, 0.12116119013988934, -0.07548275448492613, 7.710595413481188e-05, 0.17206306634964827], "gauss": [0.002189537956943708, 0.0005315007257127555, 0.03122829491913289, -0.15504779949671443, 0.00035783442394294706, 0.0669572644360025, -0.04521195989241548, 7.784292844970528e-05, 0.10859018415532706, -0.10986825942612724, 0.00011144106966087534, 0.12116119013988934, -0.07548275448492613, 7.710595413481188e-05, 0.17206306634964827], "max": [0.00355859310109213, -0.15412607910170364, -0.045011449796240666, -0.10958120625327593, -0.07528414270878758], "min": [0.0008204828127952859, -0.15596951989172522, -0.04541246998859029, -0.11015531259897855, -0.07568136626106467], "raw_data_size": "57"}}