{"user_3_2819": {"weights": 1, "gauss": [0.19487424077309373, 0.0012406701994136574, 0.5], "max": [0.19806999542878329], "min": [0.19167848611740418], "raw_data_size": "9991"}}