{"user_1_2819": {"weights": [1.0], "gauss": [0.19527643488073684, 0.0012248655907062592, 0.5], "max": [0.19843147956218676], "min": [0.19212139019928692], "raw_data_size": "9995"}}