{"user_6_3932": {"weights": [1.0], "gauss": [-0.21246028684488724, 0.006086626097039991, 0.5], "max": [-0.19678217698438616], "min": [-0.22813839670538832], "raw_data_size": "9993"}}