{"user_3_778": {"weights": [0.148547568348973, 0.19090289182617864, 0.31672462439583543, 0.34382491542901306], "gauss": [0.5803068885089163, 0.0003759494632478978, 0.0742737841744865, 0.48651810253554173, 7.503620595891613e-05, 0.09545144591308932, 0.5513795904014137, 0.00016174402762866757, 0.15836231219791772, 0.5223055842666746, 9.310093360029203e-05, 0.17191245771450653], "max": [0.5812752701530037, 0.48671138299367783, 0.5517962154074536, 0.52254539637963], "min": [0.5793385068648289, 0.4863248220774056, 0.5509629653953738, 0.5220657721537192], "raw_data_size": "70"}}