{"user_1_1652": {"weights": [0.1998480518739549, 0.28653892358929134, 0.5136130245367537], "gauss": [0.28312146965390345, 5.3184880298566935e-05, 0.09992402593697745, 0.20385752348269168, 8.907660347677493e-05, 0.14326946179464567, 0.23672903921489016, 0.00012749825674807685, 0.25680651226837686], "max": [0.2832584648270822, 0.20408696960818776, 0.23705745296077327], "min": [0.28298447448072467, 0.2036280773571956, 0.23640062546900706], "raw_data_size": "30"}}