{"user_3_3992": {"weights": [1.0], "gauss": [0.12289817582060206, 0.002817420070421256, 0.5], "max": [0.13015536899839994], "min": [0.11564098264280417], "raw_data_size": "9991"}}