{"user_6_3992": {"weights": [1.0], "gauss": [0.12332245907587418, 0.0027292908393859736, 0.5], "max": [0.13035264639787214], "min": [0.11629227175387621], "raw_data_size": "9993"}}