{"user_1_2055": {"weights": [0.135013220763308, 0.15851674520693365, 0.26246303450918207, 0.44400699952057626], "gauss": [0.13681896397427842, 6.60926111152271e-05, 0.067506610381654, 0.0862117389700149, 3.2032435354809446e-06, 0.07925837260346683, 0.10462767269443436, 3.742073126444711e-05, 0.13123151725459103, 0.04549617191913007, 0.0003387947549394983, 0.22200349976028813], "max": [0.1369892072587371, 0.08621998997857999, 0.10472406211058555, 0.0463688493767919], "min": [0.13664872068981976, 0.0862034879614498, 0.10453128327828318, 0.044623494461468245], "raw_data_size": "30"}}