{"user_3_2223": {"weights": [0.0916869266350478, 4.591531886291998e-05, 0.020915510421125567, 0.21134463371819792, 5.307746888749587e-05, 0.1072970408490669, 0.2404244361882937, 0.00021568288496187537, 0.11047192490605802, 0.1353177272920456, 0.00018785123840617504, 0.13042989409770986, 0.17893067646496816, 0.00013090437189557696, 0.13088562972603965], "gauss": [0.0916869266350478, 4.591531886291998e-05, 0.020915510421125567, 0.21134463371819792, 5.307746888749587e-05, 0.1072970408490669, 0.2404244361882937, 0.00021568288496187537, 0.11047192490605802, 0.1353177272920456, 0.00018785123840617504, 0.13042989409770986, 0.17893067646496816, 0.00013090437189557696, 0.13088562972603965], "max": [0.0918051966588567, 0.21148135221791653, 0.24097999848365248, 0.13580160001664018, 0.17926786378205944], "min": [0.09156865661123889, 0.21120791521847931, 0.23986887389293493, 0.13483385456745103, 0.17859348914787687], "raw_data_size": "70"}}