{"user_1_2209": {"weights": [0.257424444, 0.3454179343, 0.3971576216], "gauss": [-0.6266733221, 1.91431e-05, 0.128712222, -0.6030216616, 0.0001919716, 0.1727089672, -0.6593845756, 0.0001606304, 0.1985788108], "max": [-0.6266240127, -0.6025271755, -0.658970819], "min": [-0.6267226315, -0.6035161476, -0.6597983321], "raw_data_size": "30"}, "user_3_2209": {"weights": [0.1181849742, 0.1978769046, 0.3176055761, 0.3663325451], "gauss": [-0.5643668764, 0.0001283251, 0.0590924871, -0.6681287442, 0.0001916263, 0.0989384523, -0.6010125884, 0.0001077976, 0.1588027881, -0.6322032414, 0.0001286327, 0.1831662725], "max": [-0.5640363327, -0.6676351477, -0.6007349201, -0.6318719055], "min": [-0.5646974201, -0.6686223407, -0.6012902568, -0.6325345773], "raw_data_size": "70"}, "user_2_2209": {"weights": [0.0791709024, 0.0828553506, 0.2331800271, 0.2601431867, 0.3446505332], "gauss": [-0.6777454991, 7.06796e-05, 0.0395854512, -0.5777230987, 5.43336e-05, 0.0414276753, -0.6039875904, 7.70621e-05, 0.1165900136, -0.6529106279, 7.54757e-05, 0.1300715933, -0.6284424705, 5.12191e-05, 0.1723252666], "max": [-0.6775634405, -0.5775831445, -0.6037890915, -0.6527162155, -0.6283105388], "min": [-0.6779275578, -0.5778630529, -0.6041860893, -0.6531050404, -0.6285744023], "raw_data_size": "57"}}