{"user_6_727": {"weights": [1.0], "gauss": [-0.13407206757074838, 0.0011595844732999693, 0.5], "max": [-0.13108517590448202], "min": [-0.13705895923701475], "raw_data_size": "9993"}}