{"user_6_2314": {"weights": [1.0], "gauss": [-0.16772017573052328, 0.0007875453123724782, 0.5], "max": [-0.16569159343704168], "min": [-0.16974875802400488], "raw_data_size": "9993"}}