{"user_6_3219": {"weights": [1.0], "gauss": [-0.02257712413406901, 0.0006215573470015893, 0.5], "max": [-0.020976098505826202], "min": [-0.024178149762311817], "raw_data_size": "9993"}}