{"user_3_325": {"weights": [0.11483288761059607, 0.15613751597091718, 0.21512210304811735, 0.2218549914458144, 0.29205250192455495], "gauss": [-0.1238767039155777, 0.00012675892885538682, 0.057416443805298034, -0.09388785844697524, 7.438812752714224e-05, 0.07806875798545859, -0.009734271515841126, 0.0009505439133397099, 0.10756105152405868, -0.06962620203713624, 7.843279995838133e-05, 0.1109274957229072, -0.0226175811300682, 0.00023235902325676553, 0.14602625096227748], "max": [-0.12355019455214553, -0.0936962473282547, -0.0072858326495506545, -0.06942417253264405, -0.022019063949019424], "min": [-0.12420321327900988, -0.09407946956569578, -0.012182710382131597, -0.06982823154162843, -0.023216098311116977], "raw_data_size": "70"}}