{"user_2_1594": {"weights": 1, "gauss": [0.3301174139343743, 0.0011092420092636962, 0.5], "max": [0.33297463200656324], "min": [0.3272601958621854], "raw_data_size": "9991"}}