{"user_6_1594": {"weights": 1, "gauss": [0.3310665200417768, 0.0010808447338353084, 0.5], "max": [0.33385059157977626], "min": [0.3282824485037773], "raw_data_size": "9993"}}