{"user_3_782": {"weights": [0.2184943901, 0.2343725844, 0.246813358, 0.3003196676], "gauss": [0.6235858315, 0.0002059847, 0.109247195, 0.581097967, 1.43313e-05, 0.1171862922, 0.5508346796, 0.0001356483, 0.123406679, 0.6045530577, 6.58007e-05, 0.1501598338], "max": [0.624116413, 0.581134882, 0.5511840864, 0.6047225491], "min": [0.6230552501, 0.5810610521, 0.5504852728, 0.6043835664], "raw_data_size": "70"}, "user_2_782": {"weights": [0.2908906672, 0.3238873697, 0.3852219631], "gauss": [0.5757860668, 0.0001742161, 0.1454453336, 0.5544734238, 0.0001819192, 0.1619436848, 0.6132472822, 0.000292294, 0.1926109816], "max": [0.5762348177, 0.5549420166, 0.6140001815], "min": [0.5753373158, 0.5540048311, 0.6124943828], "raw_data_size": "57"}, "user_1_782": {"weights": [0.0666413861, 0.276496824, 0.287059434, 0.3698023559], "gauss": [0.5362758928, 2.512e-06, 0.0333206931, 0.5596425579, 2.34335e-05, 0.138248412, 0.615473734, 0.0001401271, 0.143529717, 0.5823046103, 0.0001334018, 0.184901178], "max": [0.5362823633, 0.5597029186, 0.6158346775, 0.5826482306], "min": [0.5362694222, 0.5595821972, 0.6151127905, 0.58196099], "raw_data_size": "30"}}