{"user_4_2384": {"weights": [1.0], "gauss": [-0.6314238554320022, 0.0007133551507804971, 0.5], "max": [-0.6295863743307842], "min": [-0.6332613365332201], "raw_data_size": "9996"}}