{"user_3_2384": {"weights": [1.0], "gauss": [-0.6315712927515753, 0.0007125101657034773, 0.5], "max": [-0.6297359881876798], "min": [-0.6334065973154708], "raw_data_size": "9991"}}