{"user_4_2497": {"weights": 1, "gauss": [0.22365313410509924, 0.0008978085074753107, 0.5], "max": [0.22596573556762964], "min": [0.22134053264256884], "raw_data_size": "9996"}}