{"user_1_2497": {"weights": [1.0], "gauss": [0.22440429920012403, 0.0008772523420569601, 0.5], "max": [0.22666395148940124], "min": [0.22214464691084682], "raw_data_size": "9995"}}