{"user_3_1042": {"weights": [0.09957470969064018, 0.19106088793827344, 0.23305436600341253, 0.23721689361216405, 0.23909314275550994], "gauss": [0.4649711738483855, 4.517897631303624e-05, 0.04978735484532009, 0.55062474784043, 0.0001576699311639219, 0.09553044396913672, 0.5050229095446667, 7.094616687250321e-05, 0.11652718300170627, 0.5321023279129106, 8.55533643661911e-05, 0.11860844680608203, 0.5851056984636256, 0.00022551620370844693, 0.11954657137775497], "max": [0.4650875471794769, 0.5510308786694106, 0.5052056547602713, 0.5323226987758622, 0.5856865897095629], "min": [0.46485480051729405, 0.5502186170114495, 0.504840164329062, 0.5318819570499589, 0.5845248072176883], "raw_data_size": "70"}}