{"user_5_3799": {"weights": [1.0], "gauss": [0.30547728768938276, 0.000486706468783112, 0.5], "max": [0.3067309604739011], "min": [0.30422361490486444], "raw_data_size": "9994"}}