{"user_3_1642": {"weights": [0.11506184493853315, 0.21997666061786858, 0.31081629893570994, 0.3541451955078883], "gauss": [0.4163719310298992, 5.123856949570859e-05, 0.057530922469266575, 0.47433658727399786, 7.883986953219246e-05, 0.10998833030893429, 0.4308690408040183, 2.6997484454642895e-05, 0.15540814946785497, 0.4482807385281665, 3.0302887574217396e-05, 0.17707259775394416], "max": [0.4165039128386782, 0.47453966532022684, 0.4309385817155987, 0.44835879359396236], "min": [0.41623994922112023, 0.47413350922776887, 0.4307994998924379, 0.4482026834623707], "raw_data_size": "70"}}