{"user_2_2452": {"weights": [0.017538460066515778, 0.22576046422097149, 0.23419349523578753, 0.2416829977655302, 0.28082458271119504], "gauss": [-0.7674014568328841, 1.0000000012212453e-06, 0.008769230033257889, -0.7105240348741175, 0.0002042329164469715, 0.11288023211048574, -0.6504149786541438, 0.0002512920507503337, 0.11709674761789376, -0.6575343776457755, 5.9895673731795825e-05, 0.1208414988827651, -0.6815529378393865, 4.983333392324829e-05, 0.14041229135559752], "max": [-0.7673988810035773, -0.7099979657431842, -0.6497676932260722, -0.6573800966142214, -0.6814245756775735], "min": [-0.7674040326621908, -0.7110501040050509, -0.6510622640822153, -0.6576886586773296, -0.6816813000011995], "raw_data_size": "57"}}