{"user_3_3044": {"weights": [0.2108828475, 0.2269157953, 0.5622013573], "gauss": [-0.1767521893, 0.0004631996, 0.1054414237, -0.075145481, 0.0010208618, 0.1134578976, -0.1406527717, 0.00027605, 0.2811006786], "max": [-0.1755590663, -0.0725159152, -0.1399417139], "min": [-0.1779453123, -0.0777750468, -0.1413638295], "raw_data_size": "70"}, "user_2_3044": {"weights": [0.1108045691, 0.1336171975, 0.279865521, 0.4757127124], "gauss": [-0.0708860562, 0.0002145204, 0.0554022845, -0.1891182247, 0.0004058422, 0.0668085988, -0.1061706186, 0.0001109333, 0.1399327605, -0.1388127275, 0.0001752268, 0.2378563562], "max": [-0.0703334882, -0.1880728445, -0.1058848735, -0.1383613731], "min": [-0.0714386241, -0.190163605, -0.1064563638, -0.1392640819], "raw_data_size": "57"}, "user_1_3044": {"weights": [-0.0673231518, 5.7418e-06, 0.0331929225, -0.2239644224, 0.0002906629, 0.03367116, -0.16126338, 8.08651e-05, 0.1240087739, -0.1007774133, 9.09071e-05, 0.1335192554, -0.1388986948, 3.35837e-05, 0.1756078883], "gauss": [-0.0673231518, 5.7418e-06, 0.0331929225, -0.2239644224, 0.0002906629, 0.03367116, -0.16126338, 8.08651e-05, 0.1240087739, -0.1007774133, 9.09071e-05, 0.1335192554, -0.1388986948, 3.35837e-05, 0.1756078883], "max": [-0.067308362, -0.2232157244, -0.1610550853, -0.1005432521, -0.138812189], "min": [-0.0673379416, -0.2247131204, -0.1614716747, -0.1010115746, -0.1389852006], "raw_data_size": "30"}}