{"user_1_2720": {"weights": [0.033323183044017886, 0.09998839969204763, 0.1667766112722143, 0.31674226992280385, 0.3831695360689163], "gauss": [0.38196066021919167, 1.0000000003053113e-06, 0.016661591522008943, 0.5355247815396674, 2.3967832530640387e-05, 0.04999419984602382, 0.5055566480738682, 4.483105066629866e-05, 0.08338830563610715, 0.4789172949061685, 5.5160505881306606e-05, 0.15837113496140193, 0.4459737166432997, 0.0002661288259237217, 0.19158476803445815], "max": [0.381963236048496, 0.5355865185850424, 0.5056721252078834, 0.47905937895361617, 0.4466592190716331], "min": [0.3819580843898873, 0.5354630444942925, 0.5054411709398531, 0.4787752108587209, 0.44528821421496634], "raw_data_size": "30"}}