{"user_1_1110": {"weights": [0.18124924745149804, 0.19897863377168626, 0.26755387300860684, 0.3522182457682089], "gauss": [-0.019217279719176434, 4.3217299465868054e-05, 0.09062462372574902, 0.05414662634964289, 0.00010550444597380872, 0.09948931688584313, 0.016070816329147055, 4.766293166004571e-05, 0.13377693650430342, -0.04780025263770599, 0.00017450218926664518, 0.17610912288410446], "max": [-0.019105959332792005, 0.05441838779323691, 0.016193587905210048, -0.04735076478505953], "min": [-0.019328600105560863, 0.05387486490604886, 0.015948044753084062, -0.048249740490352445], "raw_data_size": "30"}}