{"user_4_528": {"weights": 1, "gauss": [0.04687692, 0.0020859824, 0.5], "max": [0.0522500545], "min": [0.0415037854], "raw_data_size": "9996"}, "user_6_528": {"weights": 1, "gauss": [0.0473807901, 0.0020835553, 0.5], "max": [0.0527476729], "min": [0.0420139073], "raw_data_size": "9993"}, "user_1_528": {"weights": 1, "gauss": [0.0476043872, 0.0021627398, 0.5], "max": [0.0531752358], "min": [0.0420335386], "raw_data_size": "9995"}, "user_5_528": {"weights": 1, "gauss": [0.0469229762, 0.0021107114, 0.5], "max": [0.0523598086], "min": [0.0414861438], "raw_data_size": "9994"}, "user_3_528": {"weights": 1, "gauss": [0.0472681197, 0.0021133507, 0.5], "max": [0.0527117504], "min": [0.041824489], "raw_data_size": "9991"}, "user_2_528": {"weights": 1, "gauss": [0.0475884088, 0.0020550569, 0.5], "max": [0.0528818847], "min": [0.042294933], "raw_data_size": "9991"}}