{"user_4_1457": {"weights": [1.0], "gauss": [-0.05182308958586524, 0.0004411915841574589, 0.5], "max": [-0.0506866553749133], "min": [-0.05295952379681718], "raw_data_size": "9996"}}