{"user_5_2675": {"weights": [1.0], "gauss": [0.3549537915602831, 0.0006890697551087112, 0.5], "max": [0.3567287176276814], "min": [0.35317886549288485], "raw_data_size": "9994"}}