{"user_5_2753": {"weights": [1.0], "gauss": [-0.5805340834193626, 0.0011673868445878078, 0.5], "max": [-0.5775270941764958], "min": [-0.5835410726622294], "raw_data_size": "9994"}}