{"user_1_1930": {"weights": [1.0], "gauss": [-0.1271850728682258, 0.0012355137414893555, 0.5], "max": [-0.12400260036796018], "min": [-0.13036754536849143], "raw_data_size": "9995"}}