{"user_2_2637": {"weights": [0.1554670820463821, 0.180248256976767, 0.25122092443317273, 0.4130637365436782], "gauss": [-0.4459307073840961, 0.0003341329178046516, 0.07773354102319105, -0.4072726724875362, 0.00015431210624752733, 0.0901241284883835, -0.3683638679347792, 0.00034378654771408015, 0.12561046221658637, -0.32684389953318144, 0.0005641059572867581, 0.2065318682718391], "max": [-0.4450700380231346, -0.40687519084237145, -0.36747833247101136, -0.3253908588780957], "min": [-0.44679137674505764, -0.4076701541327009, -0.36924940339854706, -0.32829694018826716], "raw_data_size": "57"}}