{"user_1_2637": {"weights": [0.1223209137718569, 0.16390504707413767, 0.17821850076804258, 0.19806070806542642, 0.33749483032053634], "gauss": [-0.3648741356096065, 3.605193979591592e-05, 0.06116045688592845, -0.3806083488364161, 1.4744730905207448e-05, 0.08195252353706883, -0.3078014673011038, 0.00012687594287002956, 0.08910925038402129, -0.3400485363139829, 0.00010505096145905956, 0.09903035403271321, -0.4184720001166328, 0.0001902998699731807, 0.16874741516026817], "max": [-0.3647812719666304, -0.3805703689264775, -0.3074746565295438, -0.3397779429690907, -0.4179818201350944], "min": [-0.36496699925258264, -0.3806463287463547, -0.3081282780726638, -0.3403191296588751, -0.41896218009817127], "raw_data_size": "30"}}