{"user_2_1474": {"weights": [1.0], "gauss": [-0.044376143433841456, 0.0010499803346642838, 0.5], "max": [-0.04167157331966311], "min": [-0.0470807135480198], "raw_data_size": "9991"}}