{"user_3_3203": {"weights": [0.1466848222, 0.4074433404, 0.4458718373], "gauss": [0.0574180938, 7.9767e-05, 0.0733424111, 0.1394379923, 0.0001795722, 0.2037216702, 0.0999962885, 0.0001242378, 0.2229359187], "max": [0.0576235601, 0.1399005395, 0.1003163038], "min": [0.0572126275, 0.1389754451, 0.0996762732], "raw_data_size": "70"}, "user_1_3203": {"weights": [0.2546334426, 0.2798039244, 0.465562633], "gauss": [0.1523412045, 4.06324e-05, 0.1273167213, 0.1246229359, 4.9502e-06, 0.1399019622, 0.102033004, 0.0004189043, 0.2327813165], "max": [0.1524458666, 0.1246356869, 0.1031120301], "min": [0.1522365425, 0.124610185, 0.100953978], "raw_data_size": "30"}, "user_2_3203": {"weights": [0.1222750566, 0.2133764127, 0.2803573009, 0.3839912298], "gauss": [0.0689295941, 0.0002108544, 0.0611375283, 0.1239047498, 7.1551e-06, 0.1066882063, 0.1049711137, 2.8006e-05, 0.1401786505, 0.1464117017, 0.0003205557, 0.1919956149], "max": [0.0694727189, 0.12392318, 0.1050432523, 0.1472373984], "min": [0.0683864692, 0.1238863196, 0.1048989751, 0.145586005], "raw_data_size": "57"}}