{"user_1_2023": {"weights": [0.2278067949, 0.2858103977, 0.4863828073], "gauss": [0.0454037156, 0.000236156, 0.1139033975, -0.0333634703, 0.0002324234, 0.1429051989, 0.0099592753, 0.0001536878, 0.2431914037], "max": [0.0460120131, -0.0327647873, 0.0103551488], "min": [0.0447954181, -0.0339621532, 0.0095634019], "raw_data_size": "30"}, "user_2_2023": {"weights": [0.0521127471, 0.1900356893, 0.2030844049, 0.5547671587], "gauss": [-0.0561283427, 2.6927e-06, 0.0260563736, 0.0462780548, 0.0002348126, 0.0950178447, -0.0303073417, 6.70174e-05, 0.1015422025, 0.0128390879, 0.0001517618, 0.2773835793], "max": [-0.0561214067, 0.046882892, -0.0301347162, 0.0132300003], "min": [-0.0561352787, 0.0456732175, -0.0304799671, 0.0124481756], "raw_data_size": "57"}, "user_3_2023": {"weights": [0.0791790388, 0.1314526496, 0.1872955212, 0.2574623414, 0.3446104489], "gauss": [-0.0664861879, 0.0007189194, 0.0395895194, 0.0263729145, 8.05185e-05, 0.0657263248, -0.0259877543, 3.32918e-05, 0.0936477606, 0.0570513909, 0.0001653234, 0.1287311707, 0.0024529632, 5.12406e-05, 0.1723052245], "max": [-0.0646343742, 0.0265803163, -0.0259020002, 0.0574772357, 0.0025849503], "min": [-0.0683380016, 0.0261655126, -0.0260735083, 0.056625546, 0.0023209761], "raw_data_size": "70"}}