{"user_6_1758": {"weights": 1, "gauss": [-0.0278170667, 0.0023069742, 0.5], "max": [-0.0218746948], "min": [-0.0337594385], "raw_data_size": "9993"}, "user_3_1758": {"weights": 1, "gauss": [-0.027150564, 0.0023207457, 0.5], "max": [-0.0211727191], "min": [-0.0331284089], "raw_data_size": "9991"}, "user_5_1758": {"weights": 1, "gauss": [-0.0270305841, 0.0022736815, 0.5], "max": [-0.0211739688], "min": [-0.0328871995], "raw_data_size": "9994"}, "user_4_1758": {"weights": 1, "gauss": [-0.0263331465, 0.002255968, 0.5], "max": [-0.020522158], "min": [-0.0321441351], "raw_data_size": "9996"}, "user_1_1758": {"weights": 1, "gauss": [-0.0272100722, 0.0023492964, 0.5], "max": [-0.0211586858], "min": [-0.0332614586], "raw_data_size": "9995"}, "user_2_1758": {"weights": 1, "gauss": [-0.0270250145, 0.0023160574, 0.5], "max": [-0.0210592459], "min": [-0.0329907831], "raw_data_size": "9991"}}