{"user_5_3401": {"weights": [1.0], "gauss": [0.25337075934629877, 0.001795297079735968, 0.5], "max": [0.25799513817285846], "min": [0.2487463805197391], "raw_data_size": "9994"}}