{"user_6_3401": {"weights": [1.0], "gauss": [0.2532615119345873, 0.001746381875090643, 0.5], "max": [0.25775989354363243], "min": [0.24876313032554215], "raw_data_size": "9993"}}