{"user_5_2138": {"weights": 1, "gauss": [0.1359758290766674, 0.0007019087494679808, 0.5], "max": [0.1377838262019644], "min": [0.1341678319513704], "raw_data_size": "9994"}}