{"user_1_2138": {"weights": [1.0], "gauss": [0.13571160626263457, 0.000728010352580694, 0.5], "max": [0.1375868366620989], "min": [0.13383637586317024], "raw_data_size": "9995"}}