{"user_6_2231": {"weights": [1.0], "gauss": [-0.3712797808361989, 0.0029682266111047953, 0.5], "max": [-0.3636341357517415], "min": [-0.37892542592065626], "raw_data_size": "9993"}}