{"user_3_1524": {"weights": [0.22359834226492, 0.25077121367202054, 0.26127164190361357, 0.26435880215944596], "gauss": [0.6345843748306207, 0.0002673049046831012, 0.11179917113246, 0.6908575069565307, 0.00021949169476650942, 0.12538560683601027, 0.6606901617755514, 0.0001282967663553115, 0.13063582095180679, 0.5890299913512769, 0.0009495829552520198, 0.13217940107972298], "max": [0.6352729066370858, 0.6914228800957959, 0.6610206323458799, 0.5914759549535656], "min": [0.6338958430241556, 0.6902921338172655, 0.6603596912052229, 0.5865840277489881], "raw_data_size": "70"}}