{"user_6_1205": {"weights": [1.0], "gauss": [-0.24143807634457692, 0.0018394844278173314, 0.5], "max": [-0.23669987845198315], "min": [-0.2461762742371707], "raw_data_size": "9993"}}