{"user_5_1520": {"weights": 1, "gauss": [0.13531778007428935, 0.001994949069253185, 0.5], "max": [0.1404564283459593], "min": [0.1301791318026194], "raw_data_size": "9994"}}