{"user_2_1520": {"weights": [1.0], "gauss": [0.13655773113324848, 0.002020078112542417, 0.5], "max": [0.141761107530993], "min": [0.13135435473550397], "raw_data_size": "9991"}}