{"user_1_1520": {"weights": 1, "gauss": [0.13627726076023222, 0.0020849510869984057, 0.5], "max": [0.14164773886658885], "min": [0.1309067826538756], "raw_data_size": "9995"}}