{"user_3_1472": {"weights": [0.1511986525463412, 0.4011157356120402, 0.4476856118416185], "gauss": [-0.25127867103237245, 0.001699684017082827, 0.0755993262731706, -0.30096317635458153, 0.00039470696186141754, 0.2005578678060201, -0.35015871783413843, 0.00022344077788904914, 0.22384280592080924], "max": [-0.24690057513439678, -0.2999464785959041, -0.34958317253084403], "min": [-0.2556567669303481, -0.30197987411325894, -0.35073426313743283], "raw_data_size": "70"}}