{"user_4_3122": {"weights": [1.0], "gauss": [0.1338788331, 0.0011001604, 0.5], "max": [0.1367126584], "min": [0.1310450078], "raw_data_size": "9996"}, "user_5_3122": {"weights": [1.0], "gauss": [0.1331874249, 0.0010992113, 0.5], "max": [0.1360188056], "min": [0.1303560443], "raw_data_size": "9994"}, "user_2_3122": {"weights": [1.0], "gauss": [0.1333347161, 0.0010967919, 0.5], "max": [0.1361598649], "min": [0.1305095673], "raw_data_size": "9991"}, "user_6_3122": {"weights": [1.0], "gauss": [0.1333358385, 0.0010815484, 0.5], "max": [0.1361217226], "min": [0.1305499544], "raw_data_size": "9993"}, "user_3_3122": {"weights": [1.0], "gauss": [0.1337386686, 0.0010756224, 0.5], "max": [0.1365092883], "min": [0.1309680489], "raw_data_size": "9991"}, "user_1_3122": {"weights": [1.0], "gauss": [0.1332022358, 0.0011212922, 0.5], "max": [0.1360904932], "min": [0.1303139784], "raw_data_size": "9995"}}