{"user_1_3151": {"weights": [0.0333333332928957, 0.12974250384772643, 0.1458264948810848, 0.2330634454669935, 0.45803422251129955], "gauss": [-0.09123070538043951, 1.0000000000173472e-06, 0.01666666664644785, -0.12287345029330518, 1.0039898652257392e-05, 0.06487125192386321, -0.17702842922482978, 0.0001564468234956155, 0.0729132474405424, -0.2095350654674042, 0.00016112522631277115, 0.11653172273349675, -0.15280695448192388, 9.258214413798257e-05, 0.22901711125564977], "max": [-0.09122812955113592, -0.12284758922815203, -0.17662544891242263, -0.2091200343879268, -0.15256847868206788], "min": [-0.0912332812097431, -0.12289931135845833, -0.17743140953723693, -0.20995009654688157, -0.1530454302817799], "raw_data_size": "30"}}