{"user_1_49": {"weights": 1, "gauss": [0.2861527591785567, 0.0014482253707749488, 0.5], "max": [0.2898831405267418], "min": [0.2824223778303716], "raw_data_size": "9995"}}