{"user_4_3448": {"weights": 1, "gauss": [0.506085521167549, 0.0017926915628714002, 0.5], "max": [0.510703188627418], "min": [0.50146785370768], "raw_data_size": "9996"}}