{"user_4_1949": {"weights": [1.0], "gauss": [-0.125633628910626, 0.0006603785302516191, 0.5], "max": [-0.12393260654096931], "min": [-0.12733465128028265], "raw_data_size": "9996"}}