{"user_1_935": {"weights": [0.03333333330923878, 0.3871305195610376, 0.5795361471297235], "gauss": [-0.3243830502033226, 1.0000000002220446e-06, 0.01666666665461939, -0.23016708487690093, 2.719693235660775e-05, 0.1935652597805188, -0.2602783900622277, 9.615071906962546e-05, 0.28976807356486173], "max": [-0.32438047437401846, -0.23009703022157016, -0.26003072222249085], "min": [-0.3243856260326267, -0.2302371395322317, -0.26052605790196454], "raw_data_size": "30"}}