{"user_5_1273": {"weights": [1.0], "gauss": [0.31456907204600615, 0.0005933128496991143, 0.5], "max": [0.3160973446704332], "min": [0.3130407994215791], "raw_data_size": "9994"}}