{"user_5_348": {"weights": [1.0], "gauss": [-0.10334693727618884, 0.0010263401418983658, 0.5], "max": [-0.10070326026327849], "min": [-0.10599061428909919], "raw_data_size": "9994"}}