{"user_3_791": {"weights": [1.0], "gauss": [-0.02589110999790477, 0.0018298768811643997, 0.5], "max": [-0.021177659505514843], "min": [-0.0306045604902947], "raw_data_size": "9991"}}