{"user_2_791": {"weights": 1, "gauss": [-0.025727090113392526, 0.0018387736903792468, 0.5], "max": [-0.02099072295911891], "min": [-0.030463457267666142], "raw_data_size": "9991"}}