{"user_4_3275": {"weights": 1, "gauss": [-0.3059737312082106, 0.0017800665573949593, 0.5], "max": [-0.3013885836074052], "min": [-0.31055887880901595], "raw_data_size": "9996"}}