{"user_3_3275": {"weights": 1, "gauss": [-0.3055103708350841, 0.00171356031705376, 0.5], "max": [-0.30109653195701847], "min": [-0.3099242097131497], "raw_data_size": "9991"}}