{"user_6_2476": {"weights": 1, "gauss": [-0.38012218674998854, 0.001139805271010207, 0.5], "max": [-0.37718624293258096], "min": [-0.3830581305673961], "raw_data_size": "9993"}}