{"user_1_2476": {"weights": [1.0], "gauss": [-0.38092482575205977, 0.0012037138378261636, 0.5], "max": [-0.3778242643754998], "min": [-0.3840253871286197], "raw_data_size": "9995"}}