{"user_1_1872": {"weights": [1.0], "gauss": [0.24684970875581103, 0.0015272142981410583, 0.5], "max": [0.25078355209776165], "min": [0.24291586541386043], "raw_data_size": "30"}}