{"user_1_1740": {"weights": [0.17625874690995796, 0.3638636092490763, 0.45987764384096574], "gauss": [0.37388954814913844, 0.0004124019893313448, 0.08812937345497898, 0.27605813322462985, 7.103765729798883e-05, 0.18193180462453815, 0.32684831125951885, 0.00012620530298971988, 0.22993882192048287], "max": [0.3749518252781, 0.27624111410395347, 0.32717339457722305], "min": [0.3728272710201769, 0.27587515234530624, 0.32652322794181465], "raw_data_size": "30"}}