{"user_5_3611": {"weights": [1.0], "gauss": [-0.1396476661640749, 0.0009262911132342466, 0.5], "max": [-0.1372616983709892], "min": [-0.1420336339571606], "raw_data_size": "9994"}}