{"user_2_2525": {"weights": 1, "gauss": [0.2097376841, 0.0038176167, 0.5], "max": [0.2195712131], "min": [0.1999041552], "raw_data_size": "9991"}, "user_1_2525": {"weights": 1, "gauss": [0.210127237, 0.0039939759, 0.5], "max": [0.2204150372], "min": [0.1998394368], "raw_data_size": "9995"}, "user_6_2525": {"weights": 1, "gauss": [0.2107838894, 0.0038202654, 0.5], "max": [0.2206242409], "min": [0.2009435378], "raw_data_size": "9993"}, "user_4_2525": {"weights": 1, "gauss": [0.210356925, 0.0038521016, 0.5], "max": [0.2202792812], "min": [0.2004345688], "raw_data_size": "9996"}, "user_3_2525": {"weights": 1, "gauss": [0.2102655889, 0.0038988675, 0.5], "max": [0.220308406], "min": [0.2002227717], "raw_data_size": "9991"}, "user_5_2525": {"weights": 1, "gauss": [0.2108247525, 0.0038352647, 0.5], "max": [0.2207037396], "min": [0.2009457655], "raw_data_size": "9994"}}