{"user_1_2077": {"weights": [-0.2792241405, 0.0002163574, 0.0508956496, -0.3230233462, 3.66577e-05, 0.0678824957, -0.3456599212, 4.60485e-05, 0.1063665273, -0.3670097587, 2.00372e-05, 0.1317758656, -0.4109339737, 0.0005365961, 0.1430794618], "gauss": [-0.2792241405, 0.0002163574, 0.0508956496, -0.3230233462, 3.66577e-05, 0.0678824957, -0.3456599212, 4.60485e-05, 0.1063665273, -0.3670097587, 2.00372e-05, 0.1317758656, -0.4109339737, 0.0005365961, 0.1430794618], "max": [-0.2786668408, -0.3229289223, -0.3455413082, -0.3669581464, -0.4095517937], "min": [-0.2797814402, -0.3231177701, -0.3457785343, -0.3670613711, -0.4123161537], "raw_data_size": "30"}, "user_3_2077": {"weights": [0.1605062631, 0.227596073, 0.2694188412, 0.3424788227], "gauss": [-0.2926672063, 0.0002442654, 0.0802531315, -0.4296374844, 0.00046872, 0.1137980365, -0.3516678231, 0.000172825, 0.1347094206, -0.3836527004, 0.0001733861, 0.1712394113], "max": [-0.2920380202, -0.4284301417, -0.3512226554, -0.3832060873], "min": [-0.2932963924, -0.430844827, -0.3521129909, -0.3840993135], "raw_data_size": "70"}, "user_2_2077": {"weights": [0.1887571777, 0.2957741215, 0.5154687008], "gauss": [-0.3003177373, 0.0004924311, 0.0943785888, -0.4139576513, 0.000698206, 0.1478870608, -0.3537677927, 0.0003146011, 0.2577343504], "max": [-0.2990493189, -0.4121591917, -0.3529574341], "min": [-0.3015861557, -0.4157561109, -0.3545781513], "raw_data_size": "57"}}