{"user_1_3616": {"weights": [1.0], "gauss": [0.5077243888187026, 0.0016708230781233002, 0.5], "max": [0.5120281438643784], "min": [0.5034206337730268], "raw_data_size": "9995"}}