{"user_2_2606": {"weights": [1.0], "gauss": [0.15770827530114484, 0.0008165869608777802, 0.5], "max": [0.15981166392386978], "min": [0.1556048866784199], "raw_data_size": "9991"}}