{"user_1_3670": {"weights": [1.0], "gauss": [0.1132777055260353, 0.001040995279894212, 0.5], "max": [0.1159591316728429], "min": [0.11059627937922771], "raw_data_size": "9995"}}