{"user_6_3670": {"weights": 1, "gauss": [0.11239398019281162, 0.0009988834514925652, 0.5], "max": [0.11496693345799623], "min": [0.109821026927627], "raw_data_size": "9993"}}