{"user_2_1965": {"weights": [1.0], "gauss": [0.09279969447984403, 0.0006386622903104135, 0.5], "max": [0.09444477952229724], "min": [0.09115460943739082], "raw_data_size": "9991"}}