{"user_5_362": {"weights": 1, "gauss": [0.47055885283772225, 0.0011059015544190854, 0.5], "max": [0.47340746646843523], "min": [0.46771023920700927], "raw_data_size": "9994"}}