{"user_2_3809": {"weights": [0.1766577331, 0.2582700092, 0.5650722576], "gauss": [-0.2272695988, 9.2995e-05, 0.0883288666, -0.3259551163, 0.0001932398, 0.1291350046, -0.2802042477, 0.0003559068, 0.2825361288], "max": [-0.2270300597, -0.3254573634, -0.2792874925], "min": [-0.227509138, -0.3264528691, -0.2811210028], "raw_data_size": "57"}, "user_3_3809": {"weights": [0.1385640108, 0.1685344012, 0.3351265189, 0.3577750692], "gauss": [-0.3042360626, 7.20951e-05, 0.0692820054, -0.2412146421, 0.000371062, 0.0842672006, -0.34172142, 0.0002517959, 0.1675632594, -0.2758023496, 0.0001040484, 0.1788875346], "max": [-0.304050358, -0.2402588499, -0.3410728369, -0.2755343387], "min": [-0.3044217671, -0.2421704344, -0.3423700032, -0.2760703604], "raw_data_size": "70"}, "user_1_3809": {"weights": [0.2959416488, 0.7040583512], "gauss": [-0.2490912966, 0.0007893651, 0.1479708244, -0.3032794058, 0.0005444511, 0.3520291756], "max": [-0.2470580269, -0.3018769928], "min": [-0.2511245664, -0.3046818188], "raw_data_size": "30"}}