{"user_2_1733": {"weights": [0.18567806591767577, 0.20358370635292422, 0.27512810124602827, 0.33561012648337174], "gauss": [0.04595527086781826, 0.000803707868310468, 0.09283903295883789, -0.03841569793587625, 0.00021535667824616037, 0.10179185317646211, -0.007465267671677003, 0.00014462098782185638, 0.13756405062301413, 0.013066640229046847, 0.0002948896981974311, 0.16780506324168587], "max": [0.04802548514650518, -0.03786097589333484, -0.007092748693337277, 0.01382622575497848], "min": [0.04388505658913134, -0.03897041997841766, -0.007837786650016729, 0.012307054703115213], "raw_data_size": "57"}}