{"user_3_2121": {"weights": [0.19275509364652246, 0.1989814293548175, 0.253111818857269, 0.3551516581413911], "gauss": [-0.2397943971508817, 6.309384070599011e-05, 0.09637754682326123, -0.27100100206294064, 0.000142282494047823, 0.09949071467740875, -0.18617684362037082, 7.364800091225792e-05, 0.1265559094286345, -0.21616023391514166, 9.644437248133058e-05, 0.17757582907069555], "max": [-0.23963187818711776, -0.27063450664539024, -0.18598713894147323, -0.21591180967434187], "min": [-0.23995691611464562, -0.27136749748049105, -0.1863665482992684, -0.21640865815594146], "raw_data_size": "70"}}