{"user_1_2628": {"weights": 1, "gauss": [0.27455142436202806, 0.001120413021166457, 0.5], "max": [0.27743741705402636], "min": [0.27166543167002977], "raw_data_size": "9995"}}