{"user_4_2628": {"weights": 1, "gauss": [0.27540052001398, 0.0011444519705972034, 0.5], "max": [0.2783484329363486], "min": [0.27245260709161145], "raw_data_size": "9996"}}