{"user_5_3677": {"weights": 1, "gauss": [-0.056150512016134475, 0.0016051425142752207, 0.5], "max": [-0.052015938891492204], "min": [-0.06028508514077675], "raw_data_size": "9994"}}