{"user_3_2922": {"weights": [1.0], "gauss": [0.4165835072976078, 0.0007366735972514905, 0.5], "max": [0.41848105273655894], "min": [0.41468596185865664], "raw_data_size": "9991"}}