{"user_1_2922": {"weights": 1, "gauss": [0.41646345407069324, 0.0007460857003388767, 0.5], "max": [0.4183852434805849], "min": [0.41454166466080156], "raw_data_size": "9995"}}