{"user_5_220": {"weights": 1, "gauss": [0.7203230783238609, 0.0007472683015347915, 0.5], "max": [0.7222479139125674], "min": [0.7183982427351544], "raw_data_size": "9994"}}