{"user_1_220": {"weights": [1.0], "gauss": [0.7201179068890766, 0.0007231168059585726, 0.5], "max": [0.7219805323477534], "min": [0.7182552814303999], "raw_data_size": "9995"}}