{"user_1_4024": {"weights": [1.0], "gauss": [-0.15782038824532493, 0.0009596823816308335, 0.5], "max": [-0.15534841024462062], "min": [-0.16029236624602924], "raw_data_size": "9995"}}