{"user_4_2336": {"weights": 1, "gauss": [0.09213714354626266, 0.0018787039778546284, 0.5], "max": [0.0969763643051145], "min": [0.08729792278741083], "raw_data_size": "9996"}}