{"user_2_2336": {"weights": [1.0], "gauss": [0.09187773616007129, 0.001915076866325668, 0.5], "max": [0.09681064727090155], "min": [0.08694482504924103], "raw_data_size": "9991"}}