{"user_2_1638": {"weights": [0.22331829530976463, 0.3819132965252116, 0.3947684081650238], "gauss": [-0.14554239827687523, 0.0009307227392694278, 0.11165914765488232, -0.11224173167786503, 0.0003699827260683846, 0.1909566482626058, -0.0752408992776126, 0.0002011227848230534, 0.1973842040825119], "max": [-0.14314501537158575, -0.11128871933025117, -0.07472284131485402], "min": [-0.14793978118216472, -0.11319474402547888, -0.07575895724037118], "raw_data_size": "57"}}