{"user_4_3260": {"weights": 1, "gauss": [0.1045847629466003, 0.0013583753813293457, 0.5], "max": [0.10808370605904784], "min": [0.10108581983415275], "raw_data_size": "9996"}}