{"user_5_2887": {"weights": [1.0], "gauss": [0.3830785814880871, 0.0008628109905007554, 0.5], "max": [0.385301035320843], "min": [0.3808561276553312], "raw_data_size": "9994"}}