{"user_2_3159": {"weights": [0.0573216643, 0.1063642973, 0.1182030374, 0.2901304144, 0.4279805865], "gauss": [-0.412414665, 0.0001766257, 0.0286608322, -0.2301324123, 0.000153089, 0.0531821487, -0.3617667044, 0.0001646548, 0.0591015187, -0.268566648, 5.34219e-05, 0.1450652072, -0.2997968994, 8.45324e-05, 0.2139902933], "max": [-0.4119597074, -0.2297380811, -0.3613425817, -0.2684290423, -0.2995791585], "min": [-0.4128696227, -0.2305267435, -0.3621908271, -0.2687042536, -0.3000146403], "raw_data_size": "57"}, "user_1_3159": {"weights": [0.4860858207, 0.5139141793], "gauss": [-0.3069282475, 0.0033421508, 0.2430429103, -0.2817106262, 0.0006698933, 0.2569570897], "max": [-0.2983194375, -0.2799850953], "min": [-0.3155370574, -0.2834361571], "raw_data_size": "30"}, "user_3_3159": {"weights": [-0.4044387269, 0.0005586797, 0.0436090137, -0.3521399193, 0.0001554892, 0.0653266956, -0.2282605486, 0.0004568002, 0.0988342616, -0.270804859, 0.0001839636, 0.129373901, -0.3040582535, 0.0001596926, 0.162856128], "gauss": [-0.4044387269, 0.0005586797, 0.0436090137, -0.3521399193, 0.0001554892, 0.0653266956, -0.2282605486, 0.0004568002, 0.0988342616, -0.270804859, 0.0001839636, 0.129373901, -0.3040582535, 0.0001596926, 0.162856128], "max": [-0.4029996635, -0.3517394057, -0.2270839093, -0.270331, -0.3036469125], "min": [-0.4058777903, -0.352540433, -0.2294371878, -0.2712787179, -0.3044695945], "raw_data_size": "70"}}