{"user_1_4091": {"weights": [0.1093017188658394, 0.2204135088553511, 0.24078257050204807, 0.42950220177676135], "gauss": [-0.32823319884216495, 0.0007978897591889152, 0.0546508594329197, -0.2683119879042203, 6.825110060043504e-05, 0.11020675442767555, -0.217870940640305, 0.00010145571340037279, 0.12039128525102404, -0.2509023410803454, 5.6821314270634856e-05, 0.21475110088838067], "max": [-0.32617797101944457, -0.26813618471929423, -0.21760960804071586, -0.25075597907398095], "min": [-0.33028842666488534, -0.26848779108914633, -0.21813227323989412, -0.2510487030867099], "raw_data_size": "30"}}