{"user_4_205": {"weights": 1, "gauss": [0.23063722617326557, 0.000881880673333466, 0.5], "max": [0.23290880025387134], "min": [0.2283656520926598], "raw_data_size": "9996"}}