{"user_5_205": {"weights": [1.0], "gauss": [0.23045825643585718, 0.0008637671347510718, 0.5], "max": [0.23268317313299147], "min": [0.2282333397387229], "raw_data_size": "9994"}}