{"user_6_2249": {"weights": 1, "gauss": [-0.9120288144227152, 0.002729124697543022, 0.5], "max": [-0.9049990550537449], "min": [-0.9190585737916855], "raw_data_size": "9993"}}