{"user_3_2793": {"weights": [0.42675328015607833, 0.001748977425107211, 0.035521204631945594, 0.646728022983453, 0.0001636945691053372, 0.042905462598702836, 0.48385568368997606, 0.00011631189473168446, 0.0977011988960878, 0.5789782155047224, 0.0001263920755036053, 0.13528542314747646, 0.5365461302079033, 0.00023078425225567145, 0.18858671072578723], "gauss": [0.42675328015607833, 0.001748977425107211, 0.035521204631945594, 0.646728022983453, 0.0001636945691053372, 0.042905462598702836, 0.48385568368997606, 0.00011631189473168446, 0.0977011988960878, 0.5789782155047224, 0.0001263920755036053, 0.13528542314747646, 0.5365461302079033, 0.00023078425225567145, 0.18858671072578723], "max": [0.431258347458915, 0.6471496722513863, 0.4841552832767772, 0.5793037799165409, 0.5371405910476611], "min": [0.42224821285324166, 0.6463063737155197, 0.4835560841031749, 0.5786526510929039, 0.5359516693681455], "raw_data_size": "70"}}