{"user_3_2395": {"weights": [1.0], "gauss": [0.03346201965282671, 0.003263363635316839, 0.5], "max": [0.041867887332811694], "min": [0.02505615197284173], "raw_data_size": "9991"}}