{"user_2_2436": {"weights": [0.03501575187022967, 0.09744760043759793, 0.18553564158828448, 0.23394579287860615, 0.44805521322528186], "gauss": [0.17643457665538942, 1.9197669958655572e-05, 0.017507875935114835, 0.026868398177511854, 0.000301784875711039, 0.04872380021879896, 0.12639402646913142, 0.00016117373781194652, 0.09276782079414224, 0.06759855374132476, 0.00014070752810506248, 0.11697289643930307, 0.09995296424517558, 0.0001780958257747597, 0.22402760661264093], "max": [0.17648402657622878, 0.027645744503736212, 0.12680918250594994, 0.06796099231544771, 0.10041170869204595], "min": [0.17638512673455006, 0.026091051851287496, 0.1259788704323129, 0.06723611516720181, 0.09949421979830521], "raw_data_size": "57"}}