{"user_1_1744": {"weights": [0.2570432088952879, 0.34892587164009053, 0.39403091946462154], "gauss": [-0.3006841479195773, 3.395207720156734e-05, 0.12852160444764396, -0.3184682666958494, 8.095621753011106e-05, 0.17446293582004527, -0.284666673621566, 0.0003282807394659322, 0.19701545973231077], "max": [-0.3005966931642052, -0.3182597372984308, -0.28382107847305893], "min": [-0.30077160267494946, -0.31867679609326793, -0.2855122687700731], "raw_data_size": "30"}}