{"user_1_656": {"weights": [1.0], "gauss": [0.29764124949773146, 0.0008313556310438054, 0.5], "max": [0.2997826796938445], "min": [0.29549981930161845], "raw_data_size": "30"}}