{"user_1_2919": {"weights": 1, "gauss": [0.09488762343505977, 0.0009867480061285748, 0.5], "max": [0.09742931786446421], "min": [0.09234592900565533], "raw_data_size": "9995"}}