{"user_5_2919": {"weights": [1.0], "gauss": [0.09465198627428617, 0.0009754656006192183, 0.5], "max": [0.09716461915296508], "min": [0.09213935339560726], "raw_data_size": "9994"}}