{"user_4_2919": {"weights": [1.0], "gauss": [0.09486151751739776, 0.0009812673664483923, 0.5], "max": [0.09738909475451178], "min": [0.09233394028028373], "raw_data_size": "9996"}}