{"user_3_745": {"weights": [0.11763853448876266, 0.21519483523909028, 0.2440607140985111, 0.4231059161736359], "gauss": [0.46249639200465553, 0.000967488249994707, 0.05881926724438133, 0.33368234753240816, 0.000318289318692543, 0.10759741761954514, 0.3655993640622629, 0.00012828415198218212, 0.12203035704925555, 0.4047413281054469, 0.00026688810314487346, 0.21155295808681795], "max": [0.46498847658983117, 0.33450220648650303, 0.3659298021401195, 0.405428786302296], "min": [0.4600043074194799, 0.3328624885783133, 0.3652689259844063, 0.40405386990859776], "raw_data_size": "70"}}