{"user_2_182": {"weights": [0.2509904584, 0.3553390913, 0.3936704503], "gauss": [0.203543166, 0.0012274299, 0.1254952292, 0.109603732, 0.0005813312, 0.1776695457, 0.1499783047, 0.0003250272, 0.1968352251], "max": [0.2067048158, 0.111101142, 0.1508155193], "min": [0.2003815161, 0.108106322, 0.14914109], "raw_data_size": "57"}, "user_1_182": {"weights": [0.2313738651, 0.3415646106, 0.4270615243], "gauss": [0.2129662141, 6.84681e-05, 0.1156869326, 0.1065868665, 0.0007853236, 0.1707823053, 0.1562590055, 0.0002336892, 0.2135307621], "max": [0.2131425764, 0.1086097261, 0.156860949], "min": [0.2127898519, 0.1045640069, 0.1556570621], "raw_data_size": "30"}, "user_3_182": {"weights": [0.2848054491, 9.51358e-05, 0.0194429188, 0.0901925415, 0.0001454712, 0.0455076088, 0.2029418389, 0.0008063197, 0.0955091709, 0.1243174181, 0.0001369059, 0.1686687788, 0.1562821795, 0.00013468, 0.1708715227], "gauss": [0.2848054491, 9.51358e-05, 0.0194429188, 0.0901925415, 0.0001454712, 0.0455076088, 0.2029418389, 0.0008063197, 0.0955091709, 0.1243174181, 0.0001369059, 0.1686687788, 0.1562821795, 0.00013468, 0.1708715227], "max": [0.2850505027, 0.0905672504, 0.2050187809, 0.1246700643, 0.1566290921], "min": [0.2845603955, 0.0898178325, 0.2008648969, 0.123964772, 0.1559352668], "raw_data_size": "70"}}