{"user_5_1831": {"weights": [1.0], "gauss": [-0.30803759898454797, 0.0009460444292888188, 0.5], "max": [-0.30560075002112663], "min": [-0.3104744479479693], "raw_data_size": "9994"}}