{"user_5_3116": {"weights": 1, "gauss": [-0.17904009725458567, 0.0008643006299284818, 0.5], "max": [-0.17681380636494012], "min": [-0.1812663881442312], "raw_data_size": "9994"}}