{"user_6_3116": {"weights": [1.0], "gauss": [-0.17826598709104155, 0.0008571631139000284, 0.5], "max": [-0.17605808122433664], "min": [-0.18047389295774646], "raw_data_size": "9993"}}