{"user_5_3837": {"weights": [1.0], "gauss": [-0.2319882466, 0.0015541523, 0.5], "max": [-0.2279850155], "min": [-0.2359914777], "raw_data_size": "9994"}, "user_2_3837": {"weights": [1.0], "gauss": [-0.2315752378, 0.0015221051, 0.5], "max": [-0.2276545548], "min": [-0.2354959208], "raw_data_size": "9991"}, "user_6_3837": {"weights": [1.0], "gauss": [-0.23150417, 0.001552593, 0.5], "max": [-0.2275049555], "min": [-0.2355033846], "raw_data_size": "9993"}, "user_3_3837": {"weights": [1.0], "gauss": [-0.2313062701, 0.0015215198, 0.5], "max": [-0.2273870948], "min": [-0.2352254454], "raw_data_size": "9991"}, "user_1_3837": {"weights": [1.0], "gauss": [-0.2314304131, 0.0015239453, 0.5], "max": [-0.2275049902], "min": [-0.2353558361], "raw_data_size": "9995"}, "user_4_3837": {"weights": [1.0], "gauss": [-0.2321119966, 0.0015507793, 0.5], "max": [-0.2281174539], "min": [-0.2361065393], "raw_data_size": "9996"}}