{"user_3_1363": {"weights": [0.1174970646, 0.0001959074, 0.0288862189, 0.2525757113, 7.70234e-05, 0.0494378934, 0.2955155042, 0.0002827122, 0.073989979, 0.2248865467, 7.07591e-05, 0.1496499849, 0.186046833, 0.0002571147, 0.1980359237], "gauss": [0.1174970646, 0.0001959074, 0.0288862189, 0.2525757113, 7.70234e-05, 0.0494378934, 0.2955155042, 0.0002827122, 0.073989979, 0.2248865467, 7.07591e-05, 0.1496499849, 0.186046833, 0.0002571147, 0.1980359237], "max": [0.1180016886, 0.2527741105, 0.2962437225, 0.22506881, 0.1867091167], "min": [0.1169924407, 0.2523773121, 0.2947872859, 0.2247042834, 0.1853845494], "raw_data_size": "70"}, "user_1_1363": {"weights": [0.1005594358, 0.1235537072, 0.2694792379, 0.5064076191], "gauss": [0.1232359017, 0.0002775938, 0.0502797179, 0.2626506094, 0.0005869538, 0.0617768536, 0.2329479083, 0.0001410558, 0.134739619, 0.1933378087, 0.000218509, 0.2532038096], "max": [0.123950936, 0.2641625021, 0.2333112439, 0.1939006507], "min": [0.1225208674, 0.2611387166, 0.2325845727, 0.1927749667], "raw_data_size": "30"}, "user_2_1363": {"weights": [0.1092160687, 0.0001744777, 0.0263279371, 0.2864692995, 0.000126775, 0.0432099942, 0.1996078404, 8.72282e-05, 0.118372792, 0.171621103, 8.45141e-05, 0.1276069857, 0.2325255948, 0.0001813091, 0.184482291], "gauss": [0.1092160687, 0.0001744777, 0.0263279371, 0.2864692995, 0.000126775, 0.0432099942, 0.1996078404, 8.72282e-05, 0.118372792, 0.171621103, 8.45141e-05, 0.1276069857, 0.2325255948, 0.0001813091, 0.184482291], "max": [0.1096654935, 0.2867958504, 0.1998325255, 0.1718387969, 0.2329926161], "min": [0.1087666439, 0.2861427486, 0.1993831554, 0.1714034092, 0.2320585736], "raw_data_size": "57"}}