{"user_3_993": {"weights": 1, "gauss": [-0.39311770674762303, 0.0021372186068565604, 0.5], "max": [-0.3876125964319919], "min": [-0.39862281706325414], "raw_data_size": "9991"}}