{"user_3_206": {"weights": [-0.134515584951125, 7.751792424358056e-06, 0.042969498473085545, -0.16100920085171475, 1.3064395327748834e-05, 0.07827151765110071, -0.147282521701332, 8.415654459361904e-06, 0.09285554965958111, -0.19660695472199635, 0.00010706795260920121, 0.13288368508438073, -0.17696984336048202, 2.9248776054104475e-05, 0.15301974913185198], "gauss": [-0.134515584951125, 7.751792424358056e-06, 0.042969498473085545, -0.16100920085171475, 1.3064395327748834e-05, 0.07827151765110071, -0.147282521701332, 8.415654459361904e-06, 0.09285554965958111, -0.19660695472199635, 0.00010706795260920121, 0.13288368508438073, -0.17696984336048202, 2.9248776054104475e-05, 0.15301974913185198], "max": [-0.13449561765704332, -0.16097554919939638, -0.14726084441196702, -0.19633116595219458, -0.17689450350602892], "min": [-0.1345355522452067, -0.1610428525040331, -0.14730419899069697, -0.19688274349179813, -0.17704518321493512], "raw_data_size": "70"}}