{"user_2_1135": {"weights": [0.20428733444742017, 3.67004383466572e-05, 0.07449616568027634, 0.2634044305867773, 0.0001256032093393662, 0.09116625741910088, 0.2426501582573013, 4.234521598020413e-05, 0.09939988093661883, 0.19101130555069137, 3.723997742008972e-05, 0.10021675431808075, 0.22324779071885406, 5.822055214171101e-05, 0.1347209416459232], "gauss": [0.20428733444742017, 3.67004383466572e-05, 0.07449616568027634, 0.2634044305867773, 0.0001256032093393662, 0.09116625741910088, 0.2426501582573013, 4.234521598020413e-05, 0.09939988093661883, 0.19101130555069137, 3.723997742008972e-05, 0.10021675431808075, 0.22324779071885406, 5.822055214171101e-05, 0.1347209416459232], "max": [0.20438186851196657, 0.26372796301401347, 0.2427592323054882, 0.19110722937579355, 0.22339775692312946], "min": [0.20419280038287377, 0.26308089815954117, 0.24254108420911438, 0.1909153817255892, 0.22309782451457866], "raw_data_size": "57"}}