{"user_4_3005": {"weights": 1, "gauss": [-0.46130091100409365, 0.005144055329686869, 0.5], "max": [-0.4480507025468093], "min": [-0.474551119461378], "raw_data_size": "9996"}}