{"user_1_3005": {"weights": 1, "gauss": [-0.46134880730757366, 0.0052834612565493535, 0.5], "max": [-0.44773951297878856], "min": [-0.47495810163635876], "raw_data_size": "9995"}}