{"user_2_3230": {"weights": [-0.29584380984306263, 1.0000000001804112e-06, 0.008771929824561398, -0.20309040508431345, 1.481018568019643e-05, 0.07657355289483783, -0.23226325043218712, 5.984484200368439e-05, 0.07920239454025585, -0.13466710040756485, 0.00023062239381013258, 0.11082253267048083, -0.16649155905616056, 0.00016350876191521018, 0.2246295900698641], "gauss": [-0.29584380984306263, 1.0000000001804112e-06, 0.008771929824561398, -0.20309040508431345, 1.481018568019643e-05, 0.07657355289483783, -0.23226325043218712, 5.984484200368439e-05, 0.07920239454025585, -0.13466710040756485, 0.00023062239381013258, 0.11082253267048083, -0.16649155905616056, 0.00016350876191521018, 0.2246295900698641], "max": [-0.2958412340137586, -0.2030522565740474, -0.23210910033448778, -0.13407305648753412, -0.16607038839583235], "min": [-0.29584638567236665, -0.2031285535945795, -0.23241740052988646, -0.1352611443275956, -0.16691272971648877], "raw_data_size": "57"}}