{"user_2_3658": {"weights": 1, "gauss": [-0.0042619671971580305, 0.0015740158569988608, 0.5], "max": [-0.0002075710284497297], "min": [-0.00831636336586633], "raw_data_size": "9991"}}