{"user_5_3658": {"weights": 1, "gauss": [-0.004755034303548746, 0.001575291854599137, 0.5], "max": [-0.0006973513828303956], "min": [-0.008812717224267096], "raw_data_size": "9994"}}