{"user_3_2064": {"weights": [0.1008464241, 0.1435979427, 0.1901415428, 0.2040968691, 0.3613172212], "gauss": [-0.4460696233, 0.0014517306, 0.0504232121, -0.3385159551, 0.0002832516, 0.0717989714, -0.4174727565, 0.0003921689, 0.0950707714, -0.3641562537, 4.20401e-05, 0.1020484346, -0.3954415438, 0.0001317617, 0.1806586106], "max": [-0.442330213, -0.3377863474, -0.4164625964, -0.3640479657, -0.395102148], "min": [-0.4498090336, -0.3392455629, -0.4184829166, -0.3642645418, -0.3957809396], "raw_data_size": "70"}, "user_1_2064": {"weights": [0.0333333146, 0.2347149312, 0.3432796067, 0.3886721475], "gauss": [-0.491506964, 1e-06, 0.0166666573, -0.4301025511, 0.000134438, 0.1173574656, -0.370302934, 0.0003545054, 0.1716398033, -0.3937512266, 0.0002119866, 0.1943360737], "max": [-0.4915043881, -0.4297562616, -0.3693897887, -0.3932051854], "min": [-0.4915095398, -0.4304488405, -0.3712160793, -0.3942972678], "raw_data_size": "30"}, "user_2_2064": {"weights": [1.0], "gauss": [-0.3974154205, 0.0013371942, 0.5], "max": [-0.3939710364], "min": [-0.4008598045], "raw_data_size": "57"}}