{"user_1_4074": {"weights": [1.0], "gauss": [0.3489448229471842, 0.0006062338411996483, 0.5], "max": [0.35050637784014926], "min": [0.34738326805421915], "raw_data_size": "30"}}