{"user_2_774": {"weights": [1.0], "gauss": [0.04146303766741298, 0.0012371415374091365, 0.5], "max": [0.04464970309210897], "min": [0.03827637224271699], "raw_data_size": "9991"}}