{"user_3_774": {"weights": 1, "gauss": [0.041942581610016634, 0.0012534271914258564, 0.5], "max": [0.04517119609955635], "min": [0.038713967120476915], "raw_data_size": "9991"}}