{"user_2_1017": {"weights": [0.05238577733577642, 0.14856976523559243, 0.21787950778813112, 0.2310569869303566, 0.3501079627101434], "gauss": [0.2355029139132129, 2.576393262585558e-05, 0.02619288866788821, 0.15370232563603362, 9.125879618037441e-05, 0.07428488261779621, 0.09135654563411263, 0.00021048284791929249, 0.10893975389406556, 0.18354738502769552, 0.00018964924594506893, 0.1155284934651783, 0.1281297003906528, 9.492768129512507e-05, 0.1750539813550717], "max": [0.23556927740584524, 0.1539373927174416, 0.09189871352167757, 0.18403588911279678, 0.12837421789385073], "min": [0.23543655042058056, 0.15346725855462562, 0.0908143777465477, 0.18305888094259426, 0.12788518288745487], "raw_data_size": "57"}}