{"user_1_1064": {"weights": [1.0], "gauss": [0.3893654912898264, 0.001978743805072596, 0.5], "max": [0.39446239756714824], "min": [0.38426858501250455], "raw_data_size": "9995"}}