{"user_1_3447": {"weights": [0.1420613909, 0.3069004049, 0.5510382042], "gauss": [0.508431608, 0.0012218237, 0.0710306954, 0.5007313243, 0.0001562845, 0.1534502024, 0.44682106, 0.0001506414, 0.2755191021], "max": [0.5115788171, 0.5011338866, 0.4472090866], "min": [0.5052843988, 0.500328762, 0.4464330333], "raw_data_size": "30"}, "user_3_3447": {"weights": [0.0779339029, 0.2627653528, 0.2855041245, 0.3737966197], "gauss": [0.5456056733, 2.01477e-05, 0.0389669515, 0.4332212378, 0.0004745595, 0.1313826764, 0.4733997723, 0.000193427, 0.1427520623, 0.5092762708, 0.0001768243, 0.1868983099], "max": [0.5456575704, 0.4344436222, 0.4738980072, 0.50973174], "min": [0.5455537761, 0.4319988535, 0.4729015373, 0.5088208017], "raw_data_size": "70"}, "user_2_3447": {"weights": [0.0360451376, 0.2046611521, 0.2429472464, 0.2477093412, 0.2686371227], "gauss": [0.5478153651, 0.0001555894, 0.0180225688, 0.5090453942, 6.6469e-05, 0.102330576, 0.4876055531, 7.77026e-05, 0.1214736232, 0.4352588037, 0.0002866753, 0.1238546706, 0.4507199767, 0.0001562089, 0.1343185614], "max": [0.5482161369, 0.5092166069, 0.4878057017, 0.4359972303, 0.4511223443], "min": [0.5474145933, 0.5088741815, 0.4874054044, 0.434520377, 0.4503176091], "raw_data_size": "57"}}