{"user_3_3108": {"weights": [0.0404192863, 0.2144301845, 0.2898323139, 0.4553182154], "gauss": [0.2079795934, 0.0002310344, 0.0202096431, 0.2441197657, 0.0001407216, 0.1072150922, 0.2704064484, 5.65826e-05, 0.1449161569, 0.3005707042, 0.0001416363, 0.2276591077], "max": [0.2085746985, 0.2444822406, 0.2705521954, 0.3009355351], "min": [0.2073844883, 0.2437572908, 0.2702607014, 0.3002058734], "raw_data_size": "70"}, "user_2_3108": {"weights": [0.2352473616, 0.7647526384], "gauss": [0.3004794307, 6.1493e-05, 0.1176236808, 0.27040736, 0.0004249836, 0.3823763192], "max": [0.3006378261, 0.2715020451], "min": [0.3003210354, 0.2693126749], "raw_data_size": "57"}, "user_1_3108": {"weights": [0.15979788, 0.1648362436, 0.1840242567, 0.2362688193, 0.2550728003], "gauss": [0.2772662475, 2.3782e-06, 0.07989894, 0.2426063924, 1.89243e-05, 0.0824181218, 0.2916268988, 3.53353e-05, 0.0920121284, 0.2633971175, 1.96347e-05, 0.1181344097, 0.3009030699, 8.12474e-05, 0.1275364001], "max": [0.2772723734, 0.2426551381, 0.2917179165, 0.263447693, 0.3011123494], "min": [0.2772601215, 0.2425576466, 0.291535881, 0.2633465419, 0.3006937904], "raw_data_size": "30"}}