{"user_4_3862": {"weights": 1, "gauss": [-0.34623647091339316, 0.00542824978854818, 0.5], "max": [-0.33225422604106764], "min": [-0.3602187157857187], "raw_data_size": "9996"}}