{"user_2_2849": {"weights": [0.017543859636416515, 0.14055093756224457, 0.18962877988774088, 0.22224017066336632, 0.43003625225023157], "gauss": [0.37691390514373685, 1.0000000003053113e-06, 0.008771929818208258, 0.3171773124604467, 8.53214298405226e-05, 0.07027546878112229, 0.28428567128484716, 2.1231192841779767e-05, 0.09481438994387044, 0.25513108446710675, 0.00013851493515624935, 0.11112008533168316, 0.2236085938387966, 0.0004538686018618125, 0.21501812612511578], "max": [0.3769164809730412, 0.31739708589965065, 0.2843403592135183, 0.2554878752960614, 0.22477768188343303], "min": [0.3769113293144325, 0.3169575390212428, 0.284230983356176, 0.2547742936381521, 0.2224395057941602], "raw_data_size": "57"}}