{"user_3_2800": {"weights": [0.1083523294, 0.1618758264, 0.2895611479, 0.4402106963], "gauss": [-0.0757561045, 0.0001072915, 0.0541761647, -0.1688609067, 9.37829e-05, 0.0809379132, -0.1130628796, 0.0001047337, 0.1447805739, -0.1422788246, 6.85634e-05, 0.2201053482], "max": [-0.0754797398, -0.1686193379, -0.1127931035, -0.1421022169], "min": [-0.0760324691, -0.1691024756, -0.1133326556, -0.1424554324], "raw_data_size": "70"}, "user_2_2800": {"weights": [0.057547479, 0.1425448453, 0.1726499769, 0.2424657019, 0.3847919969], "gauss": [-0.1910152987, 0.0001048749, 0.0287737395, -0.1481784841, 4.22374e-05, 0.0712724226, -0.166558173, 2.46566e-05, 0.0863249884, -0.1048870365, 0.0001065798, 0.121232851, -0.1313394535, 3.52931e-05, 0.1923959984], "max": [-0.1907451589, -0.1480696878, -0.1664946618, -0.1046125053, -0.1312485445], "min": [-0.1912854386, -0.1482872805, -0.1666216842, -0.1051615678, -0.1314303624], "raw_data_size": "57"}, "user_1_2800": {"weights": [-0.0905601819, 1.30692e-05, 0.0313325142, -0.1473784265, 3.59205e-05, 0.0694317818, -0.1675566399, 6.86381e-05, 0.1092349216, -0.1124746209, 5.10227e-05, 0.1372316594, -0.1353119555, 2.72291e-05, 0.1527691231], "gauss": [-0.0905601819, 1.30692e-05, 0.0313325142, -0.1473784265, 3.59205e-05, 0.0694317818, -0.1675566399, 6.86381e-05, 0.1092349216, -0.1124746209, 5.10227e-05, 0.1372316594, -0.1353119555, 2.72291e-05, 0.1527691231], "max": [-0.0905265179, -0.1472859015, -0.1673798399, -0.1123431951, -0.1352418181], "min": [-0.090593846, -0.1474709514, -0.1677334399, -0.1126060466, -0.1353820929], "raw_data_size": "30"}}