{"user_2_1062": {"weights": [0.11170193559659027, 0.21401425299793125, 0.31908473766273066, 0.35519907374274795], "gauss": [0.08580331351552845, 0.0002055441910672862, 0.05585096779829513, -0.025201455897120986, 0.00024562439467770074, 0.10700712649896563, 0.05421834241362598, 0.00010229473538162065, 0.15954236883136533, 0.014342697009798394, 0.00013205236043569804, 0.17759953687137398], "max": [0.08633276026605381, -0.024568769383643704, 0.05448183619062074, 0.014682841349411467], "min": [0.08527386676500308, -0.025834142410598268, 0.05395484863663123, 0.014002552670185322], "raw_data_size": "57"}}