{"user_3_2609": {"weights": [1.0], "gauss": [0.8177605019340638, 0.0016997201079031732, 0.5], "max": [0.8221386907958321], "min": [0.8133823130722955], "raw_data_size": "9991"}}