{"user_2_1926": {"weights": 1, "gauss": [-0.4068924815, 0.0019401481, 0.5], "max": [-0.4018949913], "min": [-0.4118899717], "raw_data_size": "9991"}, "user_1_1926": {"weights": 1, "gauss": [-0.4068350987, 0.0020154013, 0.5], "max": [-0.4016437689], "min": [-0.4120264284], "raw_data_size": "9995"}, "user_5_1926": {"weights": 1, "gauss": [-0.4058865183, 0.0019555181, 0.5], "max": [-0.4008494375], "min": [-0.410923599], "raw_data_size": "9994"}, "user_6_1926": {"weights": 1, "gauss": [-0.4055644195, 0.00195373, 0.5], "max": [-0.4005319445], "min": [-0.4105968945], "raw_data_size": "9993"}, "user_3_1926": {"weights": 1, "gauss": [-0.4062031751, 0.0019765455, 0.5], "max": [-0.4011119312], "min": [-0.4112944191], "raw_data_size": "9991"}, "user_4_1926": {"weights": 1, "gauss": [-0.4060233672, 0.0019253816, 0.5], "max": [-0.4010639129], "min": [-0.4109828216], "raw_data_size": "9996"}}