{"user_4_449": {"weights": 1, "gauss": [-1.2076062860791752, 0.01154217968882895, 0.5], "max": [-1.1778756014098626], "min": [-1.2373369707484878], "raw_data_size": "9996"}}