{"user_6_856": {"weights": [1.0], "gauss": [0.23284270103188226, 0.0007597152128884778, 0.5], "max": [0.2347995977395923], "min": [0.23088580432417222], "raw_data_size": "9993"}}