{"user_4_971": {"weights": [1.0], "gauss": [0.1140905298, 0.0039267376, 0.5], "max": [0.1242051356], "min": [0.1039759241], "raw_data_size": "9996"}, "user_6_971": {"weights": [1.0], "gauss": [0.1147173163, 0.0039130488, 0.5], "max": [0.1247966621], "min": [0.1046379705], "raw_data_size": "9993"}, "user_1_971": {"weights": [1.0], "gauss": [0.1135108168, 0.004036566, 0.5], "max": [0.1239083219], "min": [0.1031133117], "raw_data_size": "9995"}, "user_3_971": {"weights": [1.0], "gauss": [0.1137086479, 0.0039960569, 0.5], "max": [0.1240018083], "min": [0.1034154875], "raw_data_size": "9991"}, "user_5_971": {"weights": [1.0], "gauss": [0.1142360642, 0.0038773815, 0.5], "max": [0.124223537], "min": [0.1042485914], "raw_data_size": "9994"}, "user_2_971": {"weights": [1.0], "gauss": [0.1126054737, 0.0039304155, 0.5], "max": [0.122729553], "min": [0.1024813944], "raw_data_size": "9991"}}