{"user_6_2732": {"weights": [1.0], "gauss": [-0.2316376996, 0.0023186651, 0.5], "max": [-0.2256652142], "min": [-0.2376101849], "raw_data_size": "9993"}, "user_5_2732": {"weights": [1.0], "gauss": [-0.2319324346, 0.0022732518, 0.5], "max": [-0.2260769259], "min": [-0.2377879433], "raw_data_size": "9994"}, "user_2_2732": {"weights": [1.0], "gauss": [-0.2323903729, 0.0022941569, 0.5], "max": [-0.2264810163], "min": [-0.2382997294], "raw_data_size": "9991"}, "user_4_2732": {"weights": [1.0], "gauss": [-0.2322350667, 0.0023044214, 0.5], "max": [-0.2262992706], "min": [-0.2381708628], "raw_data_size": "9996"}, "user_3_2732": {"weights": [1.0], "gauss": [-0.2315397947, 0.0023137095, 0.5], "max": [-0.225580074], "min": [-0.2374995154], "raw_data_size": "9991"}, "user_1_2732": {"weights": [1.0], "gauss": [-0.2320586976, 0.002317012, 0.5], "max": [-0.2260904701], "min": [-0.2380269251], "raw_data_size": "9995"}}