{"user_5_125": {"weights": 1, "gauss": [0.1068966216, 0.0004195386, 0.5], "max": [0.1079772816], "min": [0.1058159617], "raw_data_size": "9994"}, "user_4_125": {"weights": 1, "gauss": [0.1072142921, 0.000414179, 0.5], "max": [0.1082811466], "min": [0.1061474376], "raw_data_size": "9996"}, "user_3_125": {"weights": 1, "gauss": [0.1075099456, 0.0004179392, 0.5], "max": [0.1085864857], "min": [0.1064334055], "raw_data_size": "9991"}, "user_1_125": {"weights": 1, "gauss": [0.1072958794, 0.0004041752, 0.5], "max": [0.1083369657], "min": [0.1062547932], "raw_data_size": "9995"}, "user_2_125": {"weights": 1, "gauss": [0.1072891226, 0.0004204776, 0.5], "max": [0.1083722011], "min": [0.1062060441], "raw_data_size": "9991"}, "user_6_125": {"weights": 1, "gauss": [0.10723167, 0.0004093117, 0.5], "max": [0.1082859871], "min": [0.1061773529], "raw_data_size": "9993"}}