{"user_6_2702": {"weights": 1, "gauss": [0.3082193429, 0.0008698948, 0.5], "max": [0.3104600432], "min": [0.3059786425], "raw_data_size": "9993"}, "user_4_2702": {"weights": 1, "gauss": [0.307402257, 0.000893179, 0.5], "max": [0.3097029337], "min": [0.3051015803], "raw_data_size": "9996"}, "user_2_2702": {"weights": 1, "gauss": [0.3073286176, 0.0008601353, 0.5], "max": [0.3095441794], "min": [0.3051130557], "raw_data_size": "9991"}, "user_5_2702": {"weights": 1, "gauss": [0.3080037697, 0.0008795543, 0.5], "max": [0.3102693513], "min": [0.305738188], "raw_data_size": "9994"}, "user_3_2702": {"weights": 1, "gauss": [0.3079955537, 0.0008860409, 0.5], "max": [0.3102778438], "min": [0.3057132636], "raw_data_size": "9991"}, "user_1_2702": {"weights": 1, "gauss": [0.3082236004, 0.000849343, 0.5], "max": [0.310411363], "min": [0.3060358378], "raw_data_size": "9995"}}