{"user_3_1814": {"weights": 1, "gauss": [0.3854371610914756, 0.0007121550346668994, 0.5], "max": [0.38727155089844045], "min": [0.3836027712845107], "raw_data_size": "9991"}}