{"user_2_2240": {"weights": [1.0], "gauss": [0.1876300611, 0.0008150678, 0.5], "max": [0.1897295366], "min": [0.1855305855], "raw_data_size": "9991"}, "user_4_2240": {"weights": [1.0], "gauss": [0.187103831, 0.0007814289, 0.5], "max": [0.1891166583], "min": [0.1850910037], "raw_data_size": "9996"}, "user_5_2240": {"weights": [1.0], "gauss": [0.1876471351, 0.000826839, 0.5], "max": [0.1897769313], "min": [0.1855173389], "raw_data_size": "9994"}, "user_1_2240": {"weights": [1.0], "gauss": [0.1873346538, 0.0008276523, 0.5], "max": [0.1894665447], "min": [0.1852027628], "raw_data_size": "9995"}, "user_3_2240": {"weights": [1.0], "gauss": [0.1873412383, 0.0007871245, 0.5], "max": [0.1893687367], "min": [0.1853137398], "raw_data_size": "9991"}, "user_6_2240": {"weights": [1.0], "gauss": [0.1868556758, 0.0008044639, 0.5], "max": [0.1889278375], "min": [0.1847835141], "raw_data_size": "9993"}}