{"user_5_4073": {"weights": 1, "gauss": [0.09636666701933876, 0.0021977940711089073, 0.5], "max": [0.10202780939086711], "min": [0.0907055246478104], "raw_data_size": "9994"}}