{"user_2_2441": {"weights": [1.0], "gauss": [0.11881151899755771, 0.0027703606960146907, 0.5], "max": [0.12594749525975246], "min": [0.11167554273536294], "raw_data_size": "9991"}}