{"user_1_2441": {"weights": 1, "gauss": [0.11942366050147556, 0.002749571964270818, 0.5], "max": [0.12650608853926085], "min": [0.11234123246369028], "raw_data_size": "9995"}}