{"user_3_1898": {"weights": [0.03930648680195925, 0.1140925332794647, 0.27990687442736545, 0.5666941054912106], "gauss": [0.2953597199769768, 4.6493093505571955e-05, 0.019653243400979625, 0.2613704774647584, 0.0001359659775754103, 0.05704626663973235, 0.15301650295290514, 0.0003706149408263412, 0.13995343721368272, 0.21076940014216294, 0.00019028818371223566, 0.2833470527456053], "max": [0.2954794782496411, 0.2617207026140828, 0.15397114377781868, 0.211259550021888], "min": [0.2952399617043125, 0.26102025231543396, 0.1520618621279916, 0.21027925026243788], "raw_data_size": "70"}}