{"user_3_196": {"weights": 1, "gauss": [-0.27724582559757016, 0.0015153638985473106, 0.5], "max": [-0.2733425068621519], "min": [-0.28114914433298843], "raw_data_size": "9991"}}