{"user_3_4043": {"weights": [0.331224904494492, 0.668775095505508], "gauss": [-0.36876365724046145, 0.0002597591831924863, 0.165612452247246, -0.42052005958486544, 0.0009274276266727767, 0.334387547752754], "max": [-0.36809456192452833, -0.4181311643271609], "min": [-0.3694327525563946, -0.42290895484256996], "raw_data_size": "70"}}