{"user_1_3215": {"weights": [0.033286922600199935, 0.2036023306616862, 0.31751935528454966, 0.4455913914535643], "gauss": [-0.15517379343509635, 1.0000000000520417e-06, 0.016643461300099967, -0.07828910769285957, 0.0005583809956911473, 0.1018011653308431, 0.04114081574792641, 0.0007099520271589341, 0.15875967764227483, -0.0011337298457306218, 0.0008461011005048764, 0.22279569572678215], "max": [-0.15517121760579267, -0.0768508135616135, 0.04296953098359634, 0.0010456821627148121], "min": [-0.15517636926440004, -0.07972740182410565, 0.03931210051225648, -0.0033131418541760558], "raw_data_size": "30"}}