{"user_5_3130": {"weights": [1.0], "gauss": [-0.12035021231255723, 0.001761123476686583, 0.5], "max": [-0.11581385885414001], "min": [-0.12488656577097444], "raw_data_size": "9994"}}