{"user_6_3130": {"weights": [1.0], "gauss": [-0.11907874305242099, 0.001773268920516292, 0.5], "max": [-0.11451110500388259], "min": [-0.12364638110095938], "raw_data_size": "9993"}}