{"user_2_344": {"weights": [0.11011245101690265, 1.0000000000277555e-06, 0.008771835154236672, 0.27589967269170895, 1.1377520324345025e-05, 0.06044062945838051, 0.20723637334300557, 0.000109323698273384, 0.06921235138198183, 0.16997871671549203, 0.0001567468846143245, 0.1103426562240068, 0.2394853327864457, 0.00012700684379766164, 0.25123252778139427], "gauss": [0.11011245101690265, 1.0000000000277555e-06, 0.008771835154236672, 0.27589967269170895, 1.1377520324345025e-05, 0.06044062945838051, 0.20723637334300557, 0.000109323698273384, 0.06921235138198183, 0.16997871671549203, 0.0001567468846143245, 0.1103426562240068, 0.2394853327864457, 0.00012700684379766164, 0.25123252778139427], "max": [0.11011502684620626, 0.27592897924196214, 0.2075179725285905, 0.1703824699341216, 0.23981248073645098], "min": [0.11010987518759903, 0.27587036614145577, 0.20695477415742064, 0.16957496349686246, 0.23915818483644044], "raw_data_size": "57"}}