{"user_3_2226": {"weights": 1, "gauss": [0.4147131279953245, 0.00308465793688703, 0.5], "max": [0.4226586803005828], "min": [0.4067675756900662], "raw_data_size": "9991"}}