{"user_1_2226": {"weights": [1.0], "gauss": [0.4145848004040739, 0.0031496372134768016, 0.5], "max": [0.42269772823409557], "min": [0.40647187257405226], "raw_data_size": "9995"}}