{"user_6_1237": {"weights": 1, "gauss": [0.2731482555605124, 0.002144674629179679, 0.5], "max": [0.2786725713169313], "min": [0.26762393980409355], "raw_data_size": "9993"}}