{"user_4_1237": {"weights": 1, "gauss": [0.2731169080634902, 0.002214853366290028, 0.5], "max": [0.278821992267444], "min": [0.26741182385953643], "raw_data_size": "9996"}}