{"user_2_4039": {"weights": [0.0350877426681536, 0.14621092632564173, 0.34986509620954814, 0.4688362347966566], "gauss": [-0.04925424216994157, 0.000262879356979139, 0.0175438713340768, 0.11250993115418931, 0.000277645153405258, 0.07310546316282086, 0.08121523191877962, 0.0002468080331165496, 0.17493254810477407, 0.045617591879995596, 0.0003335485726683262, 0.2344181173983283], "max": [-0.04857710981893661, 0.1132250976763189, 0.08185096728283249, 0.04647675606763158], "min": [-0.04993137452094653, 0.11179476463205971, 0.08057949655472675, 0.04475842769235961], "raw_data_size": "57"}}