{"user_6_3439": {"weights": 1, "gauss": [0.0029905135163513703, 0.0007996262753510937, 0.5], "max": [0.005050214308288379], "min": [0.0009308127244143614], "raw_data_size": "9993"}}