{"user_1_4025": {"weights": [0.0642897347, 0.0999924179, 0.1528087299, 0.6829091175], "gauss": [0.5968272997, 5.93426e-05, 0.0321448674, 0.480379977, 1.34e-06, 0.049996209, 0.5073376034, 1.02731e-05, 0.076404365, 0.5431527921, 0.0002196541, 0.3414545587], "max": [0.596980156, 0.4803834286, 0.5073640652, 0.5437185835], "min": [0.5966744433, 0.4803765254, 0.5073111417, 0.5425870008], "raw_data_size": "30"}, "user_2_4025": {"weights": [0.1457909602, 0.8542090398], "gauss": [0.4931702577, 0.0001200611, 0.0728954801, 0.5377875887, 0.0006095988, 0.4271045199], "max": [0.4934795146, 0.5393578111], "min": [0.4928610009, 0.5362173663], "raw_data_size": "57"}, "user_3_4025": {"weights": [0.4774998684, 0.0002252681, 0.0300743402, 0.4932950018, 8.9532e-05, 0.0758803653, 0.542503525, 5.86283e-05, 0.1109449083, 0.5715523269, 0.0002937908, 0.1311505192, 0.5162765957, 8.03658e-05, 0.151949867], "gauss": [0.4774998684, 0.0002252681, 0.0300743402, 0.4932950018, 8.9532e-05, 0.0758803653, 0.542503525, 5.86283e-05, 0.1109449083, 0.5715523269, 0.0002937908, 0.1311505192, 0.5162765957, 8.03658e-05, 0.151949867], "max": [0.4780801206, 0.493525621, 0.5426545415, 0.5723090818, 0.5164836042], "min": [0.4769196163, 0.4930643827, 0.5423525085, 0.5707955721, 0.5160695873], "raw_data_size": "70"}}