{"user_2_4055": {"weights": [1.0], "gauss": [0.36880843697731314, 0.0016811344186413713, 0.5], "max": [0.3731387522760542], "min": [0.3644781216785721], "raw_data_size": "9991"}}