{"user_1_4055": {"weights": [1.0], "gauss": [0.3694857931028518, 0.0016677880779533405, 0.5], "max": [0.3737817305061535], "min": [0.3651898556995501], "raw_data_size": "9995"}}