{"user_5_4055": {"weights": 1, "gauss": [0.37037016829037994, 0.0016590683682222707, 0.5], "max": [0.37464364520983795], "min": [0.36609669137092193], "raw_data_size": "9994"}}