{"user_2_82": {"weights": [0.18626129714821976, 0.35863009380425054, 0.45510860904752976], "gauss": [0.03896522937084848, 0.0028152880816203207, 0.09313064857410988, 0.18512086033541458, 0.0009170647594590593, 0.17931504690212527, 0.12479802550530349, 0.0004277497887391267, 0.22755430452376488], "max": [0.04621693090941807, 0.18748306261608125, 0.12589983594572457], "min": [0.03171352783227889, 0.18275865805474792, 0.12369621506488239], "raw_data_size": "57"}}