{"user_4_1216": {"weights": [1.0], "gauss": [0.4127857523, 0.0013319942, 0.5], "max": [0.416216742], "min": [0.4093547625], "raw_data_size": "9996"}, "user_6_1216": {"weights": [1.0], "gauss": [0.4133184599, 0.0013204053, 0.5], "max": [0.4167195985], "min": [0.4099173212], "raw_data_size": "9993"}, "user_3_1216": {"weights": [1.0], "gauss": [0.4126373781, 0.0013685735, 0.5], "max": [0.4161625898], "min": [0.4091121665], "raw_data_size": "9991"}, "user_5_1216": {"weights": [1.0], "gauss": [0.4124652107, 0.0013204453, 0.5], "max": [0.4158664525], "min": [0.4090639689], "raw_data_size": "9994"}, "user_1_1216": {"weights": [1.0], "gauss": [0.4123048104, 0.0013384688, 0.5], "max": [0.4157524775], "min": [0.4088571433], "raw_data_size": "9995"}, "user_2_1216": {"weights": [1.0], "gauss": [0.4125793213, 0.0012855744, 0.5], "max": [0.4158907416], "min": [0.4092679011], "raw_data_size": "9991"}}