{"user_2_1672": {"weights": [0.07214205719572911, 0.21692411455581037, 0.2703866066522832, 0.4405472215961772], "gauss": [0.22161598782174732, 0.0005918007172033964, 0.036071028597864555, 0.09633341966238305, 0.0001648860613942701, 0.10846205727790519, 0.16519929959945404, 0.00034668425650267564, 0.1351933033261416, 0.1280755341261237, 0.00016609809992141036, 0.2202736107980886], "max": [0.2231403654509811, 0.09675813801106918, 0.1660922990664327, 0.12850337447916507], "min": [0.22009161019251355, 0.09590870131369693, 0.16430630013247538, 0.12764769377308235], "raw_data_size": "57"}}