{"user_2_1960": {"weights": 1, "gauss": [0.35628052978359576, 0.005395650281439345, 0.5], "max": [0.3701788038902291], "min": [0.3423822556769624], "raw_data_size": "9991"}}