{"user_6_2315": {"weights": [1.0], "gauss": [0.23510679440452759, 0.0006778332338887781, 0.5], "max": [0.23685277711129762], "min": [0.23336081169775755], "raw_data_size": "9993"}}