{"user_2_1249": {"weights": [0.05286717221856017, 0.11031158809119745, 0.19820651277857287, 0.6386147269116695], "gauss": [-0.6451111802982551, 6.450743209831977e-05, 0.026433586109280083, -0.7016739863090355, 6.9718855524582e-06, 0.05515579404559873, -0.6847262959940141, 6.547419611305127e-05, 0.09910325638928644, -0.7193728124512466, 0.00024837817218112304, 0.31930736345583477], "max": [-0.6449450201643595, -0.7016560279219285, -0.6845576456410398, -0.7187330326769805], "min": [-0.6452773404321507, -0.7016919446961426, -0.6848949463469884, -0.7200125922255127], "raw_data_size": "57"}}