{"user_3_3789": {"weights": [0.1047174509289634, 0.2309575125567443, 0.24600724435614987, 0.4183177921581424], "gauss": [-0.17698514356039757, 0.00029755975453732333, 0.0523587254644817, -0.04093668322433996, 0.0010023031525548398, 0.11547875627837215, -0.13160683662693956, 9.180749184618014e-05, 0.12300362217807494, -0.08449156248687194, 0.0004125326242347343, 0.2091588960790712], "max": [-0.17621868042510352, -0.038354921392949756, -0.13137035619915685, -0.08342894886469818], "min": [-0.17775160669569162, -0.04351844505573016, -0.13184331705472227, -0.0855541761090457], "raw_data_size": "70"}}