{"user_3_2499": {"weights": [0.03469381164011, 0.09016010562840865, 0.25522815928282333, 0.28206492129991606, 0.33785300214874203], "gauss": [-0.32478013614618567, 0.00010882917938045866, 0.017346905820055, -0.12281800816710686, 0.0005890275019123048, 0.045080052814204324, -0.28294618800342114, 0.00019647401031247413, 0.12761407964141167, -0.23357604664924553, 0.0004439509335536, 0.14103246064995803, -0.1928877085762755, 0.00027929811637102716, 0.16892650107437102], "max": [-0.3244998107568563, -0.12130077386708495, -0.2824401044902725, -0.23243250482526026, -0.19216828430370098], "min": [-0.32506046153551504, -0.12433524246712878, -0.28345227151656976, -0.2347195884732308, -0.19360713284885], "raw_data_size": "70"}}