{"user_1_2499": {"weights": [0.033331583708686274, 0.22245899848307527, 0.34264030291659925, 0.40156911489163943], "gauss": [-0.3567197322845451, 1.0000000002775557e-06, 0.016665791854343137, -0.27649387846935203, 0.0003635746826144555, 0.11122949924153763, -0.22616222196813857, 0.000319560547046938, 0.17132015145829962, -0.18144077895696262, 0.0005430024697265491, 0.20078455744581972], "max": [-0.3567171564552409, -0.2755573721478452, -0.22533908854679693, -0.18004209728354154], "min": [-0.35672230811384936, -0.27743038479085885, -0.2269853553894802, -0.1828394606303837], "raw_data_size": "30"}}