{"user_1_2487": {"weights": [1.0], "gauss": [0.17692613889217484, 0.0010973545100828239, 0.5], "max": [0.17975273679562773], "min": [0.17409954098872196], "raw_data_size": "9995"}}