{"user_1_280": {"weights": [0.13271441520868263, 0.34290548195751636, 0.5243801028338011], "gauss": [0.2727190980379298, 6.723531843857888e-05, 0.06635720760434131, 0.15270135449319594, 0.00035157569417728393, 0.17145274097875818, 0.18149814602722172, 0.0006516422944588669, 0.26219005141690055], "max": [0.2728922847413974, 0.15360695346867334, 0.1831766653447207], "min": [0.27254591133446227, 0.15179575551771854, 0.17981962670972274], "raw_data_size": "30"}}