{"user_6_3296": {"weights": 1, "gauss": [-0.26594266133742767, 0.0024364401398496013, 0.5], "max": [-0.2596668074288603], "min": [-0.27221851524599505], "raw_data_size": "9993"}}