{"user_2_1334": {"weights": [0.10114703234594125, 0.21840734111995633, 0.32734833939564245, 0.3530972871384601], "gauss": [-0.3443521904028938, 9.978670757453023e-05, 0.05057351617297062, -0.24630306126983698, 0.00018956369098368963, 0.10920367055997816, -0.30614433958204845, 0.00017753510470716504, 0.16367416969782123, -0.2757646754446074, 0.00014698813401746346, 0.17654864356923006], "max": [-0.34409515687741865, -0.2458147775597123, -0.3056870394569351, -0.27538605910173125], "min": [-0.3446092239283689, -0.24679134497996166, -0.3066016397071618, -0.2761432917874836], "raw_data_size": "57"}}