{"user_1_1334": {"weights": [0.32743165382470746, 0.6725683461752925], "gauss": [-0.25702661608326294, 0.0005113703211359473, 0.16371582691235373, -0.3020313791303889, 0.0007232247530349335, 0.33628417308764624], "max": [-0.2557094134251158, -0.3001684756184696], "min": [-0.2583438187414101, -0.3038942826423082], "raw_data_size": "30"}}