{"user_2_1130": {"weights": [0.05278818121803856, 0.0697970488587961, 0.21020356771936632, 0.2176661409019511, 0.44954506130184796], "gauss": [0.16123941293423413, 0.00014082027223335275, 0.02639409060901928, 0.05189832286314857, 1.1515092134409481e-05, 0.03489852442939805, 0.12873441277323425, 2.841513906610177e-05, 0.10510178385968316, 0.1096171420130721, 2.095488293902309e-05, 0.10883307045097555, 0.08768166323124295, 8.968483938269302e-05, 0.22477253065092398], "max": [0.16160214191798652, 0.051927983774901446, 0.12880760532110513, 0.10967111821459888, 0.08791267606860896], "min": [0.16087668395048174, 0.051868661951395695, 0.12866122022536336, 0.10956316581154532, 0.08745065039387694], "raw_data_size": "57"}}