{"user_1_39": {"weights": 1, "gauss": [0.17244224667261854, 0.000801894390069775, 0.5], "max": [0.17450778974091175], "min": [0.17037670360432533], "raw_data_size": "9995"}}