{"user_6_2997": {"weights": [1.0], "gauss": [-0.7317096094928623, 0.001967137302471416, 0.5], "max": [-0.7266425995850523], "min": [-0.7367766194006724], "raw_data_size": "9993"}}