{"user_3_2997": {"weights": 1, "gauss": [-0.7319344310826453, 0.001988958854690053, 0.5], "max": [-0.7268112125811816], "min": [-0.737057649584109], "raw_data_size": "9991"}}