{"user_3_2656": {"weights": 1, "gauss": [0.6725088799604843, 0.004857552508455625, 0.5], "max": [0.6850211060552918], "min": [0.6599966538656767], "raw_data_size": "9991"}}