{"user_3_1626": {"weights": [0.6680237816, 4.4677e-06, 0.0502002527, 0.7058526613, 0.0001238304, 0.0786626613, 0.6521252933, 9.00091e-05, 0.0944694672, 0.739369848, 0.0006126606, 0.1049390923, 0.6891219945, 5.11938e-05, 0.1717285265], "gauss": [0.6680237816, 4.4677e-06, 0.0502002527, 0.7058526613, 0.0001238304, 0.0786626613, 0.6521252933, 9.00091e-05, 0.0944694672, 0.739369848, 0.0006126606, 0.1049390923, 0.6891219945, 5.11938e-05, 0.1717285265], "max": [0.6680352896, 0.7061716273, 0.6523571413, 0.7409479572, 0.689253861], "min": [0.6680122735, 0.7055336954, 0.6518934453, 0.7377917389, 0.6889901281], "raw_data_size": "70"}, "user_2_1626": {"weights": [0.1027700778, 0.4354977806, 0.4617321416], "gauss": [0.7595242912, 0.0002351573, 0.0513850389, 0.6990474849, 0.0002348179, 0.2177488903, 0.6740106076, 0.0002153363, 0.2308660708], "max": [0.7601300162, 0.6996523356, 0.6745652771], "min": [0.7589185663, 0.6984426342, 0.6734559381], "raw_data_size": "57"}, "user_1_1626": {"weights": [0.7208434133, 4.8999e-06, 0.0499944367, 0.7669806213, 0.0001234607, 0.0500031561, 0.6560115795, 3.41317e-05, 0.0695463373, 0.6781405176, 3.45552e-05, 0.1446521283, 0.6943127214, 2.90406e-05, 0.1858039417], "gauss": [0.7208434133, 4.8999e-06, 0.0499944367, 0.7669806213, 0.0001234607, 0.0500031561, 0.6560115795, 3.41317e-05, 0.0695463373, 0.6781405176, 3.45552e-05, 0.1446521283, 0.6943127214, 2.90406e-05, 0.1858039417], "max": [0.7208560347, 0.7672986348, 0.6560994969, 0.6782295258, 0.694387525], "min": [0.720830792, 0.7666626077, 0.6559236622, 0.6780515094, 0.6942379177], "raw_data_size": "30"}}