{"user_1_2856": {"weights": [1.0], "gauss": [-0.29626782093441084, 0.0007259794341060156, 0.5], "max": [-0.2943978218342667], "min": [-0.29813782003455497], "raw_data_size": "9995"}}