{"user_6_19": {"weights": [1.0], "gauss": [0.1772117624715233, 0.001954210829387063, 0.5], "max": [0.18224547599117108], "min": [0.1721780489518755], "raw_data_size": "9993"}}