{"user_1_3924": {"weights": 1, "gauss": [0.33185781486794064, 0.0015038799290423832, 0.5], "max": [0.33573155285818707], "min": [0.3279840768776942], "raw_data_size": "9995"}}