{"user_2_1818": {"weights": [0.2853782173775365, 0.3537769424820515, 0.3608448401404121], "gauss": [0.3442082665050376, 0.000300257002368894, 0.14268910868876825, 0.2641254743630973, 0.0003476303128656506, 0.17688847124102575, 0.30530523450164826, 0.0003208652590133411, 0.18042242007020606], "max": [0.34498167729033513, 0.2650209107097785, 0.3061317286383056], "min": [0.3434348557197401, 0.2632300380164161, 0.3044787403649909], "raw_data_size": "57"}}