{"user_1_2444": {"weights": [1.0], "gauss": [0.14412676821862588, 0.0007970468837253723, 0.5], "max": [0.14617982493802803], "min": [0.14207371149922374], "raw_data_size": "9995"}}