{"user_1_1990": {"weights": [1.0], "gauss": [-0.2621245997, 0.0021871443, 0.5], "max": [-0.2564908894], "min": [-0.26775831], "raw_data_size": "9995"}, "user_4_1990": {"weights": [1.0], "gauss": [-0.2617731873, 0.0021531971, 0.5], "max": [-0.256226919], "min": [-0.2673194556], "raw_data_size": "9996"}, "user_5_1990": {"weights": [1.0], "gauss": [-0.2622803999, 0.0021334899, 0.5], "max": [-0.2567848942], "min": [-0.2677759056], "raw_data_size": "9994"}, "user_3_1990": {"weights": [1.0], "gauss": [-0.2624680368, 0.0021818769, 0.5], "max": [-0.2568478945], "min": [-0.2680881791], "raw_data_size": "9991"}, "user_6_1990": {"weights": [1.0], "gauss": [-0.2620848806, 0.0021605279, 0.5], "max": [-0.2565197296], "min": [-0.2676500317], "raw_data_size": "9993"}, "user_2_1990": {"weights": [1.0], "gauss": [-0.2626883571, 0.0021395984, 0.5], "max": [-0.2571771168], "min": [-0.2681995975], "raw_data_size": "9991"}}