{"user_2_3655": {"weights": [0.0474326540365319, 0.17234993312730226, 0.2198445174567683, 0.25321147863466303, 0.30716141674473457], "gauss": [-0.07524982081290807, 2.9558707797105357e-05, 0.02371632701826595, -0.04008454604271964, 0.00015655929734009828, 0.08617496656365113, 0.010003276086767971, 0.00015297064030089512, 0.10992225872838415, 0.02391915482891102, 0.00040824809534255, 0.12660573931733152, -0.01631392169447038, 0.00011274800387695095, 0.15358070837236729], "max": [-0.07517368262718925, -0.039681276016887986, 0.010397302344637656, 0.024970732236012386, -0.016023502082167483], "min": [-0.07532595899862689, -0.04048781606855129, 0.009609249828898287, 0.022867577421809657, -0.016604341306773275], "raw_data_size": "57"}}