{"user_3_1250": {"weights": [1.0], "gauss": [-0.3369166061877131, 0.001996731779473542, 0.5], "max": [-0.3317733659588178], "min": [-0.34205984641660836], "raw_data_size": "9991"}}