{"user_3_2549": {"weights": [0.1463582321, 0.1709888194, 0.2694869093, 0.4131660392], "gauss": [0.4687050995, 0.0003969919, 0.0731791161, 0.4282393546, 0.0001171945, 0.0854944097, 0.3959162912, 6.22727e-05, 0.1347434547, 0.3511984635, 0.0001828635, 0.2065830196], "max": [0.4697276829, 0.4285412276, 0.3960766951, 0.3516694888], "min": [0.4676825162, 0.4279374816, 0.3957558873, 0.3507274383], "raw_data_size": "70"}, "user_1_2549": {"weights": [1.0], "gauss": [0.3986854702, 0.0015468355, 0.5], "max": [0.4026698544], "min": [0.394701086], "raw_data_size": "30"}, "user_2_2549": {"weights": [0.0396964059, 0.1911050077, 0.2050401304, 0.2140104447, 0.3501480113], "gauss": [0.4319409007, 2.4112e-06, 0.0198482029, 0.4111763148, 5.60257e-05, 0.0955525039, 0.3435280905, 0.0001637231, 0.1025200652, 0.4547352968, 0.0002740846, 0.1070052224, 0.3835282319, 0.0001515401, 0.1750740057], "max": [0.4319471116, 0.4113206274, 0.3439498134, 0.4554412919, 0.3839185733], "min": [0.4319346899, 0.4110320022, 0.3431063677, 0.4540293016, 0.3831378905], "raw_data_size": "57"}}