{"user_2_1833": {"weights": [1.0], "gauss": [0.6603516575826884, 0.0007385488055671453, 0.5], "max": [0.6622540332381693], "min": [0.6584492819272075], "raw_data_size": "9991"}}