{"user_5_3636": {"weights": 1, "gauss": [-0.06906746254088716, 0.0008796676272155856, 0.5], "max": [-0.06680158888932193], "min": [-0.0713333361924524], "raw_data_size": "9994"}}