{"user_2_3304": {"weights": 1, "gauss": [0.9424361852623384, 0.0009579503801917234, 0.5], "max": [0.944903701922982], "min": [0.9399686686016948], "raw_data_size": "9991"}}