{"user_5_3304": {"weights": 1, "gauss": [0.9424462315492462, 0.0009519550141210133, 0.5], "max": [0.9448983051702794], "min": [0.9399941579282131], "raw_data_size": "9994"}}