{"user_3_3464": {"weights": [0.11447950674001325, 0.17181441774478523, 0.3400925889003497, 0.3736134866148516], "gauss": [0.17905275234959775, 0.00016879003093345124, 0.05723975337000663, 0.05084052933849481, 0.0003032091649719952, 0.08590720887239262, 0.12165039552018009, 0.000152887041966791, 0.17004629445017486, 0.08489546204072415, 0.00024318442968511507, 0.1868067433074258], "max": [0.17948752665742307, 0.05162154439073427, 0.12204420644301106, 0.0855218636208739], "min": [0.17861797804177243, 0.05005951428625535, 0.12125658459734912, 0.0842690604605744], "raw_data_size": "70"}}