{"user_1_486": {"weights": [0.09422474137777459, 0.3842693484160463, 0.521505910206179], "gauss": [-0.11481839063729224, 0.0001248197269336893, 0.047112370688887295, -0.0565674958659325, 0.0003644132052344071, 0.19213467420802316, 0.005795809270565876, 0.0003219462514290423, 0.2607529551030895], "max": [-0.11449687632699547, -0.05562882965328954, 0.006625087859164525], "min": [-0.11513990494758901, -0.057506162078575465, 0.004966530681967227], "raw_data_size": "30"}}