{"user_3_1705": {"weights": [0.1408104235, 0.3318108094, 0.5273787671], "gauss": [0.0518370558, 0.0009550013, 0.0704052117, 0.141304312, 0.0001606559, 0.1659054047, 0.1028933898, 0.0002056775, 0.2636893835], "max": [0.0542969761, 0.1417181341, 0.1034231799], "min": [0.0493771355, 0.1408904899, 0.1023635998], "raw_data_size": "70"}, "user_2_1705": {"weights": [0.0702049752, 0.0962361048, 0.1587521657, 0.3225529078, 0.3522538465], "gauss": [0.045008472, 4.84973e-05, 0.0351024876, 0.0751672142, 1.73438e-05, 0.0481180524, 0.1447682232, 3.65284e-05, 0.0793760828, 0.1220530802, 7.40169e-05, 0.1612764539, 0.1055042851, 0.0001057086, 0.1761269233], "max": [0.0451333927, 0.0752118889, 0.1448623142, 0.1222437352, 0.1057765725], "min": [0.0448835513, 0.0751225395, 0.1446741323, 0.1218624252, 0.1052319977], "raw_data_size": "57"}, "user_1_1705": {"weights": [0.0559116863, 1e-06, 0.0166628456, 0.0400495164, 1.08324e-05, 0.0333334249, 0.0771053534, 2.87178e-05, 0.0498595301, 0.1434216266, 6.69225e-05, 0.1627934284, 0.1097614881, 6.38993e-05, 0.2373507711], "gauss": [0.0559116863, 1e-06, 0.0166628456, 0.0400495164, 1.08324e-05, 0.0333334249, 0.0771053534, 2.87178e-05, 0.0498595301, 0.1434216266, 6.69225e-05, 0.1627934284, 0.1097614881, 6.38993e-05, 0.2373507711], "max": [0.0559142621, 0.0400774189, 0.0771793256, 0.1435940074, 0.1099260818], "min": [0.0559091104, 0.0400216139, 0.0770313812, 0.1432492458, 0.1095968945], "raw_data_size": "30"}}