{"user_3_466": {"weights": [0.17845969467907022, 0.20960454007000828, 0.27220818034062694, 0.3397275849102945], "gauss": [-0.3543456727695384, 0.00019390678078387468, 0.08922984733953511, -0.3903822754344529, 0.000704169042844537, 0.10480227003500414, -0.3000679622984274, 0.00017861705045626907, 0.13610409017031347, -0.33376633248942533, 7.639001993206451e-05, 0.16986379245514724], "max": [-0.35384620200143846, -0.38856845617924196, -0.29960787526574867, -0.33356956483758565], "min": [-0.3548451435376383, -0.3921960946896639, -0.30052804933110616, -0.333963100141265], "raw_data_size": "70"}}