{"user_4_2366": {"weights": 1, "gauss": [0.6593780639536186, 0.0006366705529080298, 0.5], "max": [0.6610180186205058], "min": [0.6577381092867315], "raw_data_size": "9996"}}