{"user_3_2366": {"weights": [1.0], "gauss": [0.6591029556510819, 0.0006712334280580536, 0.5], "max": [0.6608319383845954], "min": [0.6573739729175684], "raw_data_size": "9991"}}