{"user_1_1475": {"weights": [0.19680243300504183, 0.34886860411236903, 0.4543289628825891], "gauss": [0.02648748945410752, 2.616870588281097e-05, 0.09840121650252091, 0.06549662937610339, 0.00043683831065074996, 0.17443430205618451, -0.016439549189706536, 0.0007904510820591695, 0.22716448144129456], "max": [0.026554895573556416, 0.06662185029759038, -0.01440348212951659], "min": [0.02642008333465862, 0.06437140845461639, -0.018475616249896482], "raw_data_size": "30"}}