{"user_3_3795": {"weights": [1.0], "gauss": [-0.0653440810391924, 0.0028004526264558223, 0.5], "max": [-0.05813059310076701], "min": [-0.07255756897761778], "raw_data_size": "9991"}}