{"user_6_3795": {"weights": 1, "gauss": [-0.06508306354598391, 0.0027631317710665416, 0.5], "max": [-0.057965707760503735], "min": [-0.07220041933146408], "raw_data_size": "9993"}}