{"user_6_215": {"weights": [1.0], "gauss": [0.2637153528339403, 0.00029517295758006614, 0.5], "max": [0.26447566798769023], "min": [0.2629550376801904], "raw_data_size": "9993"}}