{"user_2_3104": {"weights": [1.0], "gauss": [-0.01749440608038516, 0.0008078831473193735, 0.5], "max": [-0.015413436995676606], "min": [-0.019575375165093716], "raw_data_size": "9991"}}