{"user_1_2580": {"weights": 1, "gauss": [0.3846716056, 0.0007064561, 0.5], "max": [0.3864913161], "min": [0.3828518952], "raw_data_size": "9995"}, "user_3_2580": {"weights": 1, "gauss": [0.3855265947, 0.0006867827, 0.5], "max": [0.3872956296], "min": [0.3837575599], "raw_data_size": "9991"}, "user_2_2580": {"weights": 1, "gauss": [0.3850140732, 0.0006873154, 0.5], "max": [0.3867844805], "min": [0.383243666], "raw_data_size": "9991"}, "user_4_2580": {"weights": 1, "gauss": [0.385581612, 0.0006861564, 0.5], "max": [0.3873490336], "min": [0.3838141903], "raw_data_size": "9996"}, "user_5_2580": {"weights": 1, "gauss": [0.3851108838, 0.0006743043, 0.5], "max": [0.3868477767], "min": [0.3833739909], "raw_data_size": "9994"}, "user_6_2580": {"weights": 1, "gauss": [0.385119166, 0.0006859868, 0.5], "max": [0.3868861508], "min": [0.3833521812], "raw_data_size": "9993"}}