{"user_1_3551": {"weights": 1, "gauss": [0.43802235580221976, 0.0004480182239613707, 0.5], "max": [0.4391763742720234], "min": [0.43686833733241615], "raw_data_size": "9995"}}