{"user_3_2509": {"weights": [1.0], "gauss": [0.4077096006180558, 0.00016182690600091598, 0.5], "max": [0.4081264391046356], "min": [0.40729276213147597], "raw_data_size": "9991"}}