{"user_3_482": {"weights": [1.0], "gauss": [0.30809015816258617, 0.0023699521015227423, 0.5], "max": [0.31419475023369575], "min": [0.3019855660914766], "raw_data_size": "9991"}}