{"user_4_245": {"weights": 1, "gauss": [-0.08691298162303124, 0.0008702977915862417, 0.5], "max": [-0.08467124306864951], "min": [-0.08915472017741297], "raw_data_size": "9996"}}