{"user_1_2060": {"weights": [0.06698097457400254, 0.0680070417800533, 0.09616232679701357, 0.320895324276986, 0.4479543325719445], "gauss": [-0.1267709055321009, 5.1177067624807e-05, 0.03349048728700127, 0.02097726205095322, 9.813073588899222e-05, 0.03400352089002665, -0.007612614151964966, 2.1920127682070575e-05, 0.048081163398506786, -0.08770938472777438, 7.100683529483856e-05, 0.160447662138493, -0.049341029235962494, 0.00016149353712204025, 0.22397716628597225], "max": [-0.12663908214164324, 0.021230030076034904, -0.007556151644743955, -0.08752648324066967, -0.04892504945070978], "min": [-0.12690272892255858, 0.020724494025871537, -0.007669076659185977, -0.0878922862148791, -0.04975700902121521], "raw_data_size": "30"}}