{"user_3_146": {"weights": [1.0], "gauss": [-0.43208700788615223, 0.0030784742119725197, 0.5], "max": [-0.4241573838007338], "min": [-0.44001663197157065], "raw_data_size": "9991"}}