{"user_5_2778": {"weights": 1, "gauss": [-0.7437594128948366, 0.00193551097235664, 0.5], "max": [-0.7387738670149], "min": [-0.7487449587747732], "raw_data_size": "9994"}}