{"user_1_2778": {"weights": [1.0], "gauss": [-0.7444097902788451, 0.0019471518930082854, 0.5], "max": [-0.7393942593743736], "min": [-0.7494253211833166], "raw_data_size": "9995"}}