{"user_3_1188": {"weights": [0.0700295944, 5.08826e-05, 0.0627662927, 0.0357538457, 0.0001615044, 0.0657372765, 0.1669539598, 0.0001968595, 0.0713973603, 0.1016959977, 0.0001022192, 0.1337640034, 0.1353185363, 7.44621e-05, 0.166335067], "gauss": [0.0700295944, 5.08826e-05, 0.0627662927, 0.0357538457, 0.0001615044, 0.0657372765, 0.1669539598, 0.0001968595, 0.0713973603, 0.1016959977, 0.0001022192, 0.1337640034, 0.1353185363, 7.44621e-05, 0.166335067], "max": [0.0701606593, 0.0361698536, 0.1674610364, 0.1019592968, 0.1355103379], "min": [0.0698985295, 0.0353378379, 0.1664468832, 0.1014326985, 0.1351267347], "raw_data_size": "70"}, "user_2_1188": {"weights": [0.0685121215, 0.1649079101, 0.2315392559, 0.2582832261, 0.2767574864], "gauss": [0.0510907556, 0.0002259534, 0.0342560608, 0.0728879651, 9.29702e-05, 0.082453955, 0.1447108911, 0.0002243935, 0.1157696279, 0.1220362574, 9.92557e-05, 0.1291416131, 0.0994836771, 9.18277e-05, 0.1383787432], "max": [0.0516727731, 0.0731274405, 0.1452888905, 0.1222919232, 0.0997202096], "min": [0.0505087381, 0.0726484897, 0.1441328918, 0.1217805916, 0.0992471445], "raw_data_size": "57"}, "user_1_1188": {"weights": [0.2036065589, 0.2040798076, 0.2538828902, 0.3384307433], "gauss": [0.1164533447, 9.7675e-06, 0.1018032795, 0.059886216, 0.0003353008, 0.1020399038, 0.0930550436, 0.0001241182, 0.1269414451, 0.1406590089, 7.45249e-05, 0.1692153717], "max": [0.116478504, 0.0607498936, 0.0933747509, 0.1408509722], "min": [0.1164281854, 0.0590225385, 0.0927353364, 0.1404670455], "raw_data_size": "30"}}