{"user_6_2241": {"weights": [1.0], "gauss": [-0.3668225643159465, 0.0008823224159643363, 0.5], "max": [-0.3645498523817275], "min": [-0.3690952762501655], "raw_data_size": "9993"}}