{"user_2_3075": {"weights": [1.0], "gauss": [0.3204851091185517, 0.002305389106058985, 0.5], "max": [0.32642339793402086], "min": [0.31454682030308256], "raw_data_size": "9991"}}