{"user_3_921": {"weights": 1, "gauss": [0.1575839013, 0.0015459818, 0.5], "max": [0.1615660864], "min": [0.1536017161], "raw_data_size": "9991"}, "user_4_921": {"weights": 1, "gauss": [0.1581698724, 0.0015539561, 0.5], "max": [0.1621725981], "min": [0.1541671466], "raw_data_size": "9996"}, "user_6_921": {"weights": 1, "gauss": [0.1579217328, 0.0015613354, 0.5], "max": [0.1619434663], "min": [0.1538999993], "raw_data_size": "9993"}, "user_2_921": {"weights": 1, "gauss": [0.1582554881, 0.0015299355, 0.5], "max": [0.1621963408], "min": [0.1543146355], "raw_data_size": "9991"}, "user_1_921": {"weights": 1, "gauss": [0.157891638, 0.0015728825, 0.5], "max": [0.1619431149], "min": [0.1538401611], "raw_data_size": "9995"}, "user_5_921": {"weights": 1, "gauss": [0.1588047489, 0.0015564439, 0.5], "max": [0.1628138827], "min": [0.1547956151], "raw_data_size": "9994"}}