{"user_3_2850": {"weights": 1, "gauss": [-0.2503874439607035, 0.0015968866842065571, 0.5], "max": [-0.2462741364450772], "min": [-0.2545007514763298], "raw_data_size": "9991"}}