{"user_4_2658": {"weights": 1, "gauss": [0.6494325022639468, 0.001383873213369884, 0.5], "max": [0.6529971234393414], "min": [0.6458678810885522], "raw_data_size": "9996"}}