{"user_3_2658": {"weights": [1.0], "gauss": [0.6498592321422562, 0.0014383794184455168, 0.5], "max": [0.6535642519979098], "min": [0.6461542122866025], "raw_data_size": "9991"}}