{"user_5_1784": {"weights": [1.0], "gauss": [0.3540345895, 0.0016462871, 0.5], "max": [0.358275144], "min": [0.3497940349], "raw_data_size": "9994"}, "user_2_1784": {"weights": [1.0], "gauss": [0.3544320382, 0.0016386126, 0.5], "max": [0.3586528245], "min": [0.3502112519], "raw_data_size": "9991"}, "user_3_1784": {"weights": [1.0], "gauss": [0.3543207259, 0.0016365901, 0.5], "max": [0.3585363026], "min": [0.3501051491], "raw_data_size": "9991"}, "user_6_1784": {"weights": [1.0], "gauss": [0.3548546482, 0.0016409105, 0.5], "max": [0.3590813535], "min": [0.3506279428], "raw_data_size": "9993"}, "user_1_1784": {"weights": [1.0], "gauss": [0.3539771233, 0.0016567034, 0.5], "max": [0.3582445084], "min": [0.3497097382], "raw_data_size": "9995"}, "user_4_1784": {"weights": [1.0], "gauss": [0.3541096248, 0.0016178349, 0.5], "max": [0.3582768913], "min": [0.3499423583], "raw_data_size": "9996"}}