{"user_1_358": {"weights": [0.3253213014, 1.10549e-05, 0.0814035594, 0.3759830697, 4.84359e-05, 0.08935368, 0.3593700933, 2.51567e-05, 0.0987410619, 0.34528952, 1.04916e-05, 0.1119060612, 0.3072889193, 3.19135e-05, 0.1185956375], "gauss": [0.3253213014, 1.10549e-05, 0.0814035594, 0.3759830697, 4.84359e-05, 0.08935368, 0.3593700933, 2.51567e-05, 0.0987410619, 0.34528952, 1.04916e-05, 0.1119060612, 0.3072889193, 3.19135e-05, 0.1185956375], "max": [0.3253497769, 0.3761078322, 0.3594348926, 0.3453165446, 0.3073711231], "min": [0.3252928258, 0.3758583072, 0.359305294, 0.3452624953, 0.3072067155], "raw_data_size": "30"}, "user_3_358": {"weights": [0.3457176441, 2.32341e-05, 0.0359200585, 0.2901961044, 8.79269e-05, 0.0609999503, 0.3359019221, 1.56294e-05, 0.0883710861, 0.3202216367, 5.98911e-05, 0.1142359583, 0.3686486856, 0.0001502554, 0.2004729468], "gauss": [0.3457176441, 2.32341e-05, 0.0359200585, 0.2901961044, 8.79269e-05, 0.0609999503, 0.3359019221, 1.56294e-05, 0.0883710861, 0.3202216367, 5.98911e-05, 0.1142359583, 0.3686486856, 0.0001502554, 0.2004729468], "max": [0.3457774913, 0.2904225892, 0.3359421807, 0.320375906, 0.3690357179], "min": [0.345657797, 0.2899696197, 0.3358616634, 0.3200673673, 0.3682616534], "raw_data_size": "70"}, "user_2_358": {"weights": [0.0819809673, 0.4379740529, 0.4800449798], "gauss": [0.2746595441, 0.0001364373, 0.0409904836, 0.3227632481, 0.0001612876, 0.2189870265, 0.3612606682, 0.0002118579, 0.2400224899], "max": [0.2750109833, 0.3231786973, 0.3618063779], "min": [0.2743081048, 0.3223477989, 0.3607149585], "raw_data_size": "57"}}