{"user_6_1424": {"weights": 1, "gauss": [-0.5671508182940682, 0.002711564885495037, 0.5], "max": [-0.5601662900035359], "min": [-0.5741353465846005], "raw_data_size": "9993"}}