{"user_5_778": {"weights": 1, "gauss": [0.5418100509, 0.0013569933, 0.5], "max": [0.545305434], "min": [0.5383146678], "raw_data_size": "9994"}, "user_2_778": {"weights": 1, "gauss": [0.5403622482, 0.0013890323, 0.5], "max": [0.5439401584], "min": [0.5367843381], "raw_data_size": "9991"}, "user_4_778": {"weights": 1, "gauss": [0.5401415201, 0.0013636224, 0.5], "max": [0.5436539788], "min": [0.5366290615], "raw_data_size": "9996"}, "user_3_778": {"weights": 1, "gauss": [0.5409866122, 0.0013645573, 0.5], "max": [0.5445014789], "min": [0.5374717454], "raw_data_size": "9991"}, "user_6_778": {"weights": 1, "gauss": [0.5411209326, 0.0013404104, 0.5], "max": [0.544573601], "min": [0.5376682641], "raw_data_size": "9993"}, "user_1_778": {"weights": 1, "gauss": [0.5413809246, 0.001320117, 0.5], "max": [0.5447813207], "min": [0.5379805285], "raw_data_size": "9995"}}