{"user_3_462": {"weights": [-0.0244693716, 9.84829e-05, 0.0255266674, 0.0882570794, 0.0001011527, 0.0443671654, 0.003384097, 8.44975e-05, 0.1191504421, 0.0623206967, 9.81326e-05, 0.151206383, 0.0314947362, 0.0001118469, 0.1597493421], "gauss": [-0.0244693716, 9.84829e-05, 0.0255266674, 0.0882570794, 0.0001011527, 0.0443671654, 0.003384097, 8.44975e-05, 0.1191504421, 0.0623206967, 9.81326e-05, 0.151206383, 0.0314947362, 0.0001118469, 0.1597493421], "max": [-0.0242156964, 0.0885176315, 0.0036017482, 0.0625734696, 0.0317828346], "min": [-0.0247230468, 0.0879965273, 0.0031664458, 0.0620679238, 0.0312066377], "raw_data_size": "70"}, "user_2_462": {"weights": [-0.0241069493, 7.12752e-05, 0.0438590598, 0.0814670932, 0.0001669558, 0.0456512846, 0.0637943641, 3.63247e-05, 0.1011206044, 0.0153712015, 5.81485e-05, 0.1297175195, 0.0390557947, 3.91181e-05, 0.1796515317], "gauss": [-0.0241069493, 7.12752e-05, 0.0438590598, 0.0814670932, 0.0001669558, 0.0456512846, 0.0637943641, 3.63247e-05, 0.1011206044, 0.0153712015, 5.81485e-05, 0.1297175195, 0.0390557947, 3.91181e-05, 0.1796515317], "max": [-0.0239233565, 0.0818971429, 0.0638879302, 0.015520982, 0.0391565562], "min": [-0.0242905422, 0.0810370436, 0.063700798, 0.0152214209, 0.0389550332], "raw_data_size": "57"}, "user_1_462": {"weights": [0.0999962003, 0.2033798724, 0.2318881044, 0.4647358228], "gauss": [-0.0241915444, 3.51382e-05, 0.0499981001, 0.0675645575, 6.2835e-05, 0.1016899362, 0.0113544188, 3.69001e-05, 0.1159440522, 0.037980329, 4.67978e-05, 0.2323679114], "max": [-0.0241010343, 0.0677264098, 0.0114494671, 0.0381008723], "min": [-0.0242820545, 0.0674027053, 0.0112593704, 0.0378597858], "raw_data_size": "30"}}