{"user_1_1804": {"weights": [1.0], "gauss": [-0.5770897039756423, 0.0011800727572736913, 0.5], "max": [-0.5740500379871369], "min": [-0.5801293699641477], "raw_data_size": "9995"}}