{"user_6_3367": {"weights": [1.0], "gauss": [0.31584621250271616, 0.0032744262549364985, 0.5], "max": [0.32428057560249146], "min": [0.30741184940294086], "raw_data_size": "9993"}}