{"user_4_442": {"weights": 1, "gauss": [-0.6732936534912192, 0.0014784646333565177, 0.5], "max": [-0.6694853809643587], "min": [-0.6771019260180796], "raw_data_size": "9996"}}