{"user_5_1119": {"weights": [1.0], "gauss": [0.0193139361, 0.0008896666, 0.5], "max": [0.0216055653], "min": [0.0170223069], "raw_data_size": "9994"}, "user_4_1119": {"weights": [1.0], "gauss": [0.0191221092, 0.0009080986, 0.5], "max": [0.0214612162], "min": [0.0167830021], "raw_data_size": "9996"}, "user_2_1119": {"weights": [1.0], "gauss": [0.0196876044, 0.0009298868, 0.5], "max": [0.022082834], "min": [0.0172923748], "raw_data_size": "9991"}, "user_1_1119": {"weights": [1.0], "gauss": [0.0192966257, 0.0009030193, 0.5], "max": [0.0216226493], "min": [0.0169706021], "raw_data_size": "9995"}, "user_3_1119": {"weights": [1.0], "gauss": [0.0197086992, 0.0009174458, 0.5], "max": [0.0220718829], "min": [0.0173455155], "raw_data_size": "9991"}, "user_6_1119": {"weights": [1.0], "gauss": [0.0197722784, 0.0009043013, 0.5], "max": [0.0221016042], "min": [0.0174429527], "raw_data_size": "9993"}}