{"user_2_3665": {"weights": [0.49344554897400067, 0.5065544510259994], "gauss": [-0.25485431879480147, 0.0002641403092517998, 0.24672277448700033, -0.20971645136927258, 0.0005133620223154921, 0.2532772255129997], "max": [-0.25417393844598224, -0.2083941184288632], "min": [-0.2555346991436207, -0.21103878430968195], "raw_data_size": "57"}}