{"user_1_1749": {"weights": 1, "gauss": [0.04673711089163917, 0.0016551023051423039, 0.5], "max": [0.051000371909596054], "min": [0.04247384987368229], "raw_data_size": "9995"}}