{"user_2_1749": {"weights": 1, "gauss": [0.04787454821731934, 0.0016230500513809201, 0.5], "max": [0.05205524810079286], "min": [0.04369384833384582], "raw_data_size": "9991"}}