{"user_5_3244": {"weights": 1, "gauss": [-0.30635714209503356, 0.001282922996186624, 0.5], "max": [-0.3030525514472593], "min": [-0.30966173274280784], "raw_data_size": "9994"}}