{"user_6_4015": {"weights": [1.0], "gauss": [-0.3744399805093566, 0.0016101151945773484, 0.5], "max": [-0.37029259860907493], "min": [-0.3785873624096383], "raw_data_size": "9993"}}