{"user_1_994": {"weights": [0.2849089206, 0.3111108436, 0.4039802359], "gauss": [0.3908265938, 7.10081e-05, 0.1424544603, 0.3721633065, 0.0002269793, 0.1555554218, 0.4182896227, 0.0008966601, 0.2019901179], "max": [0.3910094984, 0.3727479663, 0.4205992661], "min": [0.3906436891, 0.3715786466, 0.4159799793], "raw_data_size": "30"}, "user_3_994": {"weights": [0.1867092439, 0.2375344669, 0.2747468473, 0.3010094419], "gauss": [0.4227641928, 0.0002768289, 0.093354622, 0.4313519038, 0.0009006423, 0.1187672335, 0.3970069964, 0.0001706675, 0.1373734237, 0.3791971051, 0.0004013347, 0.1505047209], "max": [0.4234772568, 0.4336718046, 0.3974466068, 0.3802308749], "min": [0.4220511288, 0.4290320029, 0.396567386, 0.3781633353], "raw_data_size": "70"}, "user_2_994": {"weights": [0.0629372148, 0.3685343831, 0.568528402], "gauss": [0.463039109, 0.0006232926, 0.0314686074, 0.3747834637, 0.0003155232, 0.1842671916, 0.4101515598, 0.0001759992, 0.284264201], "max": [0.4646446042, 0.3755961975, 0.4106049036], "min": [0.4614336138, 0.3739707298, 0.409698216], "raw_data_size": "57"}}