{"user_6_2428": {"weights": [1.0], "gauss": [0.1060074158, 0.0007417708, 0.5], "max": [0.1079180908], "min": [0.1040967409], "raw_data_size": "9993"}, "user_3_2428": {"weights": [1.0], "gauss": [0.1057840801, 0.0007537108, 0.5], "max": [0.1077255105], "min": [0.1038426498], "raw_data_size": "9991"}, "user_2_2428": {"weights": [1.0], "gauss": [0.1059487626, 0.0007401147, 0.5], "max": [0.1078551719], "min": [0.1040423534], "raw_data_size": "9991"}, "user_1_2428": {"weights": [1.0], "gauss": [0.1063270635, 0.00075168, 0.5], "max": [0.1082632628], "min": [0.1043908641], "raw_data_size": "9995"}, "user_5_2428": {"weights": [1.0], "gauss": [0.1058868824, 0.0007543787, 0.5], "max": [0.1078300331], "min": [0.1039437317], "raw_data_size": "9994"}, "user_4_2428": {"weights": [1.0], "gauss": [0.1058048471, 0.0007412352, 0.5], "max": [0.1077141423], "min": [0.1038955519], "raw_data_size": "9996"}}