{"user_6_2321": {"weights": 1, "gauss": [0.15337829271956782, 0.000972481950622119, 0.5], "max": [0.15588324022515268], "min": [0.15087334521398296], "raw_data_size": "9993"}}