{"user_4_4087": {"weights": 1, "gauss": [0.3652215396851379, 0.001016442866958871, 0.5], "max": [0.3678397230072338], "min": [0.362603356363042], "raw_data_size": "9996"}}