{"user_5_3754": {"weights": [1.0], "gauss": [0.4370148639, 0.0019862671, 0.5], "max": [0.4421311488], "min": [0.4318985789], "raw_data_size": "9994"}, "user_6_3754": {"weights": [1.0], "gauss": [0.4364639659, 0.0020105999, 0.5], "max": [0.441642928], "min": [0.4312850038], "raw_data_size": "9993"}, "user_2_3754": {"weights": [1.0], "gauss": [0.4360082125, 0.0020468597, 0.5], "max": [0.4412805737], "min": [0.4307358514], "raw_data_size": "9991"}, "user_4_3754": {"weights": [1.0], "gauss": [0.4365339377, 0.002038634, 0.5], "max": [0.441785111], "min": [0.4312827644], "raw_data_size": "9996"}, "user_1_3754": {"weights": [1.0], "gauss": [0.4375772305, 0.0020575163, 0.5], "max": [0.4428770412], "min": [0.4322774198], "raw_data_size": "9995"}, "user_3_3754": {"weights": [1.0], "gauss": [0.4369051794, 0.0020201032, 0.5], "max": [0.4421086204], "min": [0.4317017384], "raw_data_size": "9991"}}