{"user_1_2485": {"weights": [1.0], "gauss": [-0.1944164830695915, 0.000495108885604562, 0.5], "max": [-0.19314116709360382], "min": [-0.19569179904557918], "raw_data_size": "9995"}}