{"user_4_615": {"weights": 1, "gauss": [0.16822841353707008, 0.0010507140946726067, 0.5], "max": [0.17093487369177962], "min": [0.16552195338236053], "raw_data_size": "9996"}}