{"user_1_667": {"weights": [0.2080069014, 0.2920265076, 0.499966591], "gauss": [0.2360141709, 0.0021620748, 0.1040034507, 0.2145473482, 0.0005070024, 0.1460132538, 0.1804664734, 0.0005579875, 0.2499832955], "max": [0.2415833064, 0.2158532998, 0.181903754], "min": [0.2304450353, 0.2132413966, 0.1790291929], "raw_data_size": "30"}, "user_2_667": {"weights": [0.0665844773, 0.1674307123, 0.219632842, 0.2523192567, 0.2940327116], "gauss": [0.2860453539, 0.0004270969, 0.0332922387, 0.1816936076, 8.45972e-05, 0.0837153562, 0.2404363371, 0.0002039853, 0.109816421, 0.1592666683, 0.0001997927, 0.1261596284, 0.2092064501, 0.0001221724, 0.1470163558], "max": [0.2871454825, 0.1819115154, 0.2409617684, 0.1597813003, 0.2095211454], "min": [0.2849452253, 0.1814756997, 0.2399109058, 0.1587520364, 0.2088917549], "raw_data_size": "57"}, "user_3_667": {"weights": [0.1420808056, 0.3532516068, 0.5046675876], "gauss": [0.2669003696, 0.0002815257, 0.0710404028, 0.2327897237, 0.0002822276, 0.1766258034, 0.1793505881, 0.0009693444, 0.2523337938], "max": [0.2676255317, 0.2335166939, 0.1818474539], "min": [0.2661752075, 0.2320627535, 0.1768537222], "raw_data_size": "70"}}