{"user_6_503": {"weights": 1, "gauss": [0.2194488723, 0.0031796206, 0.5], "max": [0.2276390322], "min": [0.2112587125], "raw_data_size": "9993"}, "user_4_503": {"weights": 1, "gauss": [0.2194347939, 0.0031375048, 0.5], "max": [0.2275164706], "min": [0.2113531172], "raw_data_size": "9996"}, "user_5_503": {"weights": 1, "gauss": [0.219254622, 0.0031128824, 0.5], "max": [0.2272728758], "min": [0.2112363682], "raw_data_size": "9994"}, "user_3_503": {"weights": 1, "gauss": [0.2193861727, 0.0031888365, 0.5], "max": [0.2276000712], "min": [0.2111722742], "raw_data_size": "9991"}, "user_1_503": {"weights": 1, "gauss": [0.2194483578, 0.0032040963, 0.5], "max": [0.2277015629], "min": [0.2111951528], "raw_data_size": "9995"}, "user_2_503": {"weights": 1, "gauss": [0.2207371785, 0.0031706225, 0.5], "max": [0.2289041607], "min": [0.2125701962], "raw_data_size": "9991"}}