{"user_4_973": {"weights": [1.0], "gauss": [0.09911959537903525, 0.003669285821526075, 0.5], "max": [0.10857104932121861], "min": [0.0896681414368519], "raw_data_size": "9996"}}