{"user_5_973": {"weights": 1, "gauss": [0.09848482602205673, 0.00354155503384023, 0.5], "max": [0.10760726725835351], "min": [0.08936238478575995], "raw_data_size": "9994"}}