{"user_2_2281": {"weights": [0.13936511168648308, 0.1511216754286765, 0.2620768225464998, 0.44743639033834065], "gauss": [-0.4853171843238465, 0.0005479537284144011, 0.06968255584324154, -0.37600478157492734, 5.624591907857257e-05, 0.07556083771433825, -0.43989083845857274, 0.00026432641751647403, 0.1310384112732499, -0.41291671629823323, 0.00014924533728968747, 0.22371819516917033], "max": [-0.4839057490532078, -0.3758599016883597, -0.4392099787266317, -0.41253228578502443], "min": [-0.4867286195944852, -0.376149661461495, -0.4405716981905138, -0.41330114681144203], "raw_data_size": "57"}}