{"user_3_2281": {"weights": [0.05673362791566743, 0.18398124431856805, 0.20805196206266444, 0.24640751494287433, 0.3048256507602257], "gauss": [-0.49025302382812236, 1.2464349945496824e-06, 0.028366813957833716, -0.4577937855853455, 0.00013724922069266354, 0.09199062215928402, -0.374645956560518, 0.00012636869736695655, 0.10402598103133222, -0.3999362188900184, 6.812459054347697e-05, 0.12320375747143716, -0.4306030064555583, 6.999979816013535e-05, 0.15241282538011286], "max": [-0.4902498132243384, -0.4574402550207961, -0.3743204523667889, -0.39976074157340424, -0.4304226989242149], "min": [-0.4902562344319063, -0.4581473161498949, -0.37497146075424714, -0.40011169620663256, -0.43078331398690173], "raw_data_size": "70"}}