{"user_4_2142": {"weights": [1.0], "gauss": [0.15414535767124493, 0.0009277921585142426, 0.5], "max": [0.1565351919007488], "min": [0.15175552344174106], "raw_data_size": "9996"}}