{"user_2_310": {"weights": [0.18985202679110844, 0.0001618422998783804, 0.01732465598415745, 0.29275612874690715, 9.042455054901377e-05, 0.07421884140268584, 0.22573697026614367, 8.967011037506922e-05, 0.07478963743530154, 0.2707520035829624, 3.03489884021364e-05, 0.16182327521311973, 0.2484409967209528, 5.88738793189093e-05, 0.17184358996473542], "gauss": [0.18985202679110844, 0.0001618422998783804, 0.01732465598415745, 0.29275612874690715, 9.042455054901377e-05, 0.07421884140268584, 0.22573697026614367, 8.967011037506922e-05, 0.07478963743530154, 0.2707520035829624, 3.03489884021364e-05, 0.16182327521311973, 0.2484409967209528, 5.88738793189093e-05, 0.17184358996473542], "max": [0.19026890492968893, 0.29298904695397154, 0.22596794516410024, 0.2708301773966217, 0.24859264578451604], "min": [0.18943514865252795, 0.29252321053984276, 0.2255059953681871, 0.27067382976930315, 0.24828934765738955], "raw_data_size": "57"}}