{"user_1_3659": {"weights": 1, "gauss": [-0.478875732895867, 0.0007655507168244637, 0.5], "max": [-0.47690380492611767], "min": [-0.4808476608656163], "raw_data_size": "9995"}}