{"user_1_1623": {"weights": [0.4330480448153868, 0.5669519551846132], "gauss": [0.14082306870097702, 0.00040142328778592056, 0.2165240224076934, 0.09112043580986916, 0.0006919671274865758, 0.2834759775923066], "max": [0.14185706656878294, 0.09290282501394163], "min": [0.1397890708331711, 0.08933804660579668], "raw_data_size": "30"}}