{"user_6_2263": {"weights": 1, "gauss": [-0.1808312748137651, 0.0011995701246533183, 0.5], "max": [-0.17774138693502128], "min": [-0.1839211626925089], "raw_data_size": "9993"}}