{"user_2_2263": {"weights": 1, "gauss": [-0.17978402298516893, 0.001229253073108497, 0.5], "max": [-0.17661767689797853], "min": [-0.18295036907235934], "raw_data_size": "9991"}}