{"user_3_2316": {"weights": [0.054403608695301454, 0.1017776112052485, 0.10969015193365513, 0.2860833784864077, 0.44804524967938725], "gauss": [0.06391632651737165, 0.00015171423185963797, 0.027201804347650727, 0.14584171639814789, 4.550002373816361e-05, 0.05088880560262425, 0.0242922930771738, 0.00026713041511017364, 0.05484507596682756, 0.0808769932035779, 0.00011354574144656769, 0.14304168924320385, 0.1079874578623439, 6.883999401304905e-05, 0.22402262483969362], "max": [0.06430711648156112, 0.14595891669260483, 0.02498037542828377, 0.08116946765168916, 0.10816477793617885], "min": [0.06352553655318219, 0.14572451610369094, 0.023604210726063835, 0.08058451875546664, 0.10781013778850895], "raw_data_size": "70"}}