{"user_1_3552": {"weights": [1.0], "gauss": [0.31789828850049284, 0.0012487552636319527, 0.5], "max": [0.32111486890151697], "min": [0.3146817080994687], "raw_data_size": "9995"}}