{"user_2_645": {"weights": [1.0], "gauss": [-0.511506338253556, 0.0007542277518160768, 0.5], "max": [-0.5095635763088783], "min": [-0.5134491001982336], "raw_data_size": "9991"}}