{"user_1_2289": {"weights": [0.11043540562233423, 0.37612268303245316, 0.5134419113452124], "gauss": [0.17953938073086478, 0.0009381372333452366, 0.05521770281116711, 0.024475856823114848, 0.0003534666812371863, 0.18806134151622658, 0.08623628651810196, 0.00042406203839961173, 0.2567209556726062], "max": [0.18195586210726575, 0.02538632665847377, 0.08732859794313436], "min": [0.17712289935446382, 0.023565386987755926, 0.08514397509306956], "raw_data_size": "30"}}