{"user_4_2567": {"weights": [1.0], "gauss": [0.2128840479, 0.0013511344, 0.5], "max": [0.2163643396], "min": [0.2094037563], "raw_data_size": "9996"}, "user_3_2567": {"weights": [1.0], "gauss": [0.2125018121, 0.0013522368, 0.5], "max": [0.2159849433], "min": [0.209018681], "raw_data_size": "9991"}, "user_1_2567": {"weights": [1.0], "gauss": [0.2124326892, 0.0013454759, 0.5], "max": [0.2158984055], "min": [0.2089669728], "raw_data_size": "9995"}, "user_5_2567": {"weights": [1.0], "gauss": [0.2123283226, 0.0013472647, 0.5], "max": [0.2157986464], "min": [0.2088579987], "raw_data_size": "9994"}, "user_6_2567": {"weights": [1.0], "gauss": [0.2131659054, 0.0013149536, 0.5], "max": [0.2165530015], "min": [0.2097788094], "raw_data_size": "9993"}, "user_2_2567": {"weights": [1.0], "gauss": [0.2116316325, 0.0013234542, 0.5], "max": [0.2150406246], "min": [0.2082226404], "raw_data_size": "9991"}}