{"user_4_3002": {"weights": 1, "gauss": [-0.3049836555907852, 0.0010346414813433003, 0.5], "max": [-0.3023185957444739], "min": [-0.30764871543709654], "raw_data_size": "9996"}}