{"user_1_1950": {"weights": [0.13291980686547827, 0.1500381956849865, 0.22340457655223456, 0.49363742089730067], "gauss": [0.3248842909112096, 3.2207361304658174e-05, 0.06645990343273914, 0.29987365934112004, 3.459346738741886e-05, 0.07501909784249325, 0.2729007206694214, 8.462008090899431e-05, 0.11170228827611728, 0.2337899122981906, 0.0002154705544927794, 0.24681871044865034], "max": [0.3249672515762481, 0.2999627662081279, 0.27311868755349544, 0.23434492766650503], "min": [0.324801330246171, 0.2997845524741122, 0.27268275378534734, 0.23323489692987617], "raw_data_size": "30"}}