{"user_2_1268": {"weights": 1, "gauss": [-0.6639036542740389, 0.0010893449124011734, 0.5], "max": [-0.6610976877270041], "min": [-0.6667096208210737], "raw_data_size": "9991"}}