{"user_5_242": {"weights": 1, "gauss": [-0.074173128, 0.0029378062, 0.5], "max": [-0.0666058407], "min": [-0.0817404154], "raw_data_size": "9994"}, "user_6_242": {"weights": 1, "gauss": [-0.0736241959, 0.0028549039, 0.5], "max": [-0.0662704507], "min": [-0.080977941], "raw_data_size": "9993"}, "user_1_242": {"weights": 1, "gauss": [-0.0747389557, 0.0029478779, 0.5], "max": [-0.0671457254], "min": [-0.0823321861], "raw_data_size": "9995"}, "user_3_242": {"weights": 1, "gauss": [-0.0749307183, 0.0029307513, 0.5], "max": [-0.0673816033], "min": [-0.0824798333], "raw_data_size": "9991"}, "user_2_242": {"weights": 1, "gauss": [-0.0759380286, 0.0030358594, 0.5], "max": [-0.0681181731], "min": [-0.0837578841], "raw_data_size": "9991"}, "user_4_242": {"weights": 1, "gauss": [-0.0742956866, 0.0029596819, 0.5], "max": [-0.0666720512], "min": [-0.081919322], "raw_data_size": "9996"}}