{"user_2_3245": {"weights": 1, "gauss": [0.23428730037517045, 0.0011256852269081522, 0.5], "max": [0.23718687336921257], "min": [0.23138772738112834], "raw_data_size": "9991"}}