{"user_4_4013": {"weights": 1, "gauss": [0.19142122604799966, 0.000679927514208276, 0.5], "max": [0.1931726032633865], "min": [0.18966984883261281], "raw_data_size": "9996"}}