{"user_5_1538": {"weights": 1, "gauss": [-0.18507756120372862, 0.000939140665090105, 0.5], "max": [-0.18265849515843513], "min": [-0.1874966272490221], "raw_data_size": "9994"}}