{"user_4_1538": {"weights": [1.0], "gauss": [-0.18513601332352284, 0.0009660955207576098, 0.5], "max": [-0.18264751617112804], "min": [-0.18762451047591763], "raw_data_size": "9996"}}