{"user_6_1538": {"weights": [1.0], "gauss": [-0.18459806854097982, 0.0009336982973836412, 0.5], "max": [-0.18219302110590532], "min": [-0.18700311597605432], "raw_data_size": "9993"}}