{"user_2_1538": {"weights": 1, "gauss": [-0.18550144222390663, 0.0009431681211993563, 0.5], "max": [-0.18307200213914818], "min": [-0.1879308823086651], "raw_data_size": "9991"}}