{"user_5_1012": {"weights": 1, "gauss": [0.10304787986543311, 0.00071155698848458, 0.5], "max": [0.1048807292075167], "min": [0.10121503052334951], "raw_data_size": "9994"}}