{"user_1_1581": {"weights": [1.0], "gauss": [-1.4918450041, 0.0031076179, 0.5], "max": [-1.4838403108], "min": [-1.4998496975], "raw_data_size": "9995"}, "user_2_1581": {"weights": [1.0], "gauss": [-1.4913347192, 0.0030228863, 0.5], "max": [-1.4835482802], "min": [-1.4991211582], "raw_data_size": "9991"}, "user_6_1581": {"weights": [1.0], "gauss": [-1.4910965101, 0.0030088156, 0.5], "max": [-1.4833463146], "min": [-1.4988467056], "raw_data_size": "9993"}, "user_5_1581": {"weights": [1.0], "gauss": [-1.490933947, 0.0030727382, 0.5], "max": [-1.4830190978], "min": [-1.4988487962], "raw_data_size": "9994"}, "user_4_1581": {"weights": [1.0], "gauss": [-1.4912684528, 0.0030372287, 0.5], "max": [-1.4834450701], "min": [-1.4990918355], "raw_data_size": "9996"}, "user_3_1581": {"weights": [1.0], "gauss": [-1.4918795114, 0.0030703929, 0.5], "max": [-1.4839707035], "min": [-1.4997883193], "raw_data_size": "9991"}}