{"user_2_40": {"weights": [0.14979889691339654, 0.3442988436200066, 0.5059022594665967], "gauss": [0.1734254436949607, 0.0006965977195487046, 0.07489944845669827, 0.11315684511537252, 0.00014002237867000067, 0.1721494218100033, 0.0680775647856357, 0.00035205138419158114, 0.25295112973329836], "max": [0.1752197605137596, 0.11351751886150332, 0.06898438905739133], "min": [0.17163112687616183, 0.11279617136924172, 0.06717074051388007], "raw_data_size": "57"}}