{"user_2_89": {"weights": 1, "gauss": [-0.29803675418351294, 0.001749630874547255, 0.5], "max": [-0.2935300037064602], "min": [-0.3025435046605657], "raw_data_size": "9991"}}