{"user_3_3170": {"weights": [1.0], "gauss": [-0.2216471891120983, 0.0017833478222101437, 0.5], "max": [-0.21705358953322929], "min": [-0.2262407886909673], "raw_data_size": "9991"}}