{"user_3_2098": {"weights": [0.07122511464506696, 0.22614787982314216, 0.3073148403016708, 0.3953121652301202], "gauss": [0.11259541390985076, 6.005792081910797e-05, 0.03561255732253348, 0.2084036899431873, 0.000260258944294849, 0.11307393991157108, 0.19102984675332788, 0.00010480203669945603, 0.1536574201508354, 0.15779069437950896, 0.00010110150548641489, 0.1976560826150601], "max": [0.11275011286220683, 0.20907407255841268, 0.19129979891052995, 0.15805111459997379], "min": [0.11244071495749468, 0.20773330732796194, 0.1907598945961258, 0.15753027415904414], "raw_data_size": "70"}}