{"user_1_3256": {"weights": [1.0], "gauss": [0.5059049900838553, 0.001550024549009903, 0.5], "max": [0.5098975887384152], "min": [0.5019123914292953], "raw_data_size": "9995"}}