{"user_1_3539": {"weights": [1.0], "gauss": [0.4799899091970228, 0.0013863901797752643, 0.5], "max": [0.48356101364824033], "min": [0.4764188047458052], "raw_data_size": "9995"}}