{"user_2_3930": {"weights": [1.0], "gauss": [-0.09942848408829189, 0.0007867852218834012, 0.5], "max": [-0.09740185965816539], "min": [-0.10145510851841838], "raw_data_size": "9991"}}