{"user_4_260": {"weights": [1.0], "gauss": [-0.026062604462626184, 0.002217132637577414, 0.5], "max": [-0.020351649244899617], "min": [-0.03177355968035275], "raw_data_size": "9996"}}