{"user_5_364": {"weights": [1.0], "gauss": [-0.13152281577702987, 0.000950727110278624, 0.5], "max": [-0.12907390502669583], "min": [-0.13397172652736392], "raw_data_size": "9994"}}