{"user_2_364": {"weights": [1.0], "gauss": [-0.13152213957311273, 0.0009639447865602513, 0.5], "max": [-0.12903918234488765], "min": [-0.13400509680133782], "raw_data_size": "9991"}}