{"user_1_364": {"weights": 1, "gauss": [-0.13166730877991412, 0.0009691215672090148, 0.5], "max": [-0.1291710170483959], "min": [-0.13416360051143233], "raw_data_size": "9995"}}