{"user_2_3917": {"weights": [0.1228335285989217, 0.1290666667689209, 0.2086887130621901, 0.2314566907798811, 0.30795440079008635], "gauss": [-0.6946879081455057, 8.15178276666596e-05, 0.06141676429946085, -0.821826529507963, 0.00013932450845185917, 0.06453333338446045, -0.7422855212998524, 8.472585690907819e-05, 0.10434435653109506, -0.792828526929228, 9.469316313845299e-05, 0.11572834538994055, -0.7652036846527324, 9.07748895114514e-05, 0.15397720039504317], "max": [-0.6944779321362403, -0.8214676533563902, -0.7420672819548577, -0.7925846135047703, -0.7649698640323024], "min": [-0.6948978841547712, -0.8221854056595358, -0.742503760644847, -0.7930724403536857, -0.7654375052731623], "raw_data_size": "57"}}