{"user_1_2069": {"weights": [0.10232650241651202, 0.15779726659914656, 0.19770784797858834, 0.1983603186308744, 0.3438080643748788], "gauss": [-0.17119629325308658, 0.0005838273432636581, 0.05116325120825601, -0.058415276329080563, 4.8550008532221304e-05, 0.07889863329957328, -0.11019552215743751, 3.530212727510706e-05, 0.09885392398929417, -0.08206035007583634, 1.0460629164130715e-05, 0.0991801593154372, -0.025084870560230416, 0.0002991265640236412, 0.1719040321874394], "max": [-0.16969245367409494, -0.05829021979441572, -0.11010458990352467, -0.08203340528070181, -0.024314371591148427], "min": [-0.17270013283207822, -0.05854033286374541, -0.11028645441135035, -0.08208729487097087, -0.025855369529312406], "raw_data_size": "30"}}