{"user_3_448": {"weights": [0.0900870039, 0.1664296798, 0.248609436, 0.4948738803], "gauss": [-0.481139969, 0.0009041532, 0.045043502, -0.3297355238, 0.0001540851, 0.0832148399, -0.3945902497, 0.0003399702, 0.124304718, -0.3574889626, 0.0001219682, 0.2474369401], "max": [-0.4788110246, -0.3293386269, -0.3937145446, -0.3571747934], "min": [-0.4834689134, -0.3301324208, -0.3954659548, -0.3578031318], "raw_data_size": "70"}, "user_1_448": {"weights": [0.1332585299, 0.1737534513, 0.6929880188], "gauss": [-0.4387065744, 1.17361e-05, 0.066629265, -0.3361311489, 0.0002391549, 0.0868767256, -0.3620942944, 0.0003596816, 0.3464940094], "max": [-0.4386763441, -0.3355151267, -0.3611678161], "min": [-0.4387368046, -0.336747171, -0.3630207728], "raw_data_size": "30"}, "user_2_448": {"weights": [0.0350071836, 0.2182170079, 0.2690329545, 0.4777428541], "gauss": [-0.5035321104, 0.000226448, 0.0175035918, -0.4121872239, 0.0004000336, 0.1091085039, -0.3666852475, 0.0001781014, 0.1345164772, -0.3444634429, 0.0002272622, 0.238871427], "max": [-0.502948819, -0.4111568056, -0.3662264886, -0.3438780542], "min": [-0.5041154019, -0.4132176421, -0.3671440064, -0.3450488317], "raw_data_size": "57"}}