{"user_2_1848": {"weights": [1.0], "gauss": [0.17975137501152225, 0.00048150886239107973, 0.5], "max": [0.18099165964918768], "min": [0.17851109037385682], "raw_data_size": "9991"}}