{"user_2_1521": {"weights": [-0.4116618931293479, 1.000000000388578e-06, 0.008771929814238933, -0.37262468648495983, 1.3816991083380858e-05, 0.05616347925793824, -0.3553422198851165, 3.537938456654632e-05, 0.05782237262956948, -0.3248844829054589, 0.0001696926412523687, 0.12309140680136282, -0.29567955394260953, 0.0003256009431329966, 0.25415081149689056], "gauss": [-0.4116618931293479, 1.000000000388578e-06, 0.008771929814238933, -0.37262468648495983, 1.3816991083380858e-05, 0.05616347925793824, -0.3553422198851165, 3.537938456654632e-05, 0.05782237262956948, -0.3248844829054589, 0.0001696926412523687, 0.12309140680136282, -0.29567955394260953, 0.0003256009431329966, 0.25415081149689056], "max": [-0.41165931730004335, -0.37258909627444037, -0.35525108862960847, -0.32444738362752445, -0.2948408614920244], "min": [-0.4116644689586525, -0.3726602766954793, -0.3554333511406245, -0.32532158218339335, -0.2965182463931947], "raw_data_size": "57"}}