{"user_1_3148": {"weights": 1, "gauss": [0.13568576264093404, 0.0021014718666313844, 0.5], "max": [0.14109879545558676], "min": [0.13027272982628132], "raw_data_size": "9995"}}