{"user_4_2816": {"weights": [1.0], "gauss": [-0.551274761278341, 0.0017250097635752293, 0.5], "max": [-0.546831430580416], "min": [-0.555718091976266], "raw_data_size": "9996"}}