{"user_6_2816": {"weights": 1, "gauss": [-0.5504324004863493, 0.0016760793246422257, 0.5], "max": [-0.5461151062468634], "min": [-0.5547496947258352], "raw_data_size": "9993"}}