{"user_3_1703": {"weights": [0.0556219366, 0.1265462342, 0.3028857553, 0.5149460739], "gauss": [0.5864249547, 5.47315e-05, 0.0278109683, 0.449540074, 0.0003913566, 0.0632731171, 0.5260682938, 0.0003133757, 0.1514428776, 0.4904401833, 0.0001221972, 0.2574730369], "max": [0.5865659336, 0.4505481419, 0.5268754962, 0.4907549425], "min": [0.5862839758, 0.4485320062, 0.5252610915, 0.4901254241], "raw_data_size": "70"}, "user_1_1703": {"weights": [1.0], "gauss": [0.4995152473, 0.0009953336, 0.5], "max": [0.5020790569], "min": [0.4969514378], "raw_data_size": "30"}, "user_2_1703": {"weights": [0.1025075539, 0.2538517623, 0.2558575599, 0.3877831239], "gauss": [0.4481181723, 2.20968e-05, 0.051253777, 0.4766509027, 7.45434e-05, 0.1269258812, 0.5384751487, 0.0003610921, 0.12792878, 0.4961254898, 0.0001222866, 0.1938915619], "max": [0.4481750897, 0.4768429138, 0.5394052603, 0.4964404792], "min": [0.4480612548, 0.4764588916, 0.537545037, 0.4958105003], "raw_data_size": "57"}}