{"user_2_3249": {"weights": 1, "gauss": [0.09273016894454925, 0.002185425991812105, 0.5], "max": [0.09835945325499629], "min": [0.0871008846341022], "raw_data_size": "9991"}}