{"user_1_1544": {"weights": [1.0], "gauss": [0.00045663208518811004, 0.002087688428431944, 0.5], "max": [0.005834161115823063], "min": [-0.0049208969454468425], "raw_data_size": "9995"}}