{"user_1_3764": {"weights": [0.03333333147035055, 0.20528133267589008, 0.3596891018078332, 0.40169623404592614], "gauss": [-0.008781364187598182, 1.0000000000001761e-06, 0.016666665735175275, -0.13142635520810642, 5.649935942540662e-05, 0.10264066633794504, -0.10392209718537494, 4.101992695156289e-05, 0.1798445509039166, -0.06735014309281208, 0.00010176157810568007, 0.20084811702296307], "max": [-0.008778788358294633, -0.1312808225024667, -0.10381643685550367, -0.06708802263795209], "min": [-0.00878394001690173, -0.13157188791374613, -0.10402775751524622, -0.06761226354767207], "raw_data_size": "30"}}