{"user_3_3381": {"weights": 1, "gauss": [-0.22252313869433393, 0.0018762077596073806, 0.5], "max": [-0.2176903477675914], "min": [-0.22735592962107645], "raw_data_size": "9991"}}