{"user_4_3381": {"weights": 1, "gauss": [-0.22239782223592638, 0.0018619543780098158, 0.5], "max": [-0.21760174558717754], "min": [-0.22719389888467523], "raw_data_size": "9996"}}