{"user_6_1733": {"weights": 1, "gauss": [0.0010582354098425766, 0.0015291052985096044, 0.5], "max": [0.004996949645955505], "min": [-0.0028804788262703513], "raw_data_size": "9993"}}