{"user_2_377": {"weights": 1, "gauss": [-0.05686213873952007, 0.0008249158157017173, 0.5], "max": [-0.05473729640847464], "min": [-0.0589869810705655], "raw_data_size": "9991"}}