{"user_3_377": {"weights": 1, "gauss": [-0.05719775748484316, 0.0008191866629674538, 0.5], "max": [-0.05508767247329516], "min": [-0.059307842496391164], "raw_data_size": "9991"}}