{"user_2_1167": {"weights": [0.3217367906685268, 0.6782632093314732], "gauss": [0.5763771620467355, 0.00013415424844162482, 0.1608683953342634, 0.6100597375143347, 0.00023281614937456407, 0.3391316046657366], "max": [0.576722720491067, 0.6106594321742331], "min": [0.576031603602404, 0.6094600428544363], "raw_data_size": "57"}}