{"user_2_3528": {"weights": [0.03269115636132698, 0.07016994996685487, 0.2971669379897044, 0.2982713216345102, 0.3017006340476036], "gauss": [0.10842682292748558, 7.473841607208678e-05, 0.01634557818066349, -0.0766585212776672, 7.6940545592716e-05, 0.035084974983427435, 0.02135056433222012, 0.00012617953169568287, 0.1485834689948522, 0.05774781231052919, 0.00023835372103437287, 0.1491356608172551, -0.01864185649769654, 0.00013334748963455767, 0.1508503170238018], "max": [0.10861933632970489, -0.07646033556569845, 0.021675581267469934, 0.058361770809779445, -0.01829837612634116], "min": [0.10823430952526628, -0.07685670698963595, 0.021025547396970302, 0.05713385381127893, -0.018985336869051916], "raw_data_size": "57"}}