{"user_2_184": {"weights": [1.0], "gauss": [-0.02036365473150265, 0.001422322709268072, 0.5], "max": [-0.016699994217866887], "min": [-0.02402731524513841], "raw_data_size": "9991"}}