{"user_6_3392": {"weights": [1.0], "gauss": [0.06973493074733877, 0.002528731624773823, 0.5], "max": [0.07624851176724201], "min": [0.06322134972743554], "raw_data_size": "9993"}}