{"user_2_3709": {"weights": [1.0], "gauss": [0.2085602603, 0.0008855993, 0.5], "max": [0.2108414129], "min": [0.2062791078], "raw_data_size": "9991"}, "user_3_3709": {"weights": [1.0], "gauss": [0.2082319153, 0.0008783371, 0.5], "max": [0.2104943617], "min": [0.2059694689], "raw_data_size": "9991"}, "user_6_3709": {"weights": [1.0], "gauss": [0.2090859432, 0.0008831541, 0.5], "max": [0.2113607974], "min": [0.206811089], "raw_data_size": "9993"}, "user_1_3709": {"weights": [1.0], "gauss": [0.2083741561, 0.0008814176, 0.5], "max": [0.2106445373], "min": [0.206103775], "raw_data_size": "9995"}, "user_5_3709": {"weights": [1.0], "gauss": [0.2082410577, 0.0008638711, 0.5], "max": [0.2104662422], "min": [0.2060158733], "raw_data_size": "9994"}, "user_4_3709": {"weights": [1.0], "gauss": [0.2084179296, 0.0008821516, 0.5], "max": [0.2106902015], "min": [0.2061456577], "raw_data_size": "9996"}}