{"user_3_2771": {"weights": [0.1141738672802764, 0.20542165813617447, 0.30238421762524853, 0.37802025695830066], "gauss": [-0.07116661165579276, 0.00020012441966135185, 0.0570869336401382, -0.2911554523079554, 0.001337948991989592, 0.10271082906808723, -0.15867226142667545, 0.00026748821740480127, 0.15119210881262427, -0.21014083578674872, 0.0001853688735481616, 0.18901012847915033], "max": [-0.07065112531127334, -0.2877091240877349, -0.1579832574379301, -0.20966335721029752], "min": [-0.07168209800031218, -0.2946017805281759, -0.1593612654154208, -0.21061831436319992], "raw_data_size": "70"}}