{"user_2_1106": {"weights": [0.11921968760527467, 0.18146549498540807, 0.34876855946425306, 0.35054625794506417], "gauss": [0.1420185542639726, 0.00010430423036530867, 0.059609843802637334, 0.2140130490106138, 0.00033776894325095077, 0.09073274749270403, 0.20659752439075665, 4.983759014761429e-05, 0.17438427973212653, 0.16950421693822754, 0.00012143948981108054, 0.17527312897253208], "max": [0.14228722415703168, 0.21488308415246835, 0.20672589751587714, 0.16981702433469095], "min": [0.14174988437091354, 0.21314301386875925, 0.20646915126563617, 0.16919140954176412], "raw_data_size": "57"}}