{"user_4_1206": {"weights": 1, "gauss": [-0.3163146068862269, 0.0038912832028091668, 0.5], "max": [-0.30629132558402344], "min": [-0.3263378881884304], "raw_data_size": "9996"}}