{"user_2_2888": {"weights": [1.0], "gauss": [-0.18055835457747443, 0.000872578023197879, 0.5], "max": [-0.17831074253568857], "min": [-0.1828059666192603], "raw_data_size": "57"}}