{"user_1_3585": {"weights": [0.09966186524738292, 0.18399849313430805, 0.716339641618309], "gauss": [-0.244811376277789, 6.696159134181212e-05, 0.04983093262369146, -0.27806266969812593, 1.7454434436485866e-05, 0.09199924656715402, -0.3216488244892686, 0.0003799758386620046, 0.3581698208091545], "max": [-0.2446388946485985, -0.27801771005442755, -0.3206700715894025], "min": [-0.24498385790697952, -0.2781076293418243, -0.3226275773891348], "raw_data_size": "30"}}