{"user_6_2637": {"weights": [1.0], "gauss": [-0.3720499787, 0.0034053622, 0.5], "max": [-0.3632783469], "min": [-0.3808216105], "raw_data_size": "9993"}, "user_5_2637": {"weights": [1.0], "gauss": [-0.3722575985, 0.0034265906, 0.5], "max": [-0.3634312861], "min": [-0.3810839109], "raw_data_size": "9994"}, "user_3_2637": {"weights": [1.0], "gauss": [-0.3722536743, 0.0034487183, 0.5], "max": [-0.3633703646], "min": [-0.381136984], "raw_data_size": "9991"}, "user_1_2637": {"weights": [1.0], "gauss": [-0.3719559708, 0.003559123, 0.5], "max": [-0.3627882775], "min": [-0.3811236641], "raw_data_size": "9995"}, "user_4_2637": {"weights": [1.0], "gauss": [-0.3723629553, 0.0035528096, 0.5], "max": [-0.3632115243], "min": [-0.3815143863], "raw_data_size": "9996"}, "user_2_2637": {"weights": [1.0], "gauss": [-0.3733675126, 0.0034788252, 0.5], "max": [-0.3644066527], "min": [-0.3823283724], "raw_data_size": "9991"}}