{"user_3_673": {"weights": [0.12849943520781484, 0.1471299438304982, 0.16793178695828184, 0.20741676780349258, 0.3490220661999126], "gauss": [-0.09614396457948801, 5.965515372648934e-05, 0.06424971760390742, -0.14088945183963617, 7.812466563371267e-05, 0.0735649719152491, -0.1518532387799215, 0.0001512066537580858, 0.08396589347914092, -0.22664118322779567, 0.00044326992556184455, 0.10370838390174629, -0.18014816327718683, 0.00010790554206285035, 0.1745110330999563], "max": [-0.0959903030864116, -0.1406882160365669, -0.15146375625027983, -0.22549939556415152, -0.179870217019926], "min": [-0.09629762607256442, -0.14109068764270544, -0.15224272130956315, -0.2277829708914398, -0.18042610953444765], "raw_data_size": "70"}}