{"user_3_2312": {"weights": [0.1097927027, 2.43098e-05, 0.030677376, 0.1366009566, 0.0001981775, 0.0922145853, 0.2058880751, 0.0002697012, 0.1088092224, 0.2490482309, 0.00020929, 0.123056111, 0.1758853976, 0.0001277678, 0.1452427053], "gauss": [0.1097927027, 2.43098e-05, 0.030677376, 0.1366009566, 0.0001981775, 0.0922145853, 0.2058880751, 0.0002697012, 0.1088092224, 0.2490482309, 0.00020929, 0.123056111, 0.1758853976, 0.0001277678, 0.1452427053], "max": [0.1098553206, 0.1371114281, 0.2065827793, 0.2495873263, 0.1762145057], "min": [0.1097300848, 0.1360904851, 0.2051933708, 0.2485091355, 0.1755562895], "raw_data_size": "70"}, "user_2_2312": {"weights": [0.0985808745, 1e-06, 0.0087699565, 0.2652362172, 0.0001313265, 0.0157474356, 0.1663747927, 0.0001129425, 0.1288476654, 0.1444547828, 0.0001223578, 0.1388010432, 0.2095165327, 0.0002286801, 0.2078338993], "gauss": [0.0985808745, 1e-06, 0.0087699565, 0.2652362172, 0.0001313265, 0.0157474356, 0.1663747927, 0.0001129425, 0.1288476654, 0.1444547828, 0.0001223578, 0.1388010432, 0.2095165327, 0.0002286801, 0.2078338993], "max": [0.0985834503, 0.265574492, 0.1666657134, 0.1447699557, 0.2101055735], "min": [0.0985782987, 0.2648979425, 0.1660838721, 0.14413961, 0.2089274919], "raw_data_size": "57"}, "user_1_2312": {"weights": [0.0333330505, 0.0333333333, 0.2075100716, 0.3307906058, 0.3950329387], "gauss": [0.0985808745, 1e-06, 0.0166665252, 0.2753295004, 1e-06, 0.0166666667, 0.1744749522, 0.0002121247, 0.1037550358, 0.2192102088, 4.93542e-05, 0.1653953029, 0.1457471965, 9.39836e-05, 0.1975164694], "max": [0.0985834503, 0.2753320763, 0.1750213493, 0.2193373369, 0.1459892822], "min": [0.0985782987, 0.2753269246, 0.1739285551, 0.2190830807, 0.1455051108], "raw_data_size": "30"}}