{"user_3_2909": {"weights": [1.0], "gauss": [-0.3086665949, 0.0018161713, 0.5], "max": [-0.3039884476], "min": [-0.3133447423], "raw_data_size": "9991"}, "user_2_2909": {"weights": [1.0], "gauss": [-0.3094622034, 0.0017970685, 0.5], "max": [-0.3048332618], "min": [-0.314091145], "raw_data_size": "9991"}, "user_4_2909": {"weights": [1.0], "gauss": [-0.309130798, 0.0017993515, 0.5], "max": [-0.3044959757], "min": [-0.3137656203], "raw_data_size": "9996"}, "user_6_2909": {"weights": [1.0], "gauss": [-0.3083094046, 0.00180228, 0.5], "max": [-0.3036670389], "min": [-0.3129517703], "raw_data_size": "9993"}, "user_1_2909": {"weights": [1.0], "gauss": [-0.3090192366, 0.0018131811, 0.5], "max": [-0.3043487915], "min": [-0.3136896817], "raw_data_size": "9995"}, "user_5_2909": {"weights": [1.0], "gauss": [-0.3089220284, 0.0018175292, 0.5], "max": [-0.3042403834], "min": [-0.3136036733], "raw_data_size": "9994"}}