{"user_6_1459": {"weights": 1, "gauss": [0.3936267139823393, 0.011140100986275934, 0.5], "max": [0.42232171254728285], "min": [0.3649317154173957], "raw_data_size": "9993"}}