{"user_3_423": {"weights": 1, "gauss": [0.22043694728969765, 0.0016350561416155057, 0.5], "max": [0.22464857281221848], "min": [0.21622532176717682], "raw_data_size": "9991"}}