{"user_2_2588": {"weights": 1, "gauss": [0.053112382123350746, 0.0012827261235012824, 0.5], "max": [0.056416465660693034], "min": [0.04980829858600846], "raw_data_size": "9991"}}