{"user_2_1190": {"weights": [-1.4089986904509246, 0.0001692116981860382, 0.04274969770204207, -1.4759274671681413, 0.0002063826670040948, 0.043856754391163946, -1.1610837619346224, 0.0004910520089925476, 0.04953919261475072, -1.3061845728310395, 0.0007752131863326396, 0.1810370404694242, -1.2374803831439862, 0.00032801704638382625, 0.18281731482261912], "gauss": [-1.4089986904509246, 0.0001692116981860382, 0.04274969770204207, -1.4759274671681413, 0.0002063826670040948, 0.043856754391163946, -1.1610837619346224, 0.0004910520089925476, 0.04953919261475072, -1.3061845728310395, 0.0007752131863326396, 0.1810370404694242, -1.2374803831439862, 0.00032801704638382625, 0.18281731482261912], "max": [-1.4085628300002337, -1.4753958606467275, -1.1598188957802928, -1.3041877559891863, -1.2366354672238473], "min": [-1.4094345509016155, -1.476459073689555, -1.162348628088952, -1.3081813896728927, -1.2383252990641251], "raw_data_size": "57"}}