{"user_6_2635": {"weights": 1, "gauss": [-0.034266754611711706, 0.0015085232337744188, 0.5], "max": [-0.03038105626107121], "min": [-0.0381524529623522], "raw_data_size": "9993"}}