{"user_2_4032": {"weights": 1, "gauss": [-0.1662665308121952, 0.0027932631755074036, 0.5], "max": [-0.15907156167219916], "min": [-0.17346149995219123], "raw_data_size": "9991"}}