{"user_1_4032": {"weights": 1, "gauss": [-0.1660740552756147, 0.002886737542680598, 0.5], "max": [-0.15863831212152327], "min": [-0.17350979842970612], "raw_data_size": "9995"}}