{"user_4_3924": {"weights": 1, "gauss": [0.3319162477, 0.0014607364, 0.5], "max": [0.3356788554], "min": [0.32815364], "raw_data_size": "9996"}, "user_2_3924": {"weights": 1, "gauss": [0.331793761, 0.0014451373, 0.5], "max": [0.335516188], "min": [0.3280713341], "raw_data_size": "9991"}, "user_6_3924": {"weights": 1, "gauss": [0.3315040657, 0.0014825151, 0.5], "max": [0.3353227716], "min": [0.3276853599], "raw_data_size": "9993"}, "user_3_3924": {"weights": 1, "gauss": [0.3318914675, 0.0014773675, 0.5], "max": [0.335696914], "min": [0.328086021], "raw_data_size": "9991"}, "user_1_3924": {"weights": 1, "gauss": [0.3318578149, 0.0015038799, 0.5], "max": [0.3357315529], "min": [0.3279840769], "raw_data_size": "9995"}, "user_5_3924": {"weights": 1, "gauss": [0.3313135161, 0.0014633599, 0.5], "max": [0.3350828813], "min": [0.3275441508], "raw_data_size": "9994"}}