{"user_3_3174": {"weights": 1, "gauss": [-0.3841254274, 0.0019108255, 0.5], "max": [-0.379203467], "min": [-0.3890473878], "raw_data_size": "9991"}, "user_5_3174": {"weights": 1, "gauss": [-0.3837447577, 0.0018923175, 0.5], "max": [-0.3788704707], "min": [-0.3886190446], "raw_data_size": "9994"}, "user_2_3174": {"weights": 1, "gauss": [-0.3846513358, 0.0018970675, 0.5], "max": [-0.3797648138], "min": [-0.3895378578], "raw_data_size": "9991"}, "user_1_3174": {"weights": 1, "gauss": [-0.3845962762, 0.0019285885, 0.5], "max": [-0.3796285615], "min": [-0.3895639909], "raw_data_size": "9995"}, "user_6_3174": {"weights": 1, "gauss": [-0.3837169852, 0.0018915564, 0.5], "max": [-0.3788446589], "min": [-0.3885893116], "raw_data_size": "9993"}, "user_4_3174": {"weights": 1, "gauss": [-0.3844452306, 0.0018784305, 0.5], "max": [-0.3796067142], "min": [-0.389283747], "raw_data_size": "9996"}}