{"user_6_56": {"weights": [1.0], "gauss": [-0.4011261664893972, 0.0007011351292820479, 0.5], "max": [-0.3993201620776449], "min": [-0.40293217090114947], "raw_data_size": "9993"}}