{"user_1_137": {"weights": [0.10124670136260397, 0.1565521845925466, 0.35310448913274417, 0.3890966249121053], "gauss": [-0.10619080537892031, 0.00015803722956529088, 0.050623350681301985, -0.21104945913003295, 0.000106884906966211, 0.0782760922962733, -0.18437837075881192, 6.026997233444281e-05, 0.17655224456637209, -0.15164188495305753, 9.707266337503112e-05, 0.19454831245605264], "max": [-0.10578372845195436, -0.21077414185456228, -0.1842231255979488, -0.15139184234216257], "min": [-0.10659788230588627, -0.21132477640550362, -0.18453361591967504, -0.15189192756395248], "raw_data_size": "30"}}