{"user_4_496": {"weights": [1.0], "gauss": [0.490629193719574, 0.0006737779363252251, 0.5], "max": [0.49236473067204517], "min": [0.4888936567671028], "raw_data_size": "9996"}}