{"user_1_3185": {"weights": [1.0], "gauss": [-0.4334096600612004, 0.0002963041120984379, 0.5], "max": [-0.4326464312464952], "min": [-0.4341728888759056], "raw_data_size": "30"}}