{"user_4_1757": {"weights": 1, "gauss": [0.6472246833466699, 0.0024945458522835076, 0.5], "max": [0.6536502076520282], "min": [0.6407991590413117], "raw_data_size": "9996"}}