{"user_3_2618": {"weights": [0.1782793465452227, 0.3252058475516442, 0.49651480590313296], "gauss": [0.3676096634608133, 0.0003490350236873542, 0.08913967327261135, 0.4371542604718615, 0.00012816432004850064, 0.1626029237758221, 0.41233936588067405, 0.00011537751418186259, 0.24825740295156648], "max": [0.36850871810279207, 0.43748438988311183, 0.4126365586626743], "min": [0.36671060881883455, 0.4368241310606112, 0.4120421730986738], "raw_data_size": "70"}}