{"user_1_3565": {"weights": [0.37661061806670204, 0.623389381933298], "gauss": [0.13905773078774414, 0.0011978272129531873, 0.18830530903335102, 0.19687771268721663, 0.0005202090105423444, 0.311694690966649], "max": [0.14214312922345726, 0.19821768230054176], "min": [0.13597233235203102, 0.1955377430738915], "raw_data_size": "30"}}