{"user_1_2301": {"weights": [1.0], "gauss": [0.43672364088660015, 0.0005915705383707494, 0.5], "max": [0.43824742561445174], "min": [0.43519985615874857], "raw_data_size": "9995"}}