{"user_4_1898": {"weights": [1.0], "gauss": [0.20710660935882308, 0.0016099410500003536, 0.5], "max": [0.21125354269240026], "min": [0.2029596760252459], "raw_data_size": "9996"}}