{"user_2_2156": {"weights": [0.47588012149267206, 0.00016966979847987573, 0.02792162471163105, 0.32409144779490584, 0.0004894838109833895, 0.036448924679269745, 0.4530665321822229, 9.785367678824441e-05, 0.11703909904263438, 0.3924354305074173, 0.00011098564871461669, 0.15016139013996066, 0.41985163793699226, 0.0001126468384923519, 0.16842896142650418], "gauss": [0.47588012149267206, 0.00016966979847987573, 0.02792162471163105, 0.32409144779490584, 0.0004894838109833895, 0.036448924679269745, 0.4530665321822229, 9.785367678824441e-05, 0.11703909904263438, 0.3924354305074173, 0.00011098564871461669, 0.15016139013996066, 0.41985163793699226, 0.0001126468384923519, 0.16842896142650418], "max": [0.47631716193152374, 0.32535227453884963, 0.45331858655035406, 0.3927213105936498, 0.420141796964533], "min": [0.4754430810538204, 0.32283062105096205, 0.4528144778140918, 0.3921495504211848, 0.4195614789094515], "raw_data_size": "57"}}