{"user_1_2723": {"weights": [1.0], "gauss": [-1.1939003960472019, 0.002016494358769132, 0.5], "max": [-1.1887062507874433], "min": [-1.1990945413069605], "raw_data_size": "9995"}}