{"user_2_1093": {"weights": 1, "gauss": [0.22561209315230868, 0.0020777058428919073, 0.5], "max": [0.23096390874658443], "min": [0.22026027755803293], "raw_data_size": "9991"}}