{"user_5_416": {"weights": 1, "gauss": [0.5980033087994362, 0.004165625436313574, 0.5], "max": [0.6087332488659014], "min": [0.587273368732971], "raw_data_size": "9994"}}