{"user_4_809": {"weights": [1.0], "gauss": [0.6644483583, 0.0026492235, 0.5], "max": [0.6712723057], "min": [0.6576244108], "raw_data_size": "9996"}, "user_6_809": {"weights": [1.0], "gauss": [0.6655075043, 0.0025281225, 0.5], "max": [0.6720195163], "min": [0.6589954923], "raw_data_size": "9993"}, "user_1_809": {"weights": [1.0], "gauss": [0.6653181813, 0.0025991771, 0.5], "max": [0.6720132179], "min": [0.6586231446], "raw_data_size": "9995"}, "user_5_809": {"weights": [1.0], "gauss": [0.6647651884, 0.0025670278, 0.5], "max": [0.671377414], "min": [0.6581529629], "raw_data_size": "9994"}, "user_2_809": {"weights": [1.0], "gauss": [0.6646803702, 0.0025353315, 0.5], "max": [0.6712109513], "min": [0.6581497891], "raw_data_size": "9991"}, "user_3_809": {"weights": [1.0], "gauss": [0.6643799098, 0.0025823971, 0.5], "max": [0.671031724], "min": [0.6577280956], "raw_data_size": "9991"}}