{"user_3_990": {"weights": [0.11798903628710719, 0.14354599028827245, 0.2297551931678879, 0.2432058514533695, 0.26550392880336304], "gauss": [-0.22038164826979106, 5.742012668684304e-05, 0.058994518143553595, -0.3246942875213555, 9.437462713096545e-05, 0.07177299514413622, -0.2836151736113326, 7.595768709744887e-05, 0.11487759658394395, -0.24450758573627648, 2.8501620638574476e-05, 0.12160292572668475, -0.266014915930569, 4.055758930138109e-05, 0.13275196440168152], "max": [-0.2202337438248576, -0.32445119459128, -0.28341951957507716, -0.244434170426637, -0.26591044650356516], "min": [-0.22052955271472452, -0.32493738045143095, -0.283810827647588, -0.24458100104591596, -0.2661193853575728], "raw_data_size": "70"}}