{"user_3_1424": {"weights": [0.07142682811935684, 0.10585215690991683, 0.11562250333603473, 0.30612837364806395, 0.40097013798662773], "gauss": [-0.46780607500588717, 9.701453451243968e-05, 0.03571341405967842, -0.5219524768952656, 9.608718979051034e-05, 0.05292607845495841, -0.6563963380203784, 0.00017749759127230657, 0.057811251668017365, -0.5529214335287703, 0.00015177398357005167, 0.15306418682403197, -0.5960243002304352, 0.0001426142050279512, 0.20048506899331386], "max": [-0.46755618212501987, -0.5217049726961075, -0.6559391345234699, -0.5525304896543742, -0.5956569503820218], "min": [-0.46805596788675446, -0.5221999810944237, -0.656853541517287, -0.5533123774031664, -0.5963916500788485], "raw_data_size": "70"}}