{"user_2_2311": {"weights": [1.0], "gauss": [0.18825290446850346, 0.0007248034185584955, 0.5], "max": [0.19011987435333885], "min": [0.18638593458366806], "raw_data_size": "9991"}}