{"user_3_3166": {"weights": [0.1811736459913568, 0.18377634195927856, 0.310380644746797, 0.3246693673025677], "gauss": [-0.3754277462001338, 0.00040262333886750725, 0.0905868229956784, -0.24508569911257377, 0.00018875579231283812, 0.09188817097963928, -0.3319061884802507, 0.00028717133969222055, 0.1551903223733985, -0.2961594342765206, 0.00022337459540375148, 0.16233468365128384], "max": [-0.3743906572055862, -0.24459949641151976, -0.3311664841283321, -0.2955840594480112], "min": [-0.37646483519468144, -0.24557190181362779, -0.33264589283216933, -0.29673480910503], "raw_data_size": "70"}}