{"user_1_479": {"weights": 1, "gauss": [0.3255782754, 0.0013594387, 0.5], "max": [0.3290799574], "min": [0.3220765933], "raw_data_size": "9995"}, "user_5_479": {"weights": 1, "gauss": [0.3248117293, 0.0013827811, 0.5], "max": [0.3283735373], "min": [0.3212499212], "raw_data_size": "9994"}, "user_4_479": {"weights": 1, "gauss": [0.3255525048, 0.0013672054, 0.5], "max": [0.3290741925], "min": [0.3220308171], "raw_data_size": "9996"}, "user_2_479": {"weights": 1, "gauss": [0.3246176308, 0.0013494542, 0.5], "max": [0.3280935943], "min": [0.3211416672], "raw_data_size": "9991"}, "user_6_479": {"weights": 1, "gauss": [0.3248715319, 0.0013814572, 0.5], "max": [0.3284299298], "min": [0.3213131341], "raw_data_size": "9993"}, "user_3_479": {"weights": 1, "gauss": [0.3252530777, 0.0013712133, 0.5], "max": [0.328785089], "min": [0.3217210663], "raw_data_size": "9991"}}