{"user_3_283": {"weights": [1.0], "gauss": [0.10859281563086308, 0.00048295399553013776, 0.5], "max": [0.10983682268481564], "min": [0.10734880857691052], "raw_data_size": "9991"}}