{"user_2_2097": {"weights": 1, "gauss": [0.11286450653059539, 0.0007337992061105446, 0.5], "max": [0.11475464802861585], "min": [0.11097436503257493], "raw_data_size": "9991"}}