{"user_3_4059": {"weights": [0.16565521590973348, 4.738860031570477e-05, 0.036651244428378235, 0.0605036956553411, 8.879781393381458e-05, 0.07179853325998765, 0.11422403682508891, 8.95114457688553e-05, 0.12871425808822368, 0.09302206020901797, 6.408757920319742e-05, 0.1309618437236065, 0.13494244105144507, 5.2460389137589904e-05, 0.13187412049980393], "gauss": [0.16565521590973348, 4.738860031570477e-05, 0.036651244428378235, 0.0605036956553411, 8.879781393381458e-05, 0.07179853325998765, 0.11422403682508891, 8.95114457688553e-05, 0.12871425808822368, 0.09302206020901797, 6.408757920319742e-05, 0.1309618437236065, 0.13494244105144507, 5.2460389137589904e-05, 0.13187412049980393], "max": [0.16577728085508084, 0.0607324236665629, 0.11445460303010337, 0.09318713887352308, 0.13507757005906124], "min": [0.16553315096438612, 0.06027496764411929, 0.11399347062007446, 0.09285698154451287, 0.1348073120438289], "raw_data_size": "70"}}