{"user_4_3669": {"weights": [1.0], "gauss": [0.30851606406696563, 0.0022551994201087102, 0.5], "max": [0.31432507281862815], "min": [0.3027070553153031], "raw_data_size": "9996"}}