{"user_1_517": {"weights": [0.2572562047, 0.7427437953], "gauss": [0.2465168489, 0.0010375533, 0.1286281023, 0.1556125699, 0.0010874771, 0.3713718977], "max": [0.2491894092, 0.1584137253], "min": [0.2438442887, 0.1528114145], "raw_data_size": "30"}, "user_2_517": {"weights": [0.2676942521, 0.2762561102, 0.4560496377], "gauss": [0.1242495924, 0.000248004, 0.133847126, 0.2373997564, 0.0008713557, 0.1381280551, 0.1770507336, 0.0004476616, 0.2280248188], "max": [0.1248884084, 0.2396442201, 0.1782038333], "min": [0.1236107764, 0.2351552928, 0.1758976338], "raw_data_size": "57"}, "user_3_517": {"weights": [0.0570998691, 0.2763393913, 0.2986271001, 0.3679336395], "gauss": [0.0530381011, 1.70389e-05, 0.0285499345, 0.1236877604, 0.0003193238, 0.1381696957, 0.2310951251, 0.0005319695, 0.1493135501, 0.1745739163, 0.0004255513, 0.1839668198], "max": [0.0530819904, 0.124510284, 0.2324653878, 0.1756700638], "min": [0.0529942118, 0.1228652367, 0.2297248624, 0.1734777688], "raw_data_size": "70"}}