{"user_2_3203": {"weights": 1, "gauss": [0.10949930807652386, 0.0010941198100758397, 0.5], "max": [0.11231757394491057], "min": [0.10668104220813715], "raw_data_size": "9991"}}