{"user_1_1203": {"weights": [1.0], "gauss": [-0.5490213185638351, 0.0020834165626381343, 0.5], "max": [-0.5436547931302926], "min": [-0.5543878439973775], "raw_data_size": "9995"}}