{"user_2_445": {"weights": [0.08833455597950453, 0.2400888664921669, 0.3145059619961784, 0.3570706155321502], "gauss": [0.1401914409134894, 4.507543927646348e-05, 0.044167277989752264, 0.16919475078917262, 4.614285589011721e-05, 0.12004443324608345, 0.21359768087018402, 0.00011376907659596435, 0.1572529809980892, 0.18860392713751511, 5.299784426535014e-05, 0.1785353077660751], "max": [0.14030754755084804, 0.16931360690952382, 0.2138907305915176, 0.18874044053779873], "min": [0.14007533427613075, 0.16907589466882142, 0.21330463114885043, 0.1884674137372315], "raw_data_size": "57"}}