{"user_6_3064": {"weights": 1, "gauss": [0.34191340389207303, 0.0022484394245435016, 0.5], "max": [0.3477050000490668], "min": [0.33612180773507927], "raw_data_size": "9993"}}