{"user_1_3064": {"weights": [1.0], "gauss": [0.3425646575542094, 0.0022864632609126126, 0.5], "max": [0.3484541966231561], "min": [0.3366751184852627], "raw_data_size": "9995"}}