{"user_2_4085": {"weights": [0.1454923724, 0.1841272507, 0.2438710527, 0.4265093243], "gauss": [0.0182183449, 6.33752e-05, 0.0727461862, -0.0777522152, 0.0006726512, 0.0920636253, -0.01076256, 6.81383e-05, 0.1219355263, -0.0354187758, 0.0001122612, 0.2132546621], "max": [0.0183815886, -0.0760195806, -0.0105870473, -0.03512961], "min": [0.0180551011, -0.0794848498, -0.0109380728, -0.0357079416], "raw_data_size": "57"}, "user_1_4085": {"weights": [0.0332990367, 0.0666674081, 0.199334714, 0.3361560818, 0.3645427594], "gauss": [0.0341454521, 1e-06, 0.0166495183, -0.1193289403, 0.0001601755, 0.0333337041, -0.0577226971, 2.12842e-05, 0.099667357, -0.0341381646, 3.10317e-05, 0.1680780409, -0.0081707401, 0.0001341184, 0.1822713797], "max": [0.0341480279, -0.1189163556, -0.0576678725, -0.0340582323, -0.0078252738], "min": [0.0341428763, -0.1197415251, -0.0577775217, -0.0342180968, -0.0085162063], "raw_data_size": "30"}, "user_3_4085": {"weights": [0.1400853224, 0.1612074682, 0.1995046915, 0.2081681529, 0.2910343651], "gauss": [-0.0966988258, 4.2642e-05, 0.0700426612, -0.0601179477, 6.70901e-05, 0.0806037341, 0.0121341793, 8.79794e-05, 0.0997523458, -0.0088684688, 1.48805e-05, 0.1040840764, -0.0313493285, 0.0001059583, 0.1455171825], "max": [-0.0965889874, -0.059945135, 0.0123607991, -0.0088301392, -0.031076398], "min": [-0.0968086642, -0.0602907603, 0.0119075594, -0.0089067985, -0.0316222591], "raw_data_size": "70"}}