{"user_6_639": {"weights": 1, "gauss": [-0.002931448454467666, 0.00039548867018962986, 0.5], "max": [-0.0019127371485716308], "min": [-0.003950159760363701], "raw_data_size": "9993"}}