{"user_3_532": {"weights": [0.1266134150714635, 0.18831502494892552, 0.30310825629716276, 0.3819633036824482], "gauss": [-0.17760748518651015, 0.0003897239109346963, 0.06330670753573175, -0.11443665471624799, 0.0004931184581947597, 0.09415751247446276, -0.06754281420129117, 0.0003532443762884863, 0.15155412814858138, -0.0199480103911279, 0.00037043479034178887, 0.1909816518412241], "max": [-0.1766036229164309, -0.11316646574150907, -0.06663291698553343, -0.018993833603111528], "min": [-0.1786113474565894, -0.11570684369098691, -0.06845271141704891, -0.02090218717914427], "raw_data_size": "70"}}