{"user_3_232": {"weights": [0.168245455851581, 0.22543690882216924, 0.30164684839119194, 0.3046707869350577], "gauss": [0.31000979801328654, 0.0006870147074960188, 0.0841227279257905, 0.2392489694394057, 0.0002517185865646897, 0.11271845441108462, 0.2897992831065379, 0.0001301299062486234, 0.15082342419559597, 0.26641159480404353, 6.073243373937065e-05, 0.15233539346752886], "max": [0.31177943062882385, 0.23989735355092695, 0.2901344755323212, 0.26656803118654526], "min": [0.30824016539774923, 0.23860058532788447, 0.2894640906807546, 0.2662551584215418], "raw_data_size": "70"}}