{"user_5_666": {"weights": [1.0], "gauss": [0.21012514306045044, 0.0015007261260048938, 0.5], "max": [0.21399075739241527], "min": [0.2062595287284856], "raw_data_size": "9994"}}