{"user_1_666": {"weights": [1.0], "gauss": [0.20974289187048006, 0.0014743756290900012, 0.5], "max": [0.21354063182032842], "min": [0.2059451519206317], "raw_data_size": "9995"}}