{"user_2_1008": {"weights": [0.05899485504559365, 5.3315158255494904e-05, 0.04433137755162754, 0.029491392305893677, 5.798984089292898e-05, 0.09124139013385876, 0.010029600109684527, 9.762596465655743e-05, 0.0938302964855418, -0.05145260103828955, 0.00014597569293744731, 0.10067790480049436, -0.011885781708178587, 7.16714077739754e-05, 0.16991903102847755], "gauss": [0.05899485504559365, 5.3315158255494904e-05, 0.04433137755162754, 0.029491392305893677, 5.798984089292898e-05, 0.09124139013385876, 0.010029600109684527, 9.762596465655743e-05, 0.0938302964855418, -0.05145260103828955, 0.00014597569293744731, 0.10067790480049436, -0.011885781708178587, 7.16714077739754e-05, 0.16991903102847755], "max": [0.0591321857925515, 0.029640764237373822, 0.010281067930234117, -0.05107659257081542, -0.011701168395807779], "min": [0.058857524298635805, 0.02934202037441353, 0.009778132289134937, -0.051828609505763686, -0.012070395020549395], "raw_data_size": "57"}}