{"user_1_642": {"weights": 1, "gauss": [0.05772005019932165, 0.0011809599743290995, 0.5], "max": [0.0607620015075169], "min": [0.0546780988911264], "raw_data_size": "9995"}}