{"user_6_876": {"weights": [1.0], "gauss": [-0.40178829702436897, 0.001292036431876169, 0.5], "max": [-0.39846023172188955], "min": [-0.4051163623268484], "raw_data_size": "9993"}}