{"user_1_518": {"weights": 1, "gauss": [-1.0497502133223322, 0.002887585436957523, 0.5], "max": [-1.042312286137316], "min": [-1.0571881405073484], "raw_data_size": "9995"}}