{"user_4_2610": {"weights": [1.0], "gauss": [0.2518453173, 0.0009428964, 0.5], "max": [0.2542740575], "min": [0.2494165772], "raw_data_size": "9996"}, "user_5_2610": {"weights": [1.0], "gauss": [0.2510659923, 0.0009324732, 0.5], "max": [0.253467884], "min": [0.2486641006], "raw_data_size": "9994"}, "user_1_2610": {"weights": [1.0], "gauss": [0.2521900951, 0.0009787437, 0.5], "max": [0.2547111718], "min": [0.2496690184], "raw_data_size": "9995"}, "user_3_2610": {"weights": [1.0], "gauss": [0.252130849, 0.0009761006, 0.5], "max": [0.2546451175], "min": [0.2496165806], "raw_data_size": "9991"}, "user_6_2610": {"weights": [1.0], "gauss": [0.2519685809, 0.0009890146, 0.5], "max": [0.2545161135], "min": [0.2494210482], "raw_data_size": "9993"}, "user_2_2610": {"weights": [1.0], "gauss": [0.2526143349, 0.0009683596, 0.5], "max": [0.2551086639], "min": [0.2501200059], "raw_data_size": "9991"}}