{"user_2_3302": {"weights": [0.1570950262, 0.175353593, 0.2952547904, 0.3722965904], "gauss": [-1.2014577694, 1.56437e-05, 0.0785475131, -1.1587706198, 9.98981e-05, 0.0876767965, -1.3114850184, 0.0013455475, 0.1476273952, -1.2359920651, 0.000261106, 0.1861482952], "max": [-1.2014174739, -1.1585132994, -1.3080191176, -1.2353195008], "min": [-1.201498065, -1.1590279402, -1.3149509192, -1.2366646295], "raw_data_size": "57"}, "user_3_3302": {"weights": [0.2745228873, 0.309029462, 0.4164476508], "gauss": [-1.1625349353, 0.0022587919, 0.1372614436, -1.3018764594, 0.0013530448, 0.154514731, -1.2436047148, 0.0010589254, 0.2082238254], "max": [-1.1567166728, -1.2983912469, -1.2408771037], "min": [-1.1683531977, -1.3053616719, -1.2463323259], "raw_data_size": "70"}, "user_1_3302": {"weights": [0.0985983013, 0.154061646, 0.7473400527], "gauss": [-1.3586150695, 0.0001755799, 0.0492991507, -1.3016918085, 1.20983e-05, 0.077030823, -1.2172561457, 0.0017189601, 0.3736700263], "max": [-1.3581628055, -1.3016606454, -1.212828398], "min": [-1.3590673334, -1.3017229716, -1.2216838934], "raw_data_size": "30"}}