{"user_4_2005": {"weights": [1.0], "gauss": [-0.0032166324, 0.0008254343, 0.5], "max": [-0.0010904545], "min": [-0.0053428102], "raw_data_size": "9996"}, "user_5_2005": {"weights": [1.0], "gauss": [-0.0031807518, 0.0008208719, 0.5], "max": [-0.001066326], "min": [-0.0052951776], "raw_data_size": "9994"}, "user_2_2005": {"weights": [1.0], "gauss": [-0.003121884, 0.0008246684, 0.5], "max": [-0.0009976789], "min": [-0.0052460891], "raw_data_size": "9991"}, "user_6_2005": {"weights": [1.0], "gauss": [-0.0036020891, 0.0008085375, 0.5], "max": [-0.0015194345], "min": [-0.0056847437], "raw_data_size": "9993"}, "user_3_2005": {"weights": [1.0], "gauss": [-0.0029350061, 0.0008373024, 0.5], "max": [-0.0007782582], "min": [-0.0050917541], "raw_data_size": "9991"}, "user_1_2005": {"weights": [1.0], "gauss": [-0.0029799783, 0.0008138199, 0.5], "max": [-0.0008837172], "min": [-0.0050762393], "raw_data_size": "9995"}}