{"user_1_447": {"weights": 1, "gauss": [-0.020905768084350042, 0.0031533870146783485, 0.5], "max": [-0.012783181406510967], "min": [-0.029028354762189117], "raw_data_size": "9995"}}