{"user_2_447": {"weights": 1, "gauss": [-0.02148943203083114, 0.0031180322641502344, 0.5], "max": [-0.01345791315542204], "min": [-0.02952095090624024], "raw_data_size": "9991"}}