{"user_1_2405": {"weights": [0.09932089721994428, 0.20378500393427892, 0.28476080893890493, 0.41213328990687187], "gauss": [-0.6894064195436916, 0.00034566897706053603, 0.04966044860997214, -0.5939287451552594, 0.0004593231007715405, 0.10189250196713946, -0.5384567811561611, 0.00026422533503109205, 0.14238040446945247, -0.4833306428868777, 0.00028393806762841325, 0.20606664495343593], "max": [-0.6885160352632513, -0.5927456072524951, -0.5377761817954481, -0.4825992668918874], "min": [-0.6902968038241319, -0.5951118830580236, -0.5391373805168742, -0.484062018881868], "raw_data_size": "30"}}