{"user_6_2539": {"weights": 1, "gauss": [0.3976043432566177, 0.0023042791837336587, 0.5], "max": [0.4035397731016366], "min": [0.3916689134115988], "raw_data_size": "9993"}}