{"user_3_168": {"weights": [1.0], "gauss": [0.10270304127626499, 0.0010673360022564842, 0.5], "max": [0.10545231662760998], "min": [0.09995376592492], "raw_data_size": "9991"}}