{"user_1_3867": {"weights": [1.0], "gauss": [-0.26515318409647426, 0.0013284493255710645, 0.5], "max": [-0.2617313253953885], "min": [-0.26857504279756], "raw_data_size": "9995"}}