{"user_5_4020": {"weights": [1.0], "gauss": [-0.0150966082, 0.0008213064, 0.5], "max": [-0.0129810632], "min": [-0.0172121531], "raw_data_size": "9994"}, "user_2_4020": {"weights": [1.0], "gauss": [-0.0145242912, 0.0008109245, 0.5], "max": [-0.0124354881], "min": [-0.0166130943], "raw_data_size": "9991"}, "user_6_4020": {"weights": [1.0], "gauss": [-0.0143288756, 0.0008011163, 0.5], "max": [-0.0122653368], "min": [-0.0163924145], "raw_data_size": "9993"}, "user_4_4020": {"weights": [1.0], "gauss": [-0.0147344311, 0.0008076843, 0.5], "max": [-0.0126539742], "min": [-0.016814888], "raw_data_size": "9996"}, "user_1_4020": {"weights": [1.0], "gauss": [-0.0148422848, 0.0008064082, 0.5], "max": [-0.0127651149], "min": [-0.0169194547], "raw_data_size": "9995"}, "user_3_4020": {"weights": [1.0], "gauss": [-0.0149303314, 0.0008332533, 0.5], "max": [-0.0127840132], "min": [-0.0170766497], "raw_data_size": "9991"}}