{"user_6_3259": {"weights": 1, "gauss": [-0.44216045153354494, 0.006103669904889668, 0.5], "max": [-0.4264384397333406], "min": [-0.45788246333374927], "raw_data_size": "9993"}}