{"user_2_2574": {"weights": [-0.0038719769, 0.0001573208, 0.0356235951, 0.027506044, 4.6259e-06, 0.0514489979, 0.0391709552, 1.12333e-05, 0.1083754501, 0.0512502981, 4.90038e-05, 0.1406849835, 0.0675110826, 0.0001026918, 0.1638669734], "gauss": [-0.0038719769, 0.0001573208, 0.0356235951, 0.027506044, 4.6259e-06, 0.0514489979, 0.0391709552, 1.12333e-05, 0.1083754501, 0.0512502981, 4.90038e-05, 0.1406849835, 0.0675110826, 0.0001026918, 0.1638669734], "max": [-0.0034667453, 0.0275179597, 0.0391998902, 0.0513765234, 0.0677755992], "min": [-0.0042772086, 0.0274941284, 0.0391420202, 0.0511240728, 0.0672465659], "raw_data_size": "57"}, "user_3_2574": {"weights": [0.0796845703, 0.1046508439, 0.1302561679, 0.2100481041, 0.4753603138], "gauss": [-0.004577762, 0.000318575, 0.0398422851, 0.0790205903, 0.0001156871, 0.052325422, 0.016810284, 4.40645e-05, 0.0651280839, 0.0353902397, 4.97192e-05, 0.1050240521, 0.0564399174, 5.91708e-05, 0.2376801569], "max": [-0.0037571673, 0.0793185806, 0.0169237866, 0.0355183078, 0.0565923313], "min": [-0.0053983568, 0.0787226001, 0.0166967813, 0.0352621715, 0.0562875034], "raw_data_size": "70"}, "user_1_2574": {"weights": [0.2612213994, 0.7387786006], "gauss": [0.0348941557, 0.0005892925, 0.1306106997, 0.0525709368, 0.0001384036, 0.3693893003], "max": [0.0364120725, 0.0529274409], "min": [0.0333762389, 0.0522144328], "raw_data_size": "30"}}