{"user_2_313": {"weights": [1.0], "gauss": [0.5304307773, 0.0012523475, 0.5], "max": [0.5336566107], "min": [0.5272049439], "raw_data_size": "9991"}, "user_1_313": {"weights": [1.0], "gauss": [0.5303631252, 0.0012284627, 0.5], "max": [0.5335274355], "min": [0.527198815], "raw_data_size": "9995"}, "user_4_313": {"weights": [1.0], "gauss": [0.5305787713, 0.0012560439, 0.5], "max": [0.5338141259], "min": [0.5273434167], "raw_data_size": "9996"}, "user_6_313": {"weights": [1.0], "gauss": [0.5304512457, 0.0012434432, 0.5], "max": [0.533654143], "min": [0.5272483483], "raw_data_size": "9993"}, "user_3_313": {"weights": [1.0], "gauss": [0.5308999903, 0.0012380661, 0.5], "max": [0.5340890373], "min": [0.5277109432], "raw_data_size": "9991"}, "user_5_313": {"weights": [1.0], "gauss": [0.5304109725, 0.0012364308, 0.5], "max": [0.5335958073], "min": [0.5272261377], "raw_data_size": "9994"}}