{"user_3_2620": {"weights": [1.0], "gauss": [0.18164009271811696, 0.0017805584645066142, 0.5], "max": [0.18622650738767513], "min": [0.1770536780485588], "raw_data_size": "9991"}}