{"user_2_1781": {"weights": [-0.06627857603400367, 2.4436568370427056e-05, 0.05838308543805451, -0.000899071746890398, 0.00011513124301160759, 0.06326964471843587, -0.024831057940524377, 8.159546484954225e-05, 0.08778954092051913, -0.08126228990851377, 7.398315433448485e-05, 0.10480917095713967, -0.04493060177178111, 4.0948452857103964e-05, 0.18574855796585082], "gauss": [-0.06627857603400367, 2.4436568370427056e-05, 0.05838308543805451, -0.000899071746890398, 0.00011513124301160759, 0.06326964471843587, -0.024831057940524377, 8.159546484954225e-05, 0.08778954092051913, -0.08126228990851377, 7.398315433448485e-05, 0.10480917095713967, -0.04493060177178111, 4.0948452857103964e-05, 0.18574855796585082], "max": [-0.06621563160511694, -0.0006025133173870896, -0.024620881951128232, -0.08107172193161002, -0.04482512554697679], "min": [-0.0663415204628904, -0.0011956301763937065, -0.025041233929920522, -0.0814528578854175, -0.04503607799658543], "raw_data_size": "57"}}