{"user_2_2376": {"weights": 1, "gauss": [0.1226175, 0.0007194453, 0.5], "max": [0.1244706683], "min": [0.1207643317], "raw_data_size": "9991"}, "user_3_2376": {"weights": 1, "gauss": [0.1224609196, 0.0007001885, 0.5], "max": [0.1242644856], "min": [0.1206573537], "raw_data_size": "9991"}, "user_5_2376": {"weights": 1, "gauss": [0.121943296, 0.0007043629, 0.5], "max": [0.1237576146], "min": [0.1201289775], "raw_data_size": "9994"}, "user_1_2376": {"weights": 1, "gauss": [0.122024289, 0.0007111115, 0.5], "max": [0.123855991], "min": [0.120192587], "raw_data_size": "9995"}, "user_4_2376": {"weights": 1, "gauss": [0.1222130184, 0.0007162421, 0.5], "max": [0.1240579359], "min": [0.120368101], "raw_data_size": "9996"}, "user_6_2376": {"weights": 1, "gauss": [0.1226284998, 0.000695058, 0.5], "max": [0.1244188506], "min": [0.120838149], "raw_data_size": "9993"}}