{"user_3_3294": {"weights": [1.0], "gauss": [0.05734626630862911, 0.0033266091605907906, 0.5], "max": [0.06591504366593308], "min": [0.04877748895132514], "raw_data_size": "9991"}}