{"user_1_3294": {"weights": [1.0], "gauss": [0.05711068782445314, 0.00340137217866158, 0.5], "max": [0.0658720419545256], "min": [0.04834933369438067], "raw_data_size": "9995"}}