{"user_4_1601": {"weights": 1, "gauss": [-1.0243421758672715, 0.00253419982370237, 0.5], "max": [-1.0178145097003304], "min": [-1.0308698420342126], "raw_data_size": "9996"}}