{"user_6_2670": {"weights": 1, "gauss": [-0.10988673690265328, 0.001073137261753014, 0.5], "max": [-0.10712251849709964], "min": [-0.11265095530820693], "raw_data_size": "9993"}}