{"user_1_1142": {"weights": [0.19983993383804918, 0.20351097191630516, 0.5966490942456457], "gauss": [0.3584260794568601, 1.023783427389524e-05, 0.09991996691902459, 0.381841428406526, 9.779426763969934e-05, 0.10175548595815258, 0.3249666016963151, 0.0007692389417687369, 0.29832454712282286], "max": [0.3584524503703877, 0.38209332974683147, 0.32694802990395394], "min": [0.35839970854333253, 0.38158952706622057, 0.3229851734886762], "raw_data_size": "30"}}