{"user_3_3977": {"weights": [1.0], "gauss": [0.23101526529065103, 0.003889363009769226, 0.5], "max": [0.24103360050335376], "min": [0.2209969300779483], "raw_data_size": "9991"}}