{"user_1_1511": {"weights": [1.0], "gauss": [0.19882716177491933, 0.0011460865510283236, 0.5], "max": [0.20177928509746137], "min": [0.19587503845237728], "raw_data_size": "9995"}}