{"user_4_3073": {"weights": 1, "gauss": [0.1864035395712791, 0.0008586273895474843, 0.5], "max": [0.1886152171621052], "min": [0.18419186198045298], "raw_data_size": "9996"}}