{"user_3_339": {"weights": [0.2532252889, 0.3397411416, 0.4070335694], "gauss": [0.5527471013, 0.0001217395, 0.1266126445, 0.5892011595, 0.0005602855, 0.1698705708, 0.5330864169, 0.000222154, 0.2035167847], "max": [0.5530606815, 0.5906443593, 0.5336586476], "min": [0.5524335211, 0.5877579598, 0.5325141862], "raw_data_size": "70"}, "user_1_339": {"weights": [0.4119894407, 0.5880105593], "gauss": [0.5759366631, 0.0001572682, 0.2059947204, 0.5386693559, 0.0003857364, 0.2940052796], "max": [0.5763417592, 0.5396629472], "min": [0.5755315671, 0.5376757647], "raw_data_size": "30"}, "user_2_339": {"weights": [0.5045200661, 3.05709e-05, 0.0280478247, 0.5215317986, 2.44461e-05, 0.0661014669, 0.5576239796, 7.26605e-05, 0.1182279458, 0.5380755276, 8.19191e-05, 0.1228986783, 0.582096384, 0.0002144708, 0.1647240844], "gauss": [0.5045200661, 3.05709e-05, 0.0280478247, 0.5215317986, 2.44461e-05, 0.0661014669, 0.5576239796, 7.26605e-05, 0.1182279458, 0.5380755276, 8.19191e-05, 0.1228986783, 0.582096384, 0.0002144708, 0.1647240844], "max": [0.5045988116, 0.5215947675, 0.5578111407, 0.5382865372, 0.5826488242], "min": [0.5044413206, 0.5214688297, 0.5574368185, 0.5378645181, 0.5815439438], "raw_data_size": "57"}}