{"user_4_31": {"weights": 1, "gauss": [0.4097248283, 0.0013256418, 0.5], "max": [0.4131394553], "min": [0.4063102013], "raw_data_size": "9996"}, "user_2_31": {"weights": 1, "gauss": [0.4102879835, 0.0013505767, 0.5], "max": [0.4137668385], "min": [0.4068091284], "raw_data_size": "9991"}, "user_1_31": {"weights": 1, "gauss": [0.4096626652, 0.001354322, 0.5], "max": [0.4131511674], "min": [0.406174163], "raw_data_size": "9995"}, "user_6_31": {"weights": 1, "gauss": [0.4097366516, 0.0013451274, 0.5], "max": [0.4132014702], "min": [0.406271833], "raw_data_size": "9993"}, "user_3_31": {"weights": 1, "gauss": [0.4101757054, 0.0013461967, 0.5], "max": [0.4136432782], "min": [0.4067081326], "raw_data_size": "9991"}, "user_5_31": {"weights": 1, "gauss": [0.4098885056, 0.0013507076, 0.5], "max": [0.4133676979], "min": [0.4064093133], "raw_data_size": "9994"}}