{"user_2_2890": {"weights": [1.0], "gauss": [-0.27396954214183583, 0.0007733132431758789, 0.5], "max": [-0.27197761922924096], "min": [-0.2759614650544307], "raw_data_size": "9991"}}