{"user_1_2890": {"weights": [1.0], "gauss": [-0.2742665518217072, 0.0007702224207881266, 0.5], "max": [-0.2722825903399908], "min": [-0.27625051330342365], "raw_data_size": "9995"}}