{"user_3_2994": {"weights": [0.143010856654024, 0.1903957002340771, 0.218786644273296, 0.44780679883860297], "gauss": [0.45466799584930323, 0.00014168423745972058, 0.071505428327012, 0.3353185462857887, 0.0002351965780668226, 0.09519785011703855, 0.40485165621370667, 0.00014657994364863824, 0.109393322136648, 0.36723239586340234, 0.0001279220485709821, 0.22390339941930149], "max": [0.45503295026000296, 0.3359243725236677, 0.40522922112786935, 0.36756190122468146], "min": [0.4543030414386035, 0.33471272004790975, 0.404474091299544, 0.3669028905021232], "raw_data_size": "70"}}