{"user_3_1299": {"weights": [1.0], "gauss": [-0.6976335604173389, 0.00337048610974791, 0.5], "max": [-0.6889517635286457], "min": [-0.7063153573060321], "raw_data_size": "9991"}}