{"user_1_826": {"weights": [1.0], "gauss": [0.09524446906315287, 0.002593924661672193, 0.5], "max": [0.10192597621788627], "min": [0.08856296190841947], "raw_data_size": "9995"}}