{"user_4_826": {"weights": [1.0], "gauss": [0.09655166385691984, 0.002554078605109503, 0.5], "max": [0.10313053437152819], "min": [0.08997279334231148], "raw_data_size": "9996"}}