{"user_1_686": {"weights": 1, "gauss": [-0.1444724333, 0.0010664478, 0.5], "max": [-0.1417254457], "min": [-0.1472194208], "raw_data_size": "9995"}, "user_2_686": {"weights": 1, "gauss": [-0.1448385348, 0.0010459505, 0.5], "max": [-0.1421443449], "min": [-0.1475327247], "raw_data_size": "9991"}, "user_3_686": {"weights": 1, "gauss": [-0.1453221709, 0.0010422702, 0.5], "max": [-0.1426374609], "min": [-0.1480068809], "raw_data_size": "9991"}, "user_4_686": {"weights": 1, "gauss": [-0.145309377, 0.0010307047, 0.5], "max": [-0.1426544577], "min": [-0.1479642964], "raw_data_size": "9996"}, "user_6_686": {"weights": 1, "gauss": [-0.1452133394, 0.0010190246, 0.5], "max": [-0.1425885061], "min": [-0.1478381728], "raw_data_size": "9993"}, "user_5_686": {"weights": 1, "gauss": [-0.1448064032, 0.0010497578, 0.5], "max": [-0.1421024062], "min": [-0.1475104001], "raw_data_size": "9994"}}