{"user_3_3948": {"weights": [0.08795046434784204, 0.28393813396019435, 0.6281114016919636], "gauss": [0.4940616827905896, 0.00019909089832267812, 0.04397523217392102, 0.4504682446337802, 0.0002973070705561677, 0.14196906698009717, 0.41643439300792956, 0.0006094562881275568, 0.3140557008459818], "max": [0.49457450696055905, 0.45123405689827106, 0.41800424837412065], "min": [0.49354885862062015, 0.44970243236928936, 0.4148645376417385], "raw_data_size": "70"}}