{"user_2_1530": {"weights": 1, "gauss": [-0.1545989648462287, 0.0011507584927444605, 0.5], "max": [-0.15163480739930976], "min": [-0.15756312229314764], "raw_data_size": "9991"}}