{"user_1_3817": {"weights": [0.2756909647, 0.3294939836, 0.3948150516], "gauss": [-0.4228236935, 0.0003951643, 0.1378454824, -0.3364972429, 0.0003188125, 0.1647469918, -0.3855438568, 0.0002448548, 0.1974075258], "max": [-0.4218058176, -0.3356760362, -0.3849131526], "min": [-0.4238415693, -0.3373184495, -0.386174561], "raw_data_size": "30"}, "user_3_3817": {"weights": [0.1300289305, 0.1320072378, 0.324399091, 0.4135647406], "gauss": [-0.4603813399, 0.0002633003, 0.0650144652, -0.3210443869, 0.0002735674, 0.0660036189, -0.4026783159, 0.0001939129, 0.1621995455, -0.3739378845, 0.0002059542, 0.2067823703], "max": [-0.4597031232, -0.320339724, -0.4021788295, -0.3734073815], "min": [-0.4610595565, -0.3217490498, -0.4031778024, -0.3744683875], "raw_data_size": "70"}, "user_2_3817": {"weights": [0.1950093502, 0.197682461, 0.238134608, 0.3691735807], "gauss": [-0.3334820405, 0.0002875247, 0.0975046751, -0.4331262596, 0.0001519763, 0.0988412305, -0.3603375812, 7.29972e-05, 0.119067304, -0.3928234617, 0.0001306643, 0.1845867904], "max": [-0.3327414259, -0.4327347945, -0.360149553, -0.3924868928], "min": [-0.3342226551, -0.4335177247, -0.3605256095, -0.3931600306], "raw_data_size": "57"}}