{"user_4_2242": {"weights": 1, "gauss": [-0.5510720040029913, 0.0012572759615312168, 0.5], "max": [-0.5478334757386315], "min": [-0.554310532267351], "raw_data_size": "9996"}}