{"user_1_1370": {"weights": [1.0], "gauss": [0.12743016257882114, 0.001397217789832614, 0.5], "max": [0.13102915710531182], "min": [0.12383116805233046], "raw_data_size": "30"}}