{"user_2_2099": {"weights": [0.069551406, 0.1912157313, 0.2271712494, 0.2533446272, 0.2587169861], "gauss": [0.2986582331, 7.91266e-05, 0.034775703, 0.2377717598, 0.0001206926, 0.0956078657, 0.2629689647, 8.06531e-05, 0.1135856247, 0.1634722224, 0.0001713307, 0.1266723136, 0.2045228954, 0.0002023221, 0.129358493], "max": [0.2988620498, 0.2380826435, 0.2631767132, 0.1639135409, 0.2050440425], "min": [0.2984544165, 0.2374608762, 0.2627612162, 0.1630309038, 0.2040017484], "raw_data_size": "57"}, "user_1_2099": {"weights": [1.0], "gauss": [0.2153162196, 0.0020278546, 0.5], "max": [0.2205396269], "min": [0.2100928123], "raw_data_size": "30"}, "user_3_2099": {"weights": [0.0717282807, 0.18793114, 0.2273379268, 0.5130026525], "gauss": [0.1301328427, 6.62012e-05, 0.0358641404, 0.2716969738, 0.0001992974, 0.09396557, 0.1644786086, 0.0001110474, 0.1136689634, 0.2265090471, 0.0002442106, 0.2565013263], "max": [0.1303033657, 0.2722103298, 0.1647646479, 0.2271380918], "min": [0.1299623197, 0.2711836178, 0.1641925694, 0.2258800023], "raw_data_size": "70"}}