{"user_2_1349": {"weights": [0.017543442703976248, 0.40441532408262926, 0.5780412332133945], "gauss": [0.16193784773349723, 1.0000000000555111e-06, 0.008771721351988124, 0.06786196585466497, 0.00015946105872297823, 0.20220766204131463, 0.09535275298625598, 0.0001956088701163945, 0.28902061660669726], "max": [0.16194042356280092, 0.06827271032249856, 0.09585660804593588], "min": [0.16193527190419355, 0.06745122138683139, 0.09484889792657608], "raw_data_size": "57"}}