{"user_3_1283": {"weights": [1.0], "gauss": [-0.33329572486117676, 0.0008625522971269219, 0.5], "max": [-0.3310739373783938], "min": [-0.3355175123439597], "raw_data_size": "9991"}}