{"user_1_381": {"weights": [0.06666679491363567, 0.08018672335119212, 0.09999987174088111, 0.19691759951196472, 0.5562290104823263], "gauss": [0.47395337747522337, 7.055916418710517e-05, 0.033333397456817834, 0.29693547818532107, 8.7457132711798e-05, 0.04009336167559606, 0.4314125851469331, 3.7869451488249372e-06, 0.049999935870440555, 0.3813130212433214, 5.154779917121332e-05, 0.09845879975598236, 0.3371029871182117, 0.00019170091881422113, 0.27811450524116316], "max": [0.4741351258379704, 0.2971607528305645, 0.43142233967121835, 0.38144579957496005, 0.3375967759624106], "min": [0.47377162911247633, 0.29671020354007765, 0.43140283062264784, 0.38118024291168273, 0.33660919827401276], "raw_data_size": "30"}}