{"user_2_381": {"weights": [0.18932269638837892, 0.810677303611621], "gauss": [0.4266127902047042, 0.0012681489195119622, 0.09466134819418946, 0.3417251561278705, 0.0007273616552368735, 0.4053386518058105], "max": [0.429879325352847, 0.34359871559370747], "min": [0.4233462550565614, 0.3398515966620336], "raw_data_size": "57"}}