{"user_4_177": {"weights": [1.0], "gauss": [0.08177579205338599, 0.005770311758498732, 0.5], "max": [0.09663913017153981], "min": [0.06691245393523217], "raw_data_size": "9996"}}