{"user_3_147": {"weights": [0.07655722, 0.1717180914, 0.3304712357, 0.4212534529], "gauss": [0.3965623772, 6.12739e-05, 0.03827861, 0.2829642556, 0.0003873308, 0.0858590457, 0.3627347213, 9.22667e-05, 0.1652356179, 0.3215058694, 0.0002566669, 0.2106267265], "max": [0.3967202083, 0.2839619536, 0.3629723845, 0.3221669995], "min": [0.3964045462, 0.2819665576, 0.3624970582, 0.3208447394], "raw_data_size": "70"}, "user_1_147": {"weights": [0.1750075428, 0.4021924061, 0.4228000511], "gauss": [0.2868116142, 0.0012056042, 0.0875037714, 0.3595197011, 0.000168344, 0.201096203, 0.3225112222, 0.0001670406, 0.2114000256], "max": [0.2899170449, 0.3599533265, 0.3229414904], "min": [0.2837061835, 0.3590860757, 0.3220809541], "raw_data_size": "30"}, "user_2_147": {"weights": [0.2780292105, 0.7219707895], "gauss": [0.3043160094, 0.0009171029, 0.1390146053, 0.3406698014, 0.0005559451, 0.3609853947], "max": [0.30667831, 0.342101821], "min": [0.3019537089, 0.3392377817], "raw_data_size": "57"}}