{"user_3_2530": {"weights": [0.0647037362, 0.0968985269, 0.2082266205, 0.2620140852, 0.3681570312], "gauss": [0.4344159268, 2.83641e-05, 0.0323518681, 0.2507862737, 0.0003398747, 0.0484492634, 0.3873175374, 0.0002591262, 0.1041133103, 0.3478148828, 5.44688e-05, 0.1310070426, 0.3213156015, 0.0002490038, 0.1840785156], "max": [0.4344889878, 0.2516617329, 0.3879850022, 0.3479551851, 0.3219569929], "min": [0.4343428659, 0.2499108145, 0.3866500725, 0.3476745805, 0.3206742102], "raw_data_size": "70"}, "user_2_2530": {"weights": [0.0693078051, 0.0732592325, 0.1873752701, 0.3083545884, 0.3617031038], "gauss": [0.2387190045, 0.0004373525, 0.0346539026, 0.4130492213, 6.01891e-05, 0.0366296163, 0.3067251933, 0.0002906311, 0.0936876351, 0.3497008744, 0.0001230448, 0.1541772942, 0.3815442746, 0.0001246311, 0.1808515519], "max": [0.23984555, 0.4132042581, 0.3074738094, 0.3500178168, 0.3818653031], "min": [0.237592459, 0.4128941844, 0.3059765772, 0.349383932, 0.3812232461], "raw_data_size": "57"}, "user_1_2530": {"weights": [0.0666643088, 0.9333356912], "gauss": [0.220485489, 6.83889e-05, 0.0333321544, 0.3588079081, 0.0007331023, 0.4666678456], "max": [0.2206616471, 0.3606962545], "min": [0.220309331, 0.3569195617], "raw_data_size": "30"}}