{"user_5_428": {"weights": [1.0], "gauss": [0.1273419438, 0.0012604548, 0.5], "max": [0.1305886601], "min": [0.1240952274], "raw_data_size": "9994"}, "user_1_428": {"weights": [1.0], "gauss": [0.127449374, 0.0012488954, 0.5], "max": [0.1306663154], "min": [0.1242324327], "raw_data_size": "9995"}, "user_2_428": {"weights": [1.0], "gauss": [0.1277895391, 0.001336658, 0.5], "max": [0.1312325418], "min": [0.1243465363], "raw_data_size": "9991"}, "user_4_428": {"weights": [1.0], "gauss": [0.1278746707, 0.0012997057, 0.5], "max": [0.1312224908], "min": [0.1245268506], "raw_data_size": "9996"}, "user_6_428": {"weights": [1.0], "gauss": [0.1278689372, 0.0013155078, 0.5], "max": [0.1312574606], "min": [0.1244804137], "raw_data_size": "9993"}, "user_3_428": {"weights": [1.0], "gauss": [0.1274861762, 0.0012802133, 0.5], "max": [0.1307837871], "min": [0.1241885652], "raw_data_size": "9991"}}