{"user_3_3469": {"weights": [0.19445249507271686, 0.22983077348458678, 0.5757167314426963], "gauss": [-0.3699418236838605, 0.0007103675144831113, 0.09722624753635843, -0.47194015285613705, 0.0001604395573368823, 0.11491538674229339, -0.41272655635114264, 0.0002556253609095606, 0.28785836572134815], "max": [-0.3681120382237657, -0.4715268879429003, -0.4120681090557815], "min": [-0.37177160914395535, -0.4723534177693738, -0.41338500364650377], "raw_data_size": "70"}}