{"user_2_3469": {"weights": [0.09259513316435015, 0.1553675477153005, 0.17530102274308357, 0.283637249727707, 0.293099046649559], "gauss": [-0.47518602018877004, 0.0003404422293456212, 0.04629756658217508, -0.3798653949445668, 0.00016139133845777153, 0.07768377385765025, -0.4210998719495155, 3.302368478893991e-05, 0.08765051137154178, -0.39704013419537626, 6.923443801115547e-05, 0.1418186248638535, -0.4467028448178547, 5.911728218801937e-05, 0.1465495233247795], "max": [-0.4743090991182561, -0.37944967840562827, -0.42101480857452495, -0.39686179810113237, -0.4465505687900486], "min": [-0.476062941259284, -0.3802811114835053, -0.421184935324506, -0.39721847028962015, -0.4468551208456608], "raw_data_size": "57"}}