{"user_5_2694": {"weights": 1, "gauss": [0.5231913170392019, 0.0022875547549677513, 0.5], "max": [0.5290836676105204], "min": [0.5172989664678833], "raw_data_size": "9994"}}