{"user_4_3529": {"weights": [1.0], "gauss": [0.2585964263134353, 0.0011588625853904122, 0.5], "max": [0.2615814585196704], "min": [0.25561139410720024], "raw_data_size": "9996"}}