{"user_3_3529": {"weights": 1, "gauss": [0.258654713985075, 0.0011296240488245502, 0.5], "max": [0.26156443271203084], "min": [0.25574499525811917], "raw_data_size": "9991"}}