{"user_2_3013": {"weights": [1.0], "gauss": [-0.43013794239182257, 0.0018130823223706227, 0.5], "max": [-0.42546775181611385], "min": [-0.4348081329675313], "raw_data_size": "9991"}}