{"user_1_1052": {"weights": [0.23272171309039766, 0.29108465570796155, 0.4761936312016409], "gauss": [-0.07485394887345018, 2.03023906054279e-05, 0.11636085654519883, 0.02195608178422696, 0.0003966542016781452, 0.14554232785398077, -0.026121182101898097, 0.00018205888589101506, 0.23809681560082044], "max": [-0.07480165338079663, 0.022977795300285323, -0.025652229488648554], "min": [-0.07490624436610373, 0.020934368268168597, -0.02659013471514764], "raw_data_size": "30"}}