{"user_1_1858": {"weights": [1.0], "gauss": [0.2819398945654971, 0.006758983400816695, 0.5], "max": [0.29934988207152136], "min": [0.2645299070594729], "raw_data_size": "9995"}}