{"user_6_1858": {"weights": 1, "gauss": [0.2819274587890773, 0.0063726678659202915, 0.5], "max": [0.2983423634198992], "min": [0.2655125541582554], "raw_data_size": "9993"}}