{"user_5_1858": {"weights": [1.0], "gauss": [0.28173663439814234, 0.006414260616974018, 0.5], "max": [0.29825867485594365], "min": [0.265214593940341], "raw_data_size": "9994"}}