{"user_1_3779": {"weights": [0.0999671851, 0.1294295537, 0.1943303737, 0.5762728876], "gauss": [-0.0619209588, 0.0001295907, 0.0499835925, -0.1885157626, 2.75159e-05, 0.0647147768, -0.1253112829, 7.43633e-05, 0.0971651868, -0.2319930092, 0.0014893468, 0.2881364438], "max": [-0.0615871553, -0.1884448864, -0.1251197357, -0.2281567061], "min": [-0.0622547622, -0.1885866388, -0.12550283, -0.2358293124], "raw_data_size": "30"}, "user_2_3779": {"weights": [-0.0580489791, 0.0001655488, 0.0438036707, -0.2221634247, 9.99002e-05, 0.0987016368, -0.1883871509, 7.45376e-05, 0.1153694128, -0.1358414682, 0.0002879778, 0.1178326907, -0.2622281427, 0.0003088665, 0.124292589], "gauss": [-0.0580489791, 0.0001655488, 0.0438036707, -0.2221634247, 9.99002e-05, 0.0987016368, -0.1883871509, 7.45376e-05, 0.1153694128, -0.1358414682, 0.0002879778, 0.1178326907, -0.2622281427, 0.0003088665, 0.124292589], "max": [-0.0576225537, -0.2219060988, -0.1881951548, -0.1350996867, -0.2614325554], "min": [-0.0584754045, -0.2224207507, -0.1885791469, -0.1365832498, -0.2630237299], "raw_data_size": "57"}, "user_3_3779": {"weights": [-0.3383114984, 0.0001241347, 0.0285215885, -0.0752397988, 0.0004363162, 0.0484905528, -0.128121539, 0.0002535522, 0.097443321, -0.2513198126, 0.000306208, 0.1490435344, -0.1873269818, 0.0003227651, 0.1765010034], "gauss": [-0.3383114984, 0.0001241347, 0.0285215885, -0.0752397988, 0.0004363162, 0.0484905528, -0.128121539, 0.0002535522, 0.097443321, -0.2513198126, 0.000306208, 0.1490435344, -0.1873269818, 0.0003227651, 0.1765010034], "max": [-0.3379917487, -0.0741159228, -0.1274684318, -0.2505310732, -0.1864955939], "min": [-0.3386312482, -0.0763636747, -0.1287746461, -0.2521085521, -0.1881583696], "raw_data_size": "70"}}