{"user_3_3979": {"weights": [0.0284735566, 0.1955594542, 0.3802941051, 0.3956728841], "gauss": [0.4489636741, 5.83937e-05, 0.0142367783, 0.2910295355, 8.08379e-05, 0.0977797271, 0.3700471573, 0.0003566972, 0.1901470525, 0.3327681534, 0.0002220535, 0.1978364421], "max": [0.4491140863, 0.2912377601, 0.3709659483, 0.3333401253], "min": [0.4488132619, 0.2908213109, 0.3691283663, 0.3321961816], "raw_data_size": "70"}, "user_2_3979": {"weights": [0.1731783391, 0.1886619606, 0.2002373188, 0.2136029602, 0.2243194213], "gauss": [0.3247344521, 2.37793e-05, 0.0865891695, 0.3898131227, 0.0001274143, 0.0943309803, 0.337647319, 8.94346e-05, 0.1001186594, 0.2937655286, 0.0003691062, 0.1068014801, 0.3557671413, 0.0001104158, 0.1121597106], "max": [0.3247957036, 0.3901413202, 0.3378776872, 0.2947162831, 0.3560515536], "min": [0.3246732007, 0.3894849252, 0.3374169509, 0.292814774, 0.3554827289], "raw_data_size": "57"}, "user_1_3979": {"weights": [0.0333332593, 0.1335141278, 0.1909212898, 0.2578105442, 0.3844207788], "gauss": [0.278955996, 1e-06, 0.0166666297, 0.3018739015, 2.03629e-05, 0.0667570639, 0.3461294801, 9.57476e-05, 0.0954606449, 0.3867558036, 0.0002309663, 0.1289052721, 0.3250823321, 1.91802e-05, 0.1922103894], "max": [0.2789585719, 0.3019263529, 0.3463761095, 0.3873507334, 0.3251317369], "min": [0.2789534202, 0.3018214501, 0.3458828508, 0.3861608739, 0.3250329272], "raw_data_size": "30"}}