{"user_5_1683": {"weights": 1, "gauss": [0.03136184852792203, 0.0027828612826704658, 0.5], "max": [0.03853002416753629], "min": [0.024193672888307764], "raw_data_size": "9994"}}