{"user_1_825": {"weights": 1, "gauss": [-0.08757147899789444, 0.0016839737699898417, 0.5], "max": [-0.0832338500147469], "min": [-0.09190910798104199], "raw_data_size": "9995"}}