{"user_2_825": {"weights": 1, "gauss": [-0.08739272699127157, 0.0015999100628639599, 0.5], "max": [-0.08327163176830382], "min": [-0.09151382221423932], "raw_data_size": "9991"}}