{"user_3_408": {"weights": 1, "gauss": [0.1729270968876668, 0.0008049154367470575, 0.5], "max": [0.17500042165651875], "min": [0.17085377211881486], "raw_data_size": "9991"}}