{"user_3_3792": {"weights": [0.08971546197149895, 0.2655384253050953, 0.6447461127234057], "gauss": [-0.1636740040048615, 0.001007749679788258, 0.044857730985749474, -0.2550875599268231, 0.0006732835091852453, 0.13276921265254765, -0.34652843359835533, 0.0009099779204548843, 0.3223730563617028], "max": [-0.1610782128490209, -0.25335329653426747, -0.3441844858052652], "min": [-0.16626979516070212, -0.2568218233193787, -0.3488723813914455], "raw_data_size": "70"}}