{"user_1_1115": {"weights": [1.0], "gauss": [0.3912534812, 0.001061987, 0.5], "max": [0.3939889785], "min": [0.388517984], "raw_data_size": "9995"}, "user_4_1115": {"weights": [1.0], "gauss": [0.3908622617, 0.0010665287, 0.5], "max": [0.3936094576], "min": [0.3881150658], "raw_data_size": "9996"}, "user_6_1115": {"weights": [1.0], "gauss": [0.3910163986, 0.0010699826, 0.5], "max": [0.3937724911], "min": [0.3882603061], "raw_data_size": "9993"}, "user_2_1115": {"weights": [1.0], "gauss": [0.3911484465, 0.001087441, 0.5], "max": [0.3939495088], "min": [0.3883473841], "raw_data_size": "9991"}, "user_5_1115": {"weights": [1.0], "gauss": [0.3906791083, 0.0010816783, 0.5], "max": [0.3934653269], "min": [0.3878928897], "raw_data_size": "9994"}, "user_3_1115": {"weights": [1.0], "gauss": [0.3912328406, 0.0010485863, 0.5], "max": [0.3939338199], "min": [0.3885318612], "raw_data_size": "9991"}}