{"user_1_3658": {"weights": [-0.0513577696, 6.59773e-05, 0.0289971936, 0.0914236459, 3.22186e-05, 0.0333223361, 0.0518919954, 7.38513e-05, 0.049983735, 0.0101848875, 5.81572e-05, 0.133260894, -0.0279310888, 4.30936e-05, 0.2544358413], "gauss": [-0.0513577696, 6.59773e-05, 0.0289971936, 0.0914236459, 3.22186e-05, 0.0333223361, 0.0518919954, 7.38513e-05, 0.049983735, 0.0101848875, 5.81572e-05, 0.133260894, -0.0279310888, 4.30936e-05, 0.2544358413], "max": [-0.0511878233, 0.0915066355, 0.0520822237, 0.0103346907, -0.0278200869], "min": [-0.0515277159, 0.0913406563, 0.051701767, 0.0100350844, -0.0280420907], "raw_data_size": "30"}, "user_2_3658": {"weights": [0.2509084485, 0.7490915515], "gauss": [0.0438230019, 0.0013309501, 0.1254542242, -0.0188503943, 0.000354357, 0.3745457758], "max": [0.0472513022, -0.0179376311], "min": [0.0403947015, -0.0197631576], "raw_data_size": "57"}, "user_3_3658": {"weights": [0.0706030777, 0.0003738166, 0.0486566601, -0.0558513993, 9.73075e-05, 0.0802677356, -0.0084606262, 1.43217e-05, 0.1056936342, -0.0286146226, 4.2961e-05, 0.1174261728, 0.0172476083, 0.0002060481, 0.1479557973], "gauss": [0.0706030777, 0.0003738166, 0.0486566601, -0.0558513993, 9.73075e-05, 0.0802677356, -0.0084606262, 1.43217e-05, 0.1056936342, -0.0286146226, 4.2961e-05, 0.1174261728, 0.0172476083, 0.0002060481, 0.1479557973], "max": [0.0715659655, -0.0556007518, -0.0084237359, -0.0285039624, 0.0177783529], "min": [0.06964019, -0.0561020468, -0.0084975166, -0.0287252828, 0.0167168637], "raw_data_size": "70"}}