{"user_3_2566": {"weights": [1.0], "gauss": [0.16095198017208204, 0.0015108800086193672, 0.5], "max": [0.16484374917243003], "min": [0.15706021117173405], "raw_data_size": "9991"}}