{"user_2_1887": {"weights": 1, "gauss": [0.0400174722853404, 0.0011643831866371955, 0.5], "max": [0.04301672461804014], "min": [0.037018219952640666], "raw_data_size": "9991"}}