{"user_3_814": {"weights": [0.08244708720621602, 0.20941049290898223, 0.3296866406160376, 0.3784557792687642], "gauss": [-0.03802457641878656, 0.0005750396654845422, 0.04122354360310801, -0.1637025420198327, 0.00021994737275768988, 0.10470524645449111, -0.08951104132707753, 0.00014054233438123742, 0.1648433203080188, -0.1260283165126382, 0.00011760207189099006, 0.1892278896343821], "max": [-0.036543372397728514, -0.16313599513184485, -0.08914902826378918, -0.12572539364970334], "min": [-0.0395057804398446, -0.16426908890782055, -0.08987305439036589, -0.12633123937557308], "raw_data_size": "70"}}