{"user_1_814": {"weights": [0.37645740531046396, 0.623542594689536], "gauss": [-0.15710731832758754, 0.0005206935168576798, 0.18822870265523198, -0.10681668269363163, 0.0006635587171871957, 0.311771297344768], "max": [-0.1557661007086976, -0.10510746870527554], "min": [-0.15844853594647748, -0.10852589668198773], "raw_data_size": "30"}}