{"user_5_2043": {"weights": [1.0], "gauss": [0.03395359351884108, 0.0012645652542865498, 0.5], "max": [0.03721089775708214], "min": [0.030696289280600017], "raw_data_size": "9994"}}