{"user_2_2552": {"weights": [0.09143229502253145, 0.10179134049771864, 0.21442116100000258, 0.2485791440420564, 0.343776059437691], "gauss": [-1.1796043427593388, 4.977617069132256e-05, 0.04571614751126572, -1.3434138281982837, 0.00023599805146931507, 0.05089567024885932, -1.2675208341419313, 0.0005497837611382052, 0.10721058050000129, -1.1395769836787313, 0.00032260661540991955, 0.1242895720210282, -1.2335038695968361, 0.0003547490631217999, 0.1718880297188455], "max": [-1.1794761278402537, -1.3428059375017285, -1.2661046850193762, -1.1387460041052397, -1.2325900965646404], "min": [-1.1797325576784239, -1.344021718894839, -1.2689369832644863, -1.1404079632522228, -1.2344176426290319], "raw_data_size": "57"}}