{"user_1_471": {"weights": 1, "gauss": [0.3953409231826365, 0.004391243692852819, 0.5], "max": [0.40665201736571105], "min": [0.3840298289995619], "raw_data_size": "9995"}}