{"user_3_2629": {"weights": [0.12712819395228886, 0.14587105162642863, 0.18932054810695398, 0.25854270029143567, 0.279137506022893], "gauss": [0.10510277050129989, 0.0003696955751972879, 0.06356409697614443, -0.03500698355386552, 0.00022032623829058273, 0.07293552581321432, -0.004630260607660411, 9.080915455240705e-05, 0.09466027405347699, 0.06473458019057218, 0.00011597626282583849, 0.12927135014571783, 0.031021040154538233, 9.490301622037964e-05, 0.1395687530114465], "max": [0.10605504319728543, -0.03443946077293594, -0.00439635172633382, 0.06503331524687507, 0.03126549412471386], "min": [0.10415049780531435, -0.0355745063347951, -0.004864169488987003, 0.0644358451342693, 0.030776586184362603], "raw_data_size": "70"}}