{"user_3_2130": {"weights": [1.0], "gauss": [0.11997241139534699, 0.0024799672598799028, 0.5], "max": [0.12636038373518751], "min": [0.11358443905550647], "raw_data_size": "9991"}}