{"user_6_1386": {"weights": 1, "gauss": [-0.35344964337463564, 0.001140011939509285, 0.5], "max": [-0.350513167214452], "min": [-0.35638611953481925], "raw_data_size": "9993"}}