{"user_1_1115": {"weights": [0.2351859565, 0.3264818859, 0.4383321576], "gauss": [0.3504872853, 0.000109288, 0.1175929782, 0.4177841556, 0.0002037581, 0.163240943, 0.3867308304, 5.06588e-05, 0.2191660788], "max": [0.3507687925, 0.4183090017, 0.3868613188], "min": [0.3502057782, 0.4172593096, 0.386600342], "raw_data_size": "30"}, "user_2_1115": {"weights": [0.473131359, 1.6125e-06, 0.0175438455, 0.4352717361, 5.20188e-05, 0.0598549311, 0.3502967875, 9.58531e-05, 0.0886313176, 0.4111545131, 5.26004e-05, 0.1004742137, 0.3865372125, 6.14797e-05, 0.2334956922], "gauss": [0.473131359, 1.6125e-06, 0.0175438455, 0.4352717361, 5.20188e-05, 0.0598549311, 0.3502967875, 9.58531e-05, 0.0886313176, 0.4111545131, 5.26004e-05, 0.1004742137, 0.3865372125, 6.14797e-05, 0.2334956922], "max": [0.4731355125, 0.4354057276, 0.3505436888, 0.4112900027, 0.3866955737], "min": [0.4731272054, 0.4351377446, 0.3500498863, 0.4110190236, 0.3863788512], "raw_data_size": "57"}, "user_3_1115": {"weights": [0.0914728631, 0.1574088348, 0.7511183021], "gauss": [0.3417894852, 2.85312e-05, 0.0457364315, 0.4146063995, 0.0016274787, 0.0787044174, 0.3964150459, 0.0002521446, 0.3755591511], "max": [0.3418629767, 0.4187985068, 0.3970645274], "min": [0.3417159936, 0.4104142921, 0.3957655644], "raw_data_size": "70"}}