{"user_1_1311": {"weights": 1, "gauss": [0.2814113353, 0.0005974506, 0.5], "max": [0.2829502662], "min": [0.2798724045], "raw_data_size": "9995"}, "user_2_1311": {"weights": 1, "gauss": [0.2814074973, 0.000615939, 0.5], "max": [0.2829940509], "min": [0.2798209436], "raw_data_size": "9991"}, "user_4_1311": {"weights": 1, "gauss": [0.2814025816, 0.0006164381, 0.5], "max": [0.2829904209], "min": [0.2798147424], "raw_data_size": "9996"}, "user_6_1311": {"weights": 1, "gauss": [0.2816433629, 0.0006227397, 0.5], "max": [0.283247434], "min": [0.2800392917], "raw_data_size": "9993"}, "user_3_1311": {"weights": 1, "gauss": [0.2813193356, 0.0005955744, 0.5], "max": [0.2828534336], "min": [0.2797852377], "raw_data_size": "9991"}, "user_5_1311": {"weights": 1, "gauss": [0.2817998237, 0.0006013073, 0.5], "max": [0.2833486887], "min": [0.2802509588], "raw_data_size": "9994"}}