{"user_2_3393": {"weights": [0.19055940844575267, 0.8094405915542473], "gauss": [-0.34745053206242504, 0.0029464082544313616, 0.09527970422287634, -0.3125098953967211, 0.0006233927740725832, 0.40472029577712365], "max": [-0.3398610873404424, -0.3109041420216443], "min": [-0.3550399767844077, -0.3141156487717979], "raw_data_size": "57"}}