{"user_4_964": {"weights": [1.0], "gauss": [-0.8298208715088377, 0.000615065898974503, 0.5], "max": [-0.8282365667426455], "min": [-0.8314051762750299], "raw_data_size": "9996"}}