{"user_6_964": {"weights": 1, "gauss": [-0.8300900569579722, 0.000619408809065607, 0.5], "max": [-0.8284945655967048], "min": [-0.8316855483192397], "raw_data_size": "9993"}}