{"user_2_964": {"weights": [1.0], "gauss": [-0.8295801653079419, 0.0006285552500711879, 0.5], "max": [-0.827961114275909], "min": [-0.8311992163399747], "raw_data_size": "9991"}}