{"user_2_3342": {"weights": [0.12887525878866313, 0.3752435574458515, 0.4958811837654854], "gauss": [0.07530311764723899, 1.5345065583978162e-05, 0.06443762939433156, 0.04658148722624829, 0.00010517602633444036, 0.18762177872292576, 0.10209993703597144, 0.0003631802959727569, 0.2479405918827427], "max": [0.07534264391683508, 0.04685240271691137, 0.10303542748480962], "min": [0.0752635913776429, 0.046310571735585206, 0.10116444658713325], "raw_data_size": "57"}}