{"user_6_2960": {"weights": [1.0], "gauss": [0.1383589554, 0.0065667767, 0.5], "max": [0.1552738513], "min": [0.1214440595], "raw_data_size": "9993"}, "user_3_2960": {"weights": [1.0], "gauss": [0.1386443353, 0.0066512333, 0.5], "max": [0.155776777], "min": [0.1215118935], "raw_data_size": "9991"}, "user_4_2960": {"weights": [1.0], "gauss": [0.1387826399, 0.0067719847, 0.5], "max": [0.1562261164], "min": [0.1213391634], "raw_data_size": "9996"}, "user_2_2960": {"weights": [1.0], "gauss": [0.1402080898, 0.0067571758, 0.5], "max": [0.1576134213], "min": [0.1228027582], "raw_data_size": "9991"}, "user_5_2960": {"weights": [1.0], "gauss": [0.137155729, 0.006630172, 0.5], "max": [0.1542339202], "min": [0.1200775377], "raw_data_size": "9994"}, "user_1_2960": {"weights": [1.0], "gauss": [0.1381897134, 0.0069179698, 0.5], "max": [0.1560092227], "min": [0.1203702042], "raw_data_size": "9995"}}