{"user_2_2446": {"weights": [-0.7695524723780314, 5.628581039060398e-05, 0.06248259988567932, -0.7877902910387422, 9.693342747149513e-05, 0.08575836816610376, -0.7028158748726815, 8.662354576813202e-05, 0.09428851597592564, -0.7394436296289167, 5.339250540867157e-05, 0.11995084523748323, -0.7214960587311647, 3.384796711433557e-05, 0.1375196707348081], "gauss": [-0.7695524723780314, 5.628581039060398e-05, 0.06248259988567932, -0.7877902910387422, 9.693342747149513e-05, 0.08575836816610376, -0.7028158748726815, 8.662354576813202e-05, 0.09428851597592564, -0.7394436296289167, 5.339250540867157e-05, 0.11995084523748323, -0.7214960587311647, 3.384796711433557e-05, 0.1375196707348081], "max": [-0.7694074897382532, -0.7875406070757677, -0.7025927474051146, -0.7393060996488952, -0.7214088721456061], "min": [-0.7696974550178095, -0.7880399750017167, -0.7030390023402484, -0.7395811596089383, -0.7215832453167234], "raw_data_size": "57"}}