{"user_3_366": {"weights": [0.0571424131423029, 0.1045792822885463, 0.18095350812765149, 0.29124560597969706, 0.36607919046180226], "gauss": [-0.10551401963347479, 3.6178631445990944e-06, 0.02857120657115145, -0.1191065525445012, 4.419807897492993e-06, 0.05228964114427315, -0.1821534403963701, 0.00013625776415802132, 0.09047675406382574, -0.1531008373542508, 7.974042626156499e-05, 0.14562280298984853, -0.13224831307488996, 2.2534895868452476e-05, 0.18303959523090113], "max": [-0.1055047006355707, -0.11909516787380278, -0.1818024636546158, -0.1528954396276088, -0.13219026702975958], "min": [-0.10552333863137887, -0.11911793721519962, -0.1825044171381244, -0.15330623508089283, -0.13230635912002034], "raw_data_size": "70"}}