{"user_2_1218": {"weights": [1.0], "gauss": [0.8322626672622234, 0.0006473587717220332, 0.5], "max": [0.8339301529563344], "min": [0.8305951815681124], "raw_data_size": "9991"}}