{"user_3_61": {"weights": [0.049388614654620466, 0.2013042960268896, 0.3448735645099127, 0.40443352480857725], "gauss": [-0.3342815809851358, 0.0001423618566406677, 0.024694307327310233, -0.5091057452087598, 0.00040921207167435205, 0.1006521480134448, -0.46558365603521823, 0.00044848399108532346, 0.17243678225495634, -0.39483258808588223, 0.000304792236710565, 0.20221676240428862], "max": [-0.3339148811430931, -0.5080516847631751, -0.4644284378288081, -0.3940474953110689], "min": [-0.33464828082717846, -0.5101598056543446, -0.46673887424162835, -0.39561768086069554], "raw_data_size": "70"}}