{"user_6_1343": {"weights": [1.0], "gauss": [0.43005563305753713, 0.001923934215323413, 0.5], "max": [0.43501135918746753], "min": [0.42509990692760674], "raw_data_size": "9993"}}