{"user_6_3023": {"weights": [1.0], "gauss": [0.025693295910379922, 0.0010531522739823734, 0.5], "max": [0.02840603639880288], "min": [0.022980555421956966], "raw_data_size": "9993"}}