{"user_4_2153": {"weights": [1.0], "gauss": [0.3343102948, 0.0013428439, 0.5], "max": [0.3377692315], "min": [0.3308513581], "raw_data_size": "9996"}, "user_3_2153": {"weights": [1.0], "gauss": [0.3344583047, 0.0013554155, 0.5], "max": [0.3379496238], "min": [0.3309669856], "raw_data_size": "9991"}, "user_2_2153": {"weights": [1.0], "gauss": [0.334975592, 0.001367264, 0.5], "max": [0.3384974308], "min": [0.3314537533], "raw_data_size": "9991"}, "user_6_2153": {"weights": [1.0], "gauss": [0.3345438247, 0.0013606018, 0.5], "max": [0.3380485026], "min": [0.3310391467], "raw_data_size": "9993"}, "user_5_2153": {"weights": [1.0], "gauss": [0.3349050068, 0.0013864057, 0.5], "max": [0.3384761512], "min": [0.3313338624], "raw_data_size": "9994"}, "user_1_2153": {"weights": [1.0], "gauss": [0.3340249017, 0.0013752979, 0.5], "max": [0.3375674343], "min": [0.3304823692], "raw_data_size": "9995"}}