{"user_1_4012": {"weights": [0.16497729415914247, 0.32377143994009006, 0.5112512659007674], "gauss": [-0.5434735663295872, 9.379326499607931e-06, 0.08248864707957124, -0.5208627490642561, 2.50782761071201e-05, 0.16188571997004503, -0.48411665322790953, 0.00040232647487514663, 0.2556256329503837], "max": [-0.543449406785542, -0.5207981517057769, -0.4830803289043326], "min": [-0.5434977258736324, -0.5209273464227353, -0.48515297755148645], "raw_data_size": "30"}}