{"user_2_721": {"weights": [1.0], "gauss": [0.4172640111, 0.0006523041, 0.5], "max": [0.4189442352], "min": [0.415583787], "raw_data_size": "9991"}, "user_6_721": {"weights": [1.0], "gauss": [0.4164336304, 0.00066564, 0.5], "max": [0.4181482054], "min": [0.4147190553], "raw_data_size": "9993"}, "user_4_721": {"weights": [1.0], "gauss": [0.4171201645, 0.0006644878, 0.5], "max": [0.4188317716], "min": [0.4154085575], "raw_data_size": "9996"}, "user_3_721": {"weights": [1.0], "gauss": [0.4168408689, 0.0006544347, 0.5], "max": [0.418526581], "min": [0.4151551569], "raw_data_size": "9991"}, "user_1_721": {"weights": [1.0], "gauss": [0.4165997674, 0.0006668855, 0.5], "max": [0.4183175506], "min": [0.4148819842], "raw_data_size": "9995"}, "user_5_721": {"weights": [1.0], "gauss": [0.4164669512, 0.0006566203, 0.5], "max": [0.418158293], "min": [0.4147756095], "raw_data_size": "9994"}}