{"user_2_1113": {"weights": [1.0], "gauss": [0.24515606169795867, 0.0008510794394249167, 0.5], "max": [0.24734829705767733], "min": [0.24296382633824], "raw_data_size": "9991"}}