{"user_3_1409": {"weights": [0.31507830851329727, 0.00013442208845412706, 0.03703885479635594, 0.2614960279209091, 8.886759513521036e-05, 0.06788459247616417, 0.24341763145069492, 0.00010774672059238221, 0.08582505422109678, 0.2990334246954633, 4.4586290263408764e-05, 0.10871956747910339, 0.2806619464356782, 4.963260639755007e-05, 0.2005319310272797], "gauss": [0.31507830851329727, 0.00013442208845412706, 0.03703885479635594, 0.2614960279209091, 8.886759513521036e-05, 0.06788459247616417, 0.24341763145069492, 0.00010774672059238221, 0.08582505422109678, 0.2990334246954633, 4.4586290263408764e-05, 0.10871956747910339, 0.2806619464356782, 4.963260639755007e-05, 0.2005319310272797], "max": [0.31542455686778165, 0.2617249356765943, 0.24369516861095808, 0.29914827136846034, 0.28078979155764855], "min": [0.3147320601588129, 0.2612671201652239, 0.24314009429043176, 0.29891857802246624, 0.2805341013137079], "raw_data_size": "70"}}