{"user_3_492": {"weights": [0.0822819504, 0.2815163617, 0.6362016879], "gauss": [-0.2916411947, 1.67787e-05, 0.0411409752, -0.1745506488, 0.0003321042, 0.1407581808, -0.229346987, 0.0004128301, 0.318100844], "max": [-0.2915979756, -0.173695205, -0.2282836071], "min": [-0.2916844138, -0.1754060927, -0.230410367], "raw_data_size": "70"}, "user_1_492": {"weights": [0.0333333321, 0.2218655476, 0.2726669263, 0.4721341939], "gauss": [-0.2960011959, 1e-06, 0.0166666661, -0.2171421995, 2.02126e-05, 0.1109327738, -0.1809515468, 0.0001708448, 0.1363334632, -0.2406283988, 8.82194e-05, 0.236067097], "max": [-0.2959986201, -0.2170901354, -0.1805114798, -0.2404011607], "min": [-0.2960037717, -0.2171942637, -0.1813916139, -0.2408556369], "raw_data_size": "30"}, "user_2_492": {"weights": [0.0348878326, 0.2100143184, 0.3458049978, 0.4092928512], "gauss": [-0.2859117524, 0.0001066327, 0.0174439163, -0.181313368, 0.0002433595, 0.1050071592, -0.2114190941, 0.0001524651, 0.1729024989, -0.2379047396, 0.0001107861, 0.2046464256], "max": [-0.2856370846, -0.1806865155, -0.21102637, -0.2376193735], "min": [-0.2861864201, -0.1819402205, -0.2118118182, -0.2381901058], "raw_data_size": "57"}}