{"user_3_3385": {"weights": [1.0], "gauss": [-0.6553768097344294, 0.001649547299515024, 0.5], "max": [-0.6511278574627486], "min": [-0.6596257620061101], "raw_data_size": "9991"}}