{"user_3_1015": {"weights": [1.0], "gauss": [0.1985150842455397, 0.0011845664933865646, 0.5], "max": [0.201566325331207], "min": [0.19546384315987242], "raw_data_size": "9991"}}