{"user_4_549": {"weights": [1.0], "gauss": [0.1619869835765687, 0.0016887190192412134, 0.5], "max": [0.1663368355117906], "min": [0.15763713164134682], "raw_data_size": "9996"}}