{"user_6_549": {"weights": 1, "gauss": [0.16204341425485405, 0.0016541276383667907, 0.5], "max": [0.16630416469756937], "min": [0.15778266381213873], "raw_data_size": "9993"}}