{"user_3_162": {"weights": 1, "gauss": [0.08786262180635693, 0.0011607899277562871, 0.5], "max": [0.09085261851753598], "min": [0.08487262509517787], "raw_data_size": "9991"}}