{"user_6_162": {"weights": [1.0], "gauss": [0.08820587795566937, 0.0011460059155993334, 0.5], "max": [0.09115779357511052], "min": [0.08525396233622821], "raw_data_size": "9993"}}