{"user_1_47": {"weights": [0.20995622322137772, 0.2442674082576683, 0.545776368520954], "gauss": [0.22576757412333656, 2.8899080932231036e-05, 0.10497811161068886, 0.2940472140988319, 0.00011972092550602175, 0.12213370412883415, 0.25099575559827186, 9.884642008860145e-05, 0.272888184260477], "max": [0.22584201322284744, 0.2943555947669983, 0.251250367103687], "min": [0.22569313502382568, 0.2937388334306655, 0.25074114409285675], "raw_data_size": "30"}}