{"user_2_2490": {"weights": [1.0], "gauss": [-0.20410529453376722, 0.0017688269621851788, 0.5], "max": [-0.19954909821166325], "min": [-0.20866149085587118], "raw_data_size": "9991"}}