{"user_4_3734": {"weights": [1.0], "gauss": [-0.06671607990245777, 0.0011570959313861792, 0.5], "max": [-0.06373559829537605], "min": [-0.0696965615095395], "raw_data_size": "9996"}}