{"user_4_3968": {"weights": 1, "gauss": [0.15745655270013958, 0.0016002752614217217, 0.5], "max": [0.16157858861225402], "min": [0.15333451678802515], "raw_data_size": "9996"}}