{"user_3_3514": {"weights": [0.2267415295, 0.2818993664, 0.4913591042], "gauss": [-0.1121662274, 0.0004139428, 0.1133707647, -0.1517372452, 0.0002143842, 0.1409496832, -0.1261410444, 0.0001258577, 0.2456795521], "max": [-0.1110999813, -0.1511850281, -0.1258168564], "min": [-0.1132324735, -0.1522894623, -0.1264652324], "raw_data_size": "70"}, "user_2_3514": {"weights": [0.0350872315, 0.1294627252, 0.1403390705, 0.249831786, 0.4452791868], "gauss": [-0.1821635421, 1.30503e-05, 0.0175436158, -0.1605908914, 1.3533e-05, 0.0647313626, -0.091675151, 2.38038e-05, 0.0701695352, -0.1191661388, 1.73622e-05, 0.124915893, -0.1384762741, 4.80654e-05, 0.2226395934], "max": [-0.1821299267, -0.1605560328, -0.0916138366, -0.1191214166, -0.1383524659], "min": [-0.1821971574, -0.16062575, -0.0917364654, -0.1192108609, -0.1386000823], "raw_data_size": "57"}, "user_1_3514": {"weights": [0.0333333333, 0.1328675195, 0.1333428234, 0.1946409739, 0.5058153498], "gauss": [-0.185634762, 1e-06, 0.0166666667, -0.1612317601, 6.1866e-06, 0.0664337598, -0.0921616979, 2.99403e-05, 0.0666714117, -0.1170522036, 7.2422e-06, 0.097320487, -0.1372079562, 3.99641e-05, 0.2529076749], "max": [-0.1856321862, -0.1612158244, -0.0920845769, -0.1170335489, -0.1371050156], "min": [-0.1856373379, -0.1612476958, -0.0922388189, -0.1170708583, -0.1373108969], "raw_data_size": "30"}}