{"user_4_267": {"weights": 1, "gauss": [0.3559666423751294, 0.0015679568078628958, 0.5], "max": [0.3600054314675217], "min": [0.3519278532827372], "raw_data_size": "9996"}}