{"user_4_604": {"weights": 1, "gauss": [0.1523977598980993, 0.0013329399738008219, 0.5], "max": [0.15583118574248717], "min": [0.14896433405371146], "raw_data_size": "9996"}}