{"user_1_604": {"weights": 1, "gauss": [0.15315692758938937, 0.0013802328463420044, 0.5], "max": [0.1567121718007178], "min": [0.14960168337806093], "raw_data_size": "9995"}}