{"user_2_2455": {"weights": [0.618030738585406, 5.0025712090755566e-05, 0.03529954149133004, 0.637414738244582, 7.898784390677937e-05, 0.07969770048776803, 0.7111660167824507, 5.589857992824198e-05, 0.10980374472950619, 0.6910959576327209, 4.1628496959349555e-05, 0.11606671570443514, 0.6730499896400347, 3.527632979802197e-05, 0.15913229758696057], "gauss": [0.618030738585406, 5.0025712090755566e-05, 0.03529954149133004, 0.637414738244582, 7.898784390677937e-05, 0.07969770048776803, 0.7111660167824507, 5.589857992824198e-05, 0.10980374472950619, 0.6910959576327209, 4.1628496959349555e-05, 0.11606671570443514, 0.6730499896400347, 3.527632979802197e-05, 0.15913229758696057], "max": [0.6181595962805403, 0.6376181974475412, 0.7113100019826567, 0.6912031855350516, 0.6731408554440501], "min": [0.6179018808902718, 0.6372112790416227, 0.7110220315822448, 0.6909887297303903, 0.6729591238360193], "raw_data_size": "57"}}