{"user_1_2742": {"weights": [1.0], "gauss": [0.14383565181203162, 0.0024480838080078613, 0.5], "max": [0.15014149782224184], "min": [0.1375298058018214], "raw_data_size": "9995"}}