{"user_1_3976": {"weights": 1, "gauss": [0.07231978242344805, 0.0004425625817303327, 0.5], "max": [0.0734597480901233], "min": [0.0711798167567728], "raw_data_size": "9995"}}