{"user_3_540": {"weights": [-0.3406706355, 7.89309e-05, 0.0358365776, -0.307034395, 2.44191e-05, 0.0622583819, -0.2451918102, 3.47725e-05, 0.0653350884, -0.2898159716, 3.09796e-05, 0.1340510505, -0.2702261178, 4.54843e-05, 0.2025189016], "gauss": [-0.3406706355, 7.89309e-05, 0.0358365776, -0.307034395, 2.44191e-05, 0.0622583819, -0.2451918102, 3.47725e-05, 0.0653350884, -0.2898159716, 3.09796e-05, 0.1340510505, -0.2702261178, 4.54843e-05, 0.2025189016], "max": [-0.340467323, -0.3069714956, -0.2451022421, -0.2897361734, -0.2701089581], "min": [-0.3408739479, -0.3070972945, -0.2452813783, -0.2898957697, -0.2703432776], "raw_data_size": "70"}, "user_2_540": {"weights": [0.2160880389, 0.2171312221, 0.2188026164, 0.3479781226], "gauss": [-0.3052181196, 0.0001660849, 0.1080440195, -0.2618840459, 3.67887e-05, 0.108565611, -0.2439413152, 0.0002126728, 0.1094013082, -0.2823713355, 0.0001033327, 0.1739890613], "max": [-0.3047903132, -0.2617892845, -0.2433935065, -0.2821051682], "min": [-0.305645926, -0.2619788073, -0.2444891239, -0.2826375028], "raw_data_size": "57"}, "user_1_540": {"weights": [0.216677079, 0.237084902, 0.546238019], "gauss": [-0.2667905957, 0.0001117311, 0.1083385395, -0.2439849701, 0.0002647606, 0.118542451, -0.2884016925, 0.0003084121, 0.2731190095], "max": [-0.2665027955, -0.2433029921, -0.2876072755], "min": [-0.2670783959, -0.2446669481, -0.2891961096], "raw_data_size": "30"}}