{"user_6_1552": {"weights": 1, "gauss": [0.393307587122719, 0.001483835917140962, 0.5], "max": [0.39712969515974905], "min": [0.389485479085689], "raw_data_size": "9993"}}