{"user_5_2853": {"weights": 1, "gauss": [-0.46301862482714773, 0.000778815672519, 0.5], "max": [-0.46101252859581016], "min": [-0.4650247210584853], "raw_data_size": "9994"}}