{"user_1_2853": {"weights": [1.0], "gauss": [-0.46281695724513006, 0.0008447456275082744, 0.5], "max": [-0.46064103670374945], "min": [-0.46499287778651066], "raw_data_size": "9995"}}