{"user_1_2305": {"weights": 1, "gauss": [0.2223017026, 0.0007641405, 0.5], "max": [0.224269998], "min": [0.2203334072], "raw_data_size": "9995"}, "user_3_2305": {"weights": 1, "gauss": [0.222359766, 0.0007382314, 0.5], "max": [0.224261324], "min": [0.220458208], "raw_data_size": "9991"}, "user_4_2305": {"weights": 1, "gauss": [0.2228636795, 0.0007594009, 0.5], "max": [0.2248197666], "min": [0.2209075923], "raw_data_size": "9996"}, "user_6_2305": {"weights": 1, "gauss": [0.2222949059, 0.0007467031, 0.5], "max": [0.2242182857], "min": [0.2203715261], "raw_data_size": "9993"}, "user_5_2305": {"weights": 1, "gauss": [0.2227032053, 0.0007414589, 0.5], "max": [0.224613077], "min": [0.2207933337], "raw_data_size": "9994"}, "user_2_2305": {"weights": 1, "gauss": [0.2219256036, 0.0007348758, 0.5], "max": [0.2238185183], "min": [0.220032689], "raw_data_size": "9991"}}