{"user_1_3137": {"weights": [0.456602568564287, 0.5433974314357131], "gauss": [-0.28414083642590177, 0.0001280618633807674, 0.2283012842821435, -0.2222895273413978, 0.00044952193438488233, 0.27169871571785653], "max": [-0.28381097092553853, -0.22113163557022125], "min": [-0.284470701926265, -0.22344741911257437], "raw_data_size": "30"}}