{"user_2_2623": {"weights": [-0.11400364734259694, 5.872025959131094e-05, 0.028547294802037607, -0.06659107399806091, 1.2298703397830297e-05, 0.10959655958266105, -0.049167514032650315, 2.0527292054207727e-05, 0.11342901091274217, -0.028770341711889236, 5.4654386791680264e-05, 0.1145710768860977, -0.08372000531221338, 0.00010195214654875454, 0.13385605781646145], "gauss": [-0.11400364734259694, 5.872025959131094e-05, 0.028547294802037607, -0.06659107399806091, 1.2298703397830297e-05, 0.10959655958266105, -0.049167514032650315, 2.0527292054207727e-05, 0.11342901091274217, -0.028770341711889236, 5.4654386791680264e-05, 0.1145710768860977, -0.08372000531221338, 0.00010195214654875454, 0.13385605781646145], "max": [-0.11385239397722964, -0.06655939463745313, -0.04911463923225458, -0.02862956134082373, -0.08345739398557339], "min": [-0.11415490070796423, -0.0666227533586687, -0.04922038883304605, -0.02891112208295474, -0.08398261663885337], "raw_data_size": "57"}}