{"user_6_443": {"weights": [1.0], "gauss": [0.2380971294019445, 0.0016444987679081538, 0.5], "max": [0.2423330775179724], "min": [0.2338611812859166], "raw_data_size": "9993"}}