{"user_2_1279": {"weights": [1.0], "gauss": [0.6121793629830343, 0.0006900018375139695, 0.5], "max": [0.6139566899356054], "min": [0.6104020360304633], "raw_data_size": "57"}}