{"user_5_2820": {"weights": 1, "gauss": [0.3837350748174363, 0.00266128480567726, 0.5], "max": [0.39059009020498925], "min": [0.37688005942988334], "raw_data_size": "9994"}}