{"user_4_2820": {"weights": 1, "gauss": [0.3829501395051305, 0.002565500928644742, 0.5], "max": [0.38955843197541556], "min": [0.37634184703484547], "raw_data_size": "9996"}}