{"user_6_2729": {"weights": [1.0], "gauss": [0.25395230011151243, 0.001966325195988521, 0.5], "max": [0.2590172181716462], "min": [0.24888738205137867], "raw_data_size": "9993"}}