{"user_2_1967": {"weights": [0.17121556158432477, 0.32127264489431023, 0.507511793521365], "gauss": [-0.6213208335441863, 0.00025763965057803886, 0.08560778079216239, -0.587487763043143, 0.00014125678712026312, 0.16063632244715512, -0.5579288685109859, 0.00023630316200254253, 0.2537558967606825], "max": [-0.6206571977824713, -0.5871239096715535, -0.5573201919017785], "min": [-0.6219844693059013, -0.5878516164147325, -0.5585375451201933], "raw_data_size": "57"}}