{"user_6_1893": {"weights": [1.0], "gauss": [0.19526070255729855, 0.0007441413702873036, 0.5], "max": [0.19717748370486762], "min": [0.19334392140972947], "raw_data_size": "9993"}}