{"user_2_1893": {"weights": [1.0], "gauss": [0.1946330785166969, 0.0007666931797461464, 0.5], "max": [0.1966079492759181], "min": [0.1926582077574757], "raw_data_size": "9991"}}