{"user_3_3054": {"weights": [0.2100841827752183, 2.2065468354763295e-06, 0.021126888126360766, 0.09893184900799072, 0.000149525019537573, 0.09633094161661532, 0.12160023269482342, 0.00010406717370761782, 0.10222191592274239, 0.17807234929151386, 0.00011936021416992276, 0.1119837732946293, 0.14704405333773218, 6.598902167046891e-05, 0.16833648103965226], "gauss": [0.2100841827752183, 2.2065468354763295e-06, 0.021126888126360766, 0.09893184900799072, 0.000149525019537573, 0.09633094161661532, 0.12160023269482342, 0.00010406717370761782, 0.10222191592274239, 0.17807234929151386, 0.00011936021416992276, 0.1119837732946293, 0.14704405333773218, 6.598902167046891e-05, 0.16833648103965226], "max": [0.21008986646321676, 0.09931699993492932, 0.12186829197039702, 0.17837980082885063, 0.1472140297934635], "min": [0.21007849908721982, 0.09854669808105213, 0.12133217341924983, 0.1777648977541771, 0.14687407688200085], "raw_data_size": "70"}}