{"user_4_2240": {"weights": [1.0], "gauss": [0.18710383099903993, 0.000781428851569634, 0.5], "max": [0.18911665833355157], "min": [0.1850910036645283], "raw_data_size": "9996"}}