{"user_4_684": {"weights": 1, "gauss": [-0.47477684502188744, 0.0011552330836134262, 0.5], "max": [-0.47180116179268683], "min": [-0.47775252825108805], "raw_data_size": "9996"}}