{"user_1_2043": {"weights": [0.08481013372457677, 3.484709291698231e-05, 0.03276212214441347, -0.005791258250512592, 3.2552449025353334e-05, 0.05727391626482316, 0.0661775942325924, 2.258784255832779e-05, 0.0672383437322794, 0.010087408049556287, 4.1816669293318054e-05, 0.12547182364166354, 0.03597782212701065, 1.6401356200814895e-05, 0.21725379421682045], "gauss": [0.08481013372457677, 3.484709291698231e-05, 0.03276212214441347, -0.005791258250512592, 3.2552449025353334e-05, 0.05727391626482316, 0.0661775942325924, 2.258784255832779e-05, 0.0672383437322794, 0.010087408049556287, 4.1816669293318054e-05, 0.12547182364166354, 0.03597782212701065, 1.6401356200814895e-05, 0.21725379421682045], "max": [0.08489989388765583, -0.0057074086984108055, 0.06623577665935809, 0.010195120651698829, 0.03602006922093066], "min": [0.08472037356149771, -0.005875107802614379, 0.0661194118058267, 0.009979695447413745, 0.035935575033090646], "raw_data_size": "30"}}