{"user_1_1091": {"weights": [1.0], "gauss": [0.0308483618, 0.0007664299, 0.5], "max": [0.0328225545], "min": [0.0288741691], "raw_data_size": "9995"}, "user_5_1091": {"weights": [1.0], "gauss": [0.0310089746, 0.00076046, 0.5], "max": [0.0329677897], "min": [0.0290501595], "raw_data_size": "9994"}, "user_6_1091": {"weights": [1.0], "gauss": [0.0308953527, 0.0007613282, 0.5], "max": [0.0328564043], "min": [0.0289343011], "raw_data_size": "9993"}, "user_2_1091": {"weights": [1.0], "gauss": [0.0305815008, 0.0007600859, 0.5], "max": [0.0325393523], "min": [0.0286236492], "raw_data_size": "9991"}, "user_3_1091": {"weights": [1.0], "gauss": [0.0308403221, 0.0007801587, 0.5], "max": [0.0328498778], "min": [0.0288307664], "raw_data_size": "9991"}, "user_4_1091": {"weights": [1.0], "gauss": [0.0310213085, 0.0007544044, 0.5], "max": [0.0329645253], "min": [0.0290780916], "raw_data_size": "9996"}}