{"user_6_2624": {"weights": 1, "gauss": [0.20104722201719777, 0.0008874575387588017, 0.5], "max": [0.20333316115118807], "min": [0.19876128288320746], "raw_data_size": "9993"}}