{"user_2_2624": {"weights": [1.0], "gauss": [0.20118742007439602, 0.0008714365811880513, 0.5], "max": [0.2034320919564047], "min": [0.19894274819238736], "raw_data_size": "9991"}}