{"user_3_2900": {"weights": [0.07017822099191394, 0.2818532182678469, 0.32261837862345766, 0.32535018211678157], "gauss": [-0.4088138512712833, 0.00011340070245630007, 0.03508911049595697, -0.578775306652633, 0.0007097914687375907, 0.14092660913392344, -0.6703161964165931, 0.0022496325372529926, 0.16130918931172883, -0.5089471009297348, 0.0007032338009132212, 0.16267509105839079], "max": [-0.4085217504188533, -0.5769470049880497, -0.6645215270049198, -0.5071356906980965], "min": [-0.40910595212371326, -0.5806036083172162, -0.6761108658282664, -0.5107585111613732], "raw_data_size": "70"}}