{"user_4_649": {"weights": 1, "gauss": [-0.20327996407054505, 0.001755337722797608, 0.5], "max": [-0.19875851372653816], "min": [-0.20780141441455194], "raw_data_size": "9996"}}