{"user_3_649": {"weights": 1, "gauss": [-0.20358403510715373, 0.0017386758039862882, 0.5], "max": [-0.1991055030218744], "min": [-0.20806256719243305], "raw_data_size": "9991"}}