{"user_3_3194": {"weights": [0.110283369590486, 0.18141452945915493, 0.2032670688837836, 0.23230418881452536, 0.27273084325205016], "gauss": [-0.45264419659025795, 0.0008938345598682719, 0.055141684795243, -0.39557668727025247, 0.0001152281189462635, 0.09070726472957746, -0.34005133280195377, 0.000189027744292385, 0.1016335344418918, -0.4220571277344461, 0.00024220305058278335, 0.11615209440726268, -0.373171752170395, 7.063467201251405e-05, 0.13636542162602508], "max": [-0.45034183133842454, -0.39527987930487785, -0.33956442959902167, -0.421433254019346, -0.3729898093123786], "min": [-0.45494656184209137, -0.3958734952356271, -0.34053823600488586, -0.4226810014495462, -0.3733536950284114], "raw_data_size": "70"}}