{"user_3_2645": {"weights": 1, "gauss": [-0.22243276450345556, 0.0025132290863227593, 0.5], "max": [-0.21595911537637397], "min": [-0.22890641363053715], "raw_data_size": "9991"}}