{"user_4_2645": {"weights": 1, "gauss": [-0.22260228687372727, 0.002586568890187129, 0.5], "max": [-0.2159397269307353], "min": [-0.22926484681671924], "raw_data_size": "9996"}}