{"user_5_3322": {"weights": [1.0], "gauss": [-0.2478227030378132, 0.0022416287527530143, 0.5], "max": [-0.24204865000879422], "min": [-0.2535967560668322], "raw_data_size": "9994"}}