{"user_1_3322": {"weights": 1, "gauss": [-0.24714405820467272, 0.002324185761646085, 0.5], "max": [-0.24115735241293362], "min": [-0.2531307639964118], "raw_data_size": "9995"}}