{"user_1_1793": {"weights": [0.1643654779, 0.2294812018, 0.6061533204], "gauss": [0.0163178404, 0.0001997705, 0.0821827389, 0.0748206943, 5.82018e-05, 0.1147406009, 0.1207286691, 0.0015445401, 0.3030766602], "max": [0.0168324151, 0.0749706123, 0.1247071408], "min": [0.0158032657, 0.0746707764, 0.1167501975], "raw_data_size": "30"}, "user_2_1793": {"weights": [0.1553298721, 0.3749255522, 0.4697445756], "gauss": [0.1574863111, 0.0010427466, 0.0776649361, 0.1126661367, 0.0008034361, 0.1874627761, 0.0603523364, 0.0015590213, 0.2348722878], "max": [0.1601722484, 0.1147356509, 0.0643681091], "min": [0.1548003738, 0.1105966225, 0.0563365636], "raw_data_size": "57"}, "user_3_1793": {"weights": [0.055160284, 1.64912e-05, 0.0444934015, 0.0821554448, 7.06074e-05, 0.091379478, 0.0250361829, 0.0001981258, 0.0955148216, 0.1659838496, 0.0003811819, 0.116431813, 0.1217763506, 0.0002040402, 0.1521804859], "gauss": [0.055160284, 1.64912e-05, 0.0444934015, 0.0821554448, 7.06074e-05, 0.091379478, 0.0250361829, 0.0001981258, 0.0955148216, 0.1659838496, 0.0003811819, 0.116431813, 0.1217763506, 0.0002040402, 0.1521804859], "max": [0.0552027624, 0.0823373174, 0.0255465212, 0.166965709, 0.1223019233], "min": [0.0551178055, 0.0819735721, 0.0245258447, 0.1650019902, 0.1212507778], "raw_data_size": "70"}}