{"user_3_4019": {"weights": [1.0], "gauss": [0.0282430786, 0.0025699114, 0.5], "max": [0.0348627316], "min": [0.0216234255], "raw_data_size": "9991"}, "user_6_4019": {"weights": [1.0], "gauss": [0.0281208236, 0.0025917076, 0.5], "max": [0.03479662], "min": [0.0214450273], "raw_data_size": "9993"}, "user_4_4019": {"weights": [1.0], "gauss": [0.0288515056, 0.0025645181, 0.5], "max": [0.0354572664], "min": [0.0222457449], "raw_data_size": "9996"}, "user_5_4019": {"weights": [1.0], "gauss": [0.0296969283, 0.0025511835, 0.5], "max": [0.0362683415], "min": [0.0231255151], "raw_data_size": "9994"}, "user_1_4019": {"weights": [1.0], "gauss": [0.0285139768, 0.0026722379, 0.5], "max": [0.0353972055], "min": [0.0216307481], "raw_data_size": "9995"}, "user_2_4019": {"weights": [1.0], "gauss": [0.0283593377, 0.0025902111, 0.5], "max": [0.0350312792], "min": [0.0216873961], "raw_data_size": "9991"}}