{"user_3_245": {"weights": [0.3094575886, 0.3435034148, 0.3470389966], "gauss": [-0.0859259648, 0.0002900969, 0.1547287943, -0.0599930031, 0.000207305, 0.1717517074, -0.1197552937, 0.0006235108, 0.1735194983], "max": [-0.0851787248, -0.0594590209, -0.1181492363], "min": [-0.0866732048, -0.0605269853, -0.1213613511], "raw_data_size": "70"}, "user_2_245": {"weights": [0.1510559847, 0.2993960966, 0.5495479187], "gauss": [-0.0936361765, 2.10389e-05, 0.0755279924, -0.1295260515, 0.0001096844, 0.1496980483, -0.0605097673, 0.0002106932, 0.2747739593], "max": [-0.0935819838, -0.1292435232, -0.0599670575], "min": [-0.0936903692, -0.1298085798, -0.0610524771], "raw_data_size": "57"}, "user_1_245": {"weights": [0.1434936382, 0.1654242764, 0.3006400548, 0.3904420306], "gauss": [-0.0476559007, 0.0003283763, 0.0717468191, -0.1116376262, 0.0002478795, 0.0827121382, -0.1298979198, 0.0001244088, 0.1503200274, -0.0723072308, 0.0001226031, 0.1952210153], "max": [-0.0468100595, -0.110999131, -0.1295774641, -0.0719914261], "min": [-0.0485017419, -0.1122761215, -0.1302183756, -0.0726230356], "raw_data_size": "30"}}