{"user_2_32": {"weights": [0.1360602829468938, 0.15186283887386584, 0.24652798617263594, 0.46554889200660443], "gauss": [0.440626594494271, 4.794741612870645e-05, 0.0680301414734469, 0.40688423129074747, 6.558263858011292e-05, 0.07593141943693292, 0.3748204807980309, 0.00014318751872763224, 0.12326399308631797, 0.3413300663878355, 0.00024004505551719523, 0.23277444600330222], "max": [0.44075009885376476, 0.4070531609730062, 0.375189307404672, 0.3419483814760087], "min": [0.44050309013477723, 0.40671530160848873, 0.37445165419138976, 0.34071175129966225], "raw_data_size": "57"}}