{"user_2_1233": {"weights": [1.0], "gauss": [-0.5194945741601602, 0.0012439812490793445, 0.5], "max": [-0.5162902908057163], "min": [-0.5226988575146041], "raw_data_size": "9991"}}