{"user_6_1103": {"weights": [1.0], "gauss": [0.26509194230582694, 0.004176940057400185, 0.5], "max": [0.2758510269048456], "min": [0.2543328577068083], "raw_data_size": "9993"}}