{"user_6_793": {"weights": [1.0], "gauss": [0.119992102, 0.0010135922, 0.5], "max": [0.1226029423], "min": [0.1173812616], "raw_data_size": "9993"}, "user_2_793": {"weights": [1.0], "gauss": [0.1205952632, 0.0010511458, 0.5], "max": [0.1233028352], "min": [0.1178876911], "raw_data_size": "9991"}, "user_1_793": {"weights": [1.0], "gauss": [0.1198810453, 0.0010369081, 0.5], "max": [0.1225519436], "min": [0.117210147], "raw_data_size": "9995"}, "user_3_793": {"weights": [1.0], "gauss": [0.1202387988, 0.0010375373, 0.5], "max": [0.1229113178], "min": [0.1175662797], "raw_data_size": "9991"}, "user_5_793": {"weights": [1.0], "gauss": [0.1198977644, 0.0010317203, 0.5], "max": [0.1225552998], "min": [0.1172402291], "raw_data_size": "9994"}, "user_4_793": {"weights": [1.0], "gauss": [0.1203344974, 0.0010417575, 0.5], "max": [0.1230178869], "min": [0.1176511079], "raw_data_size": "9996"}}