{"user_2_201": {"weights": [0.0870853814, 0.1717696527, 0.1745293711, 0.2727492983, 0.2938662965], "gauss": [-0.1386059773, 2.37186e-05, 0.0435426907, -0.2720062068, 0.0006661832, 0.0858848263, -0.1685931174, 6.94565e-05, 0.0872646855, -0.2325146169, 0.0002212141, 0.1363746491, -0.1897827292, 7.04692e-05, 0.1469331483], "max": [-0.1385448823, -0.2702902327, -0.1684142094, -0.231944807, -0.1896012125], "min": [-0.1386670722, -0.273722181, -0.1687720254, -0.2330844267, -0.189964246], "raw_data_size": "57"}, "user_3_201": {"weights": [0.0142856988, 0.2172376033, 0.2309086806, 0.2502071686, 0.2873608487], "gauss": [-0.0455572195, 1e-06, 0.0071428494, -0.227845493, 3.31352e-05, 0.1086188016, -0.257816256, 0.0004884109, 0.1154543403, -0.1610749294, 0.0005040901, 0.1251035843, -0.1919224845, 0.0002763486, 0.1436804243], "max": [-0.0455546437, -0.2277601424, -0.256558193, -0.1597764793, -0.1912106577], "min": [-0.0455597954, -0.2279308436, -0.2590743191, -0.1623733794, -0.1926343112], "raw_data_size": "70"}, "user_1_201": {"weights": [0.0567541612, 0.1778576171, 0.2037260513, 0.5616621703], "gauss": [-0.2564319148, 1.09613e-05, 0.0283770806, -0.2909073125, 0.0003657367, 0.0889288086, -0.2259559313, 4.26612e-05, 0.1018630257, -0.1769764872, 0.0003561616, 0.2808310852], "max": [-0.2564036805, -0.2899652372, -0.2258460434, -0.1760590758], "min": [-0.2564601491, -0.2918493878, -0.2260658192, -0.1778938986], "raw_data_size": "30"}}