{"user_2_3257": {"weights": [-0.17269463837146723, 1.0000000000659194e-06, 0.00877073890092605, -0.10533998268998748, 0.00029183884605552067, 0.05341600590045224, -0.05031534650512512, 8.843707416540526e-05, 0.08863001644258464, 0.0066481836178916625, 3.0640095647500247e-05, 0.12768767290545308, -0.023582374658214278, 7.928707623541101e-05, 0.22149556585058397], "gauss": [-0.17269463837146723, 1.0000000000659194e-06, 0.00877073890092605, -0.10533998268998748, 0.00029183884605552067, 0.05341600590045224, -0.05031534650512512, 8.843707416540526e-05, 0.08863001644258464, 0.0066481836178916625, 3.0640095647500247e-05, 0.12768767290545308, -0.023582374658214278, 7.928707623541101e-05, 0.22149556585058397], "max": [-0.17269206254216352, -0.10458825563840378, -0.05008754769796974, 0.006727107274124035, -0.02337814468385439], "min": [-0.17269721420077094, -0.10609170974157119, -0.0505431453122805, 0.00656925996165929, -0.023786604632574166], "raw_data_size": "57"}}