{"user_3_2297": {"weights": [0.0854932462, 0.1404138412, 0.2475824013, 0.5265105114], "gauss": [0.3914202361, 0.0003415008, 0.0427466231, 0.1445464705, 0.0013078158, 0.0702069206, 0.303393767, 0.0003507267, 0.1237912006, 0.2275651996, 0.0006807685, 0.2632552557], "max": [0.392299884, 0.1479151808, 0.3042971791, 0.2293187432], "min": [0.3905405882, 0.1411777603, 0.3024903548, 0.2258116561], "raw_data_size": "70"}, "user_1_2297": {"weights": [0.0666699147, 0.0979779054, 0.1965135766, 0.202748974, 0.4360896293], "gauss": [0.3970409911, 0.0004066813, 0.0333349573, 0.1588105781, 6.41216e-05, 0.0489889527, 0.2703396721, 6.03402e-05, 0.0982567883, 0.3223254764, 0.0003188494, 0.101374487, 0.21332797, 0.0002177582, 0.2180448146], "max": [0.3980885327, 0.1589757444, 0.2704950982, 0.3231467781, 0.2138888778], "min": [0.3959934494, 0.1586454118, 0.270184246, 0.3215041748, 0.2127670622], "raw_data_size": "30"}, "user_2_2297": {"weights": [0.1995019227, 8.7055e-06, 0.0419740551, 0.2643178103, 9.8645e-06, 0.044567602, 0.1652637333, 0.0005463001, 0.0973730517, 0.2262058193, 0.0001123745, 0.1430965592, 0.3236862821, 0.0017265178, 0.172988732], "gauss": [0.1995019227, 8.7055e-06, 0.0419740551, 0.2643178103, 9.8645e-06, 0.044567602, 0.1652637333, 0.0005463001, 0.0973730517, 0.2262058193, 0.0001123745, 0.1430965592, 0.3236862821, 0.0017265178, 0.172988732], "max": [0.1995243466, 0.2643432195, 0.1666709091, 0.2264952768, 0.3281334972], "min": [0.1994794989, 0.2642924011, 0.1638565575, 0.2259163617, 0.319239067], "raw_data_size": "57"}}