{"user_2_2046": {"weights": [0.15360770081160277, 0.42170884481105647, 0.42468345437734084], "gauss": [0.48137475793060114, 0.0005947704552338719, 0.07680385040580139, 0.46629892964986913, 0.00011091866325732458, 0.21085442240552824, 0.4301139699944661, 0.00025698530686560264, 0.21234172718867042], "max": [0.48290678509807766, 0.4665846371929978, 0.43077592027847206], "min": [0.4798427307631246, 0.46601322210674045, 0.42945201971046015], "raw_data_size": "57"}}