{"user_3_770": {"weights": 1, "gauss": [-0.24563731228155192, 0.0010295043408725865, 0.5], "max": [-0.2429854848322015], "min": [-0.24828913973090233], "raw_data_size": "9991"}}