{"user_5_2611": {"weights": 1, "gauss": [0.35306964086831216, 0.0037317642706421452, 0.5], "max": [0.362682028630569], "min": [0.34345725310605535], "raw_data_size": "9994"}}