{"user_1_1261": {"weights": [1.0], "gauss": [-0.6480749623384934, 0.0009960329295999038, 0.5], "max": [-0.6455093515311303], "min": [-0.6506405731458564], "raw_data_size": "9995"}}