{"user_2_76": {"weights": [1.0], "gauss": [0.07284131027346995, 0.0029503366389081126, 0.5], "max": [0.08044087384330344], "min": [0.06524174670363646], "raw_data_size": "9991"}}