{"user_6_542": {"weights": [1.0], "gauss": [-0.36027871862494115, 0.001469891304174935, 0.5], "max": [-0.35649252953061566], "min": [-0.36406490771926664], "raw_data_size": "9993"}}