{"user_2_3911": {"weights": 1, "gauss": [0.44634687407020573, 0.002303994190415464, 0.5], "max": [0.4522815698210843], "min": [0.44041217831932716], "raw_data_size": "9991"}}