{"user_1_2214": {"weights": [0.09960698638515159, 0.2967784670479575, 0.6036145465668908], "gauss": [0.10576276633644668, 0.00014227062254904766, 0.04980349319257579, 0.25070466708645817, 0.0005406424811430073, 0.14838923352397876, 0.2148814352642391, 0.0007643058602867296, 0.3018072732834454], "max": [0.10612923117504267, 0.2520972698321297, 0.21685015669603983], "min": [0.1053963014978507, 0.24931206434078662, 0.2129127138324384], "raw_data_size": "30"}}