{"user_1_2821": {"weights": 1, "gauss": [0.3351694956, 0.0005774118, 0.5], "max": [0.3366568099], "min": [0.3336821813], "raw_data_size": "9995"}, "user_6_2821": {"weights": 1, "gauss": [0.334887376, 0.0005777101, 0.5], "max": [0.3363754586], "min": [0.3333992933], "raw_data_size": "9993"}, "user_2_2821": {"weights": 1, "gauss": [0.3350184318, 0.0005579023, 0.5], "max": [0.336455493], "min": [0.3335813707], "raw_data_size": "9991"}, "user_5_2821": {"weights": 1, "gauss": [0.334896339, 0.0005632804, 0.5], "max": [0.3363472531], "min": [0.3334454249], "raw_data_size": "9994"}, "user_4_2821": {"weights": 1, "gauss": [0.3347961345, 0.0005691693, 0.5], "max": [0.3362622174], "min": [0.3333300516], "raw_data_size": "9996"}, "user_3_2821": {"weights": 1, "gauss": [0.3350706762, 0.0005622639, 0.5], "max": [0.336518972], "min": [0.3336223805], "raw_data_size": "9991"}}