{"user_2_1312": {"weights": [0.1441513036, 0.2222211129, 0.2642981037, 0.3693294797], "gauss": [0.1553376277, 0.0001044989, 0.0720756518, 0.0671230121, 0.0001241787, 0.1111105565, 0.115921263, 7.54089e-05, 0.1321490519, 0.0902981609, 8.94018e-05, 0.1846647399], "max": [0.155606799, 0.0674428752, 0.1161155034, 0.0905284447], "min": [0.1550684563, 0.0668031491, 0.1157270226, 0.0900678771], "raw_data_size": "57"}, "user_3_1312": {"weights": [0.0818114994, 0.1290346144, 0.1441201858, 0.1988742074, 0.446159493], "gauss": [0.0699723988, 4.7735e-06, 0.0409057497, 0.0456520994, 5.86295e-05, 0.0645173072, 0.1594355011, 0.0001002233, 0.0720600929, 0.0909726741, 7.08191e-05, 0.0994371037, 0.1174961138, 6.97873e-05, 0.2230797465], "max": [0.0699846945, 0.0458031191, 0.1596936592, 0.0911550921, 0.117675874], "min": [0.069960103, 0.0455010798, 0.1591773431, 0.0907902561, 0.1173163536], "raw_data_size": "70"}, "user_1_1312": {"weights": [0.1658586038, 0.2071170976, 0.6270242986], "gauss": [0.1503755258, 2.64269e-05, 0.0829293019, 0.1186641856, 9.5833e-06, 0.1035585488, 0.0834297915, 0.0003328787, 0.3135121493], "max": [0.150443597, 0.1186888706, 0.0842872302], "min": [0.1503074545, 0.1186395006, 0.0825723527], "raw_data_size": "30"}}