{"user_6_419": {"weights": [1.0], "gauss": [-0.2799257090798794, 0.0010682622425248467, 0.5], "max": [-0.277174047891709], "min": [-0.2826773702680498], "raw_data_size": "9993"}}