{"user_5_419": {"weights": 1, "gauss": [-0.2797825183178262, 0.0010539986403622764, 0.5], "max": [-0.27706759773408035], "min": [-0.28249743890157203], "raw_data_size": "9994"}}