{"user_5_1427": {"weights": 1, "gauss": [0.6050206306881274, 0.0008386490588624663, 0.5], "max": [0.6071808475093391], "min": [0.6028604138669157], "raw_data_size": "9994"}}