{"user_1_803": {"weights": [1.0], "gauss": [0.044459490636740574, 0.0006000203624837236, 0.5], "max": [0.04600504066915218], "min": [0.042913940604328966], "raw_data_size": "9995"}}