{"user_5_803": {"weights": 1, "gauss": [0.04505913617237812, 0.0006161928681207347, 0.5], "max": [0.04664634381872135], "min": [0.04347192852603489], "raw_data_size": "9994"}}