{"user_1_3793": {"weights": [0.2936950799172374, 0.30857772794315685, 0.39772719213960567], "gauss": [0.031029736590179713, 8.733636977307491e-06, 0.1468475399586187, 0.005518147683654207, 0.00014151443812728472, 0.15428886397157843, 0.05441283007489296, 0.000712091450339393, 0.19886359606980283], "max": [0.03105223294823242, 0.005882664720257725, 0.05624705609948381], "min": [0.031007240232127007, 0.005153630647050689, 0.05257860405030212], "raw_data_size": "30"}}