{"user_3_1281": {"weights": [1.0], "gauss": [-0.4342284406698318, 0.001650773940334498, 0.5], "max": [-0.4299763287807833], "min": [-0.4384805525588803], "raw_data_size": "9991"}}