{"user_4_1303": {"weights": [1.0], "gauss": [0.18093404004638228, 0.0015922565057093832, 0.5], "max": [0.18503542101255488], "min": [0.17683265908020968], "raw_data_size": "9996"}}