{"user_4_3792": {"weights": [1.0], "gauss": [-0.30813426197249305, 0.003913423137387308, 0.5], "max": [-0.29805395197802453], "min": [-0.31821457196696157], "raw_data_size": "9996"}}