{"user_3_1471": {"weights": [-0.13811981159200612, 0.00016698623025091546, 0.03159366040297763, -0.24567369509905476, 0.0001823028065312458, 0.07692696207219142, -0.1821648017081845, 7.981201104079083e-05, 0.08678421975021172, -0.16252134575042348, 6.340914617177892e-05, 0.10570703420706114, -0.20618394648424088, 0.00014892428257756618, 0.1989881235675581], "gauss": [-0.13811981159200612, 0.00016698623025091546, 0.03159366040297763, -0.24567369509905476, 0.0001823028065312458, 0.07692696207219142, -0.1821648017081845, 7.981201104079083e-05, 0.08678421975021172, -0.16252134575042348, 6.340914617177892e-05, 0.10570703420706114, -0.20618394648424088, 0.00014892428257756618, 0.1989881235675581], "max": [-0.13768968356683664, -0.24520411418787239, -0.18195921959137046, -0.1623580146136012, -0.2058003429531676], "min": [-0.1385499396171756, -0.24614327601023714, -0.18237038382499854, -0.16268467688724578, -0.20656755001531416], "raw_data_size": "70"}}