{"user_1_768": {"weights": [1.0], "gauss": [0.2680829883, 0.0021939312, 0.5], "max": [0.2737341805], "min": [0.2624317962], "raw_data_size": "9995"}, "user_5_768": {"weights": [1.0], "gauss": [0.2678227013, 0.0020998835, 0.5], "max": [0.2732316427], "min": [0.2624137598], "raw_data_size": "9994"}, "user_3_768": {"weights": [1.0], "gauss": [0.2683203599, 0.0021679487, 0.5], "max": [0.2739046257], "min": [0.262736094], "raw_data_size": "9991"}, "user_6_768": {"weights": [1.0], "gauss": [0.2690760401, 0.0021476926, 0.5], "max": [0.2746081297], "min": [0.2635439505], "raw_data_size": "9993"}, "user_2_768": {"weights": [1.0], "gauss": [0.2696286439, 0.0021457183, 0.5], "max": [0.2751556478], "min": [0.2641016399], "raw_data_size": "9991"}, "user_4_768": {"weights": [1.0], "gauss": [0.268528134, 0.0021657439, 0.5], "max": [0.2741067207], "min": [0.2629495473], "raw_data_size": "9996"}}