{"user_4_2150": {"weights": [1.0], "gauss": [0.1836022616951044, 0.0010567657480509685, 0.5], "max": [0.18632430987592086], "min": [0.18088021351428796], "raw_data_size": "9996"}}