{"user_2_1651": {"weights": [0.4425216317176808, 1.0000000004163336e-06, 0.008771929808637346, 0.40248020617566177, 3.9399826146728874e-05, 0.03300291216010839, 0.2720417846684566, 0.00019713126666363778, 0.09997830268973086, 0.3569107684272951, 0.00017574897663516397, 0.12620705117071893, 0.3035355297066194, 0.0001676664677736629, 0.23203980417080453], "gauss": [0.4425216317176808, 1.0000000004163336e-06, 0.008771929808637346, 0.40248020617566177, 3.9399826146728874e-05, 0.03300291216010839, 0.2720417846684566, 0.00019713126666363778, 0.09997830268973086, 0.3569107684272951, 0.00017574897663516397, 0.12620705117071893, 0.3035355297066194, 0.0001676664677736629, 0.23203980417080453], "max": [0.4425242075469854, 0.40258169340240524, 0.2725495611617745, 0.3573634677913807, 0.30396740990753335], "min": [0.44251905588837614, 0.4023787189489183, 0.2715340081751387, 0.3564580690632095, 0.30310364950570545], "raw_data_size": "57"}}