{"user_2_3652": {"weights": [0.0852762776, 0.0943761622, 0.1383977528, 0.2916514713, 0.3902983361], "gauss": [-0.3940922882, 3.60712e-05, 0.0426381388, -0.3672631002, 0.0002298495, 0.0471880811, -0.5094123617, 0.0005885559, 0.0691988764, -0.4330412097, 0.0001833002, 0.1458257356, -0.4727056017, 0.0001672603, 0.1951491681], "max": [-0.393999375, -0.366671047, -0.5078963422, -0.4325690598, -0.4722747677], "min": [-0.3941852014, -0.3678551533, -0.5109283811, -0.4335133596, -0.4731364357], "raw_data_size": "57"}, "user_3_3652": {"weights": [-0.3164089322, 1e-06, 0.0071428571, -0.5183311969, 0.000202485, 0.0786714489, -0.3824693976, 9.42404e-05, 0.1102957799, -0.4756257265, 0.0002559279, 0.1367629172, -0.4325362022, 0.0003431209, 0.167126997], "gauss": [-0.3164089322, 1e-06, 0.0071428571, -0.5183311969, 0.000202485, 0.0786714489, -0.3824693976, 9.42404e-05, 0.1102957799, -0.4756257265, 0.0002559279, 0.1367629172, -0.4325362022, 0.0003431209, 0.167126997], "max": [-0.3164063564, -0.51780963, -0.3822266504, -0.4749664998, -0.4316523813], "min": [-0.316411508, -0.5188527637, -0.3827121448, -0.4762849531, -0.433420023], "raw_data_size": "70"}, "user_1_3652": {"weights": [-0.4780311567, 5.3939e-06, 0.0443555391, -0.4644610626, 1.74031e-05, 0.0887909632, -0.3855620979, 0.0002402657, 0.1007955128, -0.5086838467, 0.000206219, 0.1203255892, -0.434303788, 0.0003208457, 0.1457323956], "gauss": [-0.4780311567, 5.3939e-06, 0.0443555391, -0.4644610626, 1.74031e-05, 0.0887909632, -0.3855620979, 0.0002402657, 0.1007955128, -0.5086838467, 0.000206219, 0.1203255892, -0.434303788, 0.0003208457, 0.1457323956], "max": [-0.478017263, -0.4644162352, -0.3849432145, -0.5081526618, -0.4334773441], "min": [-0.4780450503, -0.46450589, -0.3861809812, -0.5092150317, -0.4351302318], "raw_data_size": "30"}}