{"user_3_3633": {"weights": [0.21696382054104188, 0.24662658011520877, 0.5364095993437493], "gauss": [0.12604338306724414, 0.0003128408142676853, 0.10848191027052094, 0.16299477114468025, 0.0007874307310797084, 0.12331329005760439, 0.10505238815354109, 0.0002036493523865306, 0.26820479967187466], "max": [0.12684920760398094, 0.1650230582963103, 0.10557695412306707], "min": [0.12523755853050733, 0.1609664839930502, 0.10452782218401512], "raw_data_size": "70"}}