{"user_2_1769": {"weights": [0.12029019607323485, 0.1384669013710038, 0.18286608611241406, 0.2138039087017844, 0.34457290774156285], "gauss": [0.06745505551665658, 2.4971409642190197e-05, 0.060145098036617425, 0.12356118722698013, 0.000288701752186325, 0.0692334506855019, 0.03936853701762611, 9.502277251145956e-05, 0.09143304305620703, 0.09058543191619381, 4.32320437510424e-05, 0.1069019543508922, 0.008020453280443252, 0.0003221791782710982, 0.17228645387078143], "max": [0.06751937760536386, 0.12430483366024758, 0.03961329945956559, 0.09069679028134005, 0.008850331848827253], "min": [0.0673907334279493, 0.12281754079371268, 0.03912377457568663, 0.09047407355104757, 0.007190574712059253], "raw_data_size": "57"}}