{"user_1_1769": {"weights": [0.009042608423577294, 4.446832205118659e-05, 0.06591311670837932, 0.1317485348136413, 0.0002820911608377917, 0.06622450182419527, -0.018522102953662835, 2.6522861777963868e-05, 0.0832494253491065, 0.044027790715838094, 8.61691212962588e-05, 0.11337111110096204, 0.07741331918857841, 0.00020249196908379133, 0.17124184501735687], "gauss": [0.009042608423577294, 4.446832205118659e-05, 0.06591311670837932, 0.1317485348136413, 0.0002820911608377917, 0.06622450182419527, -0.018522102953662835, 2.6522861777963868e-05, 0.0832494253491065, 0.044027790715838094, 8.61691212962588e-05, 0.11337111110096204, 0.07741331918857841, 0.00020249196908379133, 0.17124184501735687], "max": [0.00915715123059639, 0.1324751534919994, -0.018453784589081177, 0.04424974766353406, 0.07793490393627776], "min": [0.008928065616558198, 0.1310219161352832, -0.018590421318244493, 0.04380583376814213, 0.07689173444087906], "raw_data_size": "30"}}