{"user_3_1800": {"weights": [1.0], "gauss": [0.16971391143363748, 0.003414738643991436, 0.5], "max": [0.17850969529679145], "min": [0.16091812757048352], "raw_data_size": "9991"}}