{"user_2_2464": {"weights": [0.08168786449673886, 0.24774913275318858, 0.31900796597381464, 0.35155503677625793], "gauss": [0.6632600774617035, 0.0016574668490364753, 0.04084393224836943, 0.5843085280069298, 0.00020413639855290555, 0.12387456637659429, 0.6113406146170405, 0.00026793655142184805, 0.15950398298690732, 0.6583763181159572, 0.00016823443278326977, 0.17577751838812897], "max": [0.6675294291411125, 0.5848343485242433, 0.6120307734376847, 0.6588096612977863], "min": [0.6589907257822945, 0.5837827074896162, 0.6106504557963962, 0.6579429749341281], "raw_data_size": "57"}}