{"user_1_762": {"weights": 1, "gauss": [-0.003336967414332021, 0.0017506171225556758, 0.5], "max": [0.0011723234692413453], "min": [-0.007846258297905388], "raw_data_size": "9995"}}