{"user_3_3399": {"weights": [1.0], "gauss": [0.24436364470853977, 0.0015133938975647038, 0.5], "max": [0.24826188905769903], "min": [0.24046540035938052], "raw_data_size": "9991"}}