{"user_2_3020": {"weights": [0.058345382, 0.06279114, 0.1678933445, 0.3221733792, 0.3887967542], "gauss": [0.1095600124, 0.0005368076, 0.029172691, -0.0654971875, 5.98018e-05, 0.03139557, 0.0664136921, 2.42034e-05, 0.0839466723, -0.016131771, 0.0002490194, 0.1610866896, 0.0182318433, 0.0002292976, 0.1943983771], "max": [0.1109427372, -0.0653431483, 0.0664760358, -0.0154903397, 0.0188224748], "min": [0.1081772877, -0.0656512266, 0.0663513484, -0.0167732024, 0.0176412119], "raw_data_size": "57"}, "user_1_3020": {"weights": [0.0977626603, 0.2423895159, 0.3038238006, 0.3560240232], "gauss": [-0.0620403106, 4.82993e-05, 0.0488813302, 0.0757933836, 0.0011195573, 0.1211947579, 0.0217038312, 9.95022e-05, 0.1519119003, -0.0151675306, 0.0001833414, 0.1780120116], "max": [-0.0619159, 0.0786771721, 0.0219601319, -0.0146952746], "min": [-0.0621647213, 0.0729095952, 0.0214475305, -0.0156397867], "raw_data_size": "30"}, "user_3_3020": {"weights": [0.1199822874, 0.1934492538, 0.2017289498, 0.2143504353, 0.2704890737], "gauss": [-0.0413539698, 9.96653e-05, 0.0599911437, 0.0155279539, 4.31351e-05, 0.0967246269, 0.0817546517, 0.0002200881, 0.1008644749, 0.0394902966, 7.26066e-05, 0.1071752177, -0.0056798267, 6.39216e-05, 0.1352445368], "max": [-0.0410972491, 0.0156390625, 0.0823215611, 0.0396773188, -0.0055151755], "min": [-0.0416106905, 0.0154168453, 0.0811877423, 0.0393032743, -0.0058444779], "raw_data_size": "70"}}