{"user_1_319": {"weights": [1.0], "gauss": [0.42183130518744993, 0.00109379566383208, 0.5], "max": [0.42464873611044335], "min": [0.4190138742644565], "raw_data_size": "9995"}}