{"user_3_1379": {"weights": [0.2803824049, 0.3067155585, 0.4129020366], "gauss": [-0.3278066256, 0.0002340525, 0.1401912025, -0.2957803587, 0.0001841398, 0.1533577793, -0.3712990858, 0.0005820785, 0.2064510183], "max": [-0.3272037463, -0.2953060461, -0.3697997508], "min": [-0.3284095049, -0.2962546714, -0.3727984207], "raw_data_size": "70"}, "user_1_1379": {"weights": [0.2090209554, 0.3342196349, 0.4567594097], "gauss": [-0.287829437, 0.000319082, 0.1045104777, -0.3834916946, 0.0003881907, 0.1671098175, -0.3417888566, 0.0001978034, 0.2283797048], "max": [-0.2870075363, -0.3824917817, -0.3412793489], "min": [-0.2886513377, -0.3844916076, -0.3422983642], "raw_data_size": "30"}, "user_2_1379": {"weights": [0.1573303015, 0.2039531238, 0.6387165747], "gauss": [-0.3994550214, 0.0002562987, 0.0786651507, -0.2802686278, 0.0001247945, 0.1019765619, -0.3475373501, 0.0004923983, 0.3193582873], "max": [-0.3987948396, -0.2799471784, -0.3462690161], "min": [-0.4001152031, -0.2805900772, -0.3488056842], "raw_data_size": "57"}}