{"user_1_2325": {"weights": [0.24411898026746676, 0.3517256224612067, 0.4041553972713265], "gauss": [-0.2521724697082507, 0.00010684890435257066, 0.12205949013373338, -0.2126807323345836, 0.00035766594066352533, 0.17586281123060335, -0.314489831849416, 0.00031959339946944956, 0.20207769863566324], "max": [-0.25189724516936723, -0.2117594459237411, -0.31366661380584177], "min": [-0.25244769424713415, -0.2136020187454261, -0.3153130498929902], "raw_data_size": "30"}}