{"user_2_2325": {"weights": [0.1927447819540129, 0.22650163166884288, 0.2530030476130596, 0.3277505387640846], "gauss": [-0.3380003085786411, 0.0005361825156738183, 0.09637239097700645, -0.3034774842098176, 5.670786824288243e-05, 0.11325081583442144, -0.20171825913284727, 0.00024194103500394564, 0.1265015238065298, -0.24915293016733114, 0.00023650414912198308, 0.1638752693820423], "max": [-0.33661919394271794, -0.3033314144210558, -0.20109506032515315, -0.24854373584961184], "min": [-0.33938142321456427, -0.30362355399857943, -0.2023414579405414, -0.24976212448505045], "raw_data_size": "57"}}