{"user_1_1266": {"weights": [1.0], "gauss": [0.16182937311081452, 0.0009549277314716058, 0.5], "max": [0.16428910394431057], "min": [0.15936964227731848], "raw_data_size": "9995"}}