{"user_1_4003": {"weights": [0.0333233424525, 0.06667164530703022, 0.2899614282965895, 0.6100435839438801], "gauss": [0.4905359745025623, 1.0000000005551115e-06, 0.01666167122625, 0.5258331962130206, 8.585201409436094e-05, 0.03333582265351511, 0.4463648816243995, 4.393969520158258e-05, 0.14498071414829475, 0.40292097724661824, 0.0004516844117962983, 0.30502179197194007], "max": [0.4905385503318673, 0.5260543363466935, 0.44647806277888874, 0.40408443919047937], "min": [0.49053339867325735, 0.5256120560793477, 0.4462517004699103, 0.4017575153027571], "raw_data_size": "30"}}