{"user_6_3235": {"weights": [1.0], "gauss": [0.40449423265729306, 0.002196655494394683, 0.5], "max": [0.4101524422495566], "min": [0.3988360230650295], "raw_data_size": "9993"}}