{"user_5_3235": {"weights": 1, "gauss": [0.40499039915792223, 0.002151819347802674, 0.5], "max": [0.41053311848993584], "min": [0.3994476798259086], "raw_data_size": "9994"}}