{"user_2_2110": {"weights": 1, "gauss": [-0.4077731918395878, 0.001181895683250277, 0.5], "max": [-0.4047288303049338], "min": [-0.41081755337424186], "raw_data_size": "9991"}}