{"user_3_1509": {"weights": [1.0], "gauss": [0.2685986474632155, 0.0013583666943939993, 0.5], "max": [0.2720975681996004], "min": [0.2650997267268306], "raw_data_size": "9991"}}