{"user_2_1509": {"weights": [1.0], "gauss": [0.26754790739878676, 0.0014173563405093642, 0.5], "max": [0.2711987753942416], "min": [0.2638970394033319], "raw_data_size": "9991"}}