{"user_2_2290": {"weights": [0.0701577546224872, 0.16827653146412028, 0.30982386534621803, 0.45174184856717453], "gauss": [0.11422442310135017, 7.22963379674768e-06, 0.0350788773112436, 0.013881954743249152, 0.00017873221652148268, 0.08413826573206014, 0.04156005538883151, 0.0001328384132486135, 0.15491193267310902, 0.05929368882946622, 0.00015119212618649566, 0.22587092428358727], "max": [0.11424304540393776, 0.014342338424053434, 0.041902224466314225, 0.05968313393856326], "min": [0.11420580079876258, 0.013421571062444869, 0.04121788631134879, 0.05890424372036918], "raw_data_size": "57"}}