{"user_2_4028": {"weights": [0.34648813788491395, 0.6535118621150862], "gauss": [-0.7062252190461633, 0.0033114304204059078, 0.17324406894245697, -0.5682737059827115, 0.001742788769437258, 0.3267559310575431], "max": [-0.6976955395326185, -0.5637845796004991], "min": [-0.7147548985597081, -0.572762832364924], "raw_data_size": "57"}}