{"user_3_4028": {"weights": [-0.5906081251621487, 0.000709243226227534, 0.08039034130115803, -0.7609026152129282, 0.0003828972763475204, 0.08722459946471699, -0.6364043310592634, 0.0002763603881318623, 0.10418274623427323, -0.6867398409032901, 0.00038357543179581746, 0.11281625930219087, -0.5293038892117711, 0.0013890537955175408, 0.11538605369766083], "gauss": [-0.5906081251621487, 0.000709243226227534, 0.08039034130115803, -0.7609026152129282, 0.0003828972763475204, 0.08722459946471699, -0.6364043310592634, 0.0002763603881318623, 0.10418274623427323, -0.6867398409032901, 0.00038357543179581746, 0.11281625930219087, -0.5293038892117711, 0.0013890537955175408, 0.11538605369766083], "max": [-0.5887812356766883, -0.7599163371882632, -0.6356924738731732, -0.685751816065949, -0.5257259237410712], "min": [-0.5924350146476091, -0.7618888932375932, -0.6371161882453537, -0.6877278657406312, -0.532881854682471], "raw_data_size": "70"}}