{"user_3_2102": {"weights": [0.09690448020252741, 9.59567994849819e-05, 0.060801273245090694, 0.17125919127480507, 0.0001708496083438368, 0.06969381398636723, 0.1545666152302444, 2.8773031950652228e-05, 0.07847328015779055, 0.12140567959453707, 4.531779941257811e-05, 0.12264049246142025, 0.1384640864876849, 2.4119008001153824e-05, 0.16839114014933132], "gauss": [0.09690448020252741, 9.59567994849819e-05, 0.060801273245090694, 0.17125919127480507, 0.0001708496083438368, 0.06969381398636723, 0.1545666152302444, 2.8773031950652228e-05, 0.07847328015779055, 0.12140567959453707, 4.531779941257811e-05, 0.12264049246142025, 0.1384640864876849, 2.4119008001153824e-05, 0.16839114014933132], "max": [0.0971516485385156, 0.17169927070247698, 0.15464072964909484, 0.12152241051023635, 0.13852621293526682], "min": [0.09665731186653923, 0.17081911184713316, 0.15449250081139396, 0.1212889486788378, 0.138401960040103], "raw_data_size": "70"}}