{"user_4_3895": {"weights": 1, "gauss": [-0.0765801691969029, 0.0011745771316295287, 0.5], "max": [-0.07355465900197315], "min": [-0.07960567939183265], "raw_data_size": "9996"}}