{"user_3_3575": {"weights": [0.06169443761203594, 0.19981102089240685, 0.24997460036255462, 0.4885199411330027], "gauss": [0.43439598423697867, 0.00013422228195020158, 0.03084721880601797, 0.3567870934700776, 0.00015883976691013945, 0.09990551044620342, 0.41448206036361923, 0.00014437635027100726, 0.12498730018127731, 0.3860205709287866, 0.00011132759330326103, 0.24425997056650134], "max": [0.4347417179240152, 0.3571962375962536, 0.4148539491973867, 0.3863073318059107], "min": [0.4340502505499421, 0.3563779493439016, 0.41411017152985174, 0.3857338100516625], "raw_data_size": "70"}}