{"user_3_598": {"weights": [1.0], "gauss": [0.03775444443204571, 0.00014157033370667385, 0.5], "max": [0.03811910544612056], "min": [0.03738978341797086], "raw_data_size": "70"}}