{"user_2_598": {"weights": [0.21409798601569108, 0.2405473586099888, 0.24276219073817915, 0.302592464636141], "gauss": [0.05270046412694411, 2.998758887569762e-05, 0.10704899300784554, 0.03676700343794974, 1.6416807744625177e-05, 0.1202736793049944, 0.043409670714764384, 2.0221138100866502e-05, 0.12138109536908957, 0.022602668848898298, 4.3531925948356564e-05, 0.1512962323180705], "max": [0.05277770703711291, 0.036809290332409074, 0.043461756914835704, 0.022714799659395997], "min": [0.05262322121677531, 0.0367247165434904, 0.043357584514693064, 0.0224905380384006], "raw_data_size": "57"}}