{"user_1_1026": {"weights": 1, "gauss": [0.4046456676, 0.0004260506, 0.5], "max": [0.4057431011], "min": [0.403548234], "raw_data_size": "9995"}, "user_4_1026": {"weights": 1, "gauss": [0.4048063378, 0.0004354759, 0.5], "max": [0.4059280494], "min": [0.4036846262], "raw_data_size": "9996"}, "user_5_1026": {"weights": 1, "gauss": [0.4050456578, 0.0004372734, 0.5], "max": [0.4061719996], "min": [0.403919316], "raw_data_size": "9994"}, "user_3_1026": {"weights": 1, "gauss": [0.4047014479, 0.0004313751, 0.5], "max": [0.4058125964], "min": [0.4035902993], "raw_data_size": "9991"}, "user_2_1026": {"weights": 1, "gauss": [0.4046415671, 0.0004440548, 0.5], "max": [0.4057853765], "min": [0.4034977577], "raw_data_size": "9991"}, "user_6_1026": {"weights": 1, "gauss": [0.4045919971, 0.0004313158, 0.5], "max": [0.4057029929], "min": [0.4034810013], "raw_data_size": "9993"}}