{"user_3_2134": {"weights": [0.1263093904, 0.3206567827, 0.553033827], "gauss": [-0.3649534234, 0.0009335509, 0.0631546952, -0.2977672707, 0.000594003, 0.1603283913, -0.2350669061, 0.0004445324, 0.2765169135], "max": [-0.3625487556, -0.2962372202, -0.2339218664], "min": [-0.3673580913, -0.2992973211, -0.2362119458], "raw_data_size": "70"}, "user_2_2134": {"weights": [0.0989646053, 0.3938581504, 0.5071772443], "gauss": [-0.3640404174, 0.0003032772, 0.0494823027, -0.2405558967, 0.0007145598, 0.1969290752, -0.2856082162, 0.0004741765, 0.2535886221], "max": [-0.3632592271, -0.2387153125, -0.2843868186], "min": [-0.3648216077, -0.2423964808, -0.2868296138], "raw_data_size": "57"}, "user_1_2134": {"weights": [1.0], "gauss": [-0.2728498285, 0.0018909538, 0.5], "max": [-0.2679790542], "min": [-0.2777206028], "raw_data_size": "30"}}