{"user_3_2905": {"weights": 1, "gauss": [0.1460483745541694, 0.000961778435549925, 0.5], "max": [0.14852575163198034], "min": [0.1435709974763585], "raw_data_size": "9991"}}