{"user_6_2905": {"weights": [1.0], "gauss": [0.14597356767757513, 0.0009639588687789723, 0.5], "max": [0.14845656117919187], "min": [0.1434905741759584], "raw_data_size": "9993"}}