{"user_1_1048": {"weights": 1, "gauss": [0.49076775824829166, 0.0021029459536510966, 0.5], "max": [0.49618458805948573], "min": [0.4853509284370976], "raw_data_size": "9995"}}