{"user_3_2794": {"weights": [1.0], "gauss": [-0.10331589041869257, 0.0016954631127126518, 0.5], "max": [-0.0989486668498811], "min": [-0.10768311398750405], "raw_data_size": "9991"}}