{"user_1_788": {"weights": [0.061854432, 0.1581324114, 0.2409677559, 0.2591264483, 0.2799189524], "gauss": [-0.1803802959, 1.27201e-05, 0.030927216, -0.1644098515, 1.26186e-05, 0.0790662057, -0.1243470249, 1.62342e-05, 0.1204838779, -0.1408198478, 2.75786e-05, 0.1295632241, -0.1715693161, 8.0393e-06, 0.1399594762], "max": [-0.1803475311, -0.1643773481, -0.1243052085, -0.1407488099, -0.1715486083], "min": [-0.1804130606, -0.1644423549, -0.1243888414, -0.1408908856, -0.171590024], "raw_data_size": "30"}, "user_3_788": {"weights": [-0.2151412333, 0.0001710095, 0.0609813022, -0.1819345986, 5.03216e-05, 0.0793616121, -0.1548831787, 0.0001289708, 0.0859266156, -0.1068261951, 6.18234e-05, 0.1163543961, -0.1297916901, 4.62037e-05, 0.157376074], "gauss": [-0.2151412333, 0.0001710095, 0.0609813022, -0.1819345986, 5.03216e-05, 0.0793616121, -0.1548831787, 0.0001289708, 0.0859266156, -0.1068261951, 6.18234e-05, 0.1163543961, -0.1297916901, 4.62037e-05, 0.157376074], "max": [-0.214700742, -0.1818049787, -0.154550972, -0.1066669485, -0.1296726773], "min": [-0.2155817246, -0.1820642186, -0.1552153854, -0.1069854416, -0.1299107028], "raw_data_size": "70"}, "user_2_788": {"weights": [0.1197426619, 0.1889953314, 0.3176937968, 0.3735682099], "gauss": [-0.1581897595, 0.0010381478, 0.0598713309, -0.1440494066, 4.27583e-05, 0.0944976657, -0.1265433304, 9.98931e-05, 0.1588468984, -0.1694563908, 4.69072e-05, 0.186784105], "max": [-0.155515668, -0.1439392685, -0.1262860228, -0.169335566], "min": [-0.1608638509, -0.1441595446, -0.126800638, -0.1695772156], "raw_data_size": "57"}}