{"user_1_1259": {"weights": [0.15217278897762257, 1.0000000000485722e-06, 0.01666655055089466, 0.2373148174232353, 1.7530617826068795e-05, 0.09720867855555754, 0.2912944736881016, 0.0001809294815599678, 0.1040723011782416, 0.20636772171552634, 0.0001287940850766754, 0.119056219917402, 0.2645221425387242, 3.994182092183118e-05, 0.1629962497979042], "gauss": [0.15217278897762257, 1.0000000000485722e-06, 0.01666655055089466, 0.2373148174232353, 1.7530617826068795e-05, 0.09720867855555754, 0.2912944736881016, 0.0001809294815599678, 0.1040723011782416, 0.20636772171552634, 0.0001287940850766754, 0.119056219917402, 0.2645221425387242, 3.994182092183118e-05, 0.1629962497979042], "max": [0.15217536480692626, 0.237359973302341, 0.29176051714857965, 0.2066994732939906, 0.2646250258514917], "min": [0.15217021314831888, 0.2372696615441296, 0.2908284302276235, 0.20603597013706207, 0.26441925922595666], "raw_data_size": "30"}}