{"user_3_2858": {"weights": [0.1560636329, 0.2591295891, 0.2844737384, 0.3003330396], "gauss": [0.1341680584, 4.26645e-05, 0.0780318164, 0.0944953157, 7.02994e-05, 0.1295647946, 0.0693245196, 0.0001109905, 0.1422368692, 0.1159952353, 4.06312e-05, 0.1501665198], "max": [0.1342779548, 0.094676395, 0.0696104122, 0.1160998943], "min": [0.1340581619, 0.0943142363, 0.0690386269, 0.1158905764], "raw_data_size": "70"}, "user_1_2858": {"weights": [0.0345476195, 1e-06, 0.01666661, 0.1247857496, 1.22522e-05, 0.0617065363, 0.056899804, 7.6812e-06, 0.0817909709, 0.1099284263, 1.73791e-05, 0.1239262635, 0.0887423649, 0.0001177904, 0.2159096193], "gauss": [0.0345476195, 1e-06, 0.01666661, 0.1247857496, 1.22522e-05, 0.0617065363, 0.056899804, 7.6812e-06, 0.0817909709, 0.1099284263, 1.73791e-05, 0.1239262635, 0.0887423649, 0.0001177904, 0.2159096193], "max": [0.0345501954, 0.1248173092, 0.0569195894, 0.1099731918, 0.089045773], "min": [0.0345450437, 0.12475419, 0.0568800186, 0.1098836607, 0.0884389569], "raw_data_size": "30"}, "user_2_2858": {"weights": [0.1180340529, 0.1626903711, 0.1914388206, 0.2484666019, 0.2793701535], "gauss": [0.0756584492, 1.4831e-05, 0.0590170264, 0.0554958425, 0.0001705021, 0.0813451855, 0.1272750855, 5.70627e-05, 0.0957194103, 0.0943774643, 3.91924e-05, 0.1242333009, 0.1121525687, 3.26169e-05, 0.1396850768], "max": [0.0756966512, 0.0559350268, 0.1274220694, 0.0944784172, 0.1122365842], "min": [0.0756202472, 0.0550566581, 0.1271281017, 0.0942765115, 0.1120685532], "raw_data_size": "57"}}