{"user_6_3191": {"weights": [1.0], "gauss": [-0.2112009637821695, 0.0016220103444283321, 0.5], "max": [-0.20702294200633153], "min": [-0.21537898555800744], "raw_data_size": "9993"}}