{"user_3_2031": {"weights": [1.0], "gauss": [-0.5218275998622816, 0.00217017788697224, 0.5], "max": [-0.5162375920671046], "min": [-0.5274176076574585], "raw_data_size": "9991"}}