{"user_4_2031": {"weights": [1.0], "gauss": [-0.5217996711156699, 0.0022484035336957356, 0.5], "max": [-0.5160081674073735], "min": [-0.5275911748239663], "raw_data_size": "9996"}}