{"user_4_3501": {"weights": 1, "gauss": [-0.11717020113546396, 0.0019649167575521266, 0.5], "max": [-0.1121089109723269], "min": [-0.12223149129860102], "raw_data_size": "9996"}}