{"user_6_2218": {"weights": 1, "gauss": [0.03259080892496197, 0.0010899697573115374, 0.5], "max": [0.03539838496582711], "min": [0.029783232884096827], "raw_data_size": "9993"}}