{"user_1_2218": {"weights": [1.0], "gauss": [0.03309791974892518, 0.0010835061020992539, 0.5], "max": [0.035888846517286487], "min": [0.030306992980563878], "raw_data_size": "9995"}}