{"user_3_186": {"weights": [0.25305587027719506, 2.3604937783193835e-05, 0.014244483776837192, 0.1367365368855109, 2.015728463520658e-05, 0.0349640035515452, 0.20701525152417188, 0.0001313312356255859, 0.08860507287540621, 0.16145032741556445, 7.203139254811819e-05, 0.16496249198342577, 0.18502479059539126, 9.797630062979745e-05, 0.19722394781278554], "gauss": [0.25305587027719506, 2.3604937783193835e-05, 0.014244483776837192, 0.1367365368855109, 2.015728463520658e-05, 0.0349640035515452, 0.20701525152417188, 0.0001313312356255859, 0.08860507287540621, 0.16145032741556445, 7.203139254811819e-05, 0.16496249198342577, 0.18502479059539126, 9.797630062979745e-05, 0.19722394781278554], "max": [0.2531166725676455, 0.13678845860995426, 0.20735353836936754, 0.1616358679872653, 0.1852771608216068], "min": [0.25299506798674465, 0.13668461516106756, 0.20667696467897623, 0.16126478684386358, 0.1847724203691757], "raw_data_size": "70"}}