{"user_2_186": {"weights": [0.15764186474664246, 0.416926702782113, 0.42543143247124454], "gauss": [0.13088537686473406, 0.0005597611644136438, 0.07882093237332123, 0.19693840132949147, 0.00019290135418854087, 0.2084633513910565, 0.1681769758518185, 0.00027672252391055987, 0.21271571623562227], "max": [0.13232722607501937, 0.19743528229030458, 0.16888976583785933], "min": [0.12944352765444875, 0.19644152036867837, 0.1674641858657777], "raw_data_size": "57"}}