{"user_1_3251": {"weights": [0.12372506209601063, 0.22846040789383343, 0.30813149351564606, 0.3396830364945099], "gauss": [0.4722619906269721, 0.0003122768615095574, 0.06186253104800531, 0.41349456429590375, 3.2440693829709596e-05, 0.11423020394691671, 0.44169771391346824, 4.721944626254093e-05, 0.15406574675782303, 0.3887400536432094, 0.00020798220058812389, 0.16984151824725496], "max": [0.4730663625176687, 0.41357812598569776, 0.4418193431468486, 0.3892757802901009], "min": [0.4714576187362755, 0.41341100260610975, 0.44157608468008785, 0.3882043269963179], "raw_data_size": "30"}}