{"user_2_45": {"weights": [1.0], "gauss": [-0.13984026635966065, 0.0027948593415702055, 0.5], "max": [-0.13264118576834674], "min": [-0.14703934695097456], "raw_data_size": "9991"}}