{"user_4_361": {"gauss": [0.18433682620525318, 1.0000000000763278e-06, 0.006849315068493166, 0.1538436393150025, 0.0018239649190101143, 0.4931506849315068], "weights": [0.013698630136986332, 0.9863013698630136], "max": 0.25014743208885193, "min": 0.059533275663852685, "raw_data_size": "<function raw_data_size at 0x7fcb11d6b910>"}}