{"user_4_9": {"gauss": [-0.315215200185775, 1.0000000002220446e-06, 0.006849315068493166, -0.24567339097854068, 5.748095793489571e-05, 0.10238962928709294, -0.32944036169964924, 0.0009330215790819542, 0.14212293602127654, -0.2886415863600615, 0.0002663337083636798, 0.2486381196231373], "weights": [0.013698630136986332, 0.20477925857418589, 0.2842458720425531, 0.4972762392462746], "max": -0.23205937445163727, "min": -0.40511015057563776, "raw_data_size": "5001"}}