{"user_4_569": {"gauss": [-0.07714530080556851, 1.0000000000130104e-06, 0.0068493150684931685, -0.18292878768195345, 0.0014511780403122915, 0.09860423010422277, -0.09078998719468484, 0.000878660849104265, 0.3945464548272841], "weights": [0.013698630136986337, 0.19720846020844554, 0.7890929096545682], "max": -0.043398931622505195, "min": -0.23904809355735776, "raw_data_size": "<function raw_data_size at 0x7fcb11d6b910>"}}