{"user_4_92": {"gauss": [-0.2551009654998774, 1.0000000001387778e-06, 0.006849315068493164, -0.2781505516818411, 0.0007696270928624756, 0.10199813406381379, -0.22536315707058335, 0.0007431798620322051, 0.39115255086769307], "weights": [0.013698630136986328, 0.20399626812762758, 0.7823051017353861], "max": -0.16723616421222687, "min": -0.3318995833396912, "raw_data_size": "<function raw_data_size at 0x7fcb11d6b910>"}}