{"user_4_576": {"gauss": [0.15143720805644956, 1.0000000000555111e-06, 0.006849315068493166, 0.039783599677370676, 0.0003677389839830313, 0.08060613100390793, -0.006700592140791708, 0.00015366551517544233, 0.1971133866139562, 0.021450186135324185, 0.00013392722868435083, 0.21543116731364276], "weights": [0.013698630136986332, 0.16121226200781585, 0.3942267732279124, 0.4308623346272855], "max": 0.1514372080564499, "min": -0.034972093999385834, "raw_data_size": "<function raw_data_size at 0x7fcb11d6b910>"}}