{"user_4_435": {"gauss": [-0.4483768343925466, 1.0000000004440892e-06, 0.006849315068493166, -0.38181672328048283, 0.0009145764209018127, 0.4931506849315068], "weights": [0.013698630136986332, 0.9863013698630136], "max": -0.31509098410606384, "min": -0.4490540027618408, "raw_data_size": "<function raw_data_size at 0x7fcb11d6b910>"}}