{"user_4_584": {"gauss": [-0.42889196004305885, 5.116518830916472e-05, 0.013469767980660076, -0.5974636590312729, 0.00030943938277086427, 0.06704368728191079, -0.5535648100960899, 0.0004502398767604322, 0.15392670783213291, -0.4937650593640985, 0.0003091458281930516, 0.2655598369052961], "weights": [0.026939535961320153, 0.13408737456382158, 0.30785341566426583, 0.5311196738105922], "max": -0.4216878414154053, "min": -0.6362481117248535, "raw_data_size": "<function raw_data_size at 0x7fcb11d6b910>"}}