{"user_4_463": {"gauss": [-0.007289159111678584, 1.000000000000122e-06, 0.006849315068493166, -0.10799787418606381, 0.0017782952630368022, 0.4931506849315068], "weights": [0.013698630136986332, 0.9863013698630136], "max": -0.0011442881077528, "min": -0.20653097331523892, "raw_data_size": "<function raw_data_size at 0x7fcb11d6b910>"}}