{"user_4_263": {"gauss": [0.23287156224250743, 1.0000000001179612e-06, 0.006849315068493166, 0.20355642400681973, 0.003132028317483249, 0.4931506849315068], "weights": [0.013698630136986332, 0.9863013698630136], "max": 0.2960609495639801, "min": 0.05055283010005951, "raw_data_size": "<function raw_data_size at 0x7fcb11d6b910>"}}