{"user_4_632": {"gauss": [0.45518803596496477, 1.0000000004440892e-06, 0.006849315068493168, 0.1646838770439575, 0.00014518305783727228, 0.03484881130964275, 0.2533234025937456, 0.0008334789219015111, 0.45830187362186414], "weights": [0.013698630136986335, 0.0696976226192855, 0.9166037472437283], "max": 0.45518803596496576, "min": 0.14621135592460632, "raw_data_size": "<function raw_data_size at 0x7fcb11d6b910>"}}