{"user_4_585": {"gauss": [0.17503221333026844, 1.0000000000659194e-06, 0.006849315068493166, 0.40327489127715427, 0.002517601439073868, 0.4931506849315068], "weights": [0.013698630136986332, 0.9863013698630136], "max": 0.5255948901176453, "min": 0.17503221333026883, "raw_data_size": "<function raw_data_size at 0x7fcb11d6b910>"}}