{"user_4_460": {"gauss": [0.08876058459281902, 1.0000000000173472e-06, 0.006849315068493166, 0.22831148679474084, 4.341921089918887e-05, 0.06306159258000545, 0.1798010198387753, 0.0003701003636168075, 0.180870220562209, 0.14614066434554304, 0.0005923598122606785, 0.2492188717892924], "weights": [0.013698630136986332, 0.1261231851600109, 0.361740441124418, 0.4984377435785848], "max": 0.24062985181808472, "min": 0.08876058459281921, "raw_data_size": "<function raw_data_size at 0x7fcb11d6b910>"}}