{"user_4_493": {"gauss": [0.49003705382347, 1.0000000005551115e-06, 0.006849315068493166, 0.3105174172669649, 0.002555871218644825, 0.4931506849315068], "weights": [0.013698630136986332, 0.9863013698630136], "max": 0.4900370538234711, "min": 0.19785258173942563, "raw_data_size": "<function raw_data_size at 0x7fcb11d6b910>"}}