{"user_4_510": {"gauss": [0.21974568068981118, 1.0000000001110223e-06, 0.006849315068493166, -0.02650215429498887, 0.0001652939358856663, 0.0545613976086228, -0.05930082924158408, 4.637296936704465e-05, 0.05825807650341762, -0.12876283853022352, 0.00016371102007067023, 0.10122686351386391, -0.07579920529586098, 3.754218012194305e-05, 0.10753523330454746, -0.10204000556414994, 6.304053426601616e-05, 0.17156911400105507], "weights": [0.013698630136986332, 0.1091227952172456, 0.11651615300683524, 0.20245372702772782, 0.21507046660909493, 0.34313822800211013], "max": 0.21974568068981168, "min": -0.15786698460578918, "raw_data_size": "<function raw_data_size at 0x7fcb11d6b910>"}}