{"user_4_382": {"gauss": [0.168052643537521, 1.0000000000589806e-06, 0.006849315068493166, 0.34732502988643116, 0.003038044895797647, 0.4931506849315068], "weights": [0.013698630136986332, 0.9863013698630136], "max": 0.4376113116741181, "min": 0.16805264353752136, "raw_data_size": "<function raw_data_size at 0x7fcb11d6b910>"}}