{"user_1_1180": {"weights": [1.0], "gauss": [0.2400092146, 0.0017198529, 0.5], "max": [0.2444392621], "min": [0.2355791671], "raw_data_size": "9995"}, "user_2_1180": {"weights": [1.0], "gauss": [0.2405113683, 0.0017167563, 0.5], "max": [0.2449334395], "min": [0.236089297], "raw_data_size": "9991"}, "user_5_1180": {"weights": [1.0], "gauss": [0.2406359632, 0.0017158071, 0.5], "max": [0.2450555895], "min": [0.2362163369], "raw_data_size": "9994"}, "user_4_1180": {"weights": [1.0], "gauss": [0.2403627806, 0.0016708343, 0.5], "max": [0.2446665645], "min": [0.2360589968], "raw_data_size": "9996"}, "user_3_1180": {"weights": [1.0], "gauss": [0.2407086081, 0.0017007752, 0.5], "max": [0.2450895149], "min": [0.2363277014], "raw_data_size": "9991"}, "user_6_1180": {"weights": [1.0], "gauss": [0.2416478759, 0.0016948933, 0.5], "max": [0.2460136318], "min": [0.2372821201], "raw_data_size": "9993"}}