{"user_2_3437": {"weights": [1.0], "gauss": [-0.2921259757315906, 0.0016692607385785224, 0.5], "max": [-0.2878262450058964], "min": [-0.29642570645728483], "raw_data_size": "9991"}}