{"user_6_3437": {"weights": 1, "gauss": [-0.29345516176961994, 0.0015984745133165296, 0.5], "max": [-0.28933776427724317], "min": [-0.2975725592619967], "raw_data_size": "9993"}}