{"user_3_2236": {"weights": [1.0], "gauss": [0.009709477119489794, 0.0009353897416563031, 0.5], "max": [0.012118881426287136], "min": [0.007300072812692453], "raw_data_size": "9991"}}