{"user_4_198": {"weights": [1.0], "gauss": [0.5294427190401436, 0.00206244231039046, 0.5], "max": [0.5347552183801264], "min": [0.5241302197001608], "raw_data_size": "9996"}}