{"user_1_198": {"weights": 1, "gauss": [0.5305555046022774, 0.002129959946919862, 0.5], "max": [0.5360419178489391], "min": [0.5250690913556157], "raw_data_size": "9995"}}