{"user_5_3132": {"weights": [1.0], "gauss": [-0.0896018699, 0.0010381363, 0.5], "max": [-0.0869278081], "min": [-0.0922759318], "raw_data_size": "9994"}, "user_1_3132": {"weights": [1.0], "gauss": [-0.0903198587, 0.0009986, 0.5], "max": [-0.0877476357], "min": [-0.0928920818], "raw_data_size": "9995"}, "user_4_3132": {"weights": [1.0], "gauss": [-0.0903435431, 0.0009923137, 0.5], "max": [-0.0877875123], "min": [-0.0928995739], "raw_data_size": "9996"}, "user_6_3132": {"weights": [1.0], "gauss": [-0.0904333918, 0.0009947252, 0.5], "max": [-0.0878711495], "min": [-0.092995634], "raw_data_size": "9993"}, "user_3_3132": {"weights": [1.0], "gauss": [-0.0897371605, 0.000997143, 0.5], "max": [-0.0871686903], "min": [-0.0923056306], "raw_data_size": "9991"}, "user_2_3132": {"weights": [1.0], "gauss": [-0.0897446844, 0.0010105454, 0.5], "max": [-0.087141692], "min": [-0.0923476768], "raw_data_size": "9991"}}