{"user_2_2515": {"weights": [0.05275350813700132, 0.9472464918629986], "gauss": [-0.03362618859549308, 0.0006959308691061101, 0.02637675406850066, 0.08384069413954931, 0.0003816891496720899, 0.4736232459314993], "max": [-0.03183358946960531, 0.08482386023612135], "min": [-0.03541878772138085, 0.08285752804297727], "raw_data_size": "57"}}