{"user_6_714": {"weights": 1, "gauss": [0.2616285129373459, 0.0018431008664855908, 0.5], "max": [0.26637602615863587], "min": [0.25688099971605594], "raw_data_size": "9993"}}