{"user_3_714": {"weights": [1.0], "gauss": [0.2609798924118167, 0.0018441695619432613, 0.5], "max": [0.26573015841018305], "min": [0.2562296264134503], "raw_data_size": "9991"}}