{"user_3_2544": {"weights": 1, "gauss": [-0.4003580409214953, 0.0005695980149998382, 0.5], "max": [-0.3988908536632154], "min": [-0.4018252281797752], "raw_data_size": "9991"}}