{"user_1_2544": {"weights": [1.0], "gauss": [-0.40062669590563477, 0.0005817816705999114, 0.5], "max": [-0.39912812563023586], "min": [-0.40212526618103367], "raw_data_size": "9995"}}