{"user_5_3310": {"weights": 1, "gauss": [-0.04706149639020928, 0.0011996670441844542, 0.5], "max": [-0.043971358863297075], "min": [-0.05015163391712149], "raw_data_size": "9994"}}