{"user_4_3310": {"weights": 1, "gauss": [-0.04659538518150362, 0.0012191766572884689, 0.5], "max": [-0.04345499422145719], "min": [-0.04973577614155005], "raw_data_size": "9996"}}