{"user_4_3585": {"weights": 1, "gauss": [-0.3090474763, 0.0013307046, 0.5], "max": [-0.3056198085], "min": [-0.3124751442], "raw_data_size": "9996"}, "user_5_3585": {"weights": 1, "gauss": [-0.3093788223, 0.0013056186, 0.5], "max": [-0.3060157715], "min": [-0.3127418731], "raw_data_size": "9994"}, "user_3_3585": {"weights": 1, "gauss": [-0.3091240273, 0.0013165819, 0.5], "max": [-0.3057327372], "min": [-0.3125153174], "raw_data_size": "9991"}, "user_2_3585": {"weights": 1, "gauss": [-0.3082641478, 0.0013123778, 0.5], "max": [-0.3048836867], "min": [-0.3116446088], "raw_data_size": "9991"}, "user_6_3585": {"weights": 1, "gauss": [-0.3090276391, 0.0013020114, 0.5], "max": [-0.3056738799], "min": [-0.3123813982], "raw_data_size": "9993"}, "user_1_3585": {"weights": 1, "gauss": [-0.3087727144, 0.0013573241, 0.5], "max": [-0.3052764792], "min": [-0.3122689496], "raw_data_size": "9995"}}