{"user_1_2791": {"weights": [1.0], "gauss": [-0.23044271469265298, 0.0017154005893742625, 0.5], "max": [-0.2260241355872177], "min": [-0.23486129379808826], "raw_data_size": "9995"}}