{"user_3_679": {"weights": [0.0836637601, 0.1400975958, 0.2411202948, 0.2446850377, 0.2904333117], "gauss": [0.7561804788, 0.0003626154, 0.04183188, 0.7303173798, 0.0001218758, 0.0700487979, 0.6978480859, 0.0001532041, 0.1205601474, 0.6688734823, 0.0001420211, 0.1223425188, 0.6364458911, 0.000292412, 0.1452166558], "max": [0.7571145141, 0.7306313109, 0.6982427135, 0.6692393044, 0.6371990944], "min": [0.7552464436, 0.7300034486, 0.6974534584, 0.6685076603, 0.6356926877], "raw_data_size": "70"}, "user_1_679": {"weights": [0.2246715162, 0.7753284838], "gauss": [0.7354848672, 6.69823e-05, 0.1123357581, 0.6751143391, 0.0010056271, 0.3876642419], "max": [0.7356574023, 0.6777046629], "min": [0.7353123321, 0.6725240154], "raw_data_size": "30"}, "user_2_679": {"weights": [0.1759155985, 0.184257576, 0.289454968, 0.3503718575], "gauss": [0.6212158829, 7.20984e-05, 0.0879577993, 0.6555346903, 4.04837e-05, 0.092128788, 0.6837161826, 7.66772e-05, 0.144727484, 0.7284770176, 0.000169902, 0.1751859288], "max": [0.621401596, 0.6556389694, 0.68391369, 0.7289146561], "min": [0.6210301697, 0.6554304113, 0.6835186752, 0.7280393791], "raw_data_size": "57"}}