{"user_2_536": {"weights": [1.0], "gauss": [-0.8740380832451606, 0.0015302102589157252, 0.5], "max": [-0.8700965228196543], "min": [-0.8779796436706669], "raw_data_size": "9991"}}