{"user_3_2489": {"weights": 1, "gauss": [0.34365520174021763, 0.0029232776291139703, 0.5], "max": [0.35118506591969834], "min": [0.3361253375607369], "raw_data_size": "9991"}}