{"user_6_723": {"weights": [1.0], "gauss": [0.35806581279458083, 0.0011859126717305702, 0.5], "max": [0.3611205214058744], "min": [0.35501110418328724], "raw_data_size": "9993"}}