{"user_5_723": {"weights": 1, "gauss": [0.3580677948418294, 0.0011821368815092814, 0.5], "max": [0.3611127776620269], "min": [0.3550228120216319], "raw_data_size": "9994"}}