{"user_2_723": {"weights": [1.0], "gauss": [0.3582991332809827, 0.001159661162863117, 0.5], "max": [0.3612862224864731], "min": [0.3553120440754923], "raw_data_size": "9991"}}