{"user_5_3332": {"weights": 1, "gauss": [-0.03774047211639997, 0.0021464396834831026, 0.5], "max": [-0.03221160988138397], "min": [-0.04326933435141597], "raw_data_size": "9994"}}