{"user_2_3332": {"weights": 1, "gauss": [-0.03672893907432773, 0.0021742404522604735, 0.5], "max": [-0.031128466804433784], "min": [-0.04232941134422167], "raw_data_size": "9991"}}