{"user_1_3332": {"weights": 1, "gauss": [-0.038110177145548395, 0.002181744119259014, 0.5], "max": [-0.03249037671031554], "min": [-0.04372997758078125], "raw_data_size": "9995"}}