{"user_1_2524": {"weights": [0.11012082661963504, 0.316553665082187, 0.573325508298178], "gauss": [0.252883525463246, 0.0003384034203798421, 0.05506041330981752, 0.168246985637463, 0.0004996417606859771, 0.1582768325410935, 0.20870465012697723, 0.00023459774870031213, 0.286662754149089], "max": [0.2537551949098816, 0.1695339775259147, 0.20930893388262609], "min": [0.2520118560166104, 0.16695999374901127, 0.20810036637132837], "raw_data_size": "30"}}