{"user_6_790": {"weights": [1.0], "gauss": [-0.02631305638473763, 0.0009340815932061051, 0.5], "max": [-0.0239070216450517], "min": [-0.028719091124423557], "raw_data_size": "9993"}}