{"user_1_790": {"weights": 1, "gauss": [-0.026295665286930784, 0.0009575956365117192, 0.5], "max": [-0.023829062385453337], "min": [-0.02876226818840823], "raw_data_size": "9995"}}