{"user_3_1888": {"weights": [-0.02177100678039145, 0.0002694920447083801, 0.018318965367164448, -0.20134716840329864, 1.016796935315073e-05, 0.02851723651742749, -0.06466642310961193, 0.00027504219006254684, 0.11325764297910353, -0.100097227079498, 0.0002480320110412594, 0.1649821990131727, -0.1443536578950185, 0.00020634241048134755, 0.17492395612313177], "gauss": [-0.02177100678039145, 0.0002694920447083801, 0.018318965367164448, -0.20134716840329864, 1.016796935315073e-05, 0.02851723651742749, -0.06466642310961193, 0.00027504219006254684, 0.11325764297910353, -0.100097227079498, 0.0002480320110412594, 0.1649821990131727, -0.1443536578950185, 0.00020634241048134755, 0.17492395612313177], "max": [-0.02107684127455829, -0.2013209774498812, -0.06395796137673655, -0.09945833895723977, -0.14382215506753573], "min": [-0.022465172286224605, -0.20137335935671608, -0.06537488484248731, -0.10073611520175624, -0.14488516072250127], "raw_data_size": "70"}}