{"user_2_68": {"weights": [1.0], "gauss": [0.3627823051208702, 0.0036578531769856917, 0.5], "max": [0.37220431052222935], "min": [0.353360299719511], "raw_data_size": "9991"}}