{"user_5_68": {"weights": 1, "gauss": [0.3626357970350654, 0.003682452518654649, 0.5], "max": [0.37212116614154345], "min": [0.3531504279285873], "raw_data_size": "9994"}}