{"user_4_3656": {"weights": 1, "gauss": [-0.18082041915519922, 0.0015513337697981358, 0.5], "max": [-0.1768244481713682], "min": [-0.18481639013903026], "raw_data_size": "9996"}}