{"user_1_2118": {"weights": 1, "gauss": [0.34103566916355005, 0.0012660750906406243, 0.5], "max": [0.3442968624825155], "min": [0.3377744758445846], "raw_data_size": "9995"}}