{"user_2_1826": {"weights": [0.2645321453443181, 0.7354678546556819], "gauss": [-0.1428639237702422, 0.0005771847462108887, 0.13226607267215906, -0.19642919193351205, 0.0006116301451283547, 0.36773392732784094], "max": [-0.14137719438739077, -0.19485373708275658], "min": [-0.14435065315309364, -0.19800464678426752], "raw_data_size": "57"}}