{"user_2_3686": {"weights": [0.08766420661954571, 0.3184945153328521, 0.5938412780476021], "gauss": [0.21845986476756094, 0.0002703052779051686, 0.04383210330977286, 0.27831462868818163, 0.00011393577909841923, 0.15924725766642606, 0.3216785298036218, 0.00035726892003362556, 0.29692063902380106], "max": [0.21915612502329299, 0.27860810780670603, 0.3225987935570917], "min": [0.21776360451182888, 0.27802114956965723, 0.32075826605015195], "raw_data_size": "57"}}