{"user_2_3678": {"weights": [0.2847620887668194, 0.00027525014288096075, 0.03099165383776474, 0.1695667587123555, 0.0002894662205257967, 0.05045496333819557, 0.20114159680705862, 7.777092181335859e-05, 0.09984553154905872, 0.25536873089526474, 8.800708259348766e-05, 0.10494593240782502, 0.2295196156751654, 8.851023290691495e-05, 0.21376191886715595], "gauss": [0.2847620887668194, 0.00027525014288096075, 0.03099165383776474, 0.1695667587123555, 0.0002894662205257967, 0.05045496333819557, 0.20114159680705862, 7.777092181335859e-05, 0.09984553154905872, 0.25536873089526474, 8.800708259348766e-05, 0.10494593240782502, 0.2295196156751654, 8.851023290691495e-05, 0.21376191886715595], "max": [0.2854710861506582, 0.1703123742855734, 0.20134192142642948, 0.2555954221175289, 0.22974760292675098], "min": [0.2840530913829806, 0.1688211431391376, 0.20094127218768776, 0.2551420396730006, 0.22929162842357984], "raw_data_size": "57"}}