{"user_2_45": {"weights": [0.2748056056650828, 0.279538683902302, 0.44565571043261526], "gauss": [-0.19903467970200414, 0.0007897168979489115, 0.1374028028325414, -0.0883495625792373, 0.0006933582325268742, 0.139769341951151, -0.14582276674890549, 0.0004435458137892781, 0.22282785521630763], "max": [-0.1970005037747596, -0.0865635901260377, -0.1446802684442806], "min": [-0.20106885562924867, -0.0901355350324369, -0.14696526505353036], "raw_data_size": "57"}}