{"user_4_28": {"weights": [1.0], "gauss": [-0.5682188633881277, 0.0014228493712847557, 0.5], "max": [-0.5645538462830363], "min": [-0.571883880493219], "raw_data_size": "9996"}}