{"user_5_662": {"weights": [1.0], "gauss": [0.3879224988067961, 0.0007230424725182806, 0.5], "max": [0.38978493279521914], "min": [0.386060064818373], "raw_data_size": "9994"}}