{"user_3_1546": {"weights": [0.0779748214, 0.2280841429, 0.3122281946, 0.3817128411], "gauss": [0.2103120976, 0.0001544683, 0.0389874107, 0.1841128366, 8.20743e-05, 0.1140420715, 0.1257665815, 0.0001698819, 0.1561140973, 0.1522580957, 6.774e-05, 0.1908564205], "max": [0.2107099815, 0.1843242461, 0.1262041681, 0.1524325823], "min": [0.2099142137, 0.1839014271, 0.1253289948, 0.152083609], "raw_data_size": "70"}, "user_2_1546": {"weights": [0.028347198, 0.1545808793, 0.2332864602, 0.269799774, 0.3139856885], "gauss": [0.1025485794, 7.09718e-05, 0.014173599, 0.2065328613, 0.0001359326, 0.0772904396, 0.1640312419, 9.36933e-05, 0.1166432301, 0.1810747198, 0.0001676813, 0.134899887, 0.1349794861, 9.58966e-05, 0.1569928442], "max": [0.1027313907, 0.2068830005, 0.1642725799, 0.1815066381, 0.1352264993], "min": [0.1023657681, 0.2061827221, 0.1637899039, 0.1806428015, 0.1347324728], "raw_data_size": "57"}, "user_1_1546": {"weights": [0.1149808588, 0.1288792325, 0.3258780833, 0.4302618253], "gauss": [0.1104658136, 0.0003399813, 0.0574904294, 0.2177084754, 2.33543e-05, 0.0644396163, 0.1380510574, 0.0001998006, 0.1629390417, 0.1747897102, 0.0001806667, 0.2151309127], "max": [0.1113415473, 0.2177686322, 0.1385657097, 0.1752550768], "min": [0.1095900798, 0.2176483186, 0.1375364052, 0.1743243437], "raw_data_size": "30"}}