{"user_6_3426": {"weights": 1, "gauss": [0.17497382698295352, 0.0016091318396194803, 0.5], "max": [0.17911867592871894], "min": [0.1708289780371881], "raw_data_size": "9993"}}