{"user_1_710": {"weights": 1, "gauss": [-0.09476214524919468, 0.0005157153201911815, 0.5], "max": [-0.09343375061515713], "min": [-0.09609053988323224], "raw_data_size": "9995"}}