{"user_4_707": {"weights": 1, "gauss": [-0.2559372806, 0.0023009988, 0.5], "max": [-0.2500103004], "min": [-0.2618642607], "raw_data_size": "9996"}, "user_2_707": {"weights": 1, "gauss": [-0.2572203985, 0.0022693126, 0.5], "max": [-0.2513750367], "min": [-0.2630657603], "raw_data_size": "9991"}, "user_1_707": {"weights": 1, "gauss": [-0.2562178836, 0.0022902295, 0.5], "max": [-0.2503186432], "min": [-0.2621171239], "raw_data_size": "9995"}, "user_3_707": {"weights": 1, "gauss": [-0.2565323141, 0.0022265539, 0.5], "max": [-0.2507970913], "min": [-0.2622675368], "raw_data_size": "9991"}, "user_5_707": {"weights": 1, "gauss": [-0.2553459749, 0.0023238764, 0.5], "max": [-0.2493600659], "min": [-0.2613318838], "raw_data_size": "9994"}, "user_6_707": {"weights": 1, "gauss": [-0.2562665263, 0.0022202392, 0.5], "max": [-0.2505475691], "min": [-0.2619854834], "raw_data_size": "9993"}}