{"user_1_3613": {"weights": 1, "gauss": [-0.18395336700396736, 0.0007994110526864444, 0.5], "max": [-0.18189422058887675], "min": [-0.18601251341905797], "raw_data_size": "9995"}}