{"user_6_3613": {"weights": [1.0], "gauss": [-0.18401996358056802, 0.0007806401266822878, 0.5], "max": [-0.18200916786673366], "min": [-0.18603075929440238], "raw_data_size": "9993"}}