{"user_2_3726": {"weights": [0.035078292526367814, 0.26985683801334653, 0.3019389267263564, 0.39312594273392926], "gauss": [-0.08378851413408737, 2.1685792877889204e-06, 0.017539146263183907, -0.16795089981082656, 0.00015754616269607235, 0.13492841900667327, -0.13177024248409408, 0.00013459670282541216, 0.1509694633631782, -0.20920779836605777, 0.00014171004530588626, 0.19656297136696463], "max": [-0.08378292824401082, -0.16754508778829233, -0.13142354435279532, -0.20884277747875163], "min": [-0.08379410002416393, -0.1683567118333608, -0.13211694061539284, -0.2095728192533639], "raw_data_size": "57"}}