{"user_2_2657": {"weights": [0.0951853624, 1.02172e-05, 0.025885231, 0.0136329426, 6.44455e-05, 0.0811311905, 0.0693931647, 5.39859e-05, 0.0988110199, 0.0398745998, 2.4721e-05, 0.145193272, 0.054572818, 3.8151e-05, 0.1489792866], "gauss": [0.0951853624, 1.02172e-05, 0.025885231, 0.0136329426, 6.44455e-05, 0.0811311905, 0.0693931647, 5.39859e-05, 0.0988110199, 0.0398745998, 2.4721e-05, 0.145193272, 0.054572818, 3.8151e-05, 0.1489792866], "max": [0.0952116803, 0.0137989433, 0.0695322231, 0.0399382768, 0.0546710885], "min": [0.0951590446, 0.0134669419, 0.0692541063, 0.0398109227, 0.0544745474], "raw_data_size": "57"}, "user_3_2657": {"weights": [0.1645415577, 0.1693251632, 0.1978286481, 0.4683046311], "gauss": [0.0818983076, 0.0001475306, 0.0822707788, 0.0340231469, 1.46451e-05, 0.0846625816, 0.0219165274, 5.62421e-05, 0.098914324, 0.0534263712, 5.91343e-05, 0.2341523156], "max": [0.0822783214, 0.0340608702, 0.0220613975, 0.0535786909], "min": [0.0815182938, 0.0339854236, 0.0217716573, 0.0532740514], "raw_data_size": "70"}, "user_1_2657": {"weights": [0.4943500587, 0.5056499413], "gauss": [0.0594088764, 0.0003970248, 0.2471750294, 0.0338721821, 0.0003495552, 0.2528249706], "max": [0.0604315444, 0.0347725765], "min": [0.0583862083, 0.0329717877], "raw_data_size": "30"}}