{"user_2_3621": {"weights": [1.0], "gauss": [0.4033254704, 0.0021882747, 0.5], "max": [0.4089620925], "min": [0.3976888482], "raw_data_size": "9991"}, "user_5_3621": {"weights": [1.0], "gauss": [0.4037704362, 0.0021558196, 0.5], "max": [0.4093234594], "min": [0.398217413], "raw_data_size": "9994"}, "user_6_3621": {"weights": [1.0], "gauss": [0.4040677286, 0.0021265606, 0.5], "max": [0.4095453857], "min": [0.3985900714], "raw_data_size": "9993"}, "user_4_3621": {"weights": [1.0], "gauss": [0.4032306265, 0.0022101387, 0.5], "max": [0.4089235666], "min": [0.3975376864], "raw_data_size": "9996"}, "user_1_3621": {"weights": [1.0], "gauss": [0.403660085, 0.0022084926, 0.5], "max": [0.4093487849], "min": [0.397971385], "raw_data_size": "9995"}, "user_3_3621": {"weights": [1.0], "gauss": [0.4037119528, 0.0021551195, 0.5], "max": [0.4092631729], "min": [0.3981607328], "raw_data_size": "9991"}}