{"user_1_4041": {"weights": [0.20798963033517956, 0.3518846410000767, 0.44012572866474375], "gauss": [0.7193111242322818, 0.0003002460229984673, 0.10399481516758978, 0.6479392619705592, 0.00029258730443923367, 0.17594232050003836, 0.6107733991452635, 0.0005810906778220538, 0.22006286433237188], "max": [0.7200845067365953, 0.6486929169231801, 0.6122701895412167], "min": [0.7185377417279684, 0.6471856070179383, 0.6092766087493103], "raw_data_size": "30"}}