{"user_1_1080": {"weights": [1.0], "gauss": [-1.135879568592519, 0.002299317419151541, 0.5], "max": [-1.1299569194061079], "min": [-1.14180221777893], "raw_data_size": "9995"}}