{"user_5_1080": {"weights": [1.0], "gauss": [-1.1354005570993073, 0.0022017685494691566, 0.5], "max": [-1.1297291771499522], "min": [-1.1410719370486624], "raw_data_size": "9994"}}