{"user_3_525": {"weights": [1.0], "gauss": [0.492126448, 0.0006493355, 0.5], "max": [0.4937990254], "min": [0.4904538707], "raw_data_size": "9991"}, "user_1_525": {"weights": [1.0], "gauss": [0.4918317056, 0.0006682279, 0.5], "max": [0.4935529466], "min": [0.4901104646], "raw_data_size": "9995"}, "user_4_525": {"weights": [1.0], "gauss": [0.4917070865, 0.0006701365, 0.5], "max": [0.4934332436], "min": [0.4899809293], "raw_data_size": "9996"}, "user_6_525": {"weights": [1.0], "gauss": [0.4914992159, 0.0006628166, 0.5], "max": [0.4932065183], "min": [0.4897919135], "raw_data_size": "9993"}, "user_5_525": {"weights": [1.0], "gauss": [0.4917692606, 0.0006390932, 0.5], "max": [0.4934154555], "min": [0.4901230656], "raw_data_size": "9994"}, "user_2_525": {"weights": [1.0], "gauss": [0.4918099262, 0.0006688536, 0.5], "max": [0.4935327789], "min": [0.4900870736], "raw_data_size": "9991"}}