{"user_4_12": {"weights": 1, "gauss": [0.4925602637, 0.0023555965, 0.5], "max": [0.4986278781], "min": [0.4864926492], "raw_data_size": "9996"}, "user_3_12": {"weights": 1, "gauss": [0.4926172667, 0.0023759228, 0.5], "max": [0.4987372382], "min": [0.4864972951], "raw_data_size": "9991"}, "user_5_12": {"weights": 1, "gauss": [0.493094145, 0.0023643151, 0.5], "max": [0.4991842171], "min": [0.4870040728], "raw_data_size": "9994"}, "user_1_12": {"weights": 1, "gauss": [0.4923234279, 0.0024467253, 0.5], "max": [0.4986257746], "min": [0.4860210812], "raw_data_size": "9995"}, "user_6_12": {"weights": 1, "gauss": [0.4930075889, 0.0023610919, 0.5], "max": [0.4990893584], "min": [0.4869258193], "raw_data_size": "9993"}, "user_2_12": {"weights": 1, "gauss": [0.49165496, 0.0023627194, 0.5], "max": [0.497740922], "min": [0.4855689981], "raw_data_size": "9991"}}