{"user_3_2951": {"weights": [0.18678848206492468, 0.19278777881849768, 0.2952900198589428, 0.32513371925763485], "gauss": [-0.034065662455094764, 0.0002867428780098559, 0.09339424103246234, 0.05481050923802047, 0.0001169629384466683, 0.09639388940924884, 0.005641256533734151, 0.00011774768932839712, 0.1476450099294714, 0.024813924435844927, 8.841845660583508e-05, 0.16256685962881742], "max": [-0.03332706174733303, 0.055111785802300584, 0.005944554482331409, 0.025041675287344804], "min": [-0.0348042631628565, 0.05450923267374036, 0.005337958585136894, 0.02458617358434505], "raw_data_size": "70"}}