{"user_6_1199": {"weights": [1.0], "gauss": [0.38164714262258, 0.0009463610910122867, 0.5], "max": [0.38408480725254796], "min": [0.379209477992612], "raw_data_size": "9993"}}