{"user_3_1199": {"weights": 1, "gauss": [0.3811948283081599, 0.0009445606318319301, 0.5], "max": [0.3836278552626113], "min": [0.37876180135370857], "raw_data_size": "9991"}}