{"user_2_511": {"weights": [1.0], "gauss": [-0.13519608732383726, 0.0046002248896783405, 0.5], "max": [-0.12334669325008878], "min": [-0.14704548139758572], "raw_data_size": "9991"}}