{"user_1_3029": {"weights": [0.09999927358990526, 0.1278067741680516, 0.35734749237085567, 0.4148464598711874], "gauss": [-0.40100330855155786, 1.250285621717706e-05, 0.04999963679495263, -0.4280189607694322, 1.963745738630228e-06, 0.0639033870840258, -0.5017583411966121, 0.0002429985438326666, 0.17867374618542783, -0.4492933845707157, 7.835954649820686e-05, 0.2074232299355937], "max": [-0.40097110332813557, -0.4280139024956139, -0.5011324184266882, -0.44909154375463284], "min": [-0.40103551377498015, -0.4280240190432505, -0.502384263966536, -0.4494952253867986], "raw_data_size": "30"}}