{"user_3_3029": {"weights": [0.09596991298390797, 0.12819002055914902, 0.19211993240801287, 0.24949208086789224, 0.3342280531810379], "gauss": [-0.4006871304099879, 0.00012276542923467148, 0.04798495649195399, -0.5279544003641551, 0.00016525840114769885, 0.06409501027957451, -0.43864552078587515, 0.00012371447129327817, 0.09605996620400643, -0.4905942216333244, 6.719415717193377e-05, 0.12474604043394612, -0.4666579272196041, 5.336265280869623e-05, 0.16711402659051894], "max": [-0.40037090761990246, -0.5275287229318212, -0.43832685342544486, -0.49042114095425365, -0.4665204741347843], "min": [-0.4010033532000733, -0.528380077796489, -0.43896418814630545, -0.4907673023123951, -0.46679538030442386], "raw_data_size": "70"}}