{"user_5_2979": {"weights": [1.0], "gauss": [0.08571542382096456, 0.0010474567806977263, 0.5], "max": [0.08841349369088676], "min": [0.08301735395104236], "raw_data_size": "9994"}}