{"user_1_661": {"weights": [1.0], "gauss": [0.13781793451174443, 0.0012221211213871697, 0.5], "max": [0.14096590990869953], "min": [0.13466995911478932], "raw_data_size": "9995"}}