{"user_1_2503": {"weights": [-0.0013052881496473652, 3.657940390853971e-05, 0.031138783331128742, 0.04900937110966139, 5.5929559256989676e-05, 0.0646889841579334, 0.10319703204012776, 9.46959861582258e-05, 0.09316908879363661, 0.06778110363201878, 9.898653395652785e-05, 0.14605161704435546, 0.028380912988252058, 8.030107783813756e-05, 0.1649515266729458], "gauss": [-0.0013052881496473652, 3.657940390853971e-05, 0.031138783331128742, 0.04900937110966139, 5.5929559256989676e-05, 0.0646889841579334, 0.10319703204012776, 9.46959861582258e-05, 0.09316908879363661, 0.06778110363201878, 9.898653395652785e-05, 0.14605161704435546, 0.028380912988252058, 8.030107783813756e-05, 0.1649515266729458], "max": [-0.0012110658491533974, 0.04915343610733012, 0.10344095273620257, 0.06803607604684074, 0.028587754857654094], "min": [-0.001399510450141333, 0.048865306111992655, 0.10295311134405294, 0.06752613121719682, 0.028174071118850022], "raw_data_size": "30"}}