{"user_3_1694": {"weights": [0.043102875467698455, 0.2191923868434557, 0.22027542604551684, 0.2261096197070421, 0.29131969193628693], "gauss": [0.03816829859847813, 3.908649420525452e-05, 0.021551437733849228, -0.04231700148905551, 0.0005797668145663223, 0.10959619342172786, -0.02379969861125056, 4.394269736348111e-05, 0.11013771302275842, 0.007276082932825891, 5.286791061952713e-05, 0.11305480985352105, -0.013074544295322246, 2.876487192223705e-05, 0.14565984596814346], "max": [0.03826897873562502, -0.04082362113887038, -0.023686509723704726, 0.007412261646217073, -0.013000450895312116], "min": [0.03806761846133124, -0.043810381839240645, -0.023912887498796397, 0.007139904219434709, -0.013148637695332376], "raw_data_size": "70"}}