{"user_1_41": {"weights": [0.486920397695436, 0.513079602304564], "gauss": [-0.6179421581949859, 0.0004475745559870116, 0.243460198847718, -0.6735663997575162, 0.0005691047523302674, 0.256539801152282], "max": [-0.6167892825381517, -0.672100483059675], "min": [-0.6190950338518201, -0.6750323164553574], "raw_data_size": "30"}}