{"user_5_366": {"weights": 1, "gauss": [-0.14257278263816658, 0.0005380046483249846, 0.5], "max": [-0.14118697449956558], "min": [-0.1439585907767676], "raw_data_size": "9994"}}