{"user_1_3125": {"weights": [0.1724866234, 0.1926000525, 0.3146005288, 0.3203127953], "gauss": [-0.0754632619, 7.93633e-05, 0.0862433117, -0.1124589321, 9.55392e-05, 0.0963000262, -0.2203089962, 0.0005503402, 0.1573002644, -0.1565749434, 0.0003083252, 0.1601563977], "max": [-0.0752588356, -0.1122128394, -0.2188914136, -0.1557807503], "min": [-0.0756676882, -0.1127050247, -0.2217265787, -0.1573691364], "raw_data_size": "30"}, "user_2_3125": {"weights": [0.0603784118, 0.1808690234, 0.3570747011, 0.4016778637], "gauss": [-0.2512384423, 0.0061141329, 0.0301892059, -0.073637578, 0.0001844303, 0.0904345117, -0.2099594084, 0.0005546598, 0.1785373506, -0.1337326583, 0.0004954098, 0.2008389318], "max": [-0.2354894796, -0.0731625171, -0.2085306994, -0.1324565673], "min": [-0.2669874049, -0.074112639, -0.2113881174, -0.1350087492], "raw_data_size": "57"}, "user_3_3125": {"weights": [0.1939874391, 0.2038439396, 0.2503075762, 0.3518610451], "gauss": [-0.1886216695, 0.0002869734, 0.0969937195, -0.2289151813, 0.0007712034, 0.1019219698, -0.1483667803, 0.0004106258, 0.1251537881, -0.0859196021, 0.0010925619, 0.1759305225], "max": [-0.1878824751, -0.2269286929, -0.1473090783, -0.0831053493], "min": [-0.1893608639, -0.2309016697, -0.1494244823, -0.088733855], "raw_data_size": "70"}}