{"user_3_605": {"weights": 1, "gauss": [-0.3275461522978905, 0.0011192151860889, 0.5], "max": [-0.3246632450245858], "min": [-0.3304290595711952], "raw_data_size": "9991"}}