{"user_1_74": {"weights": [0.2469805553343269, 0.753019444665673], "gauss": [-0.46355512647225594, 0.00023982202534150631, 0.12349027766716345, -0.44017222908218917, 0.000421481495969266, 0.3765097223328365], "max": [-0.4629373858717448, -0.4390865646939679], "min": [-0.46417286707276706, -0.44125789347041044], "raw_data_size": "30"}}