{"user_2_311": {"weights": [0.1806426559, 0.2070503981, 0.2093148751, 0.4029920709], "gauss": [0.4004105571, 0.0002189408, 0.090321328, 0.4435188149, 9.05265e-05, 0.1035251991, 0.4262202595, 9.421e-05, 0.1046574375, 0.4748561262, 0.0003661654, 0.2014960355], "max": [0.4009745113, 0.4437519958, 0.4264629283, 0.4757993058], "min": [0.3998466029, 0.4432856341, 0.4259775906, 0.4739129467], "raw_data_size": "57"}, "user_3_311": {"weights": [0.0142789709, 0.1345361865, 0.1919322406, 0.2355600727, 0.4236925293], "gauss": [0.5261085629, 1e-06, 0.0071394854, 0.4809722051, 0.0001392961, 0.0672680933, 0.3944965204, 0.0001338434, 0.0959661203, 0.4269742476, 0.0002029136, 0.1177800363, 0.4589486579, 0.0001053712, 0.2118462647], "max": [0.5261111388, 0.4813310082, 0.3948412781, 0.4274969184, 0.4592200761], "min": [0.5261059871, 0.4806134021, 0.3941517626, 0.4264515768, 0.4586772396], "raw_data_size": "70"}, "user_1_311": {"weights": [0.2286477751, 0.2756831294, 0.4956690955], "gauss": [0.4014126599, 0.0002268258, 0.1143238876, 0.4822259666, 0.0004369573, 0.1378415647, 0.4437932784, 0.0002177604, 0.2478345478], "max": [0.4019969246, 0.483351494, 0.4443541919], "min": [0.4008283953, 0.4811004392, 0.4432323649], "raw_data_size": "30"}}