{"user_2_1628": {"weights": [1.0], "gauss": [-0.1270350612579319, 0.001990622849624749, 0.5], "max": [-0.12190755658955446], "min": [-0.13216256592630934], "raw_data_size": "9991"}}