{"user_5_378": {"weights": [1.0], "gauss": [0.3157106120734437, 0.0016655012527881919, 0.5], "max": [0.3200006590054729], "min": [0.3114205651414145], "raw_data_size": "9994"}}