{"user_3_1364": {"weights": [0.0714219061, 0.1068600114, 0.4097556845, 0.411962398], "gauss": [-0.0491517905, 6.188e-05, 0.0357109531, -0.3111554802, 0.0029093051, 0.0534300057, -0.184815552, 0.000825746, 0.2048778422, -0.254357186, 0.0009604884, 0.205981199], "max": [-0.0489923982, -0.3036616069, -0.1826885711, -0.2518831318], "min": [-0.0493111828, -0.3186493535, -0.1869425329, -0.2568312402], "raw_data_size": "70"}, "user_1_1364": {"weights": [-0.3577335477, 1e-06, 0.0166666656, -0.2340069831, 1.5276e-05, 0.0638667831, -0.136997288, 0.0005984515, 0.1178802252, -0.2725846293, 0.0002279346, 0.1359088276, -0.1888757293, 0.0001493465, 0.1656774985], "gauss": [-0.3577335477, 1e-06, 0.0166666656, -0.2340069831, 1.5276e-05, 0.0638667831, -0.136997288, 0.0005984515, 0.1178802252, -0.2725846293, 0.0002279346, 0.1359088276, -0.1888757293, 0.0001493465, 0.1656774985], "max": [-0.3577309719, -0.2339676348, -0.135455779, -0.2719975087, -0.1884910381], "min": [-0.3577361235, -0.2340463314, -0.138538797, -0.27317175, -0.1892604204], "raw_data_size": "30"}, "user_2_1364": {"weights": [0.1159953869, 0.1331403946, 0.1400851707, 0.269984194, 0.3407948538], "gauss": [-0.2023232495, 1.60448e-05, 0.0579976935, -0.1768847258, 8.22362e-05, 0.0665701973, -0.3149105361, 0.0027457201, 0.0700425853, -0.1414357239, 0.0006539671, 0.134992097, -0.2487364645, 0.000618014, 0.1703974269], "max": [-0.2022819208, -0.1766728995, -0.3078380298, -0.1397512162, -0.247144566], "min": [-0.2023645781, -0.1770965521, -0.3219830424, -0.1431202315, -0.2503283631], "raw_data_size": "57"}}