{"user_1_2764": {"weights": [0.2932218102, 0.7067781898], "gauss": [0.3572525849, 0.0004721325, 0.1466109051, 0.4046372097, 0.0004846055, 0.3533890949], "max": [0.3584687178, 0.4058854709], "min": [0.3560364521, 0.4033889486], "raw_data_size": "30"}, "user_2_2764": {"weights": [0.0530592036, 0.1479666154, 0.1971583129, 0.6018158681], "gauss": [0.3178090223, 0.0001427431, 0.0265296018, 0.3549747509, 2.30837e-05, 0.0739833077, 0.4159672161, 0.0006341811, 0.0985791565, 0.3906595537, 0.0001343936, 0.300907934], "max": [0.3181767042, 0.3550342106, 0.4176007583, 0.3910057287], "min": [0.3174413404, 0.3549152912, 0.414333674, 0.3903133787], "raw_data_size": "57"}, "user_3_2764": {"weights": [0.4452946899, 5.62404e-05, 0.0410631862, 0.3340539589, 0.0002849163, 0.0603431244, 0.4156660489, 0.0001123073, 0.0809676989, 0.3684742925, 8.17154e-05, 0.1493719194, 0.3961593098, 8.64883e-05, 0.1682540711], "gauss": [0.4452946899, 5.62404e-05, 0.0410631862, 0.3340539589, 0.0002849163, 0.0603431244, 0.4156660489, 0.0001123073, 0.0809676989, 0.3684742925, 8.17154e-05, 0.1493719194, 0.3961593098, 8.64883e-05, 0.1682540711], "max": [0.4454395555, 0.3347878546, 0.4159553335, 0.3686847774, 0.396382089], "min": [0.4451498244, 0.3333200632, 0.4153767644, 0.3682638076, 0.3959365307], "raw_data_size": "70"}}