{"user_2_2773": {"weights": [0.12357129193474495, 0.21996104587493245, 0.2770364112926433, 0.37943125089767926], "gauss": [0.022695374455322527, 0.0001405699121302913, 0.061785645967372474, -0.016648538742971612, 6.722221519848859e-05, 0.10998052293746623, -0.04206215897319173, 5.891046598720931e-05, 0.13851820564632164, -0.07930697834372127, 0.00017881644080984687, 0.18971562544883963], "max": [0.023057458554185024, -0.016475385791213874, -0.041910415668616155, -0.07884637771552695], "min": [0.02233329035646003, -0.01682169169472935, -0.04221390227776731, -0.0797675789719156], "raw_data_size": "57"}}