{"user_6_1246": {"weights": [1.0], "gauss": [0.32434070003639054, 0.001389917485282845, 0.5], "max": [0.3279208902244971], "min": [0.32076050984828397], "raw_data_size": "9993"}}