{"user_1_1508": {"weights": [0.26656707640576977, 0.7334329235942303], "gauss": [-0.6644345516957652, 4.8288036951531606e-05, 0.13328353820288488, -0.6178305937746426, 0.0003939283375999071, 0.36671646179711515], "max": [-0.6643101699551746, -0.6168159016191544], "min": [-0.6645589334363557, -0.6188452859301307], "raw_data_size": "30"}}