{"user_3_1605": {"weights": [0.2544250798, 0.3327887145, 0.4127862057], "gauss": [0.0179209102, 0.0004909659, 0.1272125399, 0.0442740809, 0.0001922512, 0.1663943572, 0.0807742291, 8.08898e-05, 0.2063931028], "max": [0.0191855546, 0.0447692871, 0.0809825875], "min": [0.0166562658, 0.0437788747, 0.0805658707], "raw_data_size": "70"}, "user_2_1605": {"weights": [0.2051633848, 0.3340186747, 0.4608179405], "gauss": [0.0083344971, 0.0004316875, 0.1025816924, 0.0703836933, 0.0004275553, 0.1670093373, 0.0545664722, 0.0001739644, 0.2304089703], "max": [0.0094464503, 0.0714850028, 0.0550145749], "min": [0.0072225438, 0.0692823837, 0.0541183694], "raw_data_size": "57"}, "user_1_1605": {"weights": [0.3709761932, 0.6290238068], "gauss": [0.0273582541, 0.0006163405, 0.1854880966, 0.0666025456, 0.0004054569, 0.3145119034], "max": [0.0289458419, 0.0676469332], "min": [0.0257706663, 0.0655581579], "raw_data_size": "30"}}