{"user_2_1124": {"weights": 1, "gauss": [0.08227299693666124, 0.0018150526370540908, 0.5], "max": [0.08694826270666887], "min": [0.0775977311666536], "raw_data_size": "9991"}}