{"user_3_2627": {"weights": 1, "gauss": [-0.047190832, 9.68728e-05, 0.5], "max": [-0.0469413042], "min": [-0.0474403598], "raw_data_size": "9991"}, "user_1_2627": {"weights": 1, "gauss": [-0.0473230106, 9.95419e-05, 0.5], "max": [-0.0470666078], "min": [-0.0475794135], "raw_data_size": "9995"}, "user_2_2627": {"weights": 1, "gauss": [-0.047314858, 9.62261e-05, 0.5], "max": [-0.047066996], "min": [-0.0475627199], "raw_data_size": "9991"}, "user_6_2627": {"weights": 1, "gauss": [-0.0473846483, 9.78481e-05, 0.5], "max": [-0.0471326082], "min": [-0.0476366883], "raw_data_size": "9993"}, "user_4_2627": {"weights": 1, "gauss": [-0.0470620323, 9.70361e-05, 0.5], "max": [-0.046812084], "min": [-0.0473119807], "raw_data_size": "9996"}, "user_5_2627": {"weights": 1, "gauss": [-0.04720958, 0.0001013538, 0.5], "max": [-0.04694851], "min": [-0.0474706501], "raw_data_size": "9994"}}