{"user_2_3823": {"weights": [1.0], "gauss": [0.06960646028182242, 0.0019992360181427544, 0.5], "max": [0.07475615100206495], "min": [0.06445676956157989], "raw_data_size": "9991"}}