{"user_1_819": {"weights": [1.0], "gauss": [0.23397859976016144, 0.0012390842104885922, 0.5], "max": [0.23717026917910272], "min": [0.23078693034122016], "raw_data_size": "9995"}}