{"user_6_3650": {"weights": 1, "gauss": [0.05990944666874088, 0.0009677805574610934, 0.5], "max": [0.062402284188054054], "min": [0.05741660914942771], "raw_data_size": "9993"}}