{"user_6_1454": {"weights": [1.0], "gauss": [0.010132630912521276, 0.0005835906695269286, 0.5], "max": [0.01163586086036646], "min": [0.008629400964676091], "raw_data_size": "9993"}}