{"user_2_3412": {"weights": [1.0], "gauss": [0.3415882338, 0.002872744, 0.5], "max": [0.3489879319], "min": [0.3341885357], "raw_data_size": "9991"}, "user_1_3412": {"weights": [1.0], "gauss": [0.3414841777, 0.0028609059, 0.5], "max": [0.348853383], "min": [0.3341149724], "raw_data_size": "9995"}, "user_6_3412": {"weights": [1.0], "gauss": [0.3429669867, 0.0027829097, 0.5], "max": [0.350135287], "min": [0.3357986865], "raw_data_size": "9993"}, "user_4_3412": {"weights": [1.0], "gauss": [0.341571858, 0.0028234607, 0.5], "max": [0.3488446108], "min": [0.3342991052], "raw_data_size": "9996"}, "user_5_3412": {"weights": [1.0], "gauss": [0.3412956564, 0.002782417, 0.5], "max": [0.3484626876], "min": [0.3341286253], "raw_data_size": "9994"}, "user_3_3412": {"weights": [1.0], "gauss": [0.3419051279, 0.0028011397, 0.5], "max": [0.3491203856], "min": [0.3346898701], "raw_data_size": "9991"}}