{"user_2_1692": {"weights": [0.035101426345856786, 0.03655913243960563, 0.1106120972290612, 0.2989938347244009, 0.5187335092610754], "gauss": [0.6519303572660449, 4.344429707439545e-05, 0.017550713172928393, 0.5377227495501229, 0.00034532074511264734, 0.018279566219802815, 0.6234242864749102, 1.5989388405606264e-05, 0.0553060486145306, 0.607068258870826, 3.8432527878855645e-05, 0.14949691736220044, 0.5814305083433786, 0.00010457723099285731, 0.2593667546305377], "max": [0.6520422623595212, 0.5386122368445074, 0.6234654724101112, 0.6071672545023459, 0.5816998814394541], "min": [0.6518184521725685, 0.5368332622557384, 0.6233831005397092, 0.6069692632393062, 0.5811611352473032], "raw_data_size": "57"}}