{"user_3_1601": {"weights": [0.10319725222948596, 0.14107909176191008, 0.19229177491526703, 0.25754608660558004, 0.3058857944877567], "gauss": [-0.9829797553381796, 5.453986473388694e-05, 0.05159862611474298, -1.0598208003877587, 4.86012298240569e-05, 0.07053954588095504, -1.083553204163109, 0.00026769244860566546, 0.09614588745763351, -0.9576019791034781, 0.00024082812104950124, 0.12877304330279002, -1.0162500232033798, 0.00015131805647169882, 0.15294289724387836], "max": [-0.9828392699563865, -1.0596956119157894, -1.0828636741096518, -0.9569816469721601, -1.015860253719364], "min": [-0.9831202407199727, -1.059945988859728, -1.0842427342165664, -0.9582223112347961, -1.0166397926873956], "raw_data_size": "70"}}