{"user_2_1601": {"weights": [0.2020877357093169, 0.3360914453085495, 0.4618208189821336], "gauss": [-0.9538974438067298, 0.0007136269971997612, 0.10104386785465845, -1.0067803583900568, 0.00034379071577780764, 0.16804572265427475, -1.0562792163723316, 0.0005529302556080685, 0.2309104094910668], "max": [-0.9520592624755391, -1.0058948121900682, -1.0548549624171175], "min": [-0.9557356251379205, -1.0076659045900453, -1.0577034703275456], "raw_data_size": "57"}}