{"user_2_3487": {"weights": 1, "gauss": [0.1474939375192395, 0.0015870753684493015, 0.5], "max": [0.1515819727602319], "min": [0.14340590227824712], "raw_data_size": "9991"}}