{"user_6_1177": {"weights": 1, "gauss": [-0.25108260212240513, 0.0018194379876738376, 0.5], "max": [-0.2463960404377648], "min": [-0.25576916380704545], "raw_data_size": "9993"}}