{"user_3_2341": {"weights": [0.05687926532514521, 0.1503894538224835, 0.22524539309227734, 0.2281373489244093, 0.3393485388356846], "gauss": [0.10580715392371136, 0.00014952364731433344, 0.028439632662572604, -0.03745571453825574, 0.00011227173955341354, 0.07519472691124175, 0.054386857248697136, 0.0002067687974010027, 0.11262269654613867, -0.012669877326301012, 0.00012406928306193024, 0.11406867446220464, 0.018559136813827527, 0.00010127476375009807, 0.1696742694178423], "max": [0.10619230131603713, -0.03716652170155365, 0.0549194583761022, -0.012350296031319789, 0.01882000331800502], "min": [0.10542200653138559, -0.03774490737495783, 0.05385425612129207, -0.012989458621282235, 0.018298270309650033], "raw_data_size": "70"}}