{"user_2_3997": {"weights": 1, "gauss": [0.2688121394820676, 0.0007794932846851833, 0.5], "max": [0.2708199811266793], "min": [0.2668042978374559], "raw_data_size": "9991"}}