{"user_1_2132": {"weights": [0.03333332904852679, 0.06666666666666671, 0.2089723227453974, 0.264683938305243, 0.4263437432341661], "gauss": [0.45752143859863176, 1.0000000004440892e-06, 0.016666664524263394, 0.3993269503116602, 1.7833477904117813e-06, 0.033333333333333354, 0.5193378174252907, 0.0001234274921317603, 0.1044861613726987, 0.6086581298572324, 5.029898077488115e-05, 0.1323419691526215, 0.5574783121148923, 0.00021345438767286684, 0.21317187161708304], "max": [0.45752401442793644, 0.39933154391115716, 0.5196557455763873, 0.608787691445851, 0.5580281341816311], "min": [0.4575188627693271, 0.39932235671216326, 0.5190198892741942, 0.6085285682686139, 0.5569284900481535], "raw_data_size": "30"}}