{"user_4_3874": {"weights": [1.0], "gauss": [0.34627775829692337, 0.0027593513843016245, 0.5], "max": [0.3533853764513957], "min": [0.339170140142451], "raw_data_size": "9996"}}