{"user_1_3397": {"weights": [0.0665624833, 0.1703702101, 0.368619174, 0.3944481327], "gauss": [0.2082151605, 1.499e-06, 0.0332812416, 0.2696026972, 8.33243e-05, 0.085185105, 0.2297046701, 3.42607e-05, 0.184309587, 0.2413835626, 4.6112e-05, 0.1972240663], "max": [0.2082190216, 0.2698173263, 0.2297929199, 0.2415023394], "min": [0.2082112994, 0.2693880681, 0.2296164203, 0.2412647859], "raw_data_size": "30"}, "user_2_3397": {"weights": [0.1936733959, 0.3755712586, 0.4307553455], "gauss": [0.2635963449, 0.0002259209, 0.0968366979, 0.2241079201, 0.000130361, 0.1877856293, 0.2422600702, 0.0001075411, 0.2153776727], "max": [0.2641782785, 0.2244437079, 0.2425370777], "min": [0.2630144114, 0.2237721323, 0.2419830627], "raw_data_size": "57"}, "user_3_3397": {"weights": [0.0857246339, 0.1024834883, 0.3617346091, 0.4500572687], "gauss": [0.2228636175, 0.0009421179, 0.042862317, 0.2675727968, 0.0001190279, 0.0512417442, 0.224878136, 7.25706e-05, 0.1808673045, 0.2508843274, 6.12308e-05, 0.2250286343], "max": [0.2252903525, 0.2678793923, 0.2250650655, 0.2510420474], "min": [0.2204368825, 0.2672662013, 0.2246912066, 0.2507266073], "raw_data_size": "70"}}