{"user_4_908": {"weights": 1, "gauss": [-0.5622768620855294, 0.001441530876667012, 0.5], "max": [-0.55856372461144], "min": [-0.5659899995596188], "raw_data_size": "9996"}}