{"user_3_2929": {"weights": [-0.347441889860854, 0.0001747285713406811, 0.06330787954202367, -0.4542358826279468, 0.00017237737279143694, 0.07042429405131605, -0.3851494762362137, 4.168060177930821e-05, 0.09770656921788734, -0.40773893381505966, 9.082502582718932e-05, 0.12158126323953809, -0.43093714594513105, 0.00013014307504791056, 0.14697999394923483], "gauss": [-0.347441889860854, 0.0001747285713406811, 0.06330787954202367, -0.4542358826279468, 0.00017237737279143694, 0.07042429405131605, -0.3851494762362137, 4.168060177930821e-05, 0.09770656921788734, -0.40773893381505966, 9.082502582718932e-05, 0.12158126323953809, -0.43093714594513105, 0.00013014307504791056, 0.14697999394923483], "max": [-0.34699181888662745, -0.45379186793984183, -0.385042114120761, -0.4075049840520384, -0.4306019195987687], "min": [-0.34789196083508056, -0.45467989731605174, -0.3852568383516664, -0.4079728835780809, -0.4312723722914934], "raw_data_size": "70"}}