{"user_5_3661": {"weights": 1, "gauss": [0.14216562563565197, 0.0006581852303813714, 0.5], "max": [0.1438609984392314], "min": [0.14047025283207254], "raw_data_size": "9994"}}