{"user_1_349": {"weights": [0.12240605503209112, 0.38806653369144894, 0.48952741127645993], "gauss": [0.5231298835079712, 8.678951958793102e-05, 0.06120302751604556, 0.4476749675569739, 0.0005291166214439193, 0.19403326684572447, 0.40353103465491785, 0.0007858319184740327, 0.24476370563822997], "max": [0.5233534384957667, 0.4490378816554839, 0.4055552035381873], "min": [0.5229063285201757, 0.44631205345846386, 0.4015068657716484], "raw_data_size": "30"}}