{"user_3_349": {"weights": [0.17423070424758713, 0.38792418358508646, 0.4378451121673264], "gauss": [0.5165797839666182, 0.000948957628924967, 0.08711535212379357, 0.396393571267318, 0.00025105402904676457, 0.19396209179254323, 0.43914084254399294, 0.00016100466064064467, 0.2189225560836632], "max": [0.5190241368350293, 0.39704024359211065, 0.43955556306687904], "min": [0.514135431098207, 0.39574689894252535, 0.43872612202110683], "raw_data_size": "70"}}