{"user_3_3248": {"weights": [0.5050794845, 1.10337e-05, 0.0497849199, 0.4913653279, 5.57991e-05, 0.0662912706, 0.5570760322, 0.0001027505, 0.1109592854, 0.5364784908, 6.25121e-05, 0.1168669, 0.5189765599, 3.4915e-05, 0.1560976241], "gauss": [0.5050794845, 1.10337e-05, 0.0497849199, 0.4913653279, 5.57991e-05, 0.0662912706, 0.5570760322, 0.0001027505, 0.1109592854, 0.5364784908, 6.25121e-05, 0.1168669, 0.5189765599, 3.4915e-05, 0.1560976241], "max": [0.5051079054, 0.4915090568, 0.5573407, 0.5366395113, 0.5190664949], "min": [0.5050510636, 0.4912215989, 0.5568113644, 0.5363174702, 0.5188866249], "raw_data_size": "70"}, "user_2_3248": {"weights": [0.5893525616, 1.4007e-06, 0.0175421401, 0.5706333507, 6.4735e-06, 0.0423849799, 0.4980407603, 3.66532e-05, 0.0753578495, 0.5148942242, 3.41424e-05, 0.1524243695, 0.5344681296, 0.0001606596, 0.2122906609], "gauss": [0.5893525616, 1.4007e-06, 0.0175421401, 0.5706333507, 6.4735e-06, 0.0423849799, 0.4980407603, 3.66532e-05, 0.0753578495, 0.5148942242, 3.41424e-05, 0.1524243695, 0.5344681296, 0.0001606596, 0.2122906609], "max": [0.5893561695, 0.5706500254, 0.4981351726, 0.5149821692, 0.5348819613], "min": [0.5893489536, 0.5706166761, 0.4979463479, 0.5148062793, 0.534054298], "raw_data_size": "57"}, "user_1_3248": {"weights": [0.268668151, 0.2819336333, 0.4493982157], "gauss": [0.5669063023, 0.0001539708, 0.1343340755, 0.5320565552, 4.3832e-05, 0.1409668166, 0.5119131985, 9.40673e-05, 0.2246991078], "max": [0.5673029049, 0.5321694591, 0.5121554997], "min": [0.5665096997, 0.5319436514, 0.5116708973], "raw_data_size": "30"}}