{"user_1_1491": {"weights": [1.0], "gauss": [0.1872601264078597, 0.0008635558114518164, 0.5], "max": [0.18948449877224724], "min": [0.18503575404347214], "raw_data_size": "9995"}}