{"user_5_2634": {"weights": [1.0], "gauss": [-0.20170268957978818, 0.0024322823050093164, 0.5], "max": [-0.19543754554404172], "min": [-0.20796783361553464], "raw_data_size": "9994"}}