{"user_5_2862": {"weights": [1.0], "gauss": [0.26567669048857634, 0.0015196809715709986, 0.5], "max": [0.2695911292671946], "min": [0.2617622517099581], "raw_data_size": "9994"}}