{"user_1_2862": {"weights": 1, "gauss": [0.2655770810846096, 0.0015960277427414782, 0.5], "max": [0.2696881761136401], "min": [0.2614659860555791], "raw_data_size": "9995"}}