{"user_2_3979": {"weights": 1, "gauss": [0.3374695151608485, 0.001169345253654765, 0.5], "max": [0.34048154893117827], "min": [0.33445748139051873], "raw_data_size": "9991"}}