{"user_1_1318": {"weights": [0.06652120171909688, 0.40064350933676934, 0.5328352889441337], "gauss": [0.2713255497323635, 0.00017852937260348544, 0.03326060085954844, 0.17141265736307312, 0.0005376786858470203, 0.20032175466838467, 0.13215460740635168, 0.0005544730903087766, 0.26641764447206684], "max": [0.27178541092185976, 0.17279762587797154, 0.13358283544039834], "min": [0.27086568854286724, 0.1700276888481747, 0.13072637937230502], "raw_data_size": "30"}}