{"user_1_556": {"weights": [0.1309048897587933, 0.20375835220372832, 0.6653367580374783], "gauss": [0.40245348984476864, 0.00016251251829660262, 0.06545244487939665, 0.4459949426388351, 3.854441565390065e-05, 0.10187917610186416, 0.4875983454545504, 0.0006319906419783296, 0.33266837901873914], "max": [0.40287209435159055, 0.4460942264741646, 0.4892262454697269], "min": [0.40203488533794673, 0.4458956588035056, 0.4859704454393739], "raw_data_size": "30"}}