{"user_1_2085": {"weights": [1.0], "gauss": [0.24045424544193764, 0.000906967930755501, 0.5], "max": [0.24279044001535677], "min": [0.2381180508685185], "raw_data_size": "9995"}}