{"user_3_3562": {"weights": [0.09886883467426387, 0.23170275514818733, 0.24972360399811702, 0.41970480617943184], "gauss": [-0.5481128448156385, 0.0003665986257096733, 0.049434417337131935, -0.7054933784391262, 0.00013493774867193064, 0.11585137757409367, -0.6682237996520689, 0.00016058535830906672, 0.12486180199905851, -0.6247053524384322, 0.00020157571212955816, 0.20985240308971592], "max": [-0.5471685493328947, -0.7051458018319421, -0.6678101591804155, -0.6241861278122451], "min": [-0.5490571402983823, -0.7058409550463103, -0.6686374401237223, -0.6252245770646192], "raw_data_size": "70"}}