{"user_1_3197": {"weights": 1, "gauss": [0.3304131503182512, 0.0009158139299023778, 0.5], "max": [0.332772130675492], "min": [0.3280541699610104], "raw_data_size": "9995"}}