{"user_1_517": {"weights": [0.2572562046981005, 0.7427437953018995], "gauss": [0.24651684891525946, 0.00103755332003455, 0.12862810234905026, 0.15561256989062316, 0.00108747710203498, 0.37137189765094974], "max": [0.2491894091609989, 0.1584137252769833], "min": [0.24384428866952002, 0.15281141450426303], "raw_data_size": "30"}}