{"user_3_3541": {"weights": [1.0], "gauss": [-0.3836764977, 0.0008119118, 0.5], "max": [-0.3815851516], "min": [-0.3857678438], "raw_data_size": "9991"}, "user_6_3541": {"weights": [1.0], "gauss": [-0.3825813435, 0.0008180397, 0.5], "max": [-0.3804742129], "min": [-0.3846884742], "raw_data_size": "9993"}, "user_4_3541": {"weights": [1.0], "gauss": [-0.3836197248, 0.0008332912, 0.5], "max": [-0.3814733089], "min": [-0.3857661406], "raw_data_size": "9996"}, "user_1_3541": {"weights": [1.0], "gauss": [-0.3838015872, 0.0008263462, 0.5], "max": [-0.3816730604], "min": [-0.385930114], "raw_data_size": "9995"}, "user_2_3541": {"weights": [1.0], "gauss": [-0.3837412964, 0.0008228832, 0.5], "max": [-0.3816216898], "min": [-0.3858609031], "raw_data_size": "9991"}, "user_5_3541": {"weights": [1.0], "gauss": [-0.383559947, 0.0008051289, 0.5], "max": [-0.3814860725], "min": [-0.3856338215], "raw_data_size": "9994"}}