{"user_3_1240": {"weights": [0.06924590413232488, 0.178796852825468, 0.18876116247785185, 0.2727693391360003, 0.290426741428355], "gauss": [0.1662508616746688, 0.000354079098766574, 0.03462295206616244, 0.2279009402807863, 0.0001475976781496875, 0.089398426412734, 0.35517376617502855, 0.0010017295278992022, 0.09438058123892593, 0.2699056353622474, 0.0001684968279181399, 0.13638466956800016, 0.3078425623592532, 0.0002593457573838988, 0.1452133707141775], "max": [0.16716290899304592, 0.22828112670530004, 0.3577540504472215, 0.270339654429154, 0.3085105927608738], "min": [0.16533881435629166, 0.22752075385627257, 0.35259348190283557, 0.2694716162953408, 0.30717453195763267], "raw_data_size": "70"}}