{"user_2_3562": {"weights": 1, "gauss": [-0.6467768733871909, 0.0024230120551936565, 0.5], "max": [-0.6405356079325708], "min": [-0.653018138841811], "raw_data_size": "9991"}}