{"user_1_13": {"weights": [1.0], "gauss": [0.32622629858113383, 0.0012352569380947715, 0.5], "max": [0.3294081095996904], "min": [0.32304448756257725], "raw_data_size": "9995"}}