{"user_5_2673": {"weights": 1, "gauss": [-0.0010549397044239974, 0.0015895492538114317, 0.5], "max": [0.003039467842977777], "min": [-0.005149347251825772], "raw_data_size": "9994"}}