{"user_1_2207": {"weights": [0.09765135234762982, 0.1695073379542319, 0.27649559680540853, 0.45634571289272985], "gauss": [0.4379953094493343, 8.4304594824548e-06, 0.04882567617381491, 0.33619567278771667, 0.000270793564389248, 0.08475366897711595, 0.4052844650863444, 0.0001223243141246212, 0.13824779840270426, 0.3679610010109104, 9.855063015864928e-05, 0.22817285644636492], "max": [0.4380170248739116, 0.33689319078608293, 0.40559955163920314, 0.36821485061195625], "min": [0.437973594024757, 0.3354981547893504, 0.4049693785334857, 0.36770715140986454], "raw_data_size": "30"}}