{"user_3_1061": {"weights": [0.0285595727, 0.1744739973, 0.205252505, 0.2860475907, 0.3056663344], "gauss": [0.2250610779, 5.79039e-05, 0.0142797863, 0.072758654, 8.07202e-05, 0.0872369986, 0.1264981343, 4.47938e-05, 0.1026262525, 0.1564439083, 0.0002046286, 0.1430237953, 0.104884016, 0.0001036237, 0.1528331672], "max": [0.2252102285, 0.0729665755, 0.1266135155, 0.1569709968, 0.105150933], "min": [0.2249119274, 0.0725507324, 0.1263827531, 0.1559168199, 0.104617099], "raw_data_size": "70"}, "user_1_1061": {"weights": [0.0689108927, 4.0234e-06, 0.0331225652, 0.1949703952, 0.0001321771, 0.0406391479, 0.1220482839, 5.07474e-05, 0.1147966808, 0.1512097732, 0.0001872311, 0.1370967237, 0.1002492007, 8.55311e-05, 0.1743448823], "gauss": [0.0689108927, 4.0234e-06, 0.0331225652, 0.1949703952, 0.0001321771, 0.0406391479, 0.1220482839, 5.07474e-05, 0.1147966808, 0.1512097732, 0.0001872311, 0.1370967237, 0.1002492007, 8.55311e-05, 0.1743448823], "max": [0.0689212562, 0.195310861, 0.1221790004, 0.1516920485, 0.1004695141], "min": [0.0689005291, 0.1946299295, 0.1219175674, 0.150727498, 0.1000288873], "raw_data_size": "30"}, "user_2_1061": {"weights": [0.1262208907, 0.1589007255, 0.2218279449, 0.2443491223, 0.2487013167], "gauss": [0.0782254802, 0.0001173312, 0.0631104453, 0.1442110328, 3.46054e-05, 0.0794503628, 0.1744916043, 0.0002456613, 0.1109139724, 0.1035437179, 6.95567e-05, 0.1221745611, 0.1254618561, 3.55607e-05, 0.1243506583], "max": [0.0785277053, 0.1443001703, 0.1751243858, 0.1037228842, 0.1255534545], "min": [0.0779232552, 0.1441218953, 0.1738588228, 0.1033645516, 0.1253702578], "raw_data_size": "57"}}