{"user_1_246": {"weights": [1.0], "gauss": [0.20486006621730696, 0.0018627313522889672, 0.5], "max": [0.20965814421917214], "min": [0.20006198821544177], "raw_data_size": "9995"}}