{"user_5_1711": {"weights": [1.0], "gauss": [0.29474158548821866, 0.0014716074293217019, 0.5], "max": [0.2985321950279858], "min": [0.29095097594845154], "raw_data_size": "9994"}}