{"user_3_784": {"weights": [0.1277313076, 0.2284303389, 0.3048170562, 0.3390212973], "gauss": [-0.1225236811, 0.0001034615, 0.0638656538, -0.0620787344, 0.0002805928, 0.1142151695, -0.0989692735, 0.000131359, 0.1524085281, -0.037256882, 0.0005840172, 0.1695106486], "max": [-0.1222571818, -0.0613559754, -0.0986309151, -0.0357525534], "min": [-0.1227901804, -0.0628014935, -0.099307632, -0.0387612105], "raw_data_size": "70"}, "user_1_784": {"weights": [1.0], "gauss": [-0.0708436922, 0.0011413354, 0.5], "max": [-0.0679038071], "min": [-0.0737835773], "raw_data_size": "30"}, "user_2_784": {"weights": [0.0864262085, 0.110978222, 0.118884887, 0.300745193, 0.3829654895], "gauss": [-0.1331580913, 2.29781e-05, 0.0432131042, 0.0022307127, 0.0003549326, 0.055489111, -0.0353238919, 8.74909e-05, 0.0594424435, -0.0989214241, 9.93844e-05, 0.1503725965, -0.0684335451, 0.0001407741, 0.1914827448], "max": [-0.1330989036, 0.0031449585, -0.0350985303, -0.0986654267, -0.068070935], "min": [-0.1332172791, 0.0013164669, -0.0355492535, -0.0991774214, -0.0687961553], "raw_data_size": "57"}}