{"user_1_3649": {"weights": [1.0], "gauss": [-0.10159773508209272, 0.0015176445176144037, 0.5], "max": [-0.0976885418612512], "min": [-0.10550692830293423], "raw_data_size": "9995"}}