{"user_3_2814": {"weights": [0.16302266931007445, 0.1754102588439033, 0.1836270670838247, 0.21545361522064446, 0.26248638954155323], "gauss": [-0.6606059300844798, 2.6168418838206197e-05, 0.08151133465503722, -0.6956427501876702, 0.0004256294695282038, 0.08770512942195165, -0.6003971401133911, 0.00015703217161053173, 0.09181353354191235, -0.5612272766813261, 0.0001670123071680064, 0.10772680761032223, -0.6296205558791845, 0.00014160381800057309, 0.13124319477077662], "max": [-0.6605385247044088, -0.6945464013276055, -0.5999926520441567, -0.5607970814864695, -0.6292558086152843], "min": [-0.6606733354645508, -0.6967390990477349, -0.6008016281826254, -0.5616574718761828, -0.6299853031430848], "raw_data_size": "70"}}