{"user_3_2823": {"weights": [0.09044702620364112, 0.12616032534767602, 0.18445565032975347, 0.23365029278135294, 0.36528670533757646], "gauss": [-0.20324796811543613, 3.467381789945445e-05, 0.04522351310182056, -0.18025492616091715, 0.000134420617557313, 0.06308016267383801, -0.22267204494505258, 9.453831275340368e-05, 0.09222782516487674, -0.252086079399011, 0.0001715627306851365, 0.11682514639067647, -0.2635975234932183, 0.00048237130329539704, 0.18264335266878823], "max": [-0.2031586542792248, -0.1799086815952119, -0.2224285303887543, -0.2516441630899154, -0.26235501735499894], "min": [-0.20333728195164746, -0.1806011707266224, -0.22291555950135086, -0.25252799570810663, -0.26484002963143766], "raw_data_size": "70"}}