{"user_1_800": {"weights": 1, "gauss": [-0.37563080930421094, 0.003263936775469322, 0.5], "max": [-0.36722346531302613], "min": [-0.38403815329539576], "raw_data_size": "9995"}}