{"user_6_1522": {"weights": 1, "gauss": [-0.02410941225528541, 0.0018541597762630436, 0.5], "max": [-0.01933341317012539], "min": [-0.028885411340445432], "raw_data_size": "9993"}}