{"user_1_1674": {"weights": [0.490206051022258, 0.509793948977742], "gauss": [0.11344604565130961, 0.00023489356043220302, 0.245103025511129, 0.06652986420699096, 0.00033126042001571036, 0.254896974488871], "max": [0.11405109136748581, 0.06738313450397335], "min": [0.11284099993513341, 0.06567659391000857], "raw_data_size": "30"}}