{"user_2_2662": {"weights": [0.1410475026, 0.1716861649, 0.177028769, 0.5102375635], "gauss": [-0.5517960689, 1.09188e-05, 0.0705237513, -0.4781274829, 0.0005546994, 0.0858430824, -0.5271168354, 7.06813e-05, 0.0885143845, -0.584805256, 0.0008042365, 0.2551187818], "max": [-0.5517679439, -0.4766986718, -0.5269347724, -0.5827336801], "min": [-0.5518241938, -0.4795562939, -0.5272988983, -0.586876832], "raw_data_size": "57"}, "user_3_2662": {"weights": [0.0713650924, 0.1516913897, 0.1997247183, 0.252083498, 0.3251353017], "gauss": [-0.6441906965, 2.09202e-05, 0.0356825462, -0.4897611555, 0.0014130408, 0.0758456948, -0.5957784452, 0.0001322014, 0.0998623591, -0.5628577882, 0.0001024355, 0.126041749, -0.5237984112, 0.0003684059, 0.1625676508], "max": [-0.6441368096, -0.4861214037, -0.5954379171, -0.5625939319, -0.5228494604], "min": [-0.6442445834, -0.4934009074, -0.5961189733, -0.5631216444, -0.524747362], "raw_data_size": "70"}, "user_1_2662": {"weights": [0.1577012879, 0.3548266451, 0.487472067], "gauss": [-0.4847676986, 0.0002438325, 0.078850644, -0.5911681812, 0.0011997202, 0.1774133225, -0.5489804181, 0.0004731271, 0.2437360335], "max": [-0.4841396278, -0.5880779067, -0.5477617235], "min": [-0.4853957695, -0.5942584556, -0.5501991128], "raw_data_size": "30"}}