{"user_3_2196": {"weights": [0.08317585330564119, 0.20223895189175314, 0.2141265952845208, 0.5004585995180849], "gauss": [0.2601266381665509, 0.00016530758532566536, 0.041587926652820593, 0.3510122053703468, 0.00029098473609455347, 0.10111947594587657, 0.2856250665934444, 0.0001290229886045786, 0.1070632976422604, 0.3189671194421109, 0.00013860476732672944, 0.25022929975904246], "max": [0.26055244228893165, 0.35176173238046454, 0.2859574077883235, 0.31932414166340267], "min": [0.25970083404417016, 0.350262678360229, 0.28529272539856526, 0.3186100972208192], "raw_data_size": "70"}}