{"user_3_3964": {"weights": [1.0], "gauss": [-0.1136436698, 0.0009457194, 0.5], "max": [-0.111207658], "min": [-0.1160796816], "raw_data_size": "9991"}, "user_4_3964": {"weights": [1.0], "gauss": [-0.1131202918, 0.0009488025, 0.5], "max": [-0.1106763386], "min": [-0.115564245], "raw_data_size": "9996"}, "user_5_3964": {"weights": [1.0], "gauss": [-0.1133122167, 0.0009589225, 0.5], "max": [-0.1108421962], "min": [-0.1157822373], "raw_data_size": "9994"}, "user_1_3964": {"weights": [1.0], "gauss": [-0.1134793455, 0.0009434128, 0.5], "max": [-0.1110492751], "min": [-0.115909416], "raw_data_size": "9995"}, "user_2_3964": {"weights": [1.0], "gauss": [-0.1138305338, 0.0009305705, 0.5], "max": [-0.111433543], "min": [-0.1162275247], "raw_data_size": "9991"}, "user_6_3964": {"weights": [1.0], "gauss": [-0.1137147772, 0.0009493546, 0.5], "max": [-0.1112694019], "min": [-0.1161601525], "raw_data_size": "9993"}}