{"user_1_2093": {"weights": [0.0910014803050677, 0.26673776700153873, 0.6422607526933934], "gauss": [-1.4248071686692603, 8.964730782017427e-06, 0.04550074015253385, -1.336114609662447, 0.0005811554716846624, 0.13336888350076936, -1.380747889630525, 0.00033063402357721885, 0.3211303763466967], "max": [-1.4247840770530136, -1.3346176523685638, -1.3798962328238444], "min": [-1.424830260285507, -1.3376115669563302, -1.3815995464372055], "raw_data_size": "30"}}