{"user_6_3087": {"weights": [1.0], "gauss": [-0.17989811343970225, 0.0011093641079467007, 0.5], "max": [-0.17704058086214775], "min": [-0.18275564601725675], "raw_data_size": "9993"}}