{"user_5_3079": {"weights": [1.0], "gauss": [-0.5219354557312018, 0.0006980240865145638, 0.5], "max": [-0.5201374648345747], "min": [-0.523733446627829], "raw_data_size": "9994"}}