{"user_3_3735": {"weights": [1.0], "gauss": [0.1900711198258741, 0.0011437534327032306, 0.5], "max": [0.19301723343386573], "min": [0.18712500621788247], "raw_data_size": "9991"}}