{"user_1_3735": {"weights": [1.0], "gauss": [0.19015121926321066, 0.0011426995345530228, 0.5], "max": [0.19309461820946403], "min": [0.1872078203169573], "raw_data_size": "9995"}}