{"user_1_207": {"weights": 1, "gauss": [-0.33003648464895813, 0.0024085129718066636, 0.5], "max": [-0.3238325663582009], "min": [-0.33624040293971535], "raw_data_size": "9995"}}