{"user_1_3291": {"weights": [0.2850759790144543, 0.3100996232867706, 0.40482439769877504], "gauss": [0.39858071314428745, 0.0004058480193901971, 0.14253798950722715, 0.4344501503958755, 0.0004606202079651113, 0.1550498116433853, 0.35766494117603737, 0.0005546081208839527, 0.20241219884938752], "max": [0.39962610836542, 0.4356366294253588, 0.35909351702579645], "min": [0.3975353179231549, 0.43326367136639216, 0.3562363653262783], "raw_data_size": "30"}}