{"user_3_3291": {"weights": [0.32682572967738543, 0.0003411352647875722, 0.04800222856554292, 0.45770414866120673, 0.00019620520030399946, 0.08580900394144789, 0.3574883642793909, 0.00010300660858164512, 0.08971883846506201, 0.38757213361292087, 8.526945680428677e-05, 0.1293918193563233, 0.42052234708346253, 7.336768081136935e-05, 0.14707810967162388], "gauss": [0.32682572967738543, 0.0003411352647875722, 0.04800222856554292, 0.45770414866120673, 0.00019620520030399946, 0.08580900394144789, 0.3574883642793909, 0.00010300660858164512, 0.08971883846506201, 0.38757213361292087, 8.526945680428677e-05, 0.1293918193563233, 0.42052234708346253, 7.336768081136935e-05, 0.14707810967162388], "max": [0.3277044358888992, 0.4582095397656585, 0.3577536917202347, 0.38779177317845503, 0.42071132970562986], "min": [0.3259470234658717, 0.457198757556755, 0.3572230368385471, 0.3873524940473867, 0.4203333644612952], "raw_data_size": "70"}}