{"user_4_3061": {"weights": 1, "gauss": [0.08904882154131312, 0.0029908357017205756, 0.5], "max": [0.09675270378390521], "min": [0.08134493929872103], "raw_data_size": "9996"}}