{"user_5_870": {"weights": 1, "gauss": [-0.022305225537582622, 0.0011095701007997254, 0.5], "max": [-0.01944716235760098], "min": [-0.025163288717564264], "raw_data_size": "9994"}}