{"user_1_2995": {"weights": [0.15446658814598377, 0.1596805324938333, 0.29770012571207694, 0.3881527536481059], "gauss": [0.2934190239823024, 2.438024405790229e-05, 0.07723329407299188, 0.26707064669846287, 0.00015359304224163328, 0.07984026624691665, 0.32765083186023924, 0.00024835291492775094, 0.14885006285603847, 0.30886743049540527, 3.175978253826161e-05, 0.19407637682405296], "max": [0.29348182332937445, 0.2674662761574901, 0.32829054657613194, 0.30894923827394166], "min": [0.29335622463523037, 0.26667501723943565, 0.32701111714434655, 0.3087856227168689], "raw_data_size": "30"}}