{"user_2_2995": {"weights": [0.017500720543707913, 0.017543859648836847, 0.1378280747212851, 0.37310509854178947, 0.45402224654438056], "gauss": [0.3599480986595146, 1.0000000002775557e-06, 0.008750360271853956, 0.3954427242279044, 1.0000000003608224e-06, 0.008771929824418424, 0.26224736490818634, 0.00012378899940590393, 0.06891403736064255, 0.3223116319367226, 0.00010749544594569515, 0.18655254927089474, 0.3017206290552908, 0.00011681187094297784, 0.22701112327219028], "max": [0.35995067448881884, 0.39544530005720885, 0.26256622424031306, 0.32258852185638753, 0.3020215164954681], "min": [0.35994552283021036, 0.3954401483985999, 0.2619285055760596, 0.3220347420170576, 0.3014197416151135], "raw_data_size": "57"}}