{"user_1_1756": {"weights": [1.0], "gauss": [0.4307216400350134, 0.002383666070942341, 0.5], "max": [0.43686155695042195], "min": [0.42458172311960485], "raw_data_size": "9995"}}