{"user_4_1756": {"weights": 1, "gauss": [0.42984112223530463, 0.0023394101148570537, 0.5], "max": [0.43586704336217214], "min": [0.4238152011084371], "raw_data_size": "9996"}}