{"user_5_1756": {"weights": 1, "gauss": [0.4306852728883111, 0.002343589811769824, 0.5], "max": [0.4367219602009665], "min": [0.4246485855756557], "raw_data_size": "9994"}}