{"user_3_3298": {"weights": [1.0], "gauss": [0.18537218970026023, 0.0009230139902565289, 0.5], "max": [0.1877497161839486], "min": [0.18299466321657187], "raw_data_size": "9991"}}