{"user_2_1178": {"weights": [0.034276814986734835, 0.03508007347153808, 0.2410913698760792, 0.3148257608030068, 0.374725980862641], "gauss": [-0.5127995798278393, 2.607594531037105e-05, 0.017138407493367418, -0.5341065598306152, 4.409093422113152e-06, 0.01754003673576904, -0.47841122903410366, 8.785185363474512e-05, 0.1205456849380396, -0.4447894955067596, 6.511470791586882e-05, 0.1574128804015034, -0.40532047150029893, 0.0002722412173547785, 0.1873629904313205], "max": [-0.5127324126437911, -0.5340952027585764, -0.4781849376551402, -0.4446217711340179, -0.40461922459500266], "min": [-0.5128667470118875, -0.534117916902654, -0.4786375204130671, -0.4449572198795013, -0.4060217184055952], "raw_data_size": "57"}}