{"user_6_4014": {"weights": 1, "gauss": [-0.28732411700585064, 0.0008771460311743491, 0.5], "max": [-0.28506473855526016], "min": [-0.28958349545644113], "raw_data_size": "9993"}}