{"user_1_4014": {"weights": [1.0], "gauss": [-0.2872759810367886, 0.0008782158664789864, 0.5], "max": [-0.2850138468730704], "min": [-0.28953811520050676], "raw_data_size": "9995"}}