{"user_2_818": {"weights": [0.23538877435359726, 0.2639543458729807, 0.500656879773422], "gauss": [-0.16178042128266368, 0.00017837186013639522, 0.11769438717679863, -0.23976551576993926, 0.00035620339401215464, 0.13197717293649036, -0.19794385571597942, 0.00023585609252372336, 0.250328439886711], "max": [-0.16132096581839583, -0.23884799662961917, -0.19733633068143627], "min": [-0.16223987674693152, -0.24068303491025936, -0.19855138075052256], "raw_data_size": "57"}}