{"user_1_3843": {"weights": [1.0], "gauss": [0.03341969682455304, 0.0008615298393878033, 0.5], "max": [0.035638850630729926], "min": [0.031200543018376162], "raw_data_size": "9995"}}