{"user_5_3582": {"weights": [1.0], "gauss": [0.3209762691720589, 0.0019043826576366763, 0.5], "max": [0.32588163382676977], "min": [0.31607090451734804], "raw_data_size": "9994"}}