{"user_2_580": {"weights": 1, "gauss": [-0.5875199383077504, 0.0034941922591452393, 0.5], "max": [-0.5785194954944104], "min": [-0.5965203811210904], "raw_data_size": "9991"}}