{"user_3_6": {"weights": [0.1556172277, 0.1640946393, 0.2060670517, 0.2287013122, 0.245519769], "gauss": [-0.5560685127, 5.39666e-05, 0.0778086139, -0.5093380905, 0.0008562703, 0.0820473197, -0.6434278235, 0.000954195, 0.1030335258, -0.5771149395, 2.66563e-05, 0.1143506561, -0.6039433012, 0.0001228026, 0.1227598845], "max": [-0.5559295039, -0.5071324843, -0.6409699801, -0.5770462773, -0.6036269826], "min": [-0.5562075215, -0.5115436967, -0.6458856669, -0.5771836017, -0.6042596198], "raw_data_size": "70"}, "user_1_6": {"weights": [0.1271144254, 0.1491620534, 0.1649956032, 0.1666613227, 0.3920665953], "gauss": [-0.5077174417, 0.0005371467, 0.0635572127, -0.6218091888, 7.49405e-05, 0.0745810267, -0.5468631241, 0.0003649771, 0.0824978016, -0.6674162012, 5.25415e-05, 0.0833306613, -0.5965930714, 0.0001686373, 0.1960332977], "max": [-0.5063338435, -0.621616155, -0.5459230054, -0.6672808632, -0.5961586906], "min": [-0.5091010399, -0.6220022227, -0.5478032428, -0.6675515392, -0.5970274523], "raw_data_size": "30"}, "user_2_6": {"weights": [0.1776423322, 0.1981813792, 0.2960555271, 0.3281207614], "gauss": [-0.499767322, 0.0004040337, 0.0888211661, -0.6559949221, 0.0001610615, 0.0990906896, -0.5615442243, 0.0002825558, 0.1480277636, -0.6048632443, 0.0002503713, 0.1640603807], "max": [-0.4987266002, -0.6555800551, -0.5608164088, -0.6042183305], "min": [-0.5008080437, -0.6564097891, -0.5622720398, -0.6055081581], "raw_data_size": "57"}}