{"user_3_1660": {"weights": [0.06758689841063387, 0.1652248565518478, 0.19626084420861237, 0.2635914287766646, 0.3073359720522414], "gauss": [0.012433350030466885, 9.134502023237423e-05, 0.03379344920531693, -0.05319459780760025, 4.588524115903083e-05, 0.0826124282759239, -0.01925185967124568, 6.571271556408696e-05, 0.09813042210430618, -0.06924721596686331, 9.650737726436546e-05, 0.1317957143883323, -0.03581896541669401, 3.5276706424067645e-05, 0.1536679860261207], "max": [0.012668639210314702, -0.05307640525882241, -0.01908259493287993, -0.06899862943649711, -0.035728098642554204], "min": [0.012198060850619068, -0.053312790356378086, -0.01942112440961143, -0.06949580249722952, -0.03590983219083381], "raw_data_size": "70"}}