{"user_3_3913": {"weights": [0.0164516433728509, 0.00018867421205080641, 0.04122998860160149, 0.05209485563322198, 0.00010409355990686334, 0.062489379191204834, 0.07605687883830345, 6.773958035853782e-05, 0.08571536974337336, 0.09903604396508758, 5.1527767594539874e-05, 0.15497262313345234, 0.12800917539296028, 0.00014674737895440767, 0.155592639330368], "gauss": [0.0164516433728509, 0.00018867421205080641, 0.04122998860160149, 0.05209485563322198, 0.00010409355990686334, 0.062489379191204834, 0.07605687883830345, 6.773958035853782e-05, 0.08571536974337336, 0.09903604396508758, 5.1527767594539874e-05, 0.15497262313345234, 0.12800917539296028, 0.00014674737895440767, 0.155592639330368], "max": [0.016937635937075368, 0.052362982875140796, 0.07623136443440108, 0.09916877069880406, 0.12838717159189003], "min": [0.015965650808626435, 0.05182672839130316, 0.07588239324220582, 0.09890331723137111, 0.12763117919403053], "raw_data_size": "70"}}