{"user_1_2256": {"weights": [0.1313204004, 0.1875151158, 0.2210749897, 0.2234618422, 0.2366276518], "gauss": [-0.0929647604, 6.23523e-05, 0.0656602002, -0.0628914262, 0.0001159682, 0.0937575579, -0.1236413063, 0.0002417674, 0.1105374949, -0.0362068279, 2.21026e-05, 0.1117309211, -0.0117888202, 0.0001864183, 0.1183138259], "max": [-0.0928041516, -0.0625927118, -0.1230185547, -0.0361498953, -0.0113086386], "min": [-0.0931253692, -0.0631901406, -0.1242640579, -0.0362637605, -0.0122690018], "raw_data_size": "30"}, "user_2_2256": {"weights": [0.0175390538, 0.1517289187, 0.3556253054, 0.4751067222], "gauss": [-0.1979720891, 1e-06, 0.0087695269, -0.1232944353, 0.0003849393, 0.0758644593, -0.0822896132, 0.0005783158, 0.1778126527, -0.0187645094, 0.0007063059, 0.2375533611], "max": [-0.1979695132, -0.1223028973, -0.0807999703, -0.0169451859], "min": [-0.1979746649, -0.1242859732, -0.0837792561, -0.0205838328], "raw_data_size": "57"}, "user_3_2256": {"weights": [0.1833315779, 0.2130887421, 0.2342879865, 0.3692916935], "gauss": [-0.140689909, 0.0004829713, 0.0916657889, 0.0088263263, 0.0006208074, 0.106544371, -0.094772914, 0.0001095775, 0.1171439933, -0.0538727575, 0.0002119575, 0.1846458468], "max": [-0.1394458573, 0.01042542, -0.0944906611, -0.0533267913], "min": [-0.1419339607, 0.0072272325, -0.0950551669, -0.0544187237], "raw_data_size": "70"}}