{"user_5_2156": {"weights": 1, "gauss": [0.41055241859628105, 0.0012739764553316424, 0.5], "max": [0.41383396448195564], "min": [0.40727087271060647], "raw_data_size": "9994"}}