{"user_1_1125": {"weights": [1.0], "gauss": [0.41329761971990187, 0.0016723749529698728, 0.5], "max": [0.41760537213028287], "min": [0.40898986730952086], "raw_data_size": "9995"}}