{"user_6_1133": {"weights": [1.0], "gauss": [0.3613597213544493, 0.0014156677085359604, 0.5], "max": [0.36500623972218416], "min": [0.3577132029867145], "raw_data_size": "9993"}}