{"user_5_1133": {"weights": [1.0], "gauss": [0.3606014898450412, 0.0014361373480522288, 0.5], "max": [0.36430073451007516], "min": [0.35690224518000724], "raw_data_size": "9994"}}