{"user_3_3275": {"weights": [0.12485268680392908, 0.13880210366005444, 0.3647946485670005, 0.371550560969016], "gauss": [-0.3611265719403399, 0.00017591973932648452, 0.06242634340196454, -0.25009877620292076, 0.0006245692406759558, 0.06940105183002722, -0.2856720904521541, 0.00012868266496394897, 0.18239732428350025, -0.33169134467704414, 7.593181428280815e-05, 0.185775280484508], "max": [-0.36067343272071006, -0.24848999245069234, -0.28534062587288117, -0.33149575728474284], "min": [-0.3615797111599698, -0.25170755995514915, -0.286003555031427, -0.33188693206934544], "raw_data_size": "70"}}