{"user_1_1436": {"weights": [0.14635843240217583, 0.16664053169387213, 0.18502022685098246, 0.24735400535724028, 0.25462680369572926], "gauss": [0.1889193461128899, 0.00019511018392891804, 0.07317921620108792, 0.29120270687890043, 4.700187681398637e-05, 0.08332026584693607, 0.23673768771648282, 3.577976634862906e-05, 0.09251011342549123, 0.25653662135823874, 3.932962090133396e-05, 0.12367700267862014, 0.20218498735617113, 7.464482681406631e-05, 0.12731340184786463], "max": [0.18942191664207483, 0.2913237756905197, 0.23682985028711775, 0.25663792774825384, 0.20237725968843714], "min": [0.18841677558370498, 0.29108163806728116, 0.23664552514584788, 0.25643531496822364, 0.20199271502390512], "raw_data_size": "30"}}