{"user_4_2246": {"weights": 1, "gauss": [0.3079623905198316, 0.0016372259641575227, 0.5], "max": [0.31217960513483967], "min": [0.30374517590482353], "raw_data_size": "9996"}}