{"user_3_2246": {"weights": 1, "gauss": [0.3078515020079136, 0.0016549721310344923, 0.5], "max": [0.312114427719589], "min": [0.3035885762962382], "raw_data_size": "9991"}}