{"user_1_1691": {"weights": [1.0], "gauss": [-0.37064033734630075, 0.0016792347823241782, 0.5], "max": [-0.3663149151864516], "min": [-0.3749657595061499], "raw_data_size": "9995"}}