{"user_2_2703": {"weights": [0.1222184962, 0.2264230636, 0.301922853, 0.3494355872], "gauss": [0.2619806795, 2.7822e-05, 0.0611092481, 0.2105897794, 0.0001474805, 0.1132115318, 0.1725123673, 0.0003799338, 0.1509614265, 0.230133984, 8.21193e-05, 0.1747177936], "max": [0.2620523443, 0.2109696641, 0.173491012, 0.2303455093], "min": [0.2619090148, 0.2102098947, 0.1715337227, 0.2299224588], "raw_data_size": "57"}, "user_1_2703": {"weights": [0.3000837232, 0.3027637364, 0.3971525404], "gauss": [0.2317189244, 0.00052785, 0.1500418616, 0.2274090078, 6.61585e-05, 0.1513818682, 0.1751434561, 0.0005043501, 0.1985762702], "max": [0.2330785759, 0.2275794207, 0.1764425758], "min": [0.2303592729, 0.2272385949, 0.1738443363], "raw_data_size": "30"}, "user_3_2703": {"weights": [0.1138208051, 0.1244250053, 0.2229906913, 0.2285906956, 0.3101728028], "gauss": [0.1571579241, 2.83959e-05, 0.0569104025, 0.2549239479, 0.000399632, 0.0622125027, 0.2137937609, 5.38664e-05, 0.1114953456, 0.2332786712, 8.76586e-05, 0.1142953478, 0.187355777, 7.19976e-05, 0.1550864014], "max": [0.1572310671, 0.2559533317, 0.2139325116, 0.2335044648, 0.1875412305], "min": [0.157084781, 0.253894564, 0.2136550102, 0.2330528776, 0.1871703236], "raw_data_size": "70"}}