{"user_1_1790": {"weights": [0.12871386242091556, 0.27169372214955195, 0.5995924154295325], "gauss": [-0.10921138119745775, 0.0004535361897573799, 0.06435693121045778, -0.13546322419429, 0.0001582886998929511, 0.13584686107477598, -0.08225202801049572, 0.0005692036508139581, 0.2997962077147662], "max": [-0.10804314938966078, -0.13505549952268509, -0.08078585656704211], "min": [-0.11037961300525473, -0.1358709488658949, -0.08371819945394933], "raw_data_size": "30"}}