{"user_6_1037": {"weights": [1.0], "gauss": [-0.33022239133954334, 0.00101655333120229, 0.5], "max": [-0.32760392348041223], "min": [-0.33284085919867445], "raw_data_size": "9993"}}