{"user_1_1662": {"weights": [0.0333333065, 0.0333333333, 0.1002642617, 0.2646446076, 0.568424491], "gauss": [0.0443437919, 1e-06, 0.0166666532, 0.021234123, 1e-06, 0.0166666667, 0.134598044, 0.0001118382, 0.0501321308, 0.0675233996, 1.79818e-05, 0.1323223038, 0.0933880554, 5.56673e-05, 0.2842122455], "max": [0.0443463677, 0.0212366989, 0.1348861201, 0.0675697177, 0.093531445], "min": [0.0443412161, 0.0212315472, 0.1343099679, 0.0674770814, 0.0932446659], "raw_data_size": "30"}, "user_3_1662": {"weights": [0.0856499832, 0.2653931374, 0.2853509422, 0.3636059372], "gauss": [0.0406063687, 1.28588e-05, 0.0428249916, 0.0851511674, 2.12833e-05, 0.1326965687, 0.0658970107, 3.00817e-05, 0.1426754711, 0.1051570669, 0.00012046, 0.1818029686], "max": [0.0406394908, 0.0852059895, 0.065974496, 0.1054673512], "min": [0.0405732465, 0.0850963454, 0.0658195255, 0.1048467825], "raw_data_size": "70"}, "user_2_1662": {"weights": [0.0929421024, 0.3968972303, 0.5101606673], "gauss": [0.1276448374, 0.0001190945, 0.0464710512, 0.0617219095, 0.0005581147, 0.1984486152, 0.0940220925, 6.33082e-05, 0.2550803336], "max": [0.1279516044, 0.0631595176, 0.0941851636], "min": [0.1273380704, 0.0602843014, 0.0938590214], "raw_data_size": "57"}}