{"user_5_2": {"weights": 1, "gauss": [0.2783367335714318, 0.0031757924221511987, 0.5], "max": [0.2865170327543974], "min": [0.2701564343884662], "raw_data_size": "9994"}}