{"user_3_3820": {"weights": [0.11066619707902632, 0.19833327548632385, 0.3053843434487374, 0.38561618398591246], "gauss": [0.3115797213313328, 0.0004727733048393014, 0.05533309853951316, 0.2069130665132803, 0.00015748204135458587, 0.09916663774316192, 0.2621484165735122, 9.501604608416658e-05, 0.1526921717243687, 0.23394110975355956, 6.729630450341595e-05, 0.19280809199295623], "max": [0.31279750466387357, 0.20731871337018415, 0.26239316168932314, 0.23411445354672], "min": [0.3103619379987921, 0.20650741965637648, 0.2619036714577012, 0.2337677659603991], "raw_data_size": "70"}}