{"user_1_3186": {"weights": [1.0], "gauss": [0.1361707658, 0.0034907918, 0.5], "max": [0.1451624496], "min": [0.127179082], "raw_data_size": "9995"}, "user_6_3186": {"weights": [1.0], "gauss": [0.1356912273, 0.0034481969, 0.5], "max": [0.1445731939], "min": [0.1268092606], "raw_data_size": "9993"}, "user_5_3186": {"weights": [1.0], "gauss": [0.1354931016, 0.0033923636, 0.5], "max": [0.1442312511], "min": [0.1267549521], "raw_data_size": "9994"}, "user_2_3186": {"weights": [1.0], "gauss": [0.1338201974, 0.0035423237, 0.5], "max": [0.1429446187], "min": [0.1246957762], "raw_data_size": "9991"}, "user_4_3186": {"weights": [1.0], "gauss": [0.1348439738, 0.0035227423, 0.5], "max": [0.1439179568], "min": [0.1257699909], "raw_data_size": "9996"}, "user_3_3186": {"weights": [1.0], "gauss": [0.1352032543, 0.0034727767, 0.5], "max": [0.1441485343], "min": [0.1262579743], "raw_data_size": "9991"}}