{"user_3_2459": {"weights": [0.14344954071047605, 0.20603102525713174, 0.27282671754375915, 0.3776927164886331], "gauss": [-0.041584752846229665, 0.0001587170883324936, 0.07172477035523803, 0.03999887532946611, 9.779859743533183e-05, 0.10301551262856587, -0.006926788477446311, 8.965080626435222e-05, 0.13641335877187957, 0.013912102801247616, 5.2469251861474576e-05, 0.18884635824431656], "max": [-0.04117592471912887, 0.04025078782258602, -0.006695863303583807, 0.01404725463772769], "min": [-0.04199358097333046, 0.0397469628363462, -0.0071577136513088155, 0.013776950964767542], "raw_data_size": "70"}}