{"user_3_864": {"weights": [0.014285209294563206, 0.16295926527926843, 0.16870614185613575, 0.23530488925242374, 0.4187444943176088], "gauss": [-0.12469249218702282, 1.000000000031225e-06, 0.007142604647281603, 0.005097815392535716, 0.00012473138900482355, 0.08147963263963422, -0.019125315532344717, 4.5193343137263164e-05, 0.08435307092806787, -0.07623954002966424, 0.00011148732702981841, 0.11765244462621187, -0.050741002785629166, 9.167299429235719e-05, 0.2093722471588044], "max": [-0.12468991635771919, 0.005419102159406697, -0.019008905194766414, -0.0759523677057265, -0.05050486880058684], "min": [-0.12469506801632645, 0.004776528625664735, -0.01924172586992302, -0.07652671235360198, -0.05097713677067149], "raw_data_size": "70"}}