{"user_1_1196": {"weights": 1, "gauss": [-0.13786532702844959, 0.0029322852952527933, 0.5], "max": [-0.1303122606385719], "min": [-0.14541839341832727], "raw_data_size": "9995"}}