{"user_6_1070": {"weights": [1.0], "gauss": [-0.03839650164845319, 0.0009084178030250692, 0.5], "max": [-0.036056572451555705], "min": [-0.04073643084535068], "raw_data_size": "9993"}}