{"user_2_2160": {"weights": [1.0], "gauss": [0.1646743765, 0.0022185961, 0.5], "max": [0.1703891014], "min": [0.1589596516], "raw_data_size": "9991"}, "user_6_2160": {"weights": [1.0], "gauss": [0.1647518447, 0.002231796, 0.5], "max": [0.1705005702], "min": [0.1590031192], "raw_data_size": "9993"}, "user_1_2160": {"weights": [1.0], "gauss": [0.1647438113, 0.0023569512, 0.5], "max": [0.1708149152], "min": [0.1586727074], "raw_data_size": "9995"}, "user_5_2160": {"weights": [1.0], "gauss": [0.1644456691, 0.0022196581, 0.5], "max": [0.1701631294], "min": [0.1587282087], "raw_data_size": "9994"}, "user_3_2160": {"weights": [1.0], "gauss": [0.1645908635, 0.0022340675, 0.5], "max": [0.17034544], "min": [0.1588362869], "raw_data_size": "9991"}, "user_4_2160": {"weights": [1.0], "gauss": [0.1640124576, 0.0022474649, 0.5], "max": [0.1698015436], "min": [0.1582233717], "raw_data_size": "9996"}}