{"user_4_1120": {"weights": 1, "gauss": [-0.551218110355294, 0.0014286256107637607, 0.5], "max": [-0.5475382146432882], "min": [-0.5548980060672998], "raw_data_size": "9996"}}