{"user_2_1555": {"weights": [1.0], "gauss": [-0.07154521134586343, 0.0013306800710287164, 0.5], "max": [-0.06811760662525913], "min": [-0.07497281606646773], "raw_data_size": "9991"}}