{"user_5_305": {"weights": [1.0], "gauss": [-0.15914482430926224, 0.008268136799023324, 0.5], "max": [-0.13784751525658695], "min": [-0.18044213336193754], "raw_data_size": "9994"}}