{"user_1_1012": {"weights": [0.4967302438117709, 0.5032697561882291], "gauss": [0.1251795458995741, 0.0002734682022359343, 0.24836512190588544, 0.09214888349569178, 0.00014801615251152058, 0.25163487809411456], "max": [0.12588395330848226, 0.09253014783872952], "min": [0.12447513849066595, 0.09176761915265404], "raw_data_size": "30"}}