{"user_5_1187": {"weights": 1, "gauss": [-0.059375654, 0.0009818408, 0.5], "max": [-0.0568465997], "min": [-0.0619047083], "raw_data_size": "9994"}, "user_4_1187": {"weights": 1, "gauss": [-0.0603283983, 0.0009820083, 0.5], "max": [-0.0577989124], "min": [-0.0628578841], "raw_data_size": "9996"}, "user_3_1187": {"weights": 1, "gauss": [-0.0599252568, 0.0009877996, 0.5], "max": [-0.0573808536], "min": [-0.06246966], "raw_data_size": "9991"}, "user_6_1187": {"weights": 1, "gauss": [-0.0596525784, 0.0009999077, 0.5], "max": [-0.0570769869], "min": [-0.0622281699], "raw_data_size": "9993"}, "user_2_1187": {"weights": 1, "gauss": [-0.0599871081, 0.0009850441, 0.5], "max": [-0.0574498025], "min": [-0.0625244137], "raw_data_size": "9991"}, "user_1_1187": {"weights": 1, "gauss": [-0.0594410114, 0.0010033315, 0.5], "max": [-0.0568566007], "min": [-0.0620254222], "raw_data_size": "9995"}}