{"user_2_1157": {"weights": [1.0], "gauss": [-0.8086241489783876, 0.0015295329673431213, 0.5], "max": [-0.8046843331403611], "min": [-0.8125639648164141], "raw_data_size": "9991"}}