{"user_1_3135": {"weights": [0.0333317231, 0.2412425315, 0.3048740098, 0.4205517356], "gauss": [0.0475923568, 1e-06, 0.0166658615, 0.1066378147, 0.0001921715, 0.1206212657, 0.1965142235, 0.0003177473, 0.1524370049, 0.1379880691, 0.0001631638, 0.2102758678], "max": [0.0475949326, 0.1071328156, 0.1973326863, 0.1384083512], "min": [0.047589781, 0.1061428138, 0.1956957607, 0.1375677871], "raw_data_size": "30"}, "user_2_3135": {"weights": [0.1588188814, 0.4010241476, 0.4401569711], "gauss": [0.0897946292, 0.0005326514, 0.0794094407, 0.1902402124, 0.0003114844, 0.2005120738, 0.1363411084, 0.0002408762, 0.2200784855], "max": [0.0911666482, 0.191042543, 0.1369615643], "min": [0.0884226101, 0.1894378819, 0.1357206525], "raw_data_size": "57"}, "user_3_3135": {"weights": [0.1346714892, 0.3732053079, 0.4921232029], "gauss": [0.0747658931, 0.001125644, 0.0673357446, 0.1935513097, 0.0004614003, 0.1866026539, 0.1428279817, 0.0004575519, 0.2460616015], "max": [0.07766536, 0.194739798, 0.1440065574], "min": [0.0718664262, 0.1923628214, 0.1416494061], "raw_data_size": "70"}}