{"user_3_3055": {"weights": [0.12950191171769235, 6.369059876928134e-05, 0.04757343304287472, 0.16218817593537382, 1.3878032249707267e-05, 0.08062758060139699, 0.19575997024005845, 4.53038818826319e-05, 0.08654028925387025, 0.17347078907305327, 1.6905622424053357e-05, 0.10493742215703125, 0.14717833569018657, 4.377407868335733e-05, 0.18032127494482678], "gauss": [0.12950191171769235, 6.369059876928134e-05, 0.04757343304287472, 0.16218817593537382, 1.3878032249707267e-05, 0.08062758060139699, 0.19575997024005845, 4.53038818826319e-05, 0.08654028925387025, 0.17347078907305327, 1.6905622424053357e-05, 0.10493742215703125, 0.14717833569018657, 4.377407868335733e-05, 0.18032127494482678], "max": [0.12966596782836284, 0.1622239233775182, 0.19587666530657624, 0.1735143350706879, 0.147291090244795], "min": [0.12933785560702185, 0.16215242849322944, 0.19564327517354066, 0.17342724307541865, 0.14706558113557813], "raw_data_size": "70"}}