{"user_5_28": {"weights": 1, "gauss": [-0.5683706636, 0.0014320189, 0.5], "max": [-0.5646820274], "min": [-0.5720592998], "raw_data_size": "9994"}, "user_3_28": {"weights": 1, "gauss": [-0.5673951634, 0.0013958536, 0.5], "max": [-0.5637996827], "min": [-0.5709906441], "raw_data_size": "9991"}, "user_2_28": {"weights": 1, "gauss": [-0.5676339774, 0.0014194625, 0.5], "max": [-0.5639776842], "min": [-0.5712902706], "raw_data_size": "9991"}, "user_6_28": {"weights": 1, "gauss": [-0.5675099837, 0.0014241498, 0.5], "max": [-0.5638416168], "min": [-0.5711783506], "raw_data_size": "9993"}, "user_1_28": {"weights": 1, "gauss": [-0.5670823086, 0.0014541952, 0.5], "max": [-0.5633365501], "min": [-0.5708280671], "raw_data_size": "9995"}, "user_4_28": {"weights": 1, "gauss": [-0.5682188634, 0.0014228494, 0.5], "max": [-0.5645538463], "min": [-0.5718838805], "raw_data_size": "9996"}}