{"user_2_1506": {"weights": 1, "gauss": [0.06196967750253741, 0.0026483892409263853, 0.5], "max": [0.06879147611651922], "min": [0.055147878888555595], "raw_data_size": "9991"}}