{"user_2_2810": {"weights": [0.1233147203, 0.330705155, 0.5459801247], "gauss": [-0.274881107, 0.0007989604, 0.0616573602, -0.1762573434, 8.70474e-05, 0.1653525775, -0.2014227392, 0.0001224692, 0.2729900623], "max": [-0.2728231214, -0.1760331241, -0.2011072795], "min": [-0.2769390926, -0.1764815627, -0.201738199], "raw_data_size": "57"}, "user_3_2810": {"weights": [0.0441329641, 0.0921274381, 0.1872490261, 0.2623003243, 0.4141902474], "gauss": [-0.3142300313, 5.73564e-05, 0.022066482, -0.2768512456, 0.0002948757, 0.0460637191, -0.170654309, 0.0006062974, 0.0936245131, -0.1765879843, 9.87694e-05, 0.1311501621, -0.2119378673, 0.0002297991, 0.2070951237], "max": [-0.3140822909, -0.2760916962, -0.1690925904, -0.1763335712, -0.2113459441], "min": [-0.3143777717, -0.2776107951, -0.1722160277, -0.1768423975, -0.2125297904], "raw_data_size": "70"}, "user_1_2810": {"weights": [0.0661445466, 0.9338554534], "gauss": [-0.292191577, 8.85523e-05, 0.0330722733, -0.1940249566, 0.0006184986, 0.4669277267], "max": [-0.2919634813, -0.1924318098], "min": [-0.2924196727, -0.1956181034], "raw_data_size": "30"}}