{"user_6_1977": {"weights": 1, "gauss": [-0.3583716051518702, 0.0009957914345810049, 0.5], "max": [-0.3558066163944535], "min": [-0.36093659390928695], "raw_data_size": "9993"}}