{"user_3_1977": {"weights": [1.0], "gauss": [-0.35817594862911345, 0.0010094591929894192, 0.5], "max": [-0.3555757540590745], "min": [-0.3607761431991524], "raw_data_size": "9991"}}