{"user_2_502": {"weights": [0.1089211988, 0.1501082457, 0.2983804157, 0.4425901399], "gauss": [0.1691081659, 0.0001860209, 0.0544605994, 0.2056439319, 3.18445e-05, 0.0750541228, 0.2504283844, 0.0006081964, 0.1491902078, 0.2351805829, 0.0001722178, 0.2212950699], "max": [0.1695873239, 0.2057259579, 0.2519949946, 0.2356241866], "min": [0.168629008, 0.2055619059, 0.2488617743, 0.2347369791], "raw_data_size": "57"}, "user_3_502": {"weights": [0.1030468883, 0.1839866775, 0.2170610325, 0.226247999, 0.2696574027], "gauss": [0.1650761653, 0.0005204064, 0.0515234442, 0.2251978594, 6.28894e-05, 0.0919933388, 0.2514827758, 4.94109e-05, 0.1085305162, 0.2829991434, 0.0001972251, 0.1131239995, 0.1923333164, 0.0001964667, 0.1348287013], "max": [0.1664166434, 0.2253598519, 0.2516100499, 0.2835071617, 0.1928393811], "min": [0.1637356873, 0.2250358669, 0.2513555016, 0.2824911251, 0.1918272517], "raw_data_size": "70"}, "user_1_502": {"weights": [0.2707979346, 1.48841e-05, 0.0498763483, 0.1703058891, 6.92418e-05, 0.0500676399, 0.2299031102, 5.37481e-05, 0.1241937627, 0.2502712695, 1.86016e-05, 0.1295950798, 0.2083107718, 3.01906e-05, 0.1462671693], "gauss": [0.2707979346, 1.48841e-05, 0.0498763483, 0.1703058891, 6.92418e-05, 0.0500676399, 0.2299031102, 5.37481e-05, 0.1241937627, 0.2502712695, 1.86016e-05, 0.1295950798, 0.2083107718, 3.01906e-05, 0.1462671693], "max": [0.2708362734, 0.1704842441, 0.2300415563, 0.2503191841, 0.2083885376], "min": [0.2707595958, 0.1701275341, 0.2297646642, 0.2502233549, 0.2082330061], "raw_data_size": "30"}}