{"user_2_2011": {"weights": 1, "gauss": [-0.312229575155553, 0.001247328337056221, 0.5], "max": [-0.3090166702738167], "min": [-0.3154424800372893], "raw_data_size": "9991"}}