{"user_6_2011": {"weights": [1.0], "gauss": [-0.31142971693902644, 0.0012686404604271135, 0.5], "max": [-0.30816191566539053], "min": [-0.31469751821266234], "raw_data_size": "9993"}}