{"user_1_1066": {"weights": [0.2002511520838353, 0.3711494334154447, 0.4285994145007199], "gauss": [-0.06392758950402017, 2.8280260869984655e-05, 0.10012557604191764, -0.03845158530617208, 3.5055095185794206e-05, 0.18557471670772235, -0.00693537817671032, 0.00014106146726576555, 0.21429970725035996], "max": [-0.06385474437935926, -0.03836128936475381, -0.006572027915725557], "min": [-0.06400043462868107, -0.038541881247590344, -0.007298728437695082], "raw_data_size": "30"}}