{"user_3_1130": {"weights": 1, "gauss": [0.10116536441432754, 0.0006523087845899622, 0.5], "max": [0.10284560049663673], "min": [0.09948512833201835], "raw_data_size": "9991"}}