{"user_2_903": {"weights": [0.18662453824429556, 0.2341130636001528, 0.2500066220448441, 0.32925577611070755], "gauss": [0.15750996606132361, 0.00013309917583540537, 0.09331226912214778, 0.08969740263350973, 0.00014956041143666149, 0.1170565318000764, 0.13197566344306988, 1.568100449218343e-05, 0.12500331102242204, 0.11272887765258541, 6.452122500751303e-05, 0.16462788805535378], "max": [0.15785280681871866, 0.0900826447239391, 0.13201605503394992, 0.11289507331466063], "min": [0.15716712530392857, 0.08931216054308035, 0.13193527185218984, 0.11256268199051019], "raw_data_size": "57"}}