{"user_6_3464": {"weights": 1, "gauss": [0.09837387554951933, 0.0015916878375839955, 0.5], "max": [0.10247379172367058], "min": [0.09427395937536809], "raw_data_size": "9993"}}