{"user_6_3984": {"weights": 1, "gauss": [-0.19587310349552514, 0.0041303291395249206, 0.5], "max": [-0.18523408066463493], "min": [-0.20651212632641536], "raw_data_size": "9993"}}