{"user_5_562": {"weights": 1, "gauss": [-0.4689039292969508, 0.0014937079904693551, 0.5], "max": [-0.4650563924841547], "min": [-0.4727514661097469], "raw_data_size": "9994"}}