{"user_2_2571": {"weights": [0.0936812097, 0.9063187903], "gauss": [0.1012025086, 0.000226812, 0.0468406049, 0.1678992276, 0.0004415283, 0.4531593951], "max": [0.1017867375, 0.1690365291], "min": [0.1006182797, 0.1667619261], "raw_data_size": "57"}, "user_3_2571": {"weights": [0.0655411622, 0.1895059066, 0.3427391861, 0.4022137451], "gauss": [0.2236095697, 8.18947e-05, 0.0327705811, 0.1883550601, 9.84862e-05, 0.0947529533, 0.1660234827, 0.0001925617, 0.1713695931, 0.1323874295, 0.0004241144, 0.2011068726], "max": [0.2238205165, 0.1886087438, 0.1665194889, 0.1334798759], "min": [0.2233986229, 0.1881013765, 0.1655274765, 0.1312949831], "raw_data_size": "70"}, "user_1_2571": {"weights": [0.0667744506, 0.2090624931, 0.2584493105, 0.4657137458], "gauss": [0.0870671963, 0.0001552571, 0.0333872253, 0.1968647977, 0.0002070119, 0.1045312466, 0.1745432204, 6.00844e-05, 0.1292246552, 0.1545370252, 9.68905e-05, 0.2328568729], "max": [0.0874671121, 0.197398025, 0.1746979875, 0.1547865987], "min": [0.0866672804, 0.1963315704, 0.1743884533, 0.1542874517], "raw_data_size": "30"}}