{"user_3_2242": {"weights": [-0.4571468234062184, 1.0000000004440892e-06, 0.007124614543664828, -0.5998939334360425, 2.6758817288168424e-05, 0.07696277359098877, -0.5069936908585926, 0.00020748511445897632, 0.10343231805576329, -0.5766354577523662, 5.579413573172831e-05, 0.11019594145368518, -0.5436105747347384, 0.00015058105507040242, 0.20228435235589795], "gauss": [-0.4571468234062184, 1.0000000004440892e-06, 0.007124614543664828, -0.5998939334360425, 2.6758817288168424e-05, 0.07696277359098877, -0.5069936908585926, 0.00020748511445897632, 0.10343231805576329, -0.5766354577523662, 5.579413573172831e-05, 0.11019594145368518, -0.5436105747347384, 0.00015058105507040242, 0.20228435235589795], "max": [-0.45714424757691374, -0.5998250072903433, -0.506459244620719, -0.5764917415825823, -0.5432227036405287], "min": [-0.4571493992355231, -0.5999628595817417, -0.5075281370964662, -0.5767791739221502, -0.5439984458289481], "raw_data_size": "70"}}