{"user_2_2242": {"weights": [0.39417934749704686, 0.6058206525029531], "gauss": [-0.5638512558483946, 0.0004610095220370082, 0.19708967374852343, -0.5323191618426448, 0.0005213144552139994, 0.30291032625147657], "max": [-0.5626637740123166, -0.530976344792541], "min": [-0.5650387376844725, -0.5336619788927487], "raw_data_size": "57"}}