{"user_2_3274": {"weights": [1.0], "gauss": [0.151298087, 0.0006613991, 0.5], "max": [0.1530017383], "min": [0.1495944358], "raw_data_size": "9991"}, "user_3_3274": {"weights": [1.0], "gauss": [0.1517027322, 0.0006490687, 0.5], "max": [0.1533746224], "min": [0.1500308421], "raw_data_size": "9991"}, "user_1_3274": {"weights": [1.0], "gauss": [0.1519376054, 0.000650456, 0.5], "max": [0.1536130691], "min": [0.1502621418], "raw_data_size": "9995"}, "user_6_3274": {"weights": [1.0], "gauss": [0.1519975007, 0.0006446946, 0.5], "max": [0.153658124], "min": [0.1503368773], "raw_data_size": "9993"}, "user_4_3274": {"weights": [1.0], "gauss": [0.1514833431, 0.0006638912, 0.5], "max": [0.1531934134], "min": [0.1497732727], "raw_data_size": "9996"}, "user_5_3274": {"weights": [1.0], "gauss": [0.1516288425, 0.0006546486, 0.5], "max": [0.1533151056], "min": [0.1499425794], "raw_data_size": "9994"}}