{"user_1_2363": {"weights": [0.13249418472054744, 0.2188663094247542, 0.24014855553494144, 0.40849095031975685], "gauss": [-0.004685926544420034, 2.5686746510050737e-05, 0.06624709236027372, -0.05829183680163574, 0.0001181362793400835, 0.1094331547123771, -0.08784322435192887, 0.00018676798121440908, 0.12007427776747072, -0.03573435260381871, 4.48995368767616e-05, 0.20424547515987843], "max": [-0.004619761870046613, -0.05798753791149931, -0.08736214191295212, -0.03561869906101577], "min": [-0.0047520912187934555, -0.05859613569177216, -0.08832430679090562, -0.03585000614662164], "raw_data_size": "30"}}