{"user_4_3619": {"weights": [1.0], "gauss": [0.24198615266948129, 0.002930798388225387, 0.5], "max": [0.24953538904066613], "min": [0.23443691629829644], "raw_data_size": "9996"}}