{"user_2_3619": {"weights": [1.0], "gauss": [0.24154085867922578, 0.0030027403955869758, 0.5], "max": [0.24927540538112875], "min": [0.23380631197732282], "raw_data_size": "9991"}}