{"user_3_3619": {"weights": 1, "gauss": [0.24170925979773086, 0.003129695636861384, 0.5], "max": [0.24977082153034755], "min": [0.23364769806511418], "raw_data_size": "9991"}}