{"user_2_1207": {"weights": [0.18741204827300076, 0.333877272119189, 0.4787106796078103], "gauss": [0.1730207722556377, 0.0002785473586932344, 0.09370602413650038, 0.26357507216278475, 0.0005433506967594388, 0.1669386360595945, 0.22165829476494664, 0.0001351130453761316, 0.23935533980390514], "max": [0.17373826270458587, 0.2649746508096014, 0.2220063229065182], "min": [0.17230328180668952, 0.2621754935159681, 0.22131026662337508], "raw_data_size": "57"}}