{"user_1_2079": {"weights": [0.45663782733419755, 0.5433621726658023], "gauss": [0.15453877823381387, 0.0008117114650331912, 0.22831891366709878, 0.10249541840722766, 0.0007087946459169912, 0.27168108633290117], "max": [0.15662960841147297, 0.10432115242637921], "min": [0.15244794805615478, 0.10066968438807611], "raw_data_size": "30"}}