{"user_2_1852": {"weights": 1, "gauss": [-0.26303307659429614, 0.0010370990205359882, 0.5], "max": [-0.2603616865465177], "min": [-0.2657044666420746], "raw_data_size": "9991"}}