{"user_2_701": {"weights": [0.3904609003, 0.6095390997], "gauss": [-0.2760084446, 0.0006497669, 0.1952304501, -0.2251028349, 0.0006439764, 0.3047695499], "max": [-0.274334756, -0.2234440617], "min": [-0.2776821332, -0.2267616081], "raw_data_size": "57"}, "user_3_701": {"weights": [0.1454443144, 0.1817920465, 0.2110541897, 0.2162986378, 0.2454108116], "gauss": [-0.2207811768, 3.6781e-06, 0.0727221572, -0.1947399288, 0.0001609137, 0.0908960232, -0.2370491484, 3.21416e-05, 0.1055270949, -0.2943822161, 0.0001022045, 0.1081493189, -0.2661317242, 5.46322e-05, 0.1227054058], "max": [-0.2207717025, -0.1943254425, -0.2369663572, -0.2941189547, -0.2659910009], "min": [-0.220790651, -0.1951544151, -0.2371319397, -0.2946454776, -0.2662724475], "raw_data_size": "70"}, "user_1_701": {"weights": [0.1325279993, 0.1567769995, 0.1830574839, 0.2072259, 0.3204116173], "gauss": [-0.1874619255, 9.12192e-05, 0.0662639997, -0.2681821492, 1.62402e-05, 0.0783884998, -0.215887712, 4.91219e-05, 0.0915287419, -0.2961472954, 0.0001145603, 0.10361295, -0.2418195197, 6.58575e-05, 0.1602058087], "max": [-0.1872269603, -0.2681403172, -0.2157611823, -0.2958522078, -0.241649882], "min": [-0.1876968907, -0.2682239812, -0.2160142416, -0.2964423831, -0.2419891574], "raw_data_size": "30"}}