{"user_4_2825": {"weights": [1.0], "gauss": [-0.17426756946944805, 0.0018803659408338977, 0.5], "max": [-0.1694240677776528], "min": [-0.1791110711612433], "raw_data_size": "9996"}}