{"user_4_2947": {"weights": 1, "gauss": [-0.15585415610596284, 0.0014479286384184084, 0.5], "max": [-0.15212453908967705], "min": [-0.15958377312224864], "raw_data_size": "9996"}}