{"user_5_2662": {"weights": [1.0], "gauss": [-0.5549701118307984, 0.0022010290704461413, 0.5], "max": [-0.5493006366531802], "min": [-0.5606395870084165], "raw_data_size": "9994"}}