{"user_2_1136": {"weights": [0.14220958219863214, 0.22355281984374495, 0.28939390996175246, 0.3448436879958704], "gauss": [-0.11904082869436207, 2.5545006457512426e-05, 0.07110479109931607, -0.0776928867723788, 2.3064816516490297e-05, 0.11177640992187247, -0.09471110207003719, 4.376539883900365e-05, 0.14469695498087623, -0.14725577267702147, 0.00011695087251461272, 0.1724218439979352], "max": [-0.11897502911816946, -0.07763347574211465, -0.09459836987322617, -0.14695452719252272], "min": [-0.11910662827055468, -0.07775229780264295, -0.0948238342668482, -0.14755701816152023], "raw_data_size": "57"}}