{"user_3_1930": {"weights": [0.048179647321634655, 0.1331048244621956, 0.18087820192213303, 0.22998670619163006, 0.4078506201024065], "gauss": [-0.06098515441428612, 0.00029729636498746143, 0.024089823660817328, -0.18063566105528145, 0.000291972668249373, 0.0665524122310978, -0.09872724102681081, 0.0001201135017080177, 0.09043910096106651, -0.15004015197842419, 0.00014991411335109586, 0.11499335309581503, -0.12147157060751815, 9.339740058380151e-05, 0.20392531005120326], "max": [-0.060219369725512846, -0.17988358930056936, -0.09841784914935943, -0.14965399881223887, -0.1212309948462191], "min": [-0.06175093910305939, -0.18138773280999354, -0.09903663290426219, -0.1504263051446095, -0.12171214636881719], "raw_data_size": "70"}}