{"user_3_2364": {"weights": [0.09949863921340396, 0.2145812021798658, 0.23707017595741106, 0.4488499826493192], "gauss": [-0.06442137962957112, 0.00024672796137061275, 0.04974931960670198, 0.10444581233278251, 0.0006669606445696669, 0.1072906010899329, -0.001714985224020855, 0.00038394283742316886, 0.11853508797870553, 0.05534679801713784, 0.0002845125040251863, 0.2244249913246596], "max": [-0.06378585051666781, 0.10616378910537892, -0.0007260140124985453, 0.05607965366223199], "min": [-0.06505690874247443, 0.1027278355601861, -0.002703956435543165, 0.05461394237204369], "raw_data_size": "70"}}