{"user_2_3993": {"weights": 1, "gauss": [0.09678459340613456, 0.001041007880494272, 0.5], "max": [0.09946605200993704], "min": [0.09410313480233208], "raw_data_size": "9991"}}