{"user_3_2347": {"weights": [0.0820382799, 0.4470190111, 0.470942709], "gauss": [0.2581093236, 2.9257e-06, 0.04101914, 0.3095629559, 0.0001521599, 0.2235095055, 0.2842388929, 0.0001026446, 0.2354713545], "max": [0.2581168597, 0.3099548939, 0.2845032878], "min": [0.2581017876, 0.309171018, 0.283974498], "raw_data_size": "70"}, "user_2_2347": {"weights": [0.054463609, 0.286394604, 0.3071121116, 0.3520296754], "gauss": [0.3407411958, 8.68632e-05, 0.0272318045, 0.2676061687, 9.9829e-05, 0.143197302, 0.2895366461, 4.3307e-05, 0.1535560558, 0.3079555964, 3.86027e-05, 0.1760148377], "max": [0.3409649406, 0.2678633111, 0.2896481976, 0.3080550303], "min": [0.3405174511, 0.2673490264, 0.2894250946, 0.3078561626], "raw_data_size": "57"}, "user_1_2347": {"weights": [0.1899898805, 0.3678307724, 0.4421793471], "gauss": [0.2702875139, 4.63875e-05, 0.0949949403, 0.3108894169, 0.0003232864, 0.1839153862, 0.2936634902, 0.0001411304, 0.2210896735], "max": [0.2704070002, 0.3117221476, 0.294027018], "min": [0.2701680276, 0.3100566862, 0.2932999623], "raw_data_size": "30"}}