{"user_3_1470": {"weights": 1, "gauss": [0.31138892804336255, 0.001611693499445731, 0.5], "max": [0.3155403753875741], "min": [0.30723748069915097], "raw_data_size": "9991"}}