{"user_4_1470": {"weights": 1, "gauss": [0.3116924644867667, 0.001619538734177402, 0.5], "max": [0.3158641198164933], "min": [0.30752080915704005], "raw_data_size": "9996"}}