{"user_1_1972": {"weights": [0.13808229800483995, 0.2217775163121759, 0.23345334142282553, 0.4066868442601586], "gauss": [0.5435735943088371, 6.535499698015379e-05, 0.06904114900241998, 0.5664683870728087, 2.3575569176674915e-05, 0.11088875815608795, 0.5856427904551335, 2.8586407010671277e-05, 0.11672667071141277, 0.6188306526771266, 0.0001182945671273351, 0.2033434221300793], "max": [0.543741937625192, 0.5665291137147418, 0.5857164241599947, 0.6191353592895837], "min": [0.5434052509924823, 0.5664076604308755, 0.5855691567502722, 0.6185259460646694], "raw_data_size": "30"}}