{"user_2_1054": {"weights": [0.05234157704686575, 0.1243189935673721, 0.3322727338281519, 0.49106669555761023], "gauss": [0.13198237771873333, 1.321557461332859e-05, 0.026170788523432874, 0.24721654430011752, 0.00042702431975114627, 0.06215949678368605, 0.17184713469953672, 0.00011657137385965338, 0.16613636691407596, 0.20805072480599512, 0.0001508332881579717, 0.24553334777880512], "max": [0.1320164187830856, 0.24831648605626055, 0.17214740266027936, 0.20843924560958307], "min": [0.13194833665438108, 0.2461166025439745, 0.17154686673879407, 0.20766220400240717], "raw_data_size": "57"}}