{"user_4_1149": {"weights": 1, "gauss": [0.09239134118352281, 0.0008701045219938881, 0.5], "max": [0.09463258190842508], "min": [0.09015010045862054], "raw_data_size": "9996"}}