{"user_6_1149": {"weights": 1, "gauss": [0.09232106995203193, 0.0009029344601128195, 0.5], "max": [0.09464687499357463], "min": [0.08999526491048923], "raw_data_size": "9993"}}