{"user_6_1235": {"weights": [1.0], "gauss": [0.24780178098279512, 0.0007079829511292189, 0.5], "max": [0.2496254242147268], "min": [0.24597813775086344], "raw_data_size": "9993"}}