{"user_4_1699": {"weights": [1.0], "gauss": [0.03495706900284, 0.0009821601913483006, 0.5], "max": [0.03748694600449415], "min": [0.03242719200118585], "raw_data_size": "9996"}}