{"user_5_2772": {"weights": 1, "gauss": [-0.18251247062703851, 0.0014985370995201977, 0.5], "max": [-0.1786524948536392], "min": [-0.18637244640043782], "raw_data_size": "9994"}}