{"user_4_1135": {"weights": 1, "gauss": [0.21842347225687048, 0.0006847832284260839, 0.5], "max": [0.2201873569632292], "min": [0.21665958755051176], "raw_data_size": "9996"}}