{"user_5_769": {"weights": [1.0], "gauss": [0.064135926, 0.0020744413, 0.5], "max": [0.0694793327], "min": [0.0587925192], "raw_data_size": "9994"}, "user_3_769": {"weights": [1.0], "gauss": [0.06442207, 0.0020368389, 0.5], "max": [0.0696686193], "min": [0.0591755208], "raw_data_size": "9991"}, "user_1_769": {"weights": [1.0], "gauss": [0.0647991908, 0.0021084395, 0.5], "max": [0.0702301711], "min": [0.0593682104], "raw_data_size": "9995"}, "user_2_769": {"weights": [1.0], "gauss": [0.0643979279, 0.0020388543, 0.5], "max": [0.0696496685], "min": [0.0591461873], "raw_data_size": "9991"}, "user_6_769": {"weights": [1.0], "gauss": [0.0638421874, 0.0020243001, 0.5], "max": [0.0690564389], "min": [0.058627936], "raw_data_size": "9993"}, "user_4_769": {"weights": [1.0], "gauss": [0.0640488076, 0.0020129631, 0.5], "max": [0.069233857], "min": [0.0588637582], "raw_data_size": "9996"}}