{"user_3_3662": {"weights": [-0.1747148338, 0.0002871134, 0.0229588605, -0.2367279228, 0.0004615889, 0.0496680018, -0.3217796051, 7.19496e-05, 0.0862107821, -0.2952518262, 6.18088e-05, 0.1530799413, -0.3601855526, 0.0003098087, 0.1880824144], "gauss": [-0.1747148338, 0.0002871134, 0.0229588605, -0.2367279228, 0.0004615889, 0.0496680018, -0.3217796051, 7.19496e-05, 0.0862107821, -0.2952518262, 6.18088e-05, 0.1530799413, -0.3601855526, 0.0003098087, 0.1880824144], "max": [-0.1739752787, -0.2355389485, -0.3215942752, -0.2950926172, -0.3593875383], "min": [-0.1754543888, -0.2379168971, -0.321964935, -0.2954110351, -0.3609835668], "raw_data_size": "70"}, "user_2_3662": {"weights": [0.1089228937, 0.2120867447, 0.2725263596, 0.4064640021], "gauss": [-0.2898655738, 1.92187e-05, 0.0544614468, -0.3606627901, 0.0001100775, 0.1060433723, -0.2581903265, 0.0001371359, 0.1362631798, -0.3181296598, 7.85229e-05, 0.203232001], "max": [-0.2898160697, -0.3603792492, -0.2578370879, -0.3179273982], "min": [-0.2899150778, -0.360946331, -0.2585435651, -0.3183319213], "raw_data_size": "57"}, "user_1_3662": {"weights": [0.1787082337, 0.3049380178, 0.5163537486], "gauss": [-0.3641626914, 0.0002058064, 0.0893541168, -0.2626372848, 0.000353366, 0.1524690089, -0.3175989219, 7.52781e-05, 0.2581768743], "max": [-0.3636325693, -0.2617270742, -0.3174050183], "min": [-0.3646928135, -0.2635474954, -0.3177928254], "raw_data_size": "30"}}