{"user_3_1492": {"weights": [0.268056912629422, 2.0376939281603323e-06, 0.01422979142599676, 0.30737248419722507, 0.00015020720204895932, 0.0668671756145784, 0.3995808572903043, 0.00022378788343660371, 0.1241314320950326, 0.33694101520539993, 9.434803487373588e-05, 0.13718979059359068, 0.36689436289496746, 0.00014922337124931195, 0.15758181027080145], "gauss": [0.268056912629422, 2.0376939281603323e-06, 0.01422979142599676, 0.30737248419722507, 0.00015020720204895932, 0.0668671756145784, 0.3995808572903043, 0.00022378788343660371, 0.1241314320950326, 0.33694101520539993, 9.434803487373588e-05, 0.13718979059359068, 0.36689436289496746, 0.00014922337124931195, 0.15758181027080145], "max": [0.2680621613811538, 0.3077593923098669, 0.40015729667823946, 0.33718403963835997, 0.3672787368274058], "min": [0.2680516638776902, 0.30698557608458327, 0.3990044179023691, 0.3366979907724399, 0.3665099889625291], "raw_data_size": "70"}}