{"user_4_2367": {"weights": [1.0], "gauss": [-0.27664407787976397, 0.0008685082932298045, 0.5], "max": [-0.2744069487676874], "min": [-0.27888120699184055], "raw_data_size": "9996"}}