{"user_1_1056": {"weights": [1.0], "gauss": [-0.17002847855784742, 0.0014484765166445843, 0.5], "max": [-0.16629745030077187], "min": [-0.17375950681492297], "raw_data_size": "9995"}}