{"user_1_2304": {"weights": [1.0], "gauss": [0.0375931989, 0.0029060876, 0.5], "max": [0.0450787844], "min": [0.0301076134], "raw_data_size": "9995"}, "user_2_2304": {"weights": [1.0], "gauss": [0.0371406188, 0.0028024883, 0.5], "max": [0.0443593503], "min": [0.0299218872], "raw_data_size": "9991"}, "user_6_2304": {"weights": [1.0], "gauss": [0.0379956702, 0.0027764791, 0.5], "max": [0.0451474065], "min": [0.030843934], "raw_data_size": "9993"}, "user_3_2304": {"weights": [1.0], "gauss": [0.0372435327, 0.0028290867, 0.5], "max": [0.0445307772], "min": [0.0299562883], "raw_data_size": "9991"}, "user_5_2304": {"weights": [1.0], "gauss": [0.0372310468, 0.0028266486, 0.5], "max": [0.044512011], "min": [0.0299500826], "raw_data_size": "9994"}, "user_4_2304": {"weights": [1.0], "gauss": [0.0369000701, 0.0029202326, 0.5], "max": [0.0444220909], "min": [0.0293780492], "raw_data_size": "9996"}}