{"user_5_1875": {"weights": [1.0], "gauss": [0.06218880566399379, 0.0016857257558317736, 0.5], "max": [0.06653094746361239], "min": [0.05784666386437519], "raw_data_size": "9994"}}