{"user_3_2842": {"weights": [0.0430058786, 0.0673037655, 0.1297317127, 0.2935966988, 0.4663619444], "gauss": [-0.7113394201, 5.21693e-05, 0.0215029393, -0.5980856787, 0.0003887991, 0.0336518827, -0.6829071586, 2.16602e-05, 0.0648658563, -0.6617890173, 5.39785e-05, 0.1467983494, -0.6316596772, 0.0001166291, 0.2331809722], "max": [-0.711205041, -0.5970841986, -0.6828513657, -0.6616499779, -0.6313592604], "min": [-0.7114737993, -0.5990871588, -0.6829629515, -0.6619280566, -0.631960094], "raw_data_size": "70"}, "user_1_2842": {"weights": [-0.7017796848, 7.7159e-06, 0.0494284957, -0.6785231211, 6.13217e-05, 0.0731593861, -0.6406142318, 6.286e-06, 0.0886854247, -0.6619049852, 2.41867e-05, 0.0928604009, -0.6268994587, 9.1329e-05, 0.1958662926], "gauss": [-0.7017796848, 7.7159e-06, 0.0494284957, -0.6785231211, 6.13217e-05, 0.0731593861, -0.6406142318, 6.286e-06, 0.0886854247, -0.6619049852, 2.41867e-05, 0.0928604009, -0.6268994587, 9.1329e-05, 0.1958662926], "max": [-0.70175981, -0.6783651668, -0.64059804, -0.6618426843, -0.6266642108], "min": [-0.7017995596, -0.6786810754, -0.6406304235, -0.6619672861, -0.6271347067], "raw_data_size": "30"}, "user_2_2842": {"weights": [0.0763655332, 0.0947732678, 0.256716818, 0.2624522095, 0.3096921715], "gauss": [-0.696933998, 7.64283e-05, 0.0381827666, -0.605792378, 7.72582e-05, 0.0473866339, -0.6677390728, 7.86566e-05, 0.128358409, -0.644265208, 3.61735e-05, 0.1312261048, -0.6255698635, 3.85039e-05, 0.1548460857], "max": [-0.6967371317, -0.6055933742, -0.667536467, -0.6441720312, -0.6254706842], "min": [-0.6971308642, -0.6059913819, -0.6679416787, -0.6443583847, -0.6256690429], "raw_data_size": "57"}}