{"user_6_3511": {"weights": 1, "gauss": [0.15670528428090677, 0.0014785310969173463, 0.5], "max": [0.16051372800655478], "min": [0.15289684055525876], "raw_data_size": "9993"}}