{"user_5_3511": {"weights": [1.0], "gauss": [0.15619755380479433, 0.0014957329128148188, 0.5], "max": [0.1600503064719053], "min": [0.15234480113768337], "raw_data_size": "9994"}}