{"user_5_3033": {"weights": 1, "gauss": [0.17492258781031222, 0.0005009043751120411, 0.5], "max": [0.17621283197800167], "min": [0.17363234364262278], "raw_data_size": "9994"}}