{
  "user_1_freq.csv": {
    "gauss": [
      [
        -0.5736204038048887,
        0.42239291634731974,
        0.13474853389222322,
        -4.309481176725129,
        0.3991561228055101,
        0.11047185554955885,
        2.2845425856135786,
        0.24909204642500868,
        0.09618569758237594,
        -2.51290223123843,
        0.24552838816679032,
        0.10107657061569844,
        0.9934100016045023,
        0.08698273549050792,
        0.057517342360143546
      ]
    ],
    "max": 3.2,
    "min": -5.6
  },
  "user_4_freq.csv": {
    "gauss": [
      [
        -2.214574724348689,
        0.16160291077402697,
        0.09333455293695747,
        0.9283110182303109,
        0.05657244098323541,
        0.050733481106959286,
        -0.4880811668578024,
        0.38610623321533794,
        0.14668570690644092,
        1.9284800315899229,
        0.14413330537008337,
        0.08692558077973483,
        -3.7950868797136015,
        0.3093261530624066,
        0.12232067826990756
      ]
    ],
    "max": 2.6,
    "min": -4.8
  },
  "user_3_freq.csv": {
    "gauss": [
      [
        1.5089999952754425,
        0.19691875736179906,
        0.1203627378180049,
        -1.5724804423859178,
        0.05052076361878019,
        0.059952171590938325,
        -3.316361059696729,
        0.19044504768763457,
        0.10671427263861856,
        -0.22689637206909669,
        0.329007519849249,
        0.1584945768997922,
        -2.2928932528150656,
        0.04012987782934005,
        0.05447624105264601
      ]
    ],
    "max": 2.3,
    "min": -4.2
  },
  "user_2_freq.csv": {
    "gauss": [
      [
        -1.9036701311717423,
        0.1159444210761896,
        0.08746440451691904,
        -0.2872015229433459,
        0.37431330291807907,
        0.16176106350472155,
        -3.2850462941718424,
        0.248966145529219,
        0.12124806779866774,
        1.6370102134777365,
        0.28822466864914215,
        0.12952646417969166
      ]
    ],
    "max": 2.7,
    "min": -4.2
  }
}