{
  "user_1": {
    "gauss": [
      [
        -2.5181598994523444,
        0.2437154726089704,
        0.1007597265108228,
        0.9886799951597597,
        0.08718016537980386,
        0.057642788153640684,
        -4.310944346704344,
        0.39819840686364466,
        0.11031429958046714,
        2.282778889400842,
        0.24993886023130849,
        0.0964028376047586,
        -0.5801922304474879,
        0.4229804814179859,
        0.1348803481503108
      ]
    ],
    "max": 3.2,
    "min": -5.6
  },
  "user_4": {
    "gauss": [
      [
        -2.2335973545673298,
        0.1593384500904572,
        0.09281051354264425,
        0.942573963846093,
        0.061134912170712624,
        0.052816653663401984,
        -0.49994224795501924,
        0.39309159021285556,
        0.14813066342158407,
        -3.80291051206733,
        0.30470909576343425,
        0.12127805881160729,
        1.942070806806598,
        0.13911045508379857,
        0.08496411056076253
      ]
    ],
    "max": 2.6,
    "min": -4.8
  },
  "user_3": {
    "gauss": [
      [
        -0.269145512466589,
        0.3712956304289982,
        0.16841729923275822,
        -3.184879386468404,
        0.2502755636312422,
        0.1273384697584714,
        1.5184342581493298,
        0.19253400031211929,
        0.11880949007780686,
        -1.836926352296124,
        0.10056778417682363,
        0.08543474093096351
      ]
    ],
    "max": 2.3,
    "min": -4.2
  },
  "user_2": {
    "gauss": [
      [
        -0.28720152294334617,
        0.3743133029180788,
        0.1617610635047215,
        -3.2850462941718424,
        0.24896614552921723,
        0.12124806779866773,
        -1.9036701311717412,
        0.11594442107619093,
        0.08746440451691903,
        1.6370102134777358,
        0.2882246686491426,
        0.12952646417969169
      ]
    ],
    "max": 2.7,
    "min": -4.2
  }
}