{"user_1_2763": {"weights": [0.06786301687698686, 0.37699087725644437, 0.5551461058665688], "gauss": [-0.28711851721448645, 0.0006708298225967514, 0.03393150843849343, -0.389708136637409, 0.0006363740404445585, 0.18849543862822218, -0.4552932357625725, 0.0009346161173805757, 0.2775730529332844], "max": [-0.2853905740997472, -0.3880689457360141, -0.4528858241798545], "min": [-0.2888464603292257, -0.3913473275388039, -0.45770064734529053], "raw_data_size": "30"}}