{"user_3_2922": {"weights": [0.2059333644792464, 0.3788933133013127, 0.4151733222194408], "gauss": [0.3793299577847082, 0.00017364652346488107, 0.1029666822396232, 0.4052176223308947, 4.0821054251321095e-05, 0.18944665665065635, 0.43873315900295495, 0.0001603675937406891, 0.2075866611097204], "max": [0.3797772415883084, 0.405322770398637, 0.43914623855025187], "min": [0.378882673981108, 0.4051124742631524, 0.43832007945565804], "raw_data_size": "70"}}