{"user_6_3257": {"weights": [1.0], "gauss": [-0.0345366232, 0.0012766312, 0.5], "max": [-0.0312482392], "min": [-0.0378250071], "raw_data_size": "9993"}, "user_4_3257": {"weights": [1.0], "gauss": [-0.0342893458, 0.001226204, 0.5], "max": [-0.0311308537], "min": [-0.0374478379], "raw_data_size": "9996"}, "user_3_3257": {"weights": [1.0], "gauss": [-0.0348200219, 0.0013118303, 0.5], "max": [-0.0314409709], "min": [-0.0381990729], "raw_data_size": "9991"}, "user_5_3257": {"weights": [1.0], "gauss": [-0.0345896341, 0.0012502897, 0.5], "max": [-0.0313691011], "min": [-0.037810167], "raw_data_size": "9994"}, "user_1_3257": {"weights": [1.0], "gauss": [-0.0350327868, 0.0012970906, 0.5], "max": [-0.0316917029], "min": [-0.0383738707], "raw_data_size": "9995"}, "user_2_3257": {"weights": [1.0], "gauss": [-0.0346760328, 0.0012513085, 0.5], "max": [-0.0314528757], "min": [-0.03789919], "raw_data_size": "9991"}}