{"user_6_1360": {"weights": 1, "gauss": [-0.6260487851592886, 0.001992294055632975, 0.5], "max": [-0.6209169757495029], "min": [-0.6311805945690744], "raw_data_size": "9993"}}