{"user_4_1735": {"weights": [1.0], "gauss": [-0.14824401076478683, 0.0017083396464979406, 0.5], "max": [-0.14384361944292307], "min": [-0.1526444020866506], "raw_data_size": "9996"}}