{"user_6_1735": {"weights": [1.0], "gauss": [-0.14842076902897222, 0.0016991417066053057, 0.5], "max": [-0.1440440700302162], "min": [-0.15279746802772826], "raw_data_size": "9993"}}