{"user_6_287": {"weights": 1, "gauss": [-0.07938737557708417, 0.0013447821291111765, 0.5], "max": [-0.07592344636203072], "min": [-0.08285130479213762], "raw_data_size": "9993"}}