{"user_3_2161": {"weights": 1, "gauss": [-0.0931615121352673, 0.001715631493546578, 0.5], "max": [-0.08874233826009865], "min": [-0.09758068601043594], "raw_data_size": "9991"}}