{"user_3_3051": {"weights": 1, "gauss": [0.5047183740500827, 0.001962815038139192, 0.5], "max": [0.509774250542768], "min": [0.4996624975573973], "raw_data_size": "9991"}}