{"user_1_2884": {"weights": [0.41819152903144363, 0.5818084709685564], "gauss": [-0.6675202000874484, 0.0005227680320535046, 0.20909576451572182, -0.7105609212160228, 0.0003385384800684556, 0.2909042354842782], "max": [-0.6661736388715264, -0.7096889038786836], "min": [-0.6688667613033704, -0.711432938553362], "raw_data_size": "30"}}