{"user_3_2807": {"weights": [0.15791103956439181, 0.1714768878209929, 0.30546473571574373, 0.3651473368988716], "gauss": [0.16892409703074315, 0.00010365837755367782, 0.07895551978219591, 0.26619609130425853, 0.0001769753956500909, 0.08573844391049645, 0.20533919562837535, 9.145382610901875e-05, 0.15273236785787186, 0.2353139852710395, 0.00017717508562488976, 0.1825736684494358], "max": [0.16919110331720424, 0.2666519497143812, 0.20557476507358863, 0.23577035804845087], "min": [0.16865709074428206, 0.26574023289413584, 0.20510362618316208, 0.23485761249362813], "raw_data_size": "70"}}