{"user_5_3457": {"weights": [1.0], "gauss": [0.13742373005854372, 0.0018688319041410297, 0.5], "max": [0.14223752204063728], "min": [0.13260993807645016], "raw_data_size": "9994"}}