{"user_5_486": {"weights": [1.0], "gauss": [-0.0252702678, 0.0027231304, 0.5], "max": [-0.0182559489], "min": [-0.0322845868], "raw_data_size": "9994"}, "user_3_486": {"weights": [1.0], "gauss": [-0.025715156, 0.0027631233, 0.5], "max": [-0.0185978221], "min": [-0.0328324898], "raw_data_size": "9991"}, "user_6_486": {"weights": [1.0], "gauss": [-0.0262886113, 0.0026863519, 0.5], "max": [-0.0193690274], "min": [-0.0332081951], "raw_data_size": "9993"}, "user_1_486": {"weights": [1.0], "gauss": [-0.0258020127, 0.002763666, 0.5], "max": [-0.018683281], "min": [-0.0329207445], "raw_data_size": "9995"}, "user_4_486": {"weights": [1.0], "gauss": [-0.0253232069, 0.0026666352, 0.5], "max": [-0.0184544097], "min": [-0.032192004], "raw_data_size": "9996"}, "user_2_486": {"weights": [1.0], "gauss": [-0.02585651, 0.0026981714, 0.5], "max": [-0.0189064811], "min": [-0.0328065389], "raw_data_size": "9991"}}