{"user_6_1385": {"weights": [1.0], "gauss": [0.380082803285824, 0.0017058264310427773, 0.5], "max": [0.38447672099367225], "min": [0.37568888557797575], "raw_data_size": "9993"}}