{"user_2_1509": {"weights": [0.16927972448732753, 0.24610747323173726, 0.2652934050720594, 0.31931939720887587], "gauss": [0.22233763330101444, 0.0004809276500837349, 0.08463986224366377, 0.25232698702136525, 3.349030583825363e-05, 0.12305373661586863, 0.27686764236248235, 0.0001355909140508944, 0.1326467025360297, 0.3064966213693295, 0.0005216934621048848, 0.15965969860443793], "max": [0.22357642083498705, 0.25241325233252826, 0.27721690141218963, 0.3078404146764891], "min": [0.22109884576704184, 0.25224072171020223, 0.27651838331277506, 0.30515282806216987], "raw_data_size": "57"}}