{"user_6_579": {"weights": [1.0], "gauss": [-0.35321633755318543, 0.0008503396708690454, 0.5], "max": [-0.3510260077109908], "min": [-0.35540666739538007], "raw_data_size": "9993"}}