{"user_1_1752": {"weights": [0.21579959963056672, 0.26149838079656545, 0.5227020195728679], "gauss": [0.1139221199920509, 0.0012881584315525211, 0.10789979981528336, 0.18907342774268113, 0.00017502744312109558, 0.13074919039828273, 0.154927869962687, 0.00019059328124909524, 0.26135100978643394], "max": [0.11724019622765748, 0.1895242685595977, 0.15541880572158798], "min": [0.11060404375644432, 0.18862258692576456, 0.15443693420378604], "raw_data_size": "30"}}