{"user_2_2759": {"weights": [0.08584388395960897, 0.08744566677022306, 0.317622359742065, 0.5090880895281029], "gauss": [0.29018479799401353, 0.0008544396934742478, 0.042921941979804486, 0.21055722372357374, 0.003229685865939378, 0.04372283338511153, 0.2582813264301669, 0.0002581493783671136, 0.1588111798710325, 0.2086607042225454, 0.00021832249690288585, 0.25454404476405146], "max": [0.2923856887945798, 0.2188763432183181, 0.2589462751636578, 0.2092230657076918], "min": [0.28798390719344724, 0.2022381042288294, 0.25761637769667595, 0.208098342737399], "raw_data_size": "57"}}