{"user_3_906": {"weights": [0.13274036, 0.1945295792, 0.2548336209, 0.4178964399], "gauss": [0.3156699201, 0.0001049059, 0.06637018, 0.3728602073, 0.0001098908, 0.0972647896, 0.4044113113, 0.0002540195, 0.1274168105, 0.345333351, 8.73203e-05, 0.2089482199], "max": [0.3159401399, 0.3731432674, 0.4050656222, 0.3455582733], "min": [0.3153997004, 0.3725771473, 0.4037570004, 0.3451084288], "raw_data_size": "70"}, "user_1_906": {"weights": [0.1374930055, 0.2865933008, 0.5759136937], "gauss": [0.4230566176, 0.0002139207, 0.0687465028, 0.370945087, 0.0001261853, 0.1432966504, 0.3428211713, 0.000188224, 0.2879568469], "max": [0.4236076409, 0.3712701188, 0.3433060043], "min": [0.4225055944, 0.3706200553, 0.3423363384], "raw_data_size": "30"}, "user_2_906": {"weights": [0.1197263088, 0.2796056667, 0.2995539323, 0.3011140922], "gauss": [0.4254001531, 0.0001426689, 0.0598631544, 0.3483631496, 4.3179e-05, 0.1398028334, 0.3276151522, 7.77272e-05, 0.1497769662, 0.3729739006, 0.0001151626, 0.1505570461], "max": [0.425767644, 0.3484743713, 0.3278153641, 0.3732705399], "min": [0.4250326623, 0.348251928, 0.3274149403, 0.3726772612], "raw_data_size": "57"}}