{"user_2_1721": {"weights": [1.0], "gauss": [-0.0522481362104486, 0.001541914945390234, 0.5], "max": [-0.04827642651053243], "min": [-0.05621984591036476], "raw_data_size": "9991"}}