{"user_4_836": {"weights": 1, "gauss": [0.12431037001465757, 0.002662690616092479, 0.5], "max": [0.13116900652987326], "min": [0.1174517334994419], "raw_data_size": "9996"}}