{"user_1_1072": {"weights": [1.0], "gauss": [-0.9789430044, 0.0007949386, 0.5], "max": [-0.9768953781], "min": [-0.9809906306], "raw_data_size": "9995"}, "user_4_1072": {"weights": [1.0], "gauss": [-0.9784173522, 0.0008010891, 0.5], "max": [-0.9763538835], "min": [-0.9804808209], "raw_data_size": "9996"}, "user_2_1072": {"weights": [1.0], "gauss": [-0.9784502705, 0.000790171, 0.5], "max": [-0.976414925], "min": [-0.980485616], "raw_data_size": "9991"}, "user_5_1072": {"weights": [1.0], "gauss": [-0.9788391989, 0.0008120814, 0.5], "max": [-0.9767474157], "min": [-0.980930982], "raw_data_size": "9994"}, "user_3_1072": {"weights": [1.0], "gauss": [-0.9785685308, 0.000806855, 0.5], "max": [-0.9764902102], "min": [-0.9806468515], "raw_data_size": "9991"}, "user_6_1072": {"weights": [1.0], "gauss": [-0.9779331043, 0.0008067431, 0.5], "max": [-0.9758550717], "min": [-0.9800111368], "raw_data_size": "9993"}}