{"user_4_1824": {"weights": 1, "gauss": [0.2851740870382743, 0.002556572282223667, 0.5], "max": [0.2917593808394669], "min": [0.2785887932370817], "raw_data_size": "9996"}}