{"user_5_1824": {"weights": [1.0], "gauss": [0.28577104047424373, 0.0025655857931747147, 0.5], "max": [0.2923795515410719], "min": [0.27916252940741554], "raw_data_size": "9994"}}