{"user_4_3103": {"weights": [1.0], "gauss": [-0.4834804246, 0.0008823952, 0.5], "max": [-0.4812075252], "min": [-0.485753324], "raw_data_size": "9996"}, "user_5_3103": {"weights": [1.0], "gauss": [-0.4837797182, 0.0009003021, 0.5], "max": [-0.4814606937], "min": [-0.4860987427], "raw_data_size": "9994"}, "user_1_3103": {"weights": [1.0], "gauss": [-0.4839584355, 0.0008831649, 0.5], "max": [-0.4816835534], "min": [-0.4862333176], "raw_data_size": "9995"}, "user_2_3103": {"weights": [1.0], "gauss": [-0.4839071764, 0.0009013986, 0.5], "max": [-0.4815853275], "min": [-0.4862290254], "raw_data_size": "9991"}, "user_3_3103": {"weights": [1.0], "gauss": [-0.4837210886, 0.000902808, 0.5], "max": [-0.4813956091], "min": [-0.486046568], "raw_data_size": "9991"}, "user_6_3103": {"weights": [1.0], "gauss": [-0.4834672549, 0.0008969557, 0.5], "max": [-0.4811568502], "min": [-0.4857776596], "raw_data_size": "9993"}}