{"user_2_2146": {"weights": [0.0175438547, 0.053260794, 0.1629307058, 0.190533317, 0.5757313285], "gauss": [-0.5828127861, 1e-06, 0.0087719274, -0.5192931406, 0.0001460549, 0.026630397, -0.4474466021, 0.0003140315, 0.0814653529, -0.4210037206, 0.0001913915, 0.0952666585, -0.3657697373, 0.0003240589, 0.2878656643], "max": [-0.5828102103, -0.518916928, -0.4466377106, -0.4205107287, -0.364935017], "min": [-0.5828153619, -0.5196693532, -0.4482554936, -0.4214967125, -0.3666044576], "raw_data_size": "57"}, "user_1_2146": {"weights": [0.0999999432, 0.1428746775, 0.2911996416, 0.4659257377], "gauss": [-0.5198476395, 0.0001259877, 0.0499999716, -0.4046253549, 0.0002360332, 0.0714373387, -0.4308188705, 0.000185554, 0.1455998208, -0.3674895877, 0.0002131208, 0.2329628688], "max": [-0.5195231166, -0.4040173738, -0.430340915, -0.366940625], "min": [-0.5201721624, -0.4052333361, -0.4312968259, -0.3680385504], "raw_data_size": "30"}, "user_3_2146": {"weights": [0.0719741781, 0.1049131682, 0.1071504439, 0.3293500019, 0.3866122079], "gauss": [-0.5517675279, 0.0003087778, 0.035987089, -0.4861153045, 0.0002192472, 0.0524565841, -0.4417990415, 6.03758e-05, 0.053575222, -0.387652481, 0.0002476668, 0.1646750009, -0.3649666445, 0.0004565587, 0.193306104], "max": [-0.5509721691, -0.4855505612, -0.4416435238, -0.3870145336, -0.3637906272], "min": [-0.5525628867, -0.4866800478, -0.4419545592, -0.3882904284, -0.3661426618], "raw_data_size": "70"}}