{"user_1_909": {"weights": [0.3204759072849675, 0.6795240927150324], "gauss": [-0.23718050560091067, 0.00036038863485755065, 0.16023795364248375, -0.2814384444277663, 0.00041218333041101354, 0.3397620463575162], "max": [-0.2362522059945786, -0.2803767305268592], "min": [-0.23810880520724273, -0.28250015832867337], "raw_data_size": "30"}}