{"user_2_610": {"weights": [1.0], "gauss": [0.1774876061, 0.0003028362, 0.5], "max": [0.1782676605], "min": [0.1767075518], "raw_data_size": "9991"}, "user_5_610": {"weights": [1.0], "gauss": [0.1775963071, 0.0002997295, 0.5], "max": [0.1783683592], "min": [0.176824255], "raw_data_size": "9994"}, "user_1_610": {"weights": [1.0], "gauss": [0.1776700297, 0.0003008113, 0.5], "max": [0.1784448681], "min": [0.1768951912], "raw_data_size": "9995"}, "user_4_610": {"weights": [1.0], "gauss": [0.17721682, 0.0003001759, 0.5], "max": [0.1779900218], "min": [0.1764436181], "raw_data_size": "9996"}, "user_6_610": {"weights": [1.0], "gauss": [0.1774591517, 0.0003048889, 0.5], "max": [0.1782444934], "min": [0.17667381], "raw_data_size": "9993"}, "user_3_610": {"weights": [1.0], "gauss": [0.1776633416, 0.000309983, 0.5], "max": [0.178461805], "min": [0.1768648783], "raw_data_size": "9991"}}