{"user_3_2793": {"weights": 1, "gauss": [0.5405627044128672, 0.0035827530157652434, 0.5], "max": [0.5497912646182536], "min": [0.5313341442074809], "raw_data_size": "9991"}}