{"user_3_1477": {"weights": [1.0], "gauss": [0.2918481039594995, 0.000914874401401435, 0.5], "max": [0.29420466425169606], "min": [0.28949154366730295], "raw_data_size": "9991"}}