{"user_6_294": {"weights": 1, "gauss": [0.1289660688, 0.001346811, 0.5], "max": [0.132435224], "min": [0.1254969137], "raw_data_size": "9993"}, "user_4_294": {"weights": 1, "gauss": [0.1285405403, 0.0013467454, 0.5], "max": [0.1320095265], "min": [0.1250715542], "raw_data_size": "9996"}, "user_1_294": {"weights": 1, "gauss": [0.1286895934, 0.0013717748, 0.5], "max": [0.1322230512], "min": [0.1251561356], "raw_data_size": "9995"}, "user_5_294": {"weights": 1, "gauss": [0.1294479571, 0.0013820299, 0.5], "max": [0.1330078303], "min": [0.1258880839], "raw_data_size": "9994"}, "user_3_294": {"weights": 1, "gauss": [0.1284873266, 0.0013760101, 0.5], "max": [0.1320316937], "min": [0.1249429596], "raw_data_size": "9991"}, "user_2_294": {"weights": 1, "gauss": [0.129349177, 0.0013804929, 0.5], "max": [0.1329050912], "min": [0.1257932628], "raw_data_size": "9991"}}