{"user_1_2151": {"weights": [1.0], "gauss": [0.051254099533021465, 0.004574376574143525, 0.5], "max": [0.06303691275816799], "min": [0.03947128630787494], "raw_data_size": "9995"}}