{"user_6_668": {"weights": 1, "gauss": [0.10675311670004814, 0.0005463560625204891, 0.5], "max": [0.10816043665606001], "min": [0.10534579674403627], "raw_data_size": "9993"}}