{"user_1_3510": {"weights": [1.0], "gauss": [-0.1688288819593948, 0.0004968974046747646, 0.5], "max": [-0.16754895906357614], "min": [-0.17010880485521346], "raw_data_size": "9995"}}