{"user_3_3208": {"weights": [0.10942310108362324, 0.420841183083455, 0.46973571583292184], "gauss": [-1.4770869151078614, 0.001400813252124904, 0.05471155054181162, -1.3624401076147818, 0.000596714692125382, 0.2104205915417275, -1.427073271088324, 0.0005255465045113918, 0.23486785791646092], "max": [-1.4734786592842384, -1.3609030724249471, -1.425719553001626], "min": [-1.4806951709314844, -1.3639771428046166, -1.428426989175022], "raw_data_size": "70"}}