{"user_1_2305": {"weights": [0.05753034495893685, 0.3652102672431897, 0.5772593877978734], "gauss": [0.16376830510720208, 0.0002388588254329378, 0.028765172479468425, 0.20307544226409377, 0.00017247668648004321, 0.18260513362159486, 0.2461121871903158, 0.00021018698605962293, 0.2886296938989367], "max": [0.1643835646691635, 0.20351971276730807, 0.2466535929882328], "min": [0.16315304554524065, 0.20263117176087947, 0.2455707813923988], "raw_data_size": "30"}}