{"user_1_2703": {"weights": [1.0], "gauss": [0.21009934410460296, 0.001007139947987615, 0.5], "max": [0.21269356469540418], "min": [0.20750512351380174], "raw_data_size": "9995"}}