{"user_3_2717": {"weights": [0.05723291640787988, 0.13636702210015228, 0.1608649309268842, 0.1989440740310253, 0.4465910565340583], "gauss": [0.38700042139490554, 8.622793246723559e-05, 0.02861645820393994, 0.2681644809783965, 0.00022393666900019548, 0.06818351105007614, 0.3475698525945583, 7.176796229445181e-05, 0.0804324654634421, 0.31506685311110566, 0.0001269851116589411, 0.09947203701551265, 0.29221951017862025, 0.00013604334589085898, 0.22329552826702914], "max": [0.38722252983013905, 0.26874130361254633, 0.3477547146148923, 0.3153939450828312, 0.2925699346155188], "min": [0.386778312959672, 0.2675876583442467, 0.3473849905742243, 0.3147397611393801, 0.2918690857417217], "raw_data_size": "70"}}