{"user_4_3970": {"weights": [1.0], "gauss": [-0.005116848205162673, 0.0015476431434799692, 0.5], "max": [-0.0011303836447504323], "min": [-0.009103312765574913], "raw_data_size": "9996"}}