{"user_4_3701": {"weights": 1, "gauss": [0.3594909785886695, 0.0008844201260937147, 0.5], "max": [0.3617690938661101], "min": [0.3572128633112289], "raw_data_size": "9996"}}