{"user_2_2361": {"weights": [0.0350073934, 0.1237553366, 0.1812158141, 0.2521377949, 0.4078836611], "gauss": [-0.1026229023, 9.97726e-05, 0.0175036967, -0.17521553, 3.309e-05, 0.0618776683, -0.2223424333, 3.28947e-05, 0.090607907, -0.1510283429, 0.0001128496, 0.1260688974, -0.1994338617, 4.87369e-05, 0.2039418305], "max": [-0.1023659052, -0.1751302959, -0.2222577023, -0.1507376615, -0.1993083236], "min": [-0.1028798994, -0.1753007641, -0.2224271643, -0.1513190242, -0.1995593997], "raw_data_size": "57"}, "user_1_2361": {"weights": [0.1562568184, 0.3888579075, 0.4548852741], "gauss": [-0.2199200389, 2.7537e-05, 0.0781284092, -0.1489297794, 0.0008652632, 0.1944289538, -0.1962394119, 3.94865e-05, 0.2274426371], "max": [-0.2198491081, -0.1467010091, -0.1961377014], "min": [-0.2199909696, -0.1511585498, -0.1963411225], "raw_data_size": "30"}, "user_3_2361": {"weights": [0.028271432, 0.205361318, 0.2319483642, 0.2609023207, 0.2735165651], "gauss": [-0.1160889379, 1.7794e-06, 0.014135716, -0.148754306, 0.0001106942, 0.102680659, -0.196967738, 4.40933e-05, 0.1159741821, -0.212627746, 7.47956e-05, 0.1304511603, -0.178405179, 0.0001188023, 0.1367582825], "max": [-0.1160843544, -0.1484691766, -0.1968541611, -0.2124350853, -0.1780991645], "min": [-0.1160935214, -0.1490394354, -0.1970813148, -0.2128204066, -0.1787111934], "raw_data_size": "70"}}