{"user_1_1404": {"weights": [0.46631759405136, 1.0000000004996003e-06, 0.01666666665363416, 0.5102389793643054, 4.790815842467444e-05, 0.05000322723688768, 0.5790383855236699, 6.1996996101033585e-06, 0.1097210244863937, 0.5675772062607981, 2.3414520689739704e-05, 0.15377563418671253, 0.5451660505592173, 2.3021968703489492e-05, 0.1698334474363719], "gauss": [0.46631759405136, 1.0000000004996003e-06, 0.01666666665363416, 0.5102389793643054, 4.790815842467444e-05, 0.05000322723688768, 0.5790383855236699, 6.1996996101033585e-06, 0.1097210244863937, 0.5675772062607981, 2.3414520689739704e-05, 0.15377563418671253, 0.5451660505592173, 2.3021968703489492e-05, 0.1698334474363719], "max": [0.4663201698806648, 0.5103623826026548, 0.5790543548915988, 0.5676375180693193, 0.5452253512208292], "min": [0.4663150182220551, 0.510115576125956, 0.579022416155741, 0.5675168944522769, 0.5451067498976054], "raw_data_size": "30"}}