{"user_4_426": {"weights": 1, "gauss": [-0.21671793117054444, 0.001690872430908082, 0.5], "max": [-0.21236253241444844], "min": [-0.22107332992664044], "raw_data_size": "9996"}}