{"user_3_3026": {"weights": [1.0], "gauss": [0.1782324459, 0.0006690607, 0.5], "max": [0.1799558321], "min": [0.1765090598], "raw_data_size": "9991"}, "user_1_3026": {"weights": [1.0], "gauss": [0.1782460695, 0.0006814152, 0.5], "max": [0.1800012787], "min": [0.1764908603], "raw_data_size": "9995"}, "user_4_3026": {"weights": [1.0], "gauss": [0.1779351464, 0.000672286, 0.5], "max": [0.1796668403], "min": [0.1762034525], "raw_data_size": "9996"}, "user_5_3026": {"weights": [1.0], "gauss": [0.1780642012, 0.0006761836, 0.5], "max": [0.1798059348], "min": [0.1763224676], "raw_data_size": "9994"}, "user_2_3026": {"weights": [1.0], "gauss": [0.1782287951, 0.0006602054, 0.5], "max": [0.1799293716], "min": [0.1765282186], "raw_data_size": "9991"}, "user_6_3026": {"weights": [1.0], "gauss": [0.1778222918, 0.0006659055, 0.5], "max": [0.1795375506], "min": [0.176107033], "raw_data_size": "9993"}}