{"user_3_691": {"weights": [1.0], "gauss": [0.03705566589297456, 0.0007958111710990766, 0.5], "max": [0.039105539627583126], "min": [0.03500579215836599], "raw_data_size": "9991"}}