{"user_5_528": {"weights": [1.0], "gauss": [0.046922976220864804, 0.0021107114488171904, 0.5], "max": [0.052359808622064276], "min": [0.04148614381966533], "raw_data_size": "9994"}}