{"user_5_1102": {"weights": 1, "gauss": [-0.3252835816, 0.0019263547, 0.5], "max": [-0.3203216208], "min": [-0.3302455424], "raw_data_size": "9994"}, "user_3_1102": {"weights": 1, "gauss": [-0.325021834, 0.001901611, 0.5], "max": [-0.3201236087], "min": [-0.3299200593], "raw_data_size": "9991"}, "user_4_1102": {"weights": 1, "gauss": [-0.3256220708, 0.001937942, 0.5], "max": [-0.3206302631], "min": [-0.3306138785], "raw_data_size": "9996"}, "user_6_1102": {"weights": 1, "gauss": [-0.3246722595, 0.0019220365, 0.5], "max": [-0.3197214215], "min": [-0.3296230975], "raw_data_size": "9993"}, "user_2_1102": {"weights": 1, "gauss": [-0.3255676876, 0.0019227467, 0.5], "max": [-0.3206150202], "min": [-0.330520355], "raw_data_size": "9991"}, "user_1_1102": {"weights": 1, "gauss": [-0.3245628676, 0.0019561334, 0.5], "max": [-0.3195242018], "min": [-0.3296015334], "raw_data_size": "9995"}}