{"user_5_910": {"weights": [1.0], "gauss": [0.0978796898, 0.0019889202, 0.5], "max": [0.1030028087], "min": [0.0927565709], "raw_data_size": "9994"}, "user_4_910": {"weights": [1.0], "gauss": [0.096876489, 0.0020248323, 0.5], "max": [0.1020921114], "min": [0.0916608666], "raw_data_size": "9996"}, "user_2_910": {"weights": [1.0], "gauss": [0.0964134009, 0.0020596504, 0.5], "max": [0.1017187087], "min": [0.091108093], "raw_data_size": "9991"}, "user_1_910": {"weights": [1.0], "gauss": [0.097129747, 0.0020064697, 0.5], "max": [0.1022980704], "min": [0.0919614237], "raw_data_size": "9995"}, "user_3_910": {"weights": [1.0], "gauss": [0.0971337874, 0.0021280866, 0.5], "max": [0.1026153752], "min": [0.0916521995], "raw_data_size": "9991"}, "user_6_910": {"weights": [1.0], "gauss": [0.0971770752, 0.0020520636, 0.5], "max": [0.1024628406], "min": [0.0918913097], "raw_data_size": "9993"}}