{"user_3_220": {"weights": [0.0760985064, 0.2192946936, 0.301295073, 0.403311727], "gauss": [0.7753797271, 9.06692e-05, 0.0380492532, 0.7497553386, 2.71585e-05, 0.1096473468, 0.7181069073, 7.73543e-05, 0.1506475365, 0.6979830118, 0.0002282935, 0.2016558635], "max": [0.7756132755, 0.7498252942, 0.7183061588, 0.6985710569], "min": [0.7751461786, 0.7496853829, 0.7179076558, 0.6973949666], "raw_data_size": "70"}, "user_1_220": {"weights": [0.1425130218, 0.8574869782], "gauss": [0.7480840731, 2.74279e-05, 0.0712565109, 0.7127712767, 0.0002005163, 0.4287434891], "max": [0.7481547227, 0.7132877725], "min": [0.7480134236, 0.7122547809], "raw_data_size": "30"}, "user_2_220": {"weights": [0.0175437625, 0.1816184333, 0.2148519984, 0.2763534224, 0.3096323834], "gauss": [0.6552168131, 1e-06, 0.0087718813, 0.7288666666, 1.98968e-05, 0.0908092166, 0.7457769326, 6.66187e-05, 0.1074259992, 0.6996342784, 7.86015e-05, 0.1381767112, 0.7170019618, 1.42518e-05, 0.1548161917], "max": [0.6552193889, 0.7289179174, 0.7459485309, 0.6998367426, 0.717038672], "min": [0.6552142373, 0.7288154159, 0.7456053343, 0.6994318143, 0.7169652515], "raw_data_size": "57"}}