{"user_1_1123": {"weights": [1.0], "gauss": [-1.5420734160553518, 0.0012813336714557466, 0.5], "max": [-1.538772919236792], "min": [-1.5453739128739115], "raw_data_size": "9995"}}