{"user_2_3094": {"weights": [1.0], "gauss": [0.1565014759, 0.0052658477, 0.5], "max": [0.1700654007], "min": [0.1429375512], "raw_data_size": "9991"}, "user_3_3094": {"weights": [1.0], "gauss": [0.1556679516, 0.0053991586, 0.5], "max": [0.1695752626], "min": [0.1417606407], "raw_data_size": "9991"}, "user_1_3094": {"weights": [1.0], "gauss": [0.1558995438, 0.0055618067, 0.5], "max": [0.1702258084], "min": [0.1415732791], "raw_data_size": "9995"}, "user_4_3094": {"weights": [1.0], "gauss": [0.1556739119, 0.0053671134, 0.5], "max": [0.1694986798], "min": [0.141849144], "raw_data_size": "9996"}, "user_5_3094": {"weights": [1.0], "gauss": [0.1553615293, 0.0052880773, 0.5], "max": [0.1689827137], "min": [0.1417403449], "raw_data_size": "9994"}, "user_6_3094": {"weights": [1.0], "gauss": [0.1558441937, 0.0052906541, 0.5], "max": [0.1694720156], "min": [0.1422163718], "raw_data_size": "9993"}}