{"user_6_1904": {"weights": 1, "gauss": [-0.06120096903497973, 0.0009394648150763159, 0.5], "max": [-0.05878106803465301], "min": [-0.06362087003530645], "raw_data_size": "9993"}}