{"user_6_2561": {"weights": 1, "gauss": [0.1557989882570824, 0.0034127751024228678, 0.5], "max": [0.16458971437232534], "min": [0.14700826214183949], "raw_data_size": "9993"}}