{"user_5_2561": {"weights": [1.0], "gauss": [0.15605376232639068, 0.0034241893385984967, 0.5], "max": [0.1648738895656524], "min": [0.14723363508712894], "raw_data_size": "9994"}}