{"user_5_2260": {"weights": 1, "gauss": [0.3003126193847974, 0.0014211742863429455, 0.5], "max": [0.30397332175700975], "min": [0.2966519170125851], "raw_data_size": "9994"}}