{"user_1_1952": {"weights": [0.2583165968822032, 0.0004819696269867797, 0.037805504193711675, 0.20497476688227578, 4.302251815516521e-06, 0.04902299971582387, 0.17683715851984186, 4.464795624637251e-06, 0.06629976470095747, 0.18552395340785208, 2.795412285517106e-06, 0.1336619491477413, 0.23477408014674123, 9.395360926971085e-05, 0.2132097822417657], "gauss": [0.2583165968822032, 0.0004819696269867797, 0.037805504193711675, 0.20497476688227578, 4.302251815516521e-06, 0.04902299971582387, 0.17683715851984186, 4.464795624637251e-06, 0.06629976470095747, 0.18552395340785208, 2.795412285517106e-06, 0.1336619491477413, 0.23477408014674123, 9.395360926971085e-05, 0.2132097822417657], "max": [0.2595580683708163, 0.20498584874857342, 0.17684865907124617, 0.18553115391273262, 0.23501608860667234], "min": [0.2570751253935901, 0.20496368501597814, 0.17682565796843755, 0.18551675290297154, 0.23453207168681012], "raw_data_size": "30"}}