{"user_1_1992": {"weights": [0.15930017080774928, 0.41305902013982926, 0.4276408090524215], "gauss": [0.2674681980524786, 0.0004970060108967629, 0.07965008540387464, 0.31467054296136243, 0.0005375576383063176, 0.20652951006991463, 0.36418265163064745, 0.0006351139832960474, 0.21382040452621076], "max": [0.26874840069938644, 0.3160551996784584, 0.3658185968399151], "min": [0.2661879954055708, 0.31328588624426645, 0.3625467064213798], "raw_data_size": "30"}}