{"user_1_150": {"weights": 1, "gauss": [0.06278476172999613, 0.0013994939604795168, 0.5], "max": [0.06638961928353897], "min": [0.05917990417645328], "raw_data_size": "9995"}}