{"user_5_181": {"weights": [1.0], "gauss": [0.03158558945464902, 0.001089675813962153, 0.5], "max": [0.03439240834762123], "min": [0.028778770561676804], "raw_data_size": "9994"}}