{"user_2_1223": {"weights": [0.06507297876304685, 0.2141988567076018, 0.3370246449693251, 0.3837035195600262], "gauss": [-0.5801048030958665, 0.0004686506745764919, 0.032536489381523426, -0.6912069277567867, 0.00048563777084245543, 0.1070994283538009, -0.6477653111507949, 0.00015669236031320876, 0.16851232248466255, -0.6082376368085216, 0.0001105394063204691, 0.1918517597800131], "max": [-0.5788976389551644, -0.6899560077557405, -0.6473616983774579, -0.6079529061665244], "min": [-0.5813119672365686, -0.6924578477578329, -0.648168923924132, -0.6085223674505188], "raw_data_size": "57"}}