{"user_3_2345": {"weights": [0.08545815095215413, 0.45384159660642814, 0.46070025244141777], "gauss": [0.20546440245248726, 0.00031017693508658586, 0.042729075476077065, 0.3722025489755774, 0.0009571836977784733, 0.22692079830321407, 0.31769755810230155, 0.0012009091775204417, 0.23035012622070888], "max": [0.20626336529116826, 0.3746680907931945, 0.3207908951526595], "min": [0.20466543961380626, 0.3697370071579603, 0.3146042210519436], "raw_data_size": "70"}}