{"user_5_166": {"weights": 1, "gauss": [0.796386157230378, 0.0019369259988963594, 0.5], "max": [0.8013753479771409], "min": [0.791396966483615], "raw_data_size": "9994"}}