{"user_2_1151": {"weights": [0.19850554657692354, 0.23324330328579024, 0.2603827402547263, 0.3078684098825599], "gauss": [0.2748287386372515, 0.00035245500185178316, 0.09925277328846177, 0.1829245376283868, 0.0002818404174980614, 0.11662165164289512, 0.2512782013554272, 0.00016176314856978968, 0.13019137012736315, 0.21782256752821688, 0.00019584490612834554, 0.15393420494127996], "max": [0.2757366025592037, 0.18365051043470276, 0.25169487561374765, 0.21832703057637307], "min": [0.2739208747152993, 0.18219856482207086, 0.2508615270971068, 0.2173181044800607], "raw_data_size": "57"}}