{"user_3_1151": {"weights": [0.29225956547511533, 8.368588701754176e-05, 0.03894046940457657, 0.16239091051268875, 0.0003210206751775674, 0.07761903398533918, 0.2736272783604307, 5.859793106160926e-05, 0.12266163245009852, 0.20791036132099813, 0.0001913039473815024, 0.12795894759986762, 0.2444914483773988, 0.00011869412447899113, 0.13281991656011818], "gauss": [0.29225956547511533, 8.368588701754176e-05, 0.03894046940457657, 0.16239091051268875, 0.0003210206751775674, 0.07761903398533918, 0.2736272783604307, 5.859793106160926e-05, 0.12266163245009852, 0.20791036132099813, 0.0001913039473815024, 0.12795894759986762, 0.2444914483773988, 0.00011869412447899113, 0.13281991656011818], "max": [0.2924751260351886, 0.1632178049748562, 0.27377821662838653, 0.208403127634548, 0.24479718418139088], "min": [0.29204400491504207, 0.16156401605052131, 0.2734763400924749, 0.20741759500744827, 0.24418571257340674], "raw_data_size": "70"}}