{"user_2_2762": {"weights": 1, "gauss": [0.4890755694339029, 0.000997707645529976, 0.5], "max": [0.4916454940236338], "min": [0.486505644844172], "raw_data_size": "9991"}}