{"user_6_2762": {"weights": 1, "gauss": [0.4897182197710288, 0.001026831578019637, 0.5], "max": [0.49236316263950114], "min": [0.4870732769025565], "raw_data_size": "9993"}}