{"user_2_2286": {"weights": [1.0], "gauss": [-0.7930901392, 0.0013419049, 0.5], "max": [-0.7896336211], "min": [-0.7965466572], "raw_data_size": "9991"}, "user_1_2286": {"weights": [1.0], "gauss": [-0.7927348843, 0.0013702549, 0.5], "max": [-0.7892053415], "min": [-0.7962644271], "raw_data_size": "9995"}, "user_4_2286": {"weights": [1.0], "gauss": [-0.7927697471, 0.0013591865, 0.5], "max": [-0.7892687147], "min": [-0.7962707796], "raw_data_size": "9996"}, "user_6_2286": {"weights": [1.0], "gauss": [-0.7927741247, 0.0013680953, 0.5], "max": [-0.7892501448], "min": [-0.7962981046], "raw_data_size": "9993"}, "user_3_2286": {"weights": [1.0], "gauss": [-0.7927256516, 0.0013638919, 0.5], "max": [-0.7892124989], "min": [-0.7962388043], "raw_data_size": "9991"}, "user_5_2286": {"weights": [1.0], "gauss": [-0.7927265396, 0.0013615399, 0.5], "max": [-0.7892194452], "min": [-0.7962336339], "raw_data_size": "9994"}}