{"user_3_2064": {"weights": [0.10084642413101823, 0.1435979427306614, 0.190141542798016, 0.20409686910744668, 0.3613172212328578], "gauss": [-0.446069623301514, 0.0014517306385556916, 0.050423212065509114, -0.338515955137664, 0.00028325157891388633, 0.0717989713653307, -0.4174727565114437, 0.0003921688967537519, 0.095070771399008, -0.3641562537448652, 4.2040087960741986e-05, 0.10204843455372334, -0.39544154381498725, 0.00013176174562720588, 0.1806586106164289], "max": [-0.4423302129818625, -0.33778634742042113, -0.41646259637524496, -0.36404796565437214, -0.39510214804951393], "min": [-0.44980903362116553, -0.3392455628549069, -0.4184829166476425, -0.3642645418353583, -0.39578093958046057], "raw_data_size": "70"}}