{"user_3_676": {"weights": [0.13671890163800665, 0.26057326759521593, 0.2885930417146878, 0.3141147890520896], "gauss": [0.2534077807136669, 7.33356729308705e-05, 0.06835945081900333, 0.18333790385515075, 0.00012138605424681547, 0.13028663379760796, 0.20699410856123213, 5.761550566481155e-05, 0.1442965208573439, 0.23052311422042518, 4.869337572576443e-05, 0.1570573945260448], "max": [0.25359668088899767, 0.18365057361072187, 0.20714251626906233, 0.23064854004450833], "min": [0.2532188805383361, 0.18302523409957963, 0.20684570085340193, 0.23039768839634203], "raw_data_size": "70"}}