{"user_1_1255": {"weights": [0.128309540270852, 0.33625820399091105, 0.5354322557382368], "gauss": [-0.22114003957690243, 4.530408337623842e-05, 0.064154770135426, -0.1943431822446863, 0.00010027037404804106, 0.16812910199545553, -0.1368704886282113, 0.0002459898146476455, 0.2677161278691184], "max": [-0.2210233439913715, -0.19408490287693556, -0.13623686085526734], "min": [-0.22125673516243335, -0.19460146161243705, -0.13750411640115526], "raw_data_size": "30"}}