{"user_5_1989": {"weights": [1.0], "gauss": [-0.21151467814015726, 0.000875425003070084, 0.5], "max": [-0.20925973276418994], "min": [-0.21376962351612458], "raw_data_size": "9994"}}