{"user_1_701": {"weights": [1.0], "gauss": [-0.24912517367302625, 0.001350143549533735, 0.5], "max": [-0.24564743435413974], "min": [-0.2526029129919128], "raw_data_size": "9995"}}