{"user_3_2688": {"weights": [0.07556064739086121, 0.10581158569367656, 0.21914998134598096, 0.29497840228112293, 0.30449938328835835], "gauss": [-0.031949209695219874, 0.0008600675195959414, 0.03778032369543061, 0.10732653142708541, 9.453422234355604e-05, 0.05290579284683828, 0.07370215747252001, 0.00010100879906663356, 0.10957499067299048, 0.04590170905096122, 0.00012206738324936744, 0.14748920114056147, 0.015080583944305495, 0.00014632627619547958, 0.15224969164417917], "max": [-0.02973382257521403, 0.10757003544718614, 0.07396233889707213, 0.046216133793742474, 0.015457495454409002], "min": [-0.03416459681522572, 0.10708302740698468, 0.0734419760479679, 0.045587284308179966, 0.014703672434201988], "raw_data_size": "70"}}