{"user_2_2688": {"weights": [0.2471473312022497, 0.2666003153969644, 0.4862523534007859], "gauss": [0.09089861664948251, 0.0003099547439737734, 0.12357366560112484, 0.008995761031236706, 0.0006111914564225379, 0.1333001576984822, 0.04503449603274276, 0.00021846608045747568, 0.24312617670039294], "max": [0.09169700716178415, 0.01057008589476861, 0.0455972273646166], "min": [0.09010022613718087, 0.0074214361677048014, 0.04447176470086892], "raw_data_size": "57"}}