{"user_4_3156": {"weights": [1.0], "gauss": [-0.4285789036, 0.0030875118, 0.5], "max": [-0.4206260001], "min": [-0.436531807], "raw_data_size": "9996"}, "user_2_3156": {"weights": [1.0], "gauss": [-0.4299274918, 0.0030692723, 0.5], "max": [-0.4220215703], "min": [-0.4378334134], "raw_data_size": "9991"}, "user_1_3156": {"weights": [1.0], "gauss": [-0.4287796077, 0.003109018, 0.5], "max": [-0.4207713079], "min": [-0.4367879074], "raw_data_size": "9995"}, "user_6_3156": {"weights": [1.0], "gauss": [-0.4281738796, 0.0030058763, 0.5], "max": [-0.4204312555], "min": [-0.4359165037], "raw_data_size": "9993"}, "user_3_3156": {"weights": [1.0], "gauss": [-0.4288245138, 0.0030147039, 0.5], "max": [-0.4210591511], "min": [-0.4365898766], "raw_data_size": "9991"}, "user_5_3156": {"weights": [1.0], "gauss": [-0.4281757571, 0.0030442862, 0.5], "max": [-0.4203341954], "min": [-0.4360173188], "raw_data_size": "9994"}}