{"user_1_209": {"weights": [0.03333021285097854, 0.20355047208963678, 0.21585573664894048, 0.22199201381199, 0.32527156459845424], "gauss": [-0.2791275680065149, 1.0000000001804112e-06, 0.01666510642548927, -0.17780752838352612, 0.0006587621834199243, 0.10177523604481839, -0.05295474208807657, 7.873045352248197e-05, 0.10792786832447024, -0.10596023578831004, 9.738108358746983e-05, 0.110996006905995, 0.0008137353487350825, 0.002024896571271258, 0.16263578229922712], "max": [-0.2791249921772109, -0.17611066944740322, -0.05275194587881167, -0.10570939873959409, 0.006029523273671284], "min": [-0.2791301438358189, -0.17950438731964902, -0.053157538297341475, -0.106211072837026, -0.004402052576201118], "raw_data_size": "30"}}