{"user_2_484": {"weights": [1.0], "gauss": [-0.46951802063723275, 0.0035274836516144817, 0.5], "max": [-0.4604318248796145], "min": [-0.478604216394851], "raw_data_size": "9991"}}