{"user_3_1481": {"weights": 1, "gauss": [-1.0823745765054573, 0.0009229859347484594, 0.5], "max": [-1.0799971222879687], "min": [-1.084752030722946], "raw_data_size": "9991"}}