{"user_2_326": {"weights": [0.0981618617, 0.2372866748, 0.2916208761, 0.3729305874], "gauss": [0.3632937122, 7.6979e-05, 0.0490809308, 0.2621355457, 0.000233676, 0.1186433374, 0.325845532, 0.0001492402, 0.1458104381, 0.2945508403, 8.37074e-05, 0.1864652937], "max": [0.3634919969, 0.2627374551, 0.3262299493, 0.2947664561], "min": [0.3630954274, 0.2615336363, 0.3254611147, 0.2943352244], "raw_data_size": "57"}, "user_1_326": {"weights": [0.3639194714, 0.0001512911, 0.077716359, 0.2560264534, 0.0003464182, 0.0910970962, 0.2860192982, 8.8476e-06, 0.0931464683, 0.3306970715, 0.0001786817, 0.0949844139, 0.3021234098, 1.01372e-05, 0.1430556627], "gauss": [0.3639194714, 0.0001512911, 0.077716359, 0.2560264534, 0.0003464182, 0.0910970962, 0.2860192982, 8.8476e-06, 0.0931464683, 0.3306970715, 0.0001786817, 0.0949844139, 0.3021234098, 1.01372e-05, 0.1430556627], "max": [0.3643091713, 0.2569187675, 0.286042088, 0.3311573252, 0.3021495215], "min": [0.3635297714, 0.2551341394, 0.2859965083, 0.3302368179, 0.3020972981], "raw_data_size": "30"}, "user_3_326": {"weights": [0.042753068, 0.2048442156, 0.2128623211, 0.2479152873, 0.291625108], "gauss": [0.248800558, 2.1986e-05, 0.021376534, 0.3511304262, 0.0001683857, 0.1024221078, 0.2842956883, 7.37782e-05, 0.1064311605, 0.3070044026, 7.70436e-05, 0.1239576437, 0.3299576182, 0.0001065733, 0.145812554], "max": [0.2488571902, 0.3515641591, 0.2844857284, 0.3072028536, 0.3302321328], "min": [0.2487439259, 0.3506966933, 0.2841056482, 0.3068059515, 0.3296831035], "raw_data_size": "70"}}