{"user_2_3266": {"weights": [0.12560139511367469, 0.3699540403936995, 0.5044445644926256], "gauss": [0.33247721654842227, 0.000481730587638506, 0.06280069755683734, 0.25463711762742386, 0.00019048699137240343, 0.18497702019684975, 0.28958943691143046, 0.00020983379080921527, 0.2522222822463128], "max": [0.33371807231247735, 0.25512777960174576, 0.29012993293867156], "min": [0.3312363607843672, 0.25414645565310195, 0.28904894088418936], "raw_data_size": "57"}}