{"user_1_2195": {"weights": 1, "gauss": [-0.529442146975031, 0.0006898568504425652, 0.5], "max": [-0.5276651934844071], "min": [-0.5312191004656549], "raw_data_size": "9995"}}