{"user_3_857": {"weights": [-0.022410393413217915, 8.925311080841902e-05, 0.049705903572765386, -0.12037524617848651, 0.0001623540097283074, 0.07320781921906379, -0.042721450443028705, 0.00011670666326001519, 0.08587681802620371, -0.06547681651632802, 5.719285263400858e-05, 0.1201788989725868, -0.08581942572817262, 5.498431915965614e-05, 0.17103056020938026], "gauss": [-0.022410393413217915, 8.925311080841902e-05, 0.049705903572765386, -0.12037524617848651, 0.0001623540097283074, 0.07320781921906379, -0.042721450443028705, 0.00011670666326001519, 0.08587681802620371, -0.06547681651632802, 5.719285263400858e-05, 0.1201788989725868, -0.08581942572817262, 5.498431915965614e-05, 0.17103056020938026], "max": [-0.02218049263496469, -0.11995704996267967, -0.042420833999884146, -0.06532949749055979, -0.0856777955076455], "min": [-0.02264029419147114, -0.12079344239429335, -0.043022066886173264, -0.06562413554209624, -0.08596105594869975], "raw_data_size": "70"}}