{"user_2_1148": {"weights": [0.15836218094556365, 0.22069056102529178, 0.2804458513479398, 0.3405014066812048], "gauss": [-0.014921225575119622, 0.004434776755141638, 0.07918109047278182, 0.12064483426953479, 0.0005776968134002532, 0.11034528051264589, 0.06949377962323147, 0.0005172862972852246, 0.1402229256739699, 0.007485857416708676, 0.0011529229411275954, 0.1702507033406024], "max": [-0.0034979976545282832, 0.12213288265005798, 0.07082622082610306, 0.01045559011319892], "min": [-0.026344453495710962, 0.1191567858890116, 0.06816133842035989, 0.004516124720218432], "raw_data_size": "57"}}