{"user_3_3474": {"weights": [0.057118028048814815, 0.41853294928758866, 0.5243490226635965], "gauss": [0.5326406081493885, 1.6539232333328102e-05, 0.028559014024407407, 0.6809582906601204, 0.0009426448887519247, 0.20926647464379433, 0.6322518250418249, 0.0005259559781211888, 0.26217451133179825], "max": [0.5326832103886909, 0.6833863829874082, 0.6336065978626462], "min": [0.5325980059100861, 0.6785301983328326, 0.6308970522210036], "raw_data_size": "70"}}