{"user_4_2154": {"weights": [1.0], "gauss": [-0.12799790659833665, 0.0012127695553876573, 0.5], "max": [-0.12487401923911716], "min": [-0.13112179395755616], "raw_data_size": "9996"}}