{"user_5_271": {"weights": 1, "gauss": [0.4150954546034186, 0.0006838085360471303, 0.5], "max": [0.4168568286685857], "min": [0.41333408053825155], "raw_data_size": "9994"}}