{"user_1_3580": {"weights": [1.0], "gauss": [0.4356862148761654, 0.0018778504366818982, 0.5], "max": [0.4405232370586527], "min": [0.43084919269367805], "raw_data_size": "9995"}}