{"user_1_1715": {"weights": [0.1312374167, 0.8687625833], "gauss": [-0.775716349, 4.8193e-05, 0.0656187084, -0.6762198595, 0.0009711919, 0.4343812916], "max": [-0.7755922122, -0.673718235], "min": [-0.7758404859, -0.6787214841], "raw_data_size": "30"}, "user_3_1715": {"weights": [0.1335719437, 0.1544856827, 0.3409733062, 0.3709690673], "gauss": [-0.7853035947, 0.0006318838, 0.0667859718, -0.7287797642, 0.000262175, 0.0772428414, -0.6399786846, 0.0002595687, 0.1704866531, -0.6765340862, 0.0001793824, 0.1854845337], "max": [-0.7836759699, -0.7281044461, -0.63931008, -0.6760720277], "min": [-0.7869312195, -0.7294550822, -0.6406472892, -0.6769961447], "raw_data_size": "70"}, "user_2_1715": {"weights": [0.1284049785, 0.3968426023, 0.4747524193], "gauss": [-0.7738251441, 0.0005801528, 0.0642024892, -0.6404559562, 0.0003934427, 0.1984213011, -0.699654437, 0.0004044135, 0.2373762096], "max": [-0.7723307694, -0.639442515, -0.6986127369], "min": [-0.7753195187, -0.6414693973, -0.700696137], "raw_data_size": "57"}}