{"user_1": {"gauss": [0.9908958987444293, 0.08747883150587774, 0.057682641623038114, 2.2840003621452167, 0.24936709090772066, 0.09625060343788171, -2.5252306027427514, 0.24553334496452703, 0.10125998238101103, -4.317253051441407, 0.3942257485336807, 0.10962138841041136, -0.5807849090720404, 0.424789560109365, 0.1351853841476578], "weights": [0.11536528324607623, 0.19250120687576341, 0.20251996476202205, 0.21924277682082272, 0.2703707682953156], "max": 3.2, "min": -5.6}, "user_4": {"gauss": [2.1598127138017733, 0.06478483794228293, 0.055519466758298726, 1.2594243041603395, 0.08405736107784909, 0.06824199146092345, -1.0947172129986789, 0.1477110352190872, 0.08133740449915447, -2.3359368664991247, 0.14607418056811813, 0.08885273125563738, 0.10109008332104304, 0.167588099977492, 0.08990491181738515, -3.841176995986625, 0.28312987395887107, 0.11614349420860069], "weights": [0.11103893351659745, 0.1364839829218469, 0.16267480899830894, 0.17770546251127475, 0.1798098236347703, 0.23228698841720138], "max": 2.6, "min": -4.8}, "user_3": {"gauss": [-1.8369263522961221, 0.10056778417682541, 0.08543474093096373, 1.5184342581493275, 0.19253400031212062, 0.11880949007780718, -3.184879386468404, 0.250275563631244, 0.1273384697584714, -0.26914551246658946, 0.3712956304289961, 0.1684172992327577], "weights": [0.17086948186192746, 0.23761898015561436, 0.2546769395169428, 0.3368345984655154], "max": 2.3, "min": -4.2}, "user_2": {"gauss": [-1.8946595574729401, 0.12496665046597885, 0.09033799778751582, -3.2894245767621935, 0.2472664107855572, 0.12051402862300291, 1.6349101918229083, 0.2892304514413902, 0.12985733396159305, -0.27593767971548205, 0.3635677731507652, 0.15929063962788817], "weights": [0.18067599557503164, 0.24102805724600582, 0.2597146679231861, 0.31858127925577634], "max": 2.7, "min": -4.2}}