{"user_4_2558": {"weights": [1.0], "gauss": [0.2837971845218175, 0.0018662374449350805, 0.5], "max": [0.2886042936198615], "min": [0.2789900754237735], "raw_data_size": "9996"}}