{"user_1_1956": {"weights": 1, "gauss": [-0.3823010111111088, 0.00214996196932618, 0.5], "max": [-0.3767630760690027], "min": [-0.3878389461532149], "raw_data_size": "9995"}}