{"user_6_3192": {"weights": [1.0], "gauss": [-0.3969976037, 0.0005682359, 0.5], "max": [-0.395533925], "min": [-0.3984612823], "raw_data_size": "9993"}, "user_4_3192": {"weights": [1.0], "gauss": [-0.3975312056, 0.0005620058, 0.5], "max": [-0.3960835746], "min": [-0.3989788366], "raw_data_size": "9996"}, "user_3_3192": {"weights": [1.0], "gauss": [-0.3973870098, 0.0005761357, 0.5], "max": [-0.3959029827], "min": [-0.3988710369], "raw_data_size": "9991"}, "user_1_3192": {"weights": [1.0], "gauss": [-0.3974101824, 0.0005706104, 0.5], "max": [-0.3959403875], "min": [-0.3988799773], "raw_data_size": "9995"}, "user_2_3192": {"weights": [1.0], "gauss": [-0.3973042585, 0.0005752316, 0.5], "max": [-0.3958225601], "min": [-0.3987859568], "raw_data_size": "9991"}, "user_5_3192": {"weights": [1.0], "gauss": [-0.3972764684, 0.0005685241, 0.5], "max": [-0.3958120475], "min": [-0.3987408894], "raw_data_size": "9994"}}