{"user_2_2652": {"weights": 1, "gauss": [-0.014960204510949551, 0.0012738040062729012, 0.5], "max": [-0.011679102824613825], "min": [-0.018241306197285277], "raw_data_size": "9991"}}