{"user_5_2652": {"weights": 1, "gauss": [-0.013996658257708655, 0.0012726019893958761, 0.5], "max": [-0.01071865276166813], "min": [-0.01727466375374918], "raw_data_size": "9994"}}