{"user_2_1982": {"weights": 1, "gauss": [-0.18897197190785883, 0.003145357256914532, 0.5], "max": [-0.1808700685153682], "min": [-0.19707387530034948], "raw_data_size": "9991"}}