{"user_3_3311": {"weights": 1, "gauss": [0.1566921360380373, 0.0005948940161680818, 0.5], "max": [0.15822448147738893], "min": [0.15515979059868568], "raw_data_size": "9991"}}