{"user_4_3311": {"weights": [1.0], "gauss": [0.15647010939045816, 0.0005823444051485338, 0.5], "max": [0.1579701291739975], "min": [0.15497008960691883], "raw_data_size": "9996"}}