{"user_2_2327": {"weights": 1, "gauss": [-0.6464712720238089, 0.0020886419731556407, 0.5], "max": [-0.6410912868247325], "min": [-0.6518512572228854], "raw_data_size": "9991"}}