{"user_1_2327": {"weights": 1, "gauss": [-0.6464184929010517, 0.002207177315176916, 0.5], "max": [-0.6407331808944906], "min": [-0.6521038049076128], "raw_data_size": "9995"}}