{"user_3_3919": {"weights": [0.1160237205842433, 0.2318296749330981, 0.24341523062176215, 0.4087313738608965], "gauss": [0.3138141971225794, 0.00034612574901296447, 0.05801186029212165, 0.2315072294758542, 8.188283722847145e-05, 0.11591483746654906, 0.2651770291774077, 0.0001344836465663597, 0.12170761531088108, 0.1956490615008038, 0.00046748088782191846, 0.20436568693044824], "max": [0.3147057579695998, 0.23171814568744503, 0.26552343609508144, 0.19685321247050455], "min": [0.312922636275559, 0.23129631326426336, 0.26483062225973397, 0.19444491053110305], "raw_data_size": "70"}}