{"user_2_3074": {"weights": [0.2736964795917576, 0.3347740191596895, 0.39152950124855285], "gauss": [0.4053664966004535, 0.0010753007504227796, 0.1368482397958788, 0.4295916202219593, 0.0003023227562811416, 0.16738700957984476, 0.49423447018367644, 0.00036810283675145397, 0.19576475062427642], "max": [0.4081362877835206, 0.4303703520367179, 0.4951826402573003], "min": [0.40259670541738635, 0.42881288840720067, 0.4932863001100526], "raw_data_size": "57"}}