{"user_6_2767": {"weights": [1.0], "gauss": [-0.07348417306785938, 0.000593511596445443, 0.5], "max": [-0.07195538850573913], "min": [-0.07501295762997964], "raw_data_size": "9993"}}