{"user_1_2767": {"weights": 1, "gauss": [-0.07433732541162999, 0.0006297542137741057, 0.5], "max": [-0.07271518605375725], "min": [-0.07595946476950273], "raw_data_size": "9995"}}