{"user_2_464": {"weights": [0.310489733, 0.689510267], "gauss": [0.3794599765, 0.0001575011, 0.1552448665, 0.3432837893, 0.0003533282, 0.3447551335], "max": [0.3798656723, 0.3441939023], "min": [0.3790542806, 0.3423736763], "raw_data_size": "57"}, "user_3_464": {"weights": [0.0710068249, 0.2226340734, 0.3304749882, 0.3758841136], "gauss": [0.4070122291, 2.19212e-05, 0.0355034124, 0.3717824909, 8.46174e-05, 0.1113170367, 0.3259446696, 0.0001396898, 0.1652374941, 0.353238067, 0.0001052748, 0.1879420568], "max": [0.4070686944, 0.3720004509, 0.3263044868, 0.353509237], "min": [0.4069557637, 0.3715645308, 0.3255848524, 0.352966897], "raw_data_size": "70"}, "user_1_464": {"weights": [0.0333321817, 0.1353736245, 0.2311621292, 0.2318828387, 0.3682492259], "gauss": [0.2998237312, 1e-06, 0.0166660909, 0.3948728318, 8.07885e-05, 0.0676868122, 0.3795272924, 3.61995e-05, 0.1155810646, 0.3244427312, 2.87602e-05, 0.1159414193, 0.3530379302, 3.28124e-05, 0.1841246129], "max": [0.299826307, 0.3950809291, 0.379620536, 0.3245168126, 0.3531224493], "min": [0.2998211554, 0.3946647345, 0.3794340488, 0.3243686498, 0.352953411], "raw_data_size": "30"}}