{"user_3_2812": {"weights": [1.0], "gauss": [0.4389219182807858, 0.0031819573961867345, 0.5], "max": [0.44711809738452774], "min": [0.4307257391770439], "raw_data_size": "9991"}}