{"user_1_1022": {"weights": [0.033333325476664455, 0.06435159377015161, 0.12719470258179172, 0.2352551287008001, 0.5398652494705922], "gauss": [0.29312667250633173, 1.000000000194289e-06, 0.016666662738332227, 0.34694479378770565, 1.033821101768706e-05, 0.032175796885075804, 0.3059240487117624, 5.110354888994805e-06, 0.06359735129089586, 0.3345772431269983, 1.108681456533822e-05, 0.11762756435040005, 0.3178666941773969, 1.1170825948632723e-05, 0.2699326247352961], "max": [0.2931292483356358, 0.3469714232545913, 0.305937212113637, 0.33460580086883873, 0.3178954683182202], "min": [0.29312409667702766, 0.34691816432082, 0.30591088530988775, 0.3345486853851579, 0.3178379200365736], "raw_data_size": "30"}}