{"user_4_979": {"weights": 1, "gauss": [0.7025549741822836, 0.003533904241374535, 0.5], "max": [0.7116577082831519], "min": [0.6934522400814154], "raw_data_size": "9996"}}