{"user_2_3335": {"weights": [0.16094118076040786, 0.21552050125670463, 0.302286877378058, 0.3212514406048296], "gauss": [0.3466178447108407, 3.8057119168931726e-05, 0.08047059038020393, 0.24377917289243015, 0.0003802405947884298, 0.10776025062835232, 0.2876179319732328, 0.00010598858245690245, 0.151143438689029, 0.31438158408744965, 8.926855522874044e-05, 0.1606257203024148], "max": [0.34671587335360465, 0.24475860775888506, 0.28789094046976693, 0.3146115246478933], "min": [0.3465198160680767, 0.24279973802597524, 0.2873449234766987, 0.314151643527006], "raw_data_size": "57"}}