{"user_3_2604": {"weights": [0.1349059467, 0.1703738336, 0.1827170461, 0.2184082613, 0.2935949124], "gauss": [0.2725606733, 0.0001516917, 0.0674529733, 0.3332640269, 8.48839e-05, 0.0851869168, 0.3068482913, 0.0001398003, 0.091358523, 0.3888178764, 0.000122669, 0.1092041307, 0.3562666981, 0.0001111597, 0.1467974562], "max": [0.2729514052, 0.3334826734, 0.307208393, 0.3891338509, 0.3565530265], "min": [0.2721699414, 0.3330453804, 0.3064881897, 0.3885019019, 0.3559803697], "raw_data_size": "70"}, "user_2_2604": {"weights": [0.2807930891, 6.2501e-06, 0.0686981195, 0.3044772788, 8.4934e-05, 0.0734621765, 0.4043804655, 0.0001866129, 0.0788191, 0.3709266437, 7.1181e-05, 0.1240684212, 0.3420437638, 6.42679e-05, 0.1549521828], "gauss": [0.2807930891, 6.2501e-06, 0.0686981195, 0.3044772788, 8.4934e-05, 0.0734621765, 0.4043804655, 0.0001866129, 0.0788191, 0.3709266437, 7.1181e-05, 0.1240684212, 0.3420437638, 6.42679e-05, 0.1549521828], "max": [0.2808091883, 0.3046960544, 0.4048611486, 0.3711099939, 0.342209307], "min": [0.2807769899, 0.3042585032, 0.4038997824, 0.3707432935, 0.3418782206], "raw_data_size": "57"}, "user_1_2604": {"weights": [0.1278511487, 0.2384737914, 0.3027280247, 0.3309470351], "gauss": [0.4044971809, 0.0001176795, 0.0639255744, 0.3711457656, 5.89338e-05, 0.1192368957, 0.2942807924, 0.0002458809, 0.1513640124, 0.3420164972, 3.10222e-05, 0.1654735176], "max": [0.4048003031, 0.371297569, 0.2949141397, 0.3420964052], "min": [0.4041940587, 0.3709939622, 0.2936474451, 0.3419365893], "raw_data_size": "30"}}