{"user_3_2298": {"weights": 1, "gauss": [-0.7630708094286465, 0.0020674332862144753, 0.5], "max": [-0.7577454541868828], "min": [-0.7683961646704102], "raw_data_size": "9991"}}