{"user_4_1084": {"weights": 1, "gauss": [0.16212895473123898, 0.0006651289809723658, 0.5], "max": [0.16384221345106723], "min": [0.16041569601141073], "raw_data_size": "9996"}}