{"user_1_3254": {"weights": [0.0666354281, 0.4266039795, 0.5067605923], "gauss": [-0.6121805481, 3.0899e-06, 0.0333177141, -0.5391223973, 0.0003545981, 0.2133019898, -0.4808385423, 0.0001765334, 0.2533802962], "max": [-0.6121725891, -0.5382090132, -0.4803838225], "min": [-0.6121885072, -0.5400357814, -0.4812932621], "raw_data_size": "30"}, "user_3_3254": {"weights": [-0.6695754263, 0.0003580235, 0.0360971111, -0.5996714576, 0.0001556506, 0.0459135161, -0.5585665613, 0.0002413688, 0.0561683836, -0.507845436, 0.0002243332, 0.1594933741, -0.4786983576, 0.0001288657, 0.2023276151], "gauss": [-0.6695754263, 0.0003580235, 0.0360971111, -0.5996714576, 0.0001556506, 0.0459135161, -0.5585665613, 0.0002413688, 0.0561683836, -0.507845436, 0.0002243332, 0.1594933741, -0.4786983576, 0.0001288657, 0.2023276151], "max": [-0.6686532189, -0.5992705282, -0.5579448366, -0.507267592, -0.4783664215], "min": [-0.6704976338, -0.6000723869, -0.559188286, -0.50842328, -0.4790302936], "raw_data_size": "70"}, "user_2_3254": {"weights": [0.0175438596, 0.0875866864, 0.200449218, 0.694420236], "gauss": [-0.7001877427, 1e-06, 0.0087719298, -0.605493496, 0.0001080882, 0.0437933432, -0.5500845513, 0.0001303993, 0.100224609, -0.4837922977, 0.0005323587, 0.347210118], "max": [-0.7001851669, -0.6052150792, -0.5497486649, -0.4824210326], "min": [-0.7001903185, -0.6057719128, -0.5504204376, -0.4851635629], "raw_data_size": "57"}}