{"user_5_1839": {"weights": 1, "gauss": [-0.11620417941653904, 0.0024784592786007862, 0.5], "max": [-0.10982009137906647], "min": [-0.12258826745401162], "raw_data_size": "9994"}}