{"user_2_2227": {"weights": [0.1165794807, 0.176435964, 0.2200264889, 0.4869580664], "gauss": [0.08054169, 1.71135e-05, 0.0582897403, 0.0583906457, 0.0003229802, 0.088217982, 0.1447789398, 0.0007174325, 0.1100132444, 0.123836156, 0.0002369486, 0.2434790332], "max": [0.0805857715, 0.0592225875, 0.1466269235, 0.1244464952], "min": [0.0804976086, 0.057558704, 0.1429309561, 0.1232258167], "raw_data_size": "57"}, "user_3_2227": {"weights": [0.1769189387, 3.97232e-05, 0.0500453144, 0.0567989104, 6.92943e-05, 0.063905582, 0.1414146484, 7.2821e-05, 0.0842649515, 0.1216449288, 7.94742e-05, 0.1146235122, 0.0910402084, 8.21215e-05, 0.1871606399], "gauss": [0.1769189387, 3.97232e-05, 0.0500453144, 0.0567989104, 6.92943e-05, 0.063905582, 0.1414146484, 7.2821e-05, 0.0842649515, 0.1216449288, 7.94742e-05, 0.1146235122, 0.0910402084, 8.21215e-05, 0.1871606399], "max": [0.177021259, 0.0569774008, 0.1416022228, 0.1218496407, 0.0912517395], "min": [0.1768166184, 0.05662042, 0.1412270739, 0.1214402169, 0.0908286773], "raw_data_size": "70"}, "user_1_2227": {"weights": [0.2921320247, 0.7078679753], "gauss": [0.0664684603, 0.0006259587, 0.1460660123, 0.1267842608, 0.0004116347, 0.3539339877], "max": [0.0680808231, 0.1278445615], "min": [0.0648560975, 0.1257239601], "raw_data_size": "30"}}