{"user_3_2050": {"weights": 1, "gauss": [-0.19441799898665896, 0.0011801658970325344, 0.5], "max": [-0.19137809308603349], "min": [-0.19745790488728443], "raw_data_size": "9991"}}