{"user_6_240": {"weights": 1, "gauss": [0.21450459679711534, 0.0014826806939024207, 0.5], "max": [0.2183237291762754], "min": [0.21068546441795527], "raw_data_size": "9993"}}