{"user_2_3962": {"weights": [0.1444602683, 0.3591122599, 0.4964274719], "gauss": [-1.0779011371, 0.0003063869, 0.0722301341, -1.1172925448, 0.0002370569, 0.1795561299, -1.1561563598, 0.0006494969, 0.2482137359], "max": [-1.0771119366, -1.1166819265, -1.1544833666], "min": [-1.0786903375, -1.117903163, -1.157829353], "raw_data_size": "57"}, "user_3_3962": {"weights": [0.1049925178, 0.2829222755, 0.6120852067], "gauss": [-1.2041004093, 0.0006122766, 0.0524962589, -1.1500465684, 0.0006080007, 0.1414611377, -1.1042210485, 0.0006002229, 0.3060426033], "max": [-1.2025232892, -1.1484804624, -1.1026749767], "min": [-1.2056775294, -1.1516126743, -1.1057671203], "raw_data_size": "70"}, "user_1_3962": {"weights": [0.0666368367, 0.0681588639, 0.1812173033, 0.3233258685, 0.3606611276], "gauss": [-1.1979936067, 3.6284e-06, 0.0333184184, -1.076802542, 0.0001413218, 0.0340794319, -1.1379850911, 9.9824e-05, 0.0906086517, -1.1605908074, 8.45627e-05, 0.1616629342, -1.1156218508, 6.70316e-05, 0.1803305638], "max": [-1.1979842605, -1.0764385213, -1.1377279615, -1.1603729883, -1.1154491889], "min": [-1.198002953, -1.0771665627, -1.1382422206, -1.1608086264, -1.1157945126], "raw_data_size": "30"}}