{"user_1_1442": {"weights": [0.2939517226, 0.7060482774], "gauss": [-0.1282828363, 0.002856483, 0.1469758613, -0.1404854324, 0.0004804781, 0.3530241387], "max": [-0.1209250236, -0.139247803], "min": [-0.135640649, -0.1417230618], "raw_data_size": "30"}, "user_2_1442": {"weights": [-0.223408561, 8.16095e-05, 0.0175475326, -0.1742644701, 0.0001320695, 0.0791915717, -0.1528706653, 2.2661e-05, 0.0866648611, -0.1306406321, 6.35583e-05, 0.1272283578, -0.1061989999, 0.0006235047, 0.1893676768], "gauss": [-0.223408561, 8.16095e-05, 0.0175475326, -0.1742644701, 0.0001320695, 0.0791915717, -0.1528706653, 2.2661e-05, 0.0866648611, -0.1306406321, 6.35583e-05, 0.1272283578, -0.1061989999, 0.0006235047, 0.1893676768], "max": [-0.2231983489, -0.1739242815, -0.1528122943, -0.1304769169, -0.1045929582], "min": [-0.223618773, -0.1746046587, -0.1529290362, -0.1308043474, -0.1078050416], "raw_data_size": "57"}, "user_3_1442": {"weights": [0.1202529836, 0.1359577851, 0.1618893545, 0.1894836802, 0.3924161965], "gauss": [-0.1627566309, 6.9018e-06, 0.0601264918, -0.1090905052, 0.0006590092, 0.0679788926, -0.1829900757, 0.0001707709, 0.0809446773, -0.1478366048, 9.5661e-06, 0.0947418401, -0.1174259304, 0.0002351361, 0.1962080983], "max": [-0.1627388531, -0.10739301, -0.1825501989, -0.1478119641, -0.1168202599], "min": [-0.1627744086, -0.1107880005, -0.1834299525, -0.1478612455, -0.1180316009], "raw_data_size": "70"}}