{"user_2_683": {"weights": 1, "gauss": [-1.1384697056323516, 0.0035878845232582826, 0.5], "max": [-1.1292279275395933], "min": [-1.14771148372511], "raw_data_size": "9991"}}