{"user_3_1207": {"weights": 1, "gauss": [0.22713105743668907, 0.0012112797011298501, 0.5], "max": [0.23025110718565328], "min": [0.22401100768772486], "raw_data_size": "9991"}}