{"user_1_864": {"weights": [1.0], "gauss": [-0.03968399832013057, 0.0010709231005220543, 0.5], "max": [-0.03692548321595842], "min": [-0.042442513424302726], "raw_data_size": "9995"}}