{"user_4_1821": {"weights": 1, "gauss": [0.12669220811198437, 0.00014055319667291466, 0.5], "max": [0.12705424915468194], "min": [0.1263301670692868], "raw_data_size": "9996"}}