{"user_2_3360": {"weights": 1, "gauss": [-0.0026745816156666102, 0.000578061163444104, 0.5], "max": [-0.0011855947316237168], "min": [-0.004163568499709504], "raw_data_size": "9991"}}