{"user_1_986": {"weights": [0.06537627594011677, 0.12472326507724413, 0.13332524687002806, 0.32420904738761497, 0.35236616472499604], "gauss": [0.18699650413257263, 1.7092154749449575e-06, 0.03268813797005839, 0.08363006220130095, 8.355404988682036e-06, 0.062361632538622064, 0.2177910410223865, 3.5171287796681823e-05, 0.06666262343501403, 0.15327331953835802, 0.00016382599474015322, 0.16210452369380748, 0.10910340107384878, 9.10978130071485e-05, 0.17618308236249802], "max": [0.18700090677987907, 0.08365158429831382, 0.21788163625613674, 0.15369530733629275, 0.10933805349008181], "min": [0.18699210148526618, 0.08360854010428809, 0.21770044578863626, 0.15285133174042329, 0.10886874865761574], "raw_data_size": "30"}}