{"user_2_1470": {"weights": [0.2351580964, 0.3669259694, 0.3979159341], "gauss": [0.3434445705, 0.0009180598, 0.1175790482, 0.3278915592, 0.0003844593, 0.1834629847, 0.2829227123, 0.0003089156, 0.1989579671], "max": [0.3458093359, 0.3288818608, 0.2837184262], "min": [0.3410798051, 0.3269012576, 0.2821269985], "raw_data_size": "57"}, "user_3_1470": {"weights": [0.0380222466, 0.208984059, 0.2755992568, 0.4773944375], "gauss": [0.3064493822, 0.0003162364, 0.0190111233, 0.2668113913, 0.0004795408, 0.1044920295, 0.3006944944, 4.22499e-05, 0.1377996284, 0.3438621248, 0.0003949029, 0.2386972188], "max": [0.3072639532, 0.2680466065, 0.300803323, 0.3448793274], "min": [0.3056348112, 0.265576176, 0.3005856658, 0.3428449222], "raw_data_size": "70"}, "user_1_1470": {"weights": [0.1297953166, 0.2308590488, 0.2456315681, 0.3937140665], "gauss": [0.2543426792, 4.86819e-05, 0.0648976583, 0.2866338018, 6.89683e-05, 0.1154295244, 0.3501138766, 0.0001320213, 0.122815784, 0.3205908041, 7.97619e-05, 0.1968570332], "max": [0.2544680755, 0.2868114524, 0.350453941, 0.3207962572], "min": [0.2542172829, 0.2864561512, 0.3497738122, 0.320385351], "raw_data_size": "30"}}