{"user_1_2478": {"weights": [0.12515542411156988, 0.2003175075195778, 0.29874278693694706, 0.3757842814319052], "gauss": [0.08957376998224151, 2.5377343863544316e-05, 0.06257771205578494, 0.05410608501915294, 0.00017054706921220534, 0.1001587537597889, -0.002592143851579082, 0.0012560326549775202, 0.14937139346847353, 0.017443753176935684, 0.0004151817056834976, 0.1878921407159526], "max": [0.08963913768821147, 0.05454538515766412, 0.0006431818673263401, 0.018513190380732653], "min": [0.08950840227627155, 0.05366678488064176, -0.0058274695704845034, 0.016374315973138716], "raw_data_size": "30"}}