{"user_3_2461": {"weights": 1, "gauss": [0.19564981076755308, 0.0017968707708658483, 0.5], "max": [0.20027824315383982], "min": [0.19102137838126634], "raw_data_size": "9991"}}