{"user_1_3953": {"weights": [0.11364653408318606, 0.3816139941751001, 0.5047394717417139], "gauss": [-0.10142156814173077, 1.0875616013821018e-05, 0.05682326704159303, -0.06560357413763065, 0.00030090618543694963, 0.19080699708755006, -0.1377403135416904, 0.00015016169610913743, 0.2523697358708569], "max": [-0.10139355441130822, -0.06482849116756303, -0.13735352264458187], "min": [-0.10144958187215332, -0.06637865710769827, -0.13812710443879891], "raw_data_size": "30"}}