{"user_2_576": {"weights": [1.0], "gauss": [0.009577901085417862, 0.0006008761402322722, 0.5], "max": [0.011125655455231507], "min": [0.008030146715604217], "raw_data_size": "9991"}}