{"user_3_2988": {"weights": [0.6463474505306199, 7.618814887663705e-05, 0.021256341039664412, 0.5046671181867128, 9.818541834674576e-05, 0.08268396260429117, 0.601196172628454, 0.00013526780030323382, 0.09076090363237505, 0.5308368355509577, 0.00013241187777770957, 0.14348981881989392, 0.5651579551249748, 0.00012697412012527176, 0.1618089739037754], "gauss": [0.6463474505306199, 7.618814887663705e-05, 0.021256341039664412, 0.5046671181867128, 9.818541834674576e-05, 0.08268396260429117, 0.601196172628454, 0.00013526780030323382, 0.09076090363237505, 0.5308368355509577, 0.00013241187777770957, 0.14348981881989392, 0.5651579551249748, 0.00012697412012527176, 0.1618089739037754], "max": [0.6465436981970795, 0.5049200270644716, 0.6015445993923018, 0.5311779059458754, 0.5654850187843858], "min": [0.6461512028641604, 0.5044142093089541, 0.6008477458646063, 0.53049576515604, 0.5648308914655638], "raw_data_size": "70"}}