{"user_3_1834": {"weights": [1.0], "gauss": [0.3878441909604955, 0.0024765161642148195, 0.5], "max": [0.3942232738669926], "min": [0.3814651080539984], "raw_data_size": "9991"}}