{"user_2_262": {"weights": 1, "gauss": [0.11446217427720191, 0.0006673178704113121, 0.5], "max": [0.11618107120258922], "min": [0.11274327735181461], "raw_data_size": "9991"}}