{"user_1_463": {"weights": [0.0709157055, 0.9290842945], "gauss": [-0.1821648381, 0.0014947387, 0.0354578527, -0.1044195245, 0.0022009097, 0.4645421473], "max": [-0.1783146464, -0.0987503568], "min": [-0.1860150299, -0.1100886923], "raw_data_size": "30"}, "user_3_463": {"weights": [0.1821717444, 0.3716751855, 0.4461530701], "gauss": [-0.0464817542, 0.0011338679, 0.0910858722, -0.1489299597, 0.0012004566, 0.1858375927, -0.0924966869, 0.000275119, 0.2230765351], "max": [-0.0435611041, -0.1458377885, -0.0917880273], "min": [-0.0494024042, -0.152022131, -0.0932053465], "raw_data_size": "70"}, "user_2_463": {"weights": [0.1463711157, 0.194612587, 0.6590162973], "gauss": [-0.1953026376, 0.0002926434, 0.0731855578, -0.0346967287, 0.0010506391, 0.0973062935, -0.1126167619, 0.0003673343, 0.3295081487], "max": [-0.194548838, -0.0319904618, -0.1116705714], "min": [-0.1960564371, -0.0374029955, -0.1135629523], "raw_data_size": "57"}}