{"user_3_3490": {"weights": 1, "gauss": [0.3078082889596211, 0.000619484759863619, 0.5], "max": [0.3094039759571798], "min": [0.3062126019620624], "raw_data_size": "9991"}}