{"user_4_915": {"weights": 1, "gauss": [0.12703277276668976, 0.0008071740191200803, 0.5], "max": [0.1291119152582026], "min": [0.12495363027517692], "raw_data_size": "9996"}}