{"user_2_313": {"weights": [0.0350827416, 0.3600863805, 0.6048308778], "gauss": [0.6242801525, 5.3595e-06, 0.0175413708, 0.5616622196, 0.0001534336, 0.1800431903, 0.5161853048, 0.00060509, 0.3024154389], "max": [0.6242939578, 0.5620574384, 0.5177439133], "min": [0.6242663473, 0.5612670007, 0.5146266963], "raw_data_size": "57"}, "user_1_313": {"weights": [0.0333332381, 0.1659293891, 0.3001330841, 0.5006042888], "gauss": [0.6221920848, 1e-06, 0.0166666191, 0.5325375675, 1.04931e-05, 0.0829646945, 0.5023182133, 7.07054e-05, 0.150066542, 0.5577706453, 0.0001616785, 0.2503021444], "max": [0.6221946606, 0.5325645959, 0.5025003385, 0.5581871015], "min": [0.622189509, 0.532510539, 0.5021360882, 0.557354189], "raw_data_size": "30"}, "user_3_313": {"weights": [0.1668048102, 0.2100511821, 0.6231440077], "gauss": [0.4759649957, 0.0006748635, 0.0834024051, 0.5110430405, 2.26082e-05, 0.105025591, 0.5467934014, 0.0004636672, 0.3115720039], "max": [0.4777033288, 0.5111012753, 0.547987729], "min": [0.4742266625, 0.5109848057, 0.5455990738], "raw_data_size": "70"}}