{"user_2_2028": {"weights": [0.1440446985, 0.2917112754, 0.564244026], "gauss": [-0.8244511474, 6.78555e-05, 0.0720223493, -0.7529248508, 0.0002941849, 0.1458556377, -0.7826891249, 9.90725e-05, 0.282122013], "max": [-0.8242763632, -0.7521670807, -0.782433931], "min": [-0.8246259315, -0.7536826209, -0.7829443189], "raw_data_size": "57"}, "user_1_2028": {"weights": [0.1312840994, 0.1549380019, 0.7137778987], "gauss": [-0.8256490383, 3.73312e-05, 0.0656420497, -0.7520695362, 3.11137e-05, 0.0774690009, -0.7827120694, 0.0001069401, 0.3568889494], "max": [-0.8255528795, -0.7519893927, -0.78243661], "min": [-0.8257451971, -0.7521496797, -0.7829875287], "raw_data_size": "30"}, "user_3_2028": {"weights": [-0.7290050724, 0.0001852679, 0.036860302, -0.8201026072, 7.66658e-05, 0.0785467001, -0.7763944357, 5.3895e-05, 0.1194721582, -0.7560537931, 8.41779e-05, 0.1321256961, -0.7948243752, 5.77427e-05, 0.1329951436], "gauss": [-0.7290050724, 0.0001852679, 0.036860302, -0.8201026072, 7.66658e-05, 0.0785467001, -0.7763944357, 5.3895e-05, 0.1194721582, -0.7560537931, 8.41779e-05, 0.1321256961, -0.7948243752, 5.77427e-05, 0.1329951436], "max": [-0.7285278539, -0.8199051292, -0.7762556114, -0.7558369653, -0.7946756397], "min": [-0.729482291, -0.8203000851, -0.7765332601, -0.756270621, -0.7949731106], "raw_data_size": "70"}}