{"user_2_1034": {"weights": [0.08854368987069004, 0.21304945093077834, 0.27077007931962227, 0.4276367798789094], "gauss": [0.013558662746974565, 0.00010518272439385189, 0.04427184493534502, 0.10878238425763744, 0.00010837111267335002, 0.10652472546538917, 0.08484716187311821, 3.633567836092738e-05, 0.13538503965981113, 0.06336537286695051, 0.00011137130498748378, 0.2138183899394547], "max": [0.013829595490695356, 0.10906152974531964, 0.08494075637820461, 0.06365224633791176], "min": [0.013287730003253773, 0.10850323876995523, 0.0847535673680318, 0.06307849939598927], "raw_data_size": "57"}}