{"user_2_469": {"weights": [1.0], "gauss": [-0.02697213602266836, 0.0024505934876072333, 0.5], "max": [-0.02065982550620355], "min": [-0.03328444653913317], "raw_data_size": "9991"}}