{"user_1_978": {"weights": [0.09999999774816366, 0.1308665683826865, 0.18057359906266002, 0.5885598348064899], "gauss": [-0.2229015674512835, 0.00018888795700670074, 0.04999999887408183, -0.32980104978489994, 0.00021839506644363748, 0.06543328419134326, -0.36825965371700575, 0.00020132862703428522, 0.09028679953133001, -0.40006457594446293, 0.0005478329006531048, 0.29427991740324494], "max": [-0.22241502431653817, -0.3292385013730039, -0.3677410655398476, -0.3986534519055125], "min": [-0.22338811058602884, -0.33036359819679595, -0.3687782418941639, -0.40147569998341337], "raw_data_size": "30"}}