{"user_4_3300": {"weights": 1, "gauss": [0.17583822017773287, 0.0018567070550559405, 0.5], "max": [0.18062078061825196], "min": [0.1710556597372138], "raw_data_size": "9996"}}