{"user_6_3300": {"weights": 1, "gauss": [0.17674923207903026, 0.0018642119427224903, 0.5], "max": [0.18155112382912067], "min": [0.17194734032893985], "raw_data_size": "9993"}}