{"user_2_1839": {"weights": [1.0], "gauss": [-0.1175835693, 0.0025194072, 0.5], "max": [-0.1110940063], "min": [-0.1240731322], "raw_data_size": "9991"}, "user_4_1839": {"weights": [1.0], "gauss": [-0.1167315036, 0.0024939614, 0.5], "max": [-0.1103074848], "min": [-0.1231555223], "raw_data_size": "9996"}, "user_5_1839": {"weights": [1.0], "gauss": [-0.1162041794, 0.0024784593, 0.5], "max": [-0.1098200914], "min": [-0.1225882675], "raw_data_size": "9994"}, "user_1_1839": {"weights": [1.0], "gauss": [-0.1174294071, 0.0025755156, 0.5], "max": [-0.1107953184], "min": [-0.1240634957], "raw_data_size": "9995"}, "user_3_1839": {"weights": [1.0], "gauss": [-0.1168254798, 0.0025363071, 0.5], "max": [-0.1102923856], "min": [-0.1233585741], "raw_data_size": "9991"}, "user_6_1839": {"weights": [1.0], "gauss": [-0.1160953341, 0.0025345743, 0.5], "max": [-0.1095667033], "min": [-0.122623965], "raw_data_size": "9993"}}