{"user_2_4079": {"weights": [0.0532575638, 0.1176014252, 0.1611352138, 0.2056652696, 0.4623405275], "gauss": [0.009786165, 9.20284e-05, 0.0266287819, 0.0418771498, 2.25801e-05, 0.0588007126, 0.0567027548, 1.26207e-05, 0.0805676069, 0.0776182211, 2.26737e-05, 0.1028326348, 0.1073504458, 0.0001756479, 0.2311702638], "max": [0.0100232145, 0.0419353123, 0.0567352637, 0.0776766248, 0.1078028847], "min": [0.0095491155, 0.0418189873, 0.056670246, 0.0775598174, 0.1068980068], "raw_data_size": "57"}, "user_3_4079": {"weights": [0.0161629513, 0.0001788985, 0.0547668869, 0.1437543452, 0.0001013132, 0.0730849411, 0.0629138927, 0.0002295563, 0.1012726345, 0.1107349273, 3.02154e-05, 0.1270358336, 0.0906705288, 3.6635e-05, 0.1438397038], "gauss": [0.0161629513, 0.0001788985, 0.0547668869, 0.1437543452, 0.0001013132, 0.0730849411, 0.0629138927, 0.0002295563, 0.1012726345, 0.1107349273, 3.02154e-05, 0.1270358336, 0.0906705288, 3.6635e-05, 0.1438397038], "max": [0.0166237632, 0.1440153107, 0.0635051905, 0.110812757, 0.0907648945], "min": [0.0157021394, 0.1434933797, 0.0623225948, 0.1106570976, 0.0905761632], "raw_data_size": "70"}, "user_1_4079": {"weights": [0.112212525, 1.0017e-06, 0.0315976623, 0.1294837495, 1.8013e-06, 0.0499999976, 0.0431408946, 0.000103837, 0.1341853906, 0.1006433373, 2.30959e-05, 0.1418751158, 0.0785014779, 2.74636e-05, 0.1423418338], "gauss": [0.112212525, 1.0017e-06, 0.0315976623, 0.1294837495, 1.8013e-06, 0.0499999976, 0.0431408946, 0.000103837, 0.1341853906, 0.1006433373, 2.30959e-05, 0.1418751158, 0.0785014779, 2.74636e-05, 0.1423418338], "max": [0.1122151052, 0.1294883894, 0.043408361, 0.1007028284, 0.0785722194], "min": [0.1122099449, 0.1294791096, 0.0428734281, 0.1005838461, 0.0784307365], "raw_data_size": "30"}}