{"user_2_663": {"weights": [1.0], "gauss": [0.17871258262070308, 0.001215530307517364, 0.5], "max": [0.18184358120615812], "min": [0.17558158403524804], "raw_data_size": "9991"}}