{"user_5_663": {"weights": 1, "gauss": [0.17831239920473244, 0.0011933473377539322, 0.5], "max": [0.18138625824663107], "min": [0.1752385401628338], "raw_data_size": "9994"}}