{"user_5_481": {"weights": 1, "gauss": [0.3353754254351576, 0.000860416936423621, 0.5], "max": [0.3375917125932673], "min": [0.33315913827704785], "raw_data_size": "9994"}}