{"user_1_481": {"weights": 1, "gauss": [0.3354960543755955, 0.0008472554019463137, 0.5], "max": [0.3376784396675189], "min": [0.33331366908367205], "raw_data_size": "9995"}}