{"user_2_2519": {"weights": [0.0350622660589491, 0.24357868925642884, 0.30618936375312594, 0.41516968093149614], "gauss": [-0.09552005149742691, 9.065222852874852e-06, 0.01753113302947455, -0.05013188463842659, 0.00011762135314051153, 0.12178934462821442, -0.019618813846931205, 0.00010465390453102174, 0.15309468187656297, 0.009887958593885686, 0.0002002061569288102, 0.20758484046574807], "max": [-0.09549670103075927, -0.04982891211028419, -0.01934924325290939, 0.010403655479653825], "min": [-0.09554340196409455, -0.050434857166568994, -0.01988838444095302, 0.009372261708117547], "raw_data_size": "57"}}