{"user_3_3169": {"weights": [0.07145181327530672, 0.3043906279086284, 0.30522524647997606, 0.3189323123360887], "gauss": [0.31220516572875634, 0.0002465004559308444, 0.03572590663765336, 0.47711159086319654, 0.00036096844718608203, 0.1521953139543142, 0.43143287334503516, 0.00019215097740859954, 0.15261262323998803, 0.39032748928023725, 0.0001409576844729744, 0.15946615616804435], "max": [0.31284010882648117, 0.478041383967115, 0.4319278214633498, 0.3906905722144631], "min": [0.3115702226310315, 0.4761817977592781, 0.43093792522672053, 0.38996440634601137], "raw_data_size": "70"}}