{"user_5_2949": {"weights": [1.0], "gauss": [-0.4900235081848584, 0.002056835281861235, 0.5], "max": [-0.48472545159326696], "min": [-0.49532156477644984], "raw_data_size": "9994"}}