{"user_1_550": {"weights": [0.0999789233, 0.9000210767], "gauss": [-0.1102062767, 5.73869e-05, 0.0499894617, -0.1941552613, 0.000309165, 0.4500105383], "max": [-0.1100584579, -0.1933589052], "min": [-0.1103540956, -0.1949516174], "raw_data_size": "30"}, "user_2_550": {"weights": [0.1233554743, 0.2172945633, 0.2500748385, 0.4092751238], "gauss": [-0.1189960351, 0.000238822, 0.0616777372, -0.1751979819, 4.35449e-05, 0.1086472817, -0.2206566909, 0.0001324434, 0.1250374192, -0.1955214771, 4.44124e-05, 0.2046375619], "max": [-0.1183808705, -0.1750858176, -0.2203155394, -0.1954070784], "min": [-0.1196111997, -0.1753101463, -0.2209978424, -0.1956358758], "raw_data_size": "57"}, "user_3_550": {"weights": [0.1602073927, 0.3602217287, 0.4795708786], "gauss": [-0.1279079093, 0.0003298103, 0.0801036964, -0.1865224383, 0.0001722887, 0.1801108643, -0.2146005089, 0.0001806604, 0.2397854393], "max": [-0.1270583742, -0.1860786519, -0.2141351586], "min": [-0.1287574445, -0.1869662246, -0.2150658591], "raw_data_size": "70"}}