{"user_3_820": {"weights": [1.0], "gauss": [-0.6492568867190319, 0.001277652042421944, 0.5], "max": [-0.6459658731484224], "min": [-0.6525479002896415], "raw_data_size": "9991"}}