{"user_6_820": {"weights": 1, "gauss": [-0.6498518504727392, 0.0012795465917897753, 0.5], "max": [-0.6465559568663509], "min": [-0.6531477440791275], "raw_data_size": "9993"}}