{"user_2_3910": {"weights": [0.14858329633012923, 0.16489137728630093, 0.17570071623594613, 0.1790195331814773, 0.33180507696614636], "gauss": [0.2780656366924792, 9.776303056875557e-05, 0.07429164816506462, 0.38976796379026407, 0.0001635068529568785, 0.08244568864315047, 0.3347333694599799, 3.6110327087362056e-05, 0.08785035811797307, 0.35969076853082865, 6.52801035333762e-05, 0.08950976659073866, 0.30400069234728455, 0.00011284848544243397, 0.16590253848307318], "max": [0.27831745757142196, 0.3901891295334415, 0.33482638349865224, 0.3598589189344486, 0.30429137078294827], "min": [0.2778138158135364, 0.38934679804708666, 0.33464035542130754, 0.3595226181272087, 0.30371001391162084], "raw_data_size": "57"}}