{"user_6_3940": {"weights": [1.0], "gauss": [0.40937275113374844, 0.0028360958450617804, 0.5], "max": [0.4166780499191319], "min": [0.402067452348365], "raw_data_size": "9993"}}