{"user_5_3940": {"weights": [1.0], "gauss": [0.4086995553143224, 0.0028394948102074538, 0.5], "max": [0.41601360925372977], "min": [0.401385501374915], "raw_data_size": "9994"}}