{"user_5_3173": {"weights": [1.0], "gauss": [-0.016423244400885703, 0.0009981182398017786, 0.5], "max": [-0.013852262190397634], "min": [-0.018994226611373774], "raw_data_size": "9994"}}