{"user_3_1485": {"weights": [0.07935905373708182, 0.10179930340523403, 0.23243266639208104, 0.277393148716969, 0.30901582774863406], "gauss": [-0.09048561430128338, 9.137151833132979e-05, 0.03967952686854091, 0.030606490336896327, 0.0004344056977746318, 0.05089965170261702, -0.016053880315134855, 0.00010220290851393378, 0.11621633319604052, -0.03914641611657111, 0.00015707170881062936, 0.1386965743584845, -3.7564358178081515e-05, 0.0001514497054886389, 0.15450791387431703], "max": [-0.09025025686685578, 0.03172544526285283, -0.01579062306847674, -0.03874182620625819, 0.0003525442312334053], "min": [-0.09072097173571098, 0.029487535410939823, -0.016317137561792972, -0.03955100602688403, -0.0004276729475895683], "raw_data_size": "70"}}