{"user_1_1485": {"weights": [0.03333332678880504, 0.16227201272630726, 0.3777918009224787, 0.42660285956240895], "gauss": [0.07532168179750423, 1.0000000000130104e-06, 0.01666666339440252, 0.00628263051226886, 0.00016640448601159765, 0.08113600636315363, -0.01812105284048343, 0.00018186510002757655, 0.18889590046123936, -0.04054152593178628, 0.000291138559304297, 0.21330142978120448], "max": [0.07532425762680782, 0.006711260063579526, -0.01765259938653955, -0.039791602699337264], "min": [0.07531910596820064, 0.005854000960958194, -0.018589506294427315, -0.0412914491642353], "raw_data_size": "30"}}