{"user_1_1684": {"weights": 1, "gauss": [0.024296368102278643, 0.0008204971732562072, 0.5], "max": [0.02640982876463102], "min": [0.022182907439926264], "raw_data_size": "9995"}}