{"user_2_2829": {"weights": [1.0], "gauss": [-0.5357410936519811, 0.0009037447546280376, 0.5], "max": [-0.5334132014300815], "min": [-0.5380689858738806], "raw_data_size": "9991"}}