{"user_6_2829": {"weights": [1.0], "gauss": [-0.5354814285962092, 0.0008931230543600389, 0.5], "max": [-0.5331808960611135], "min": [-0.5377819611313048], "raw_data_size": "9993"}}