{"user_1_2024": {"weights": [0.25317609715726014, 0.30292725834006623, 0.4438966445026736], "gauss": [0.13672885890629985, 0.0003087425097707601, 0.12658804857863007, 0.19105225200957648, 3.4502727168774335e-05, 0.15146362917003311, 0.16278013318626314, 0.00015007202611213685, 0.2219483222513368], "max": [0.13752412691021862, 0.19114112514527015, 0.16316669310876575], "min": [0.13593359090238108, 0.19096337887388282, 0.16239357326376053], "raw_data_size": "30"}}