{"user_3_2024": {"weights": [0.08463258432457967, 0.19878809510271697, 0.2088478146650489, 0.23062522021436002, 0.27710628569329443], "gauss": [0.22011712201505262, 6.53231640417019e-05, 0.04231629216228983, 0.12041399946868109, 8.538481491976693e-05, 0.09939404755135849, 0.14413508572994374, 4.327953483417618e-05, 0.10442390733252445, 0.1855361486855475, 5.034654600581567e-05, 0.11531261010718001, 0.16425150981471345, 5.8438389945048404e-05, 0.13855314284664721], "max": [0.22028538333519176, 0.12063393617702953, 0.14424656642401357, 0.18566583279408175, 0.16440203713198612], "min": [0.21994886069491348, 0.12019406276033265, 0.14402360503587391, 0.18540646457701324, 0.1641009824974408], "raw_data_size": "70"}}