{"user_2_3241": {"weights": [0.2613086700249168, 0.34641841545703067, 0.39227291451805246], "gauss": [0.27378894937090303, 0.00013326179828421114, 0.1306543350124584, 0.24352619576849685, 0.00010364857168138658, 0.17320920772851534, 0.2093835117986591, 0.0002114071544885358, 0.19613645725902623], "max": [0.27413220901596713, 0.24379317679670476, 0.20992806054217056], "min": [0.27344568972583894, 0.24325921474028894, 0.20883896305514765], "raw_data_size": "57"}}