{"user_1_201": {"weights": 1, "gauss": [-0.20606132903923208, 0.0023952186836172775, 0.5], "max": [-0.19989165456556288], "min": [-0.21223100351290128], "raw_data_size": "9995"}}