{"user_1_1879": {"weights": [1.0], "gauss": [-0.05686610462420703, 0.0012187626409904115, 0.5], "max": [-0.05372678009947328], "min": [-0.060005429148940775], "raw_data_size": "9995"}}