{"user_1_1479": {"weights": 1, "gauss": [-0.046667083863354886, 0.0011439187298170328, 0.5], "max": [-0.04372054447821373], "min": [-0.04961362324849604], "raw_data_size": "9995"}}