{"user_5_1479": {"weights": 1, "gauss": [-0.04650484460694895, 0.0011272954967465252, 0.5], "max": [-0.04360112383267054], "min": [-0.049408565381227364], "raw_data_size": "9994"}}