{"user_2_1479": {"weights": [1.0], "gauss": [-0.04578538582811752, 0.0011565461471457776, 0.5], "max": [-0.04280632037139284], "min": [-0.04876445128484219], "raw_data_size": "9991"}}