{"user_3_1912": {"weights": [0.0420374048, 0.15030879, 0.3504361947, 0.4572176104], "gauss": [-0.5342919584, 5.04215e-05, 0.0210187024, -0.4919400878, 0.0001549179, 0.075154395, -0.424724875, 0.0002205589, 0.1752180974, -0.4564979811, 0.0001129572, 0.2286088052], "max": [-0.5341620811, -0.4915410458, -0.424156753, -0.4562070226], "min": [-0.5344218356, -0.4923391298, -0.4252929971, -0.4567889396], "raw_data_size": "70"}, "user_1_1912": {"weights": [0.0333333333, 0.183501742, 0.3212544045, 0.4619105201], "gauss": [-0.5429483056, 1e-06, 0.0166666667, -0.4018243528, 0.0002540375, 0.091750871, -0.4810453792, 4.10098e-05, 0.1606272023, -0.4504995386, 9.9718e-05, 0.2309552601], "max": [-0.5429457298, -0.4011699956, -0.4809397449, -0.4502426821], "min": [-0.5429508814, -0.4024787101, -0.4811510134, -0.4507563952], "raw_data_size": "30"}, "user_2_1912": {"weights": [0.0351163686, 0.1753966083, 0.1861156817, 0.2552748729, 0.3480964685], "gauss": [-0.5329406171, 0.0001016592, 0.0175581843, -0.4379117196, 5.10556e-05, 0.0876983042, -0.411292185, 7.32001e-05, 0.0930578408, -0.4805422123, 8.77349e-05, 0.1276374365, -0.4544403088, 4.40234e-05, 0.1740482342], "max": [-0.5326787603, -0.4377802091, -0.4111036341, -0.4803162223, -0.4543269122], "min": [-0.533202474, -0.4380432301, -0.4114807359, -0.4807682024, -0.4545537054], "raw_data_size": "57"}}