{"user_1_1324": {"weights": [1.0], "gauss": [0.20542282710368362, 0.0007848019517935197, 0.5], "max": [0.20744434296859574], "min": [0.2034013112387715], "raw_data_size": "9995"}}