{"user_2_467": {"weights": [1.0], "gauss": [0.5682143821, 0.0005905055, 0.5], "max": [0.5697354236], "min": [0.5666933406], "raw_data_size": "9991"}, "user_1_467": {"weights": [1.0], "gauss": [0.5685595503, 0.0006092071, 0.5], "max": [0.5701287638], "min": [0.5669903367], "raw_data_size": "9995"}, "user_4_467": {"weights": [1.0], "gauss": [0.5683755155, 0.000597555, 0.5], "max": [0.569914715], "min": [0.5668363159], "raw_data_size": "9996"}, "user_6_467": {"weights": [1.0], "gauss": [0.5680811817, 0.0005954744, 0.5], "max": [0.5696150222], "min": [0.5665473412], "raw_data_size": "9993"}, "user_5_467": {"weights": [1.0], "gauss": [0.5681418191, 0.0005964965, 0.5], "max": [0.5696782922], "min": [0.5666053459], "raw_data_size": "9994"}, "user_3_467": {"weights": [1.0], "gauss": [0.5685393409, 0.0006151287, 0.5], "max": [0.5701238074], "min": [0.5669548745], "raw_data_size": "9991"}}