{"user_6_1378": {"weights": 1, "gauss": [0.3749067543099105, 0.0013160641167046783, 0.5], "max": [0.3782967108270676], "min": [0.3715167977927534], "raw_data_size": "9993"}}