{"user_6_3138": {"weights": 1, "gauss": [0.3354036512183575, 0.0010897608163405726, 0.5], "max": [0.33821068906294693], "min": [0.3325966133737681], "raw_data_size": "9993"}}