{"user_2_2889": {"weights": [0.8137073714, 5.8859e-06, 0.0245735756, 0.8271580659, 2.03422e-05, 0.0630093741, 0.7323571982, 0.0001712806, 0.0702464249, 0.7880909752, 4.74944e-05, 0.1688882024, 0.766866603, 3.44259e-05, 0.173282423], "gauss": [0.8137073714, 5.8859e-06, 0.0245735756, 0.8271580659, 2.03422e-05, 0.0630093741, 0.7323571982, 0.0001712806, 0.0702464249, 0.7880909752, 4.74944e-05, 0.1688882024, 0.766866603, 3.44259e-05, 0.173282423], "max": [0.8137225325, 0.8272104641, 0.7327983878, 0.7882133126, 0.7669552782], "min": [0.8136922103, 0.8271056678, 0.7319160086, 0.7879686378, 0.7667779277], "raw_data_size": "57"}, "user_3_2889": {"weights": [0.154368149, 0.1744912105, 0.1962949869, 0.2173090306, 0.2575366229], "gauss": [0.7993764578, 0.0001513588, 0.0771840745, 0.7087463978, 0.0001891087, 0.0872456053, 0.8206771038, 0.0002695362, 0.0981474935, 0.7777072488, 7.47538e-05, 0.1086545153, 0.7487583246, 7.09452e-05, 0.1287683115], "max": [0.7997663323, 0.7092335095, 0.821371383, 0.7778998018, 0.7489410675], "min": [0.7989865834, 0.708259286, 0.8199828246, 0.7775146957, 0.7485755818], "raw_data_size": "70"}, "user_1_2889": {"weights": [0.162108743, 0.2332863956, 0.6046048614], "gauss": [0.8264604495, 4.20341e-05, 0.0810543715, 0.7364983747, 0.0001806179, 0.1166431978, 0.7838077491, 0.0001444093, 0.3023024307], "max": [0.8265687223, 0.7369636157, 0.7841797229], "min": [0.8263521767, 0.7360331337, 0.7834357753], "raw_data_size": "30"}}