{"user_3_666": {"weights": [0.2767803717, 0.0004765546, 0.0580373983, 0.1629219358, 0.0001697867, 0.0874174297, 0.2203666506, 2.18767e-05, 0.0882060665, 0.2478643804, 4.46135e-05, 0.0927598523, 0.1972045448, 5.81459e-05, 0.1735792532], "gauss": [0.2767803717, 0.0004765546, 0.0580373983, 0.1629219358, 0.0001697867, 0.0874174297, 0.2203666506, 2.18767e-05, 0.0882060665, 0.2478643804, 4.46135e-05, 0.0927598523, 0.1972045448, 5.81459e-05, 0.1735792532], "max": [0.2780078951, 0.1633592774, 0.2204230012, 0.2479792972, 0.1973543186], "min": [0.2755528484, 0.1624845941, 0.2203102999, 0.2477494635, 0.1970547709], "raw_data_size": "70"}, "user_1_666": {"weights": [0.4815828318, 0.5184171682], "gauss": [0.2305032448, 0.0007230569, 0.2407914159, 0.1870654077, 0.0002652408, 0.2592085841], "max": [0.2323657159, 0.1877486227], "min": [0.2286407737, 0.1863821927], "raw_data_size": "30"}, "user_2_666": {"weights": [0.0594448533, 0.1728533061, 0.3389298911, 0.4287719495], "gauss": [0.2860697174, 0.0002362568, 0.0297224267, 0.1664479936, 0.0002228031, 0.086426653, 0.2334783404, 0.0001351533, 0.1694649455, 0.1915427306, 0.0001582802, 0.2143859748], "max": [0.2866782745, 0.1670218962, 0.2338264722, 0.1919504334], "min": [0.2854611602, 0.1658740909, 0.2331302086, 0.1911350278], "raw_data_size": "57"}}