{"user_2_3030": {"weights": [1.0], "gauss": [0.15943311288618062, 0.0009986909369238187, 0.5], "max": [0.1620055702666977], "min": [0.15686065550566353], "raw_data_size": "9991"}}