{"user_1_2309": {"weights": [0.0332908020998915, 0.2692513317625867, 0.33507635247924544, 0.3623815136582763], "gauss": [0.19719539582729287, 1.0000000000832667e-06, 0.01664540104994575, 0.10946227161177524, 1.1072615234044125e-05, 0.13462566588129335, 0.14617043980544653, 0.00020602199635303794, 0.16753817623962272, 0.08035323919673847, 0.0002850292815077302, 0.18119075682913816], "max": [0.19719797165659664, 0.10949079277856201, 0.14670111730082833, 0.08108742597241557], "min": [0.1971928199979891, 0.10943375044498847, 0.14563976231006473, 0.07961905242106136], "raw_data_size": "30"}}