{"user_1_4075": {"weights": [0.03332186862874491, 0.3630842208498217, 0.6035939105214334], "gauss": [-0.3380258381366722, 1.0000000002775557e-06, 0.016660934314372454, -0.38998948521758536, 0.00017291266163169016, 0.18154211042491086, -0.44859660364205795, 0.00017585041138981527, 0.3017969552607167], "max": [-0.33802326230736796, -0.3895440917167998, -0.44814364299935894], "min": [-0.33802841396597644, -0.3904348787183709, -0.44904956428475695], "raw_data_size": "30"}}