{"user_6_972": {"weights": 1, "gauss": [-0.17087282930093567, 0.0005857353285023185, 0.5], "max": [-0.16936407507765555], "min": [-0.1723815835242158], "raw_data_size": "9993"}}