{"user_2_3697": {"weights": [1.0], "gauss": [0.2850782164, 0.0029818884, 0.5], "max": [0.2927590519], "min": [0.277397381], "raw_data_size": "9991"}, "user_6_3697": {"weights": [1.0], "gauss": [0.2864353838, 0.0029599343, 0.5], "max": [0.2940596692], "min": [0.2788110984], "raw_data_size": "9993"}, "user_4_3697": {"weights": [1.0], "gauss": [0.2861544725, 0.0030087632, 0.5], "max": [0.293904533], "min": [0.2784044121], "raw_data_size": "9996"}, "user_5_3697": {"weights": [1.0], "gauss": [0.2871468389, 0.0029718693, 0.5], "max": [0.2948018669], "min": [0.279491811], "raw_data_size": "9994"}, "user_3_3697": {"weights": [1.0], "gauss": [0.2864223274, 0.0029746325, 0.5], "max": [0.294084473], "min": [0.2787601818], "raw_data_size": "9991"}, "user_1_3697": {"weights": [1.0], "gauss": [0.2870673435, 0.0030465067, 0.5], "max": [0.2949146246], "min": [0.2792200623], "raw_data_size": "9995"}}