{"user_2_134": {"weights": [1.0], "gauss": [-0.10564881275888349, 0.0024312202478640804, 0.5], "max": [-0.09938640440105377], "min": [-0.11191122111671321], "raw_data_size": "9991"}}