{"user_3_3425": {"weights": [0.8828071152026389, 0.00014330167742079746, 0.058584254847927814, 1.018005661130335, 0.00011164317059306105, 0.09872905268079979, 0.9272735447745494, 0.00010422182796018708, 0.10248997139221998, 0.980058743194201, 0.00014678886672078628, 0.10556050952998403, 0.9567781974684649, 0.00014852783155569382, 0.13463621154906838], "gauss": [0.8828071152026389, 0.00014330167742079746, 0.058584254847927814, 1.018005661130335, 0.00011164317059306105, 0.09872905268079979, 0.9272735447745494, 0.00010422182796018708, 0.10248997139221998, 0.980058743194201, 0.00014678886672078628, 0.10556050952998403, 0.9567781974684649, 0.00014852783155569382, 0.13463621154906838], "max": [0.8831762358625871, 1.0182932348806897, 0.9275420024130786, 0.9804368462585352, 0.9571607798093786], "min": [0.8824379945426907, 1.0177180873799803, 0.9270050871360201, 0.9796806401298669, 0.9563956151275512], "raw_data_size": "70"}}