{"user_2_2959": {"weights": [0.15368054896653743, 0.39715285875916334, 0.4491665922742993], "gauss": [0.5668309123044786, 0.0008236942602255205, 0.07684027448326872, 0.4292344805003729, 0.00034235345680447185, 0.19857642937958167, 0.4932675586595074, 0.0004551229867773278, 0.22458329613714964], "max": [0.5689526081171326, 0.4301163245665811, 0.49443987778556714], "min": [0.5647092164918246, 0.42835263643416466, 0.49209523953344764], "raw_data_size": "57"}}