{"user_1_2959": {"weights": [0.4909951230409397, 0.5090048769590603], "gauss": [0.44650997706382534, 0.0010066104829481437, 0.24549756152046984, 0.5082039095403524, 0.001793027217117409, 0.25450243847953014], "max": [0.44910283384306265, 0.5128224415882642], "min": [0.443917120284588, 0.5035853774924407], "raw_data_size": "30"}}