{"user_1_288": {"weights": [0.1544397813, 0.3466000733, 0.4989601453], "gauss": [-1.5372242286, 6.9083e-06, 0.0772198907, -1.559751127, 0.0005818998, 0.1733000367, -1.4917025103, 0.0002780404, 0.2494800727], "max": [-1.5372064341, -1.5582522524, -1.4909863258], "min": [-1.5372420231, -1.5612500016, -1.4924186949], "raw_data_size": "30"}, "user_3_288": {"weights": [0.0721623805, 0.1830179207, 0.1867154103, 0.2301633006, 0.3279409879], "gauss": [-1.6202033629, 0.0003098889, 0.0360811902, -1.5762658096, 0.0001802388, 0.0915089603, -1.4767214891, 0.0002167803, 0.0933577052, -1.5389830771, 5.64575e-05, 0.1150816503, -1.5048099136, 8.85941e-05, 0.163970494], "max": [-1.619405142, -1.5758015452, -1.4761631, -1.5388376521, -1.5045817104], "min": [-1.6210015839, -1.576730074, -1.4772798783, -1.539128502, -1.5050381167], "raw_data_size": "70"}, "user_2_288": {"weights": [-1.4442000073, 5.77393e-05, 0.012460843, -1.5562115686, 1.32126e-05, 0.0537427854, -1.5847723951, 0.0001674329, 0.0548847473, -1.5332268838, 6.30607e-05, 0.109799317, -1.4915718495, 0.0002117044, 0.2691123073], "gauss": [-1.4442000073, 5.77393e-05, 0.012460843, -1.5562115686, 1.32126e-05, 0.0537427854, -1.5847723951, 0.0001674329, 0.0548847473, -1.5332268838, 6.30607e-05, 0.109799317, -1.4915718495, 0.0002117044, 0.2691123073], "max": [-1.4440512807, -1.5561775353, -1.5843411167, -1.5330644502, -1.491026535], "min": [-1.4443487339, -1.556245602, -1.5852036736, -1.5333893173, -1.492117164], "raw_data_size": "57"}}