{"user_5_2530": {"weights": [1.0], "gauss": [0.35149219702680606, 0.002311310617761574, 0.5], "max": [0.35744573864564005], "min": [0.3455386554079721], "raw_data_size": "9994"}}