{"user_2_2222": {"weights": [0.1032279762, 0.1785966957, 0.7181753281], "gauss": [0.3808152962, 2.67742e-05, 0.0516139881, 0.2665429917, 5.05794e-05, 0.0892983478, 0.3141952055, 0.000428819, 0.3590876641], "max": [0.3808842619, 0.2666732755, 0.3152997701], "min": [0.3807463306, 0.2664127079, 0.313090641], "raw_data_size": "57"}, "user_1_2222": {"weights": [0.0978184079, 0.2045915024, 0.2212856145, 0.4763044752], "gauss": [0.3852988725, 9.7582e-06, 0.0489092039, 0.2681651647, 0.0004422456, 0.1022957512, 0.3315434881, 0.000435059, 0.1106428073, 0.3067691936, 0.0001607897, 0.2381522376], "max": [0.3853240079, 0.2693043139, 0.3326641259, 0.3071833604], "min": [0.3852737371, 0.2670260154, 0.3304228504, 0.3063550267], "raw_data_size": "30"}, "user_3_2222": {"weights": [0.3500860038, 4.22472e-05, 0.0660066473, 0.3799081944, 0.0001500061, 0.075696925, 0.3278965286, 0.0001486107, 0.0876842915, 0.2702276745, 0.0004178881, 0.1285394256, 0.3012761696, 0.0001070255, 0.1420727106], "gauss": [0.3500860038, 4.22472e-05, 0.0660066473, 0.3799081944, 0.0001500061, 0.075696925, 0.3278965286, 0.0001486107, 0.0876842915, 0.2702276745, 0.0004178881, 0.1285394256, 0.3012761696, 0.0001070255, 0.1420727106], "max": [0.3501948255, 0.3802945846, 0.3282793244, 0.2713040828, 0.301551849], "min": [0.3499771821, 0.3795218043, 0.3275137328, 0.2691512662, 0.3010004902], "raw_data_size": "70"}}