{"user_3_1603": {"weights": [0.12498244928260675, 0.17229288309911361, 0.1825344562148261, 0.1929519596487422, 0.3272382517547113], "gauss": [-0.03565375279690174, 3.839368019795128e-05, 0.062491224641303376, -0.09158690693336928, 3.498571444145071e-05, 0.08614644154955681, -0.059316193601997164, 5.7969973864984776e-05, 0.09126722810741306, -0.08090018400803649, 7.562119492881568e-05, 0.0964759798243711, -0.11638617734892129, 0.00021397473291832444, 0.16361912587735564], "max": [-0.035554857230376775, -0.09149678970490539, -0.05916687284458977, -0.08070539671816947, -0.11583501496165122], "min": [-0.03575264836342671, -0.09167702416183317, -0.05946551435940456, -0.08109497129790351, -0.11693733973619136], "raw_data_size": "70"}}