{"user_2_4094": {"weights": [1.0], "gauss": [0.0175169107, 0.0031431389, 0.5], "max": [0.0256131], "min": [0.0094207214], "raw_data_size": "9991"}, "user_3_4094": {"weights": [1.0], "gauss": [0.0179797688, 0.0031984197, 0.5], "max": [0.0262183519], "min": [0.0097411857], "raw_data_size": "9991"}, "user_5_4094": {"weights": [1.0], "gauss": [0.0180715889, 0.003159082, 0.5], "max": [0.026208845], "min": [0.0099343328], "raw_data_size": "9994"}, "user_4_4094": {"weights": [1.0], "gauss": [0.018159966, 0.0031642894, 0.5], "max": [0.0263106354], "min": [0.0100092965], "raw_data_size": "9996"}, "user_1_4094": {"weights": [1.0], "gauss": [0.0177270797, 0.0032860657, 0.5], "max": [0.026191424], "min": [0.0092627354], "raw_data_size": "9995"}, "user_6_4094": {"weights": [1.0], "gauss": [0.0182507395, 0.0031419589, 0.5], "max": [0.0263438894], "min": [0.0101575897], "raw_data_size": "9993"}}