{"user_3_1612": {"weights": [-0.06244156168729841, 0.00022150987941441826, 0.014250560160894335, -0.10801879934879671, 0.0001761754352312864, 0.08045769470356806, -0.2123499524840323, 0.00029350063617131813, 0.08813514528817716, -0.14096539535364747, 0.00019672463894303865, 0.14478947496000039, -0.17792964350685536, 0.00016490875007050998, 0.17236712488736008], "gauss": [-0.06244156168729841, 0.00022150987941441826, 0.014250560160894335, -0.10801879934879671, 0.0001761754352312864, 0.08045769470356806, -0.2123499524840323, 0.00029350063617131813, 0.08813514528817716, -0.14096539535364747, 0.00019672463894303865, 0.14478947496000039, -0.17792964350685536, 0.00016490875007050998, 0.17236712488736008], "max": [-0.06187099004887717, -0.10756500150016249, -0.21159394494477196, -0.14045866626392792, -0.17750486671601212], "min": [-0.06301213332571966, -0.10847259719743094, -0.21310596002329263, -0.14147212444336701, -0.1783544202976986], "raw_data_size": "70"}}