{"user_3_678": {"weights": [0.4716199081853079, 0.00017527878668624386, 0.03584267617675019, 0.3094046543209094, 0.00026081067115621317, 0.06636901840271522, 0.41057166603540757, 0.00016895689489668142, 0.07448441163848715, 0.36899319738599196, 0.00024080363238218505, 0.1519733326732288, 0.3334894406193259, 0.00020577565367844896, 0.1713305611088186], "gauss": [0.4716199081853079, 0.00017527878668624386, 0.03584267617675019, 0.3094046543209094, 0.00026081067115621317, 0.06636901840271522, 0.41057166603540757, 0.00016895689489668142, 0.07448441163848715, 0.36899319738599196, 0.00024080363238218505, 0.1519733326732288, 0.3334894406193259, 0.00020577565367844896, 0.1713305611088186], "max": [0.47207139642034485, 0.31007645809035184, 0.4110068701563191, 0.369613466438683, 0.3340194835780278], "min": [0.471168419950271, 0.308732850551467, 0.41013646191449604, 0.36837292833330093, 0.332959397660624], "raw_data_size": "70"}}