{"user_1_3434": {"weights": [0.033333158064027306, 0.1315701098971017, 0.3984325996092478, 0.4366641324296231], "gauss": [0.37425041198730385, 1.0000000003053113e-06, 0.016666579032013653, 0.325082445331072, 0.00010778046316583978, 0.06578505494855084, 0.27348035356964495, 0.00013467278508731595, 0.1992162998046239, 0.23037166034076142, 0.00015707777488015756, 0.21833206621481155], "max": [0.3742529878166082, 0.32536006940644463, 0.2738272476758634, 0.23077626587623398], "min": [0.3742478361579995, 0.32480482125569937, 0.2731334594634265, 0.22996705480528887], "raw_data_size": "30"}}