{"user_3_190": {"weights": 1, "gauss": [0.05258562843536745, 0.0010604528508019685, 0.5], "max": [0.055317173963495135], "min": [0.04985408290723977], "raw_data_size": "9991"}}