{"user_3_256": {"weights": [0.10909187338397715, 0.26094688807915595, 0.2969219969890028, 0.333039241547864], "gauss": [0.5333636155128316, 0.00022832566130528875, 0.054545936691988574, 0.663373443011377, 0.000225558816980025, 0.13047344403957797, 0.5852048257902451, 0.00011950048219419484, 0.1484609984945014, 0.6218142390092688, 0.0001446278070707231, 0.166519620773932], "max": [0.5339517434419739, 0.663954444021828, 0.5855126386340692, 0.6221867755528295], "min": [0.5327754875836893, 0.662792442000926, 0.584897012946421, 0.6214417024657081], "raw_data_size": "70"}}