{"user_3_3973": {"weights": [0.14143982959391263, 0.22333505266028653, 0.25759121412269653, 0.3776339036231043], "gauss": [-0.13210030870940465, 0.0001509867232046849, 0.07071991479695632, -0.11336802885214964, 2.405589660155788e-05, 0.11166752633014326, -0.05020505740837543, 0.00016705817542582638, 0.12879560706134827, -0.08616296295980108, 0.00012880317603865686, 0.18881695181155214], "max": [-0.13171139268332718, -0.11330606496876021, -0.04977474406471617, -0.08583118796457054], "min": [-0.1324892247354821, -0.11342999273553907, -0.050635370752034684, -0.08649473795503163], "raw_data_size": "70"}}