{"user_1_2117": {"weights": [1.0], "gauss": [0.014871350614878775, 0.0009960866663777312, 0.5], "max": [0.017437099839008874], "min": [0.012305601390748678], "raw_data_size": "9995"}}