{"user_1_1532": {"weights": [0.3182133617331068, 0.6817866382668932], "gauss": [0.39592901070558634, 0.00024353850838526491, 0.1591066808665534, 0.3582332254260632, 0.0007442241675434937, 0.3408933191334466], "max": [0.3965563243320277, 0.360150219845231], "min": [0.395301697079145, 0.35631623100689536], "raw_data_size": "30"}}