{"user_5_479": {"weights": [1.0], "gauss": [0.3248117292766461, 0.001382781089276196, 0.5], "max": [0.32837353732679697], "min": [0.3212499212264952], "raw_data_size": "9994"}}