{"user_2_1065": {"weights": [0.2951397598, 1e-06, 0.0087719288, 0.2551986772, 5.15422e-05, 0.0381240698, 0.1988374189, 0.0001545181, 0.105877914, 0.2132899124, 4.21268e-05, 0.170150834, 0.2305144834, 3.09581e-05, 0.1770752534], "gauss": [0.2951397598, 1e-06, 0.0087719288, 0.2551986772, 5.15422e-05, 0.0381240698, 0.1988374189, 0.0001545181, 0.105877914, 0.2132899124, 4.21268e-05, 0.170150834, 0.2305144834, 3.09581e-05, 0.1770752534], "max": [0.2951423356, 0.2553314413, 0.1992354312, 0.2133984237, 0.2305942263], "min": [0.2951371839, 0.2550659132, 0.1984394065, 0.2131814011, 0.2304347405], "raw_data_size": "57"}, "user_1_1065": {"weights": [1.0], "gauss": [0.2183957453, 0.0002808381, 0.5], "max": [0.2191191362], "min": [0.2176723543], "raw_data_size": "30"}, "user_3_1065": {"weights": [0.1935157153, 0.2376974083, 0.5687868764], "gauss": [0.2007545686, 8.34083e-05, 0.0967578576, 0.2210915577, 0.0001439581, 0.1188487041, 0.2312686497, 0.0002095546, 0.2843934382], "max": [0.2009694141, 0.2214623692, 0.2318084267], "min": [0.2005397232, 0.2207207462, 0.2307288727], "raw_data_size": "70"}}