{"user_2_1215": {"weights": [0.2381555082885884, 0.34185028474118, 0.4199942069702316], "gauss": [-0.7246382695587044, 0.0004166361962955879, 0.1190777541442942, -0.6782136955396734, 0.0001814468129406045, 0.17092514237059, -0.6430055791274413, 0.00017629807819943732, 0.2099971034851158], "max": [-0.723565085835367, -0.6777463195218654, -0.6425514653714558], "min": [-0.7257114532820417, -0.6786810715574814, -0.6434596928834267], "raw_data_size": "57"}}