{"user_3_590": {"weights": [0.026048015770918285, 2.7662704235923263e-05, 0.042897357228530525, 0.09714187391423174, 5.938691112664863e-05, 0.07432446598441265, 0.06618920207439356, 3.2054049921934616e-05, 0.1034760878282906, 0.05404400994212349, 4.153820317925652e-05, 0.10528374827372235, 0.08221379531418511, 2.72006570456658e-05, 0.17401834068504382], "gauss": [0.026048015770918285, 2.7662704235923263e-05, 0.042897357228530525, 0.09714187391423174, 5.938691112664863e-05, 0.07432446598441265, 0.06618920207439356, 3.2054049921934616e-05, 0.1034760878282906, 0.05404400994212349, 4.153820317925652e-05, 0.10528374827372235, 0.08221379531418511, 2.72006570456658e-05, 0.17401834068504382], "max": [0.026119270175104584, 0.09729484446015901, 0.0662717678354799, 0.054151005263089386, 0.08228385956367912], "min": [0.025976761366731986, 0.09698890336830446, 0.06610663631330722, 0.05393701462115759, 0.08214373106469111], "raw_data_size": "70"}}