{"user_6_3776": {"weights": 1, "gauss": [0.439595900361033, 0.001590666404832074, 0.5], "max": [0.44369318549877024], "min": [0.4354986152232958], "raw_data_size": "9993"}}