{"user_5_3776": {"weights": 1, "gauss": [0.4392644840291326, 0.0016510202512329808, 0.5], "max": [0.44351723037301116], "min": [0.43501173768525403], "raw_data_size": "9994"}}