{"user_3_1805": {"weights": [0.23326032035156108, 0.3012067467275045, 0.46553293292093445], "gauss": [0.2047381114045381, 0.0003655500363733054, 0.11663016017578054, 0.1419735883139218, 0.0002533297842976259, 0.15060337336375226, 0.12348769938805498, 0.00029832542848107115, 0.23276646646046723], "max": [0.2056797059001418, 0.14262612259577734, 0.1242561347687303], "min": [0.20379651690893438, 0.14132105403206624, 0.12271926400737966], "raw_data_size": "70"}}