{"user_1_1895": {"weights": [0.23558580230732792, 0.30458416242064873, 0.4598300352720233], "gauss": [0.43361247991985186, 0.00027937180370285377, 0.11779290115366396, 0.3506138873814652, 0.0005649538727012644, 0.15229208121032436, 0.39367180418793984, 0.0002380754736572278, 0.22991501763601166], "max": [0.434332093998415, 0.35206911212192255, 0.3942850459694424], "min": [0.4328928658412887, 0.34915866264100787, 0.3930585624064373], "raw_data_size": "30"}}