{"user_3_1912": {"weights": 1, "gauss": [-0.4542559043, 0.0009250583, 0.5], "max": [-0.451873112], "min": [-0.4566386966], "raw_data_size": "9991"}, "user_5_1912": {"weights": 1, "gauss": [-0.4548416033, 0.0009509308, 0.5], "max": [-0.4523921679], "min": [-0.4572910386], "raw_data_size": "9994"}, "user_4_1912": {"weights": 1, "gauss": [-0.4537624452, 0.0009335225, 0.5], "max": [-0.4513578507], "min": [-0.4561670398], "raw_data_size": "9996"}, "user_6_1912": {"weights": 1, "gauss": [-0.4540034526, 0.0009180488, 0.5], "max": [-0.4516387155], "min": [-0.4563681896], "raw_data_size": "9993"}, "user_1_1912": {"weights": 1, "gauss": [-0.4550966081, 0.0009299849, 0.5], "max": [-0.4527011258], "min": [-0.4574920904], "raw_data_size": "9995"}, "user_2_1912": {"weights": 1, "gauss": [-0.454052328, 0.0009120424, 0.5], "max": [-0.4517030623], "min": [-0.4564015936], "raw_data_size": "9991"}}