{"user_4_1655": {"weights": [1.0], "gauss": [0.2905129359, 0.0007329042, 0.5], "max": [0.2924007721], "min": [0.2886250998], "raw_data_size": "9996"}, "user_3_1655": {"weights": [1.0], "gauss": [0.2905324328, 0.0007012696, 0.5], "max": [0.2923387836], "min": [0.2887260821], "raw_data_size": "9991"}, "user_1_1655": {"weights": [1.0], "gauss": [0.2903816119, 0.0007364729, 0.5], "max": [0.2922786403], "min": [0.2884845835], "raw_data_size": "9995"}, "user_6_1655": {"weights": [1.0], "gauss": [0.2903068102, 0.0007063274, 0.5], "max": [0.2921261889], "min": [0.2884874314], "raw_data_size": "9993"}, "user_5_1655": {"weights": [1.0], "gauss": [0.2903298885, 0.0007377418, 0.5], "max": [0.2922301855], "min": [0.2884295916], "raw_data_size": "9994"}, "user_2_1655": {"weights": [1.0], "gauss": [0.2911343186, 0.000720193, 0.5], "max": [0.2929894128], "min": [0.2892792244], "raw_data_size": "9991"}}