{"user_1_3702": {"weights": [0.3925436876, 0.6074563124], "gauss": [0.3673545944, 0.0001068719, 0.1962718438, 0.3317615965, 0.0002464964, 0.3037281562], "max": [0.3676298782, 0.3323965291], "min": [0.3670793106, 0.331126664], "raw_data_size": "30"}, "user_2_3702": {"weights": [0.0707182138, 0.1537700743, 0.2358352674, 0.2694956017, 0.2701808427], "gauss": [0.4103470301, 9.71161e-05, 0.0353591069, 0.3741867, 3.38878e-05, 0.0768850371, 0.3558641586, 7.24396e-05, 0.1179176337, 0.3361534651, 3.52901e-05, 0.1347478009, 0.3170587649, 6.37946e-05, 0.1350904214], "max": [0.4105971846, 0.3742739893, 0.3560507507, 0.3362443665, 0.3172230887], "min": [0.4100968756, 0.3740994107, 0.3556775665, 0.3360625637, 0.316894441], "raw_data_size": "57"}, "user_3_3702": {"weights": [0.1458736884, 0.3982922958, 0.4558340158], "gauss": [0.3890108769, 0.0002922488, 0.0729368442, 0.3257358285, 0.0001875969, 0.1991461479, 0.3618641283, 9.58204e-05, 0.2279170079], "max": [0.38976366, 0.3262190461, 0.3621109453], "min": [0.3882580938, 0.3252526108, 0.3616173112], "raw_data_size": "70"}}