{"user_2_2786": {"weights": [0.2329031888124399, 5.02704108207842e-05, 0.052640549064795095, 0.26744964788187375, 4.627639959345242e-05, 0.07898589662790123, 0.3393672789364802, 0.0001697194306733003, 0.08350174343439866, 0.29910044596508534, 2.7077301504626172e-05, 0.11568473403637536, 0.31745239905256606, 5.005163804079515e-05, 0.16918707683652964], "gauss": [0.2329031888124399, 5.02704108207842e-05, 0.052640549064795095, 0.26744964788187375, 4.627639959345242e-05, 0.07898589662790123, 0.3393672789364802, 0.0001697194306733003, 0.08350174343439866, 0.29910044596508534, 2.7077301504626172e-05, 0.11568473403637536, 0.31745239905256606, 5.005163804079515e-05, 0.16918707683652964], "max": [0.23303267680973352, 0.2675688479880093, 0.3398044472193901, 0.29917019247176196, 0.31758132352852214], "min": [0.23277370081514628, 0.2673304477757382, 0.3389301106535703, 0.2990306994584087, 0.31732347457661], "raw_data_size": "57"}}