{"user_2_1397": {"weights": [0.06982401835289771, 0.1837894931689795, 0.3415733097727056, 0.40481317870541705], "gauss": [0.1948690133093435, 4.1296023547811696e-05, 0.034912009176448856, 0.2855831572381079, 0.0001646835768676903, 0.09189474658448975, 0.2293671080034485, 6.790686995787509e-05, 0.1707866548863528, 0.25471483783426613, 5.179302543969932e-05, 0.20240658935270853], "max": [0.194975384816918, 0.28600735402121696, 0.22954202450899827, 0.2548482478269132], "min": [0.194762641801769, 0.28515896045499883, 0.22919219149789874, 0.2545814278416191], "raw_data_size": "57"}}