{"user_3_3889": {"weights": [0.08584854927107294, 0.2151470664138587, 0.3258127959629515, 0.3731915883521169], "gauss": [0.40337935702451666, 0.00013636234593911067, 0.04292427463553647, 0.4933299233532978, 4.192376281650267e-05, 0.10757353320692935, 0.5288226698423367, 0.0002994892862516464, 0.16290639798147574, 0.4636192024508061, 0.00013088912960029686, 0.18659579417605845], "max": [0.4037306031510873, 0.49343791181007557, 0.5295941031219626, 0.4639563505063466], "min": [0.40302811089794605, 0.49322193489652, 0.5280512365627108, 0.46328205439526565], "raw_data_size": "70"}}