{"user_2_651": {"weights": [-0.0693763644, 1e-06, 0.0087719298, -0.0279493463, 2.51945e-05, 0.0525167297, 0.0691659125, 8.28908e-05, 0.0996202049, 0.0093588921, 7.06137e-05, 0.1352560715, 0.044277151, 4.82757e-05, 0.2038350641], "gauss": [-0.0693763644, 1e-06, 0.0087719298, -0.0279493463, 2.51945e-05, 0.0525167297, 0.0691659125, 8.28908e-05, 0.0996202049, 0.0093588921, 7.06137e-05, 0.1352560715, 0.044277151, 4.82757e-05, 0.2038350641], "max": [-0.0693737885, -0.0278844495, 0.069379425, 0.0095407811, 0.0444015009], "min": [-0.0693789402, -0.028014243, 0.0689523999, 0.0091770032, 0.044152801], "raw_data_size": "57"}, "user_3_651": {"weights": [-0.064678118, 3.71451e-05, 0.0211645093, 0.0855840462, 2.50119e-05, 0.0269485145, -0.0242625232, 0.0001434314, 0.0515860171, 0.0153189881, 0.000132374, 0.1453946063, 0.0500762099, 0.0001066623, 0.2549063527], "gauss": [-0.064678118, 3.71451e-05, 0.0211645093, 0.0855840462, 2.50119e-05, 0.0269485145, -0.0242625232, 0.0001434314, 0.0515860171, 0.0153189881, 0.000132374, 0.1453946063, 0.0500762099, 0.0001066623, 0.2549063527], "max": [-0.0645824387, 0.0856484724, -0.0238930685, 0.0156599609, 0.0503509539], "min": [-0.0647737974, 0.0855196199, -0.024631978, 0.0149780154, 0.049801466], "raw_data_size": "70"}, "user_1_651": {"weights": [0.0779444654, 1.8551e-06, 0.0499999731, 0.0660112283, 1.825e-06, 0.0665631895, -0.0190528531, 7.28125e-05, 0.066799641, 0.0097057142, 3.52902e-05, 0.1165216717, 0.0438650921, 3.88155e-05, 0.2001155247], "gauss": [0.0779444654, 1.8551e-06, 0.0499999731, 0.0660112283, 1.825e-06, 0.0665631895, -0.0190528531, 7.28125e-05, 0.066799641, 0.0097057142, 3.52902e-05, 0.1165216717, 0.0438650921, 3.88155e-05, 0.2001155247], "max": [0.0779492438, 0.0660159293, -0.0188653006, 0.0097966157, 0.0439650742], "min": [0.0779396871, 0.0660065273, -0.0192404056, 0.0096148127, 0.0437651101], "raw_data_size": "30"}}