{"user_1_3971": {"weights": 1, "gauss": [-0.23532461510585234, 0.00064492771142089, 0.5], "max": [-0.2336633914081037], "min": [-0.236985838803601], "raw_data_size": "9995"}}