{"user_1_637": {"weights": [0.2504071740860133, 0.2841599605047292, 0.46543286540925755], "gauss": [0.044004198875019156, 0.0002090279597929909, 0.12520358704300666, 0.08362972882920891, 0.00016985948889035912, 0.1420799802523646, 0.12447941539500773, 8.820017164700298e-05, 0.23271643270462877], "max": [0.04454261921911498, 0.08406725787817854, 0.12470660398171413], "min": [0.04346577853092333, 0.08319219978023928, 0.12425222680830134], "raw_data_size": "30"}}