{"user_6_3189": {"weights": [1.0], "gauss": [-0.0455523158, 0.0017540358, 0.5], "max": [-0.0410342191], "min": [-0.0500704126], "raw_data_size": "9993"}, "user_4_3189": {"weights": [1.0], "gauss": [-0.0445913512, 0.0017913752, 0.5], "max": [-0.0399770745], "min": [-0.049205628], "raw_data_size": "9996"}, "user_1_3189": {"weights": [1.0], "gauss": [-0.0450412885, 0.0017664834, 0.5], "max": [-0.0404911289], "min": [-0.0495914482], "raw_data_size": "9995"}, "user_3_3189": {"weights": [1.0], "gauss": [-0.0451943195, 0.0017881843, 0.5], "max": [-0.0405882619], "min": [-0.0498003771], "raw_data_size": "9991"}, "user_5_3189": {"weights": [1.0], "gauss": [-0.044802651, 0.001752785, 0.5], "max": [-0.040287776], "min": [-0.0493175261], "raw_data_size": "9994"}, "user_2_3189": {"weights": [1.0], "gauss": [-0.0456498358, 0.0017511495, 0.5], "max": [-0.0411391736], "min": [-0.050160498], "raw_data_size": "9991"}}