{"user_4_2025": {"weights": [1.0], "gauss": [0.1563940366, 0.0029421442, 0.5], "max": [0.1639724977], "min": [0.1488155754], "raw_data_size": "9996"}, "user_6_2025": {"weights": [1.0], "gauss": [0.1573851559, 0.0028969123, 0.5], "max": [0.1648471074], "min": [0.1499232043], "raw_data_size": "9993"}, "user_1_2025": {"weights": [1.0], "gauss": [0.1554890677, 0.003003561, 0.5], "max": [0.1632257282], "min": [0.1477524071], "raw_data_size": "9995"}, "user_5_2025": {"weights": [1.0], "gauss": [0.1567742262, 0.0028863634, 0.5], "max": [0.1642090055], "min": [0.1493394469], "raw_data_size": "9994"}, "user_3_2025": {"weights": [1.0], "gauss": [0.1564988864, 0.0029156541, 0.5], "max": [0.1640091137], "min": [0.1489886591], "raw_data_size": "9991"}, "user_2_2025": {"weights": [1.0], "gauss": [0.1559877315, 0.0028817353, 0.5], "max": [0.1634105898], "min": [0.1485648732], "raw_data_size": "9991"}}