{"user_1_1400": {"weights": [0.4686224222168643, 0.5313775777831357], "gauss": [0.2075004063866474, 0.00013877137893190155, 0.23431121110843214, 0.16182889575746895, 0.00021738106819711275, 0.26568878889156783], "max": [0.20785785777099408, 0.16238883228296783], "min": [0.20714295500230073, 0.16126895923197007], "raw_data_size": "30"}}