{"user_2_1648": {"weights": [0.0175438596, 0.1055180539, 0.2051094012, 0.2544501597, 0.4173785255], "gauss": [-0.0838733613, 1e-06, 0.0087719298, 0.038887249, 0.0002538901, 0.052759027, 0.0851744181, 0.0001123253, 0.1025547006, 0.2082596921, 0.0003751926, 0.1272250799, 0.1617237367, 0.0003807383, 0.2086892627], "max": [-0.0838707855, 0.0395412266, 0.085463749, 0.2092261242, 0.1627044537], "min": [-0.0838759372, 0.0382332714, 0.0848850873, 0.20729326, 0.1607430197], "raw_data_size": "57"}, "user_3_1648": {"weights": [0.1842541059, 0.3701222388, 0.4456236553], "gauss": [0.0306516434, 0.0024955435, 0.0921270529, 0.1313795427, 0.0005825555, 0.1850611194, 0.1906897615, 0.0008809709, 0.2228118277], "max": [0.0370797375, 0.1328801062, 0.1929589921], "min": [0.0242235492, 0.1298789793, 0.188420531], "raw_data_size": "70"}, "user_1_1648": {"weights": [0.0333197509, 0.100000041, 0.1664421428, 0.2393797096, 0.4608583557], "gauss": [0.0538377911, 1e-06, 0.0166598755, 0.0245630296, 3.30728e-05, 0.0500000205, 0.084689184, 6.49291e-05, 0.0832210714, 0.2031891837, 0.0003900163, 0.1196898548, 0.157351123, 0.0003287448, 0.2304291778], "max": [0.0538403669, 0.0246482194, 0.0848564302, 0.2041937993, 0.1581979136], "min": [0.0538352153, 0.0244778398, 0.0845219378, 0.2021845682, 0.1565043324], "raw_data_size": "30"}}