{"user_3_1114": {"weights": 1, "gauss": [-0.08371415782734383, 0.0036560775211288412, 0.5], "max": [-0.07429672621237374], "min": [-0.09313158944231392], "raw_data_size": "9991"}}