{"user_3_3244": {"weights": [-0.24523356578301314, 0.0003293325809687182, 0.06796192199195873, -0.3729285520490371, 0.0002536058391799924, 0.06884298100589373, -0.2770766481215893, 5.714426838759789e-05, 0.08916895446367838, -0.33834892026145696, 0.00014793599866531792, 0.11378580863854852, -0.30810445958999844, 7.72269497780188e-05, 0.16024033389992068], "gauss": [-0.24523356578301314, 0.0003293325809687182, 0.06796192199195873, -0.3729285520490371, 0.0002536058391799924, 0.06884298100589373, -0.2770766481215893, 5.714426838759789e-05, 0.08916895446367838, -0.33834892026145696, 0.00014793599866531792, 0.11378580863854852, -0.30810445958999844, 7.72269497780188e-05, 0.16024033389992068], "max": [-0.24438526127034052, -0.37227530669692616, -0.27692945424054666, -0.3379678623810451, -0.30790553614973654], "min": [-0.24608187029568576, -0.373581797401148, -0.2772238420026319, -0.33872997814186884, -0.30830338303026034], "raw_data_size": "70"}}