{"user_2_1153": {"weights": [0.0753744230230586, 0.10526392608423084, 0.21265087465079754, 0.27009404223073746, 0.3366167340111756], "gauss": [-0.043611758294601344, 4.48328811933899e-05, 0.0376872115115293, -0.08874457897971907, 6.579215208475379e-05, 0.05263196304211542, 0.03927026419821749, 8.098340798514853e-05, 0.10632543732539877, -0.018549218514083046, 3.792968560308461e-05, 0.13504702111536873, 0.006174639670665833, 4.89382861105579e-05, 0.1683083670055878], "max": [-0.043496276445460884, -0.08857510962643562, 0.03947886363360689, -0.018451518118432222, 0.006300696342094868], "min": [-0.043727240143741804, -0.08891404833300252, 0.03906166476282809, -0.01864691890973387, 0.006048582999236798], "raw_data_size": "57"}}