{"user_5_812": {"weights": [1.0], "gauss": [0.4672441963, 0.0016783018, 0.5], "max": [0.4715672154], "min": [0.4629211772], "raw_data_size": "9994"}, "user_1_812": {"weights": [1.0], "gauss": [0.4673898664, 0.0016259132, 0.5], "max": [0.4715779414], "min": [0.4632017915], "raw_data_size": "9995"}, "user_3_812": {"weights": [1.0], "gauss": [0.4664832049, 0.0016337514, 0.5], "max": [0.4706914696], "min": [0.4622749403], "raw_data_size": "9991"}, "user_2_812": {"weights": [1.0], "gauss": [0.4666654047, 0.0016559553, 0.5], "max": [0.4709308628], "min": [0.4623999466], "raw_data_size": "9991"}, "user_4_812": {"weights": [1.0], "gauss": [0.4666082851, 0.0016213496, 0.5], "max": [0.470784605], "min": [0.4624319652], "raw_data_size": "9996"}, "user_6_812": {"weights": [1.0], "gauss": [0.4659617534, 0.0016341975, 0.5], "max": [0.4701711672], "min": [0.4617523396], "raw_data_size": "9993"}}