{"user_4_3200": {"weights": 1, "gauss": [0.225780540630572, 0.001105073354502695, 0.5], "max": [0.22862702095967113], "min": [0.2229340603014729], "raw_data_size": "9996"}}