{"user_3_142": {"weights": [0.3002326475320235, 0.6997673524679765], "gauss": [0.2253318436708308, 0.0003888697953051194, 0.15011632376601175, 0.17783858551504397, 0.0005945825991089522, 0.34988367623398825], "max": [0.2263335058848428, 0.1793701287972091], "min": [0.22433018145681882, 0.17630704223287885], "raw_data_size": "70"}}