{"user_2_1303": {"weights": 1, "gauss": [0.1811467043, 0.0016213456, 0.5], "max": [0.1853230138], "min": [0.1769703947], "raw_data_size": "9991"}, "user_6_1303": {"weights": 1, "gauss": [0.1812865868, 0.00159116, 0.5], "max": [0.1853851434], "min": [0.1771880301], "raw_data_size": "9993"}, "user_5_1303": {"weights": 1, "gauss": [0.1809724707, 0.0016012175, 0.5], "max": [0.1850969336], "min": [0.1768480079], "raw_data_size": "9994"}, "user_1_1303": {"weights": 1, "gauss": [0.1804072035, 0.0016030466, 0.5], "max": [0.184536378], "min": [0.176278029], "raw_data_size": "9995"}, "user_3_1303": {"weights": 1, "gauss": [0.1806327216, 0.0016036679, 0.5], "max": [0.1847634964], "min": [0.1765019469], "raw_data_size": "9991"}, "user_4_1303": {"weights": 1, "gauss": [0.18093404, 0.0015922565, 0.5], "max": [0.185035421], "min": [0.1768326591], "raw_data_size": "9996"}}