{"user_3_2982": {"weights": [0.08386141511569059, 0.11448637410731592, 0.2351835796869402, 0.2590497066510079, 0.3074189244390455], "gauss": [0.2763201928147896, 6.776124703990094e-05, 0.041930707557845295, 0.17592812234324492, 0.00011097516176725758, 0.05724318705365796, 0.2041318524675755, 8.601872461067622e-05, 0.1175917898434701, 0.25415052631079366, 6.29361255380646e-05, 0.12952485332550395, 0.22912841199384112, 8.405472264339558e-05, 0.15370946221952275], "max": [0.27649473422056, 0.1762139754168911, 0.2043534220190816, 0.2543126390272064, 0.22934492261152767], "min": [0.2761456514090192, 0.17564226926959875, 0.2039102829160694, 0.2539884135943809, 0.22891190137615458], "raw_data_size": "70"}}