{"user_2_3326": {"weights": [0.052025051478008615, 0.05263422113342303, 0.20914522595891544, 0.27532336871516977, 0.4108721327144831], "gauss": [0.39116667820261697, 6.989696031660774e-06, 0.026012525739004307, 0.4347956882990782, 0.0001034956721088488, 0.026317110566711516, 0.3095206461898161, 0.0003855020994174692, 0.10457261297945772, 0.3615797249099162, 6.936313258115622e-05, 0.13766168435758488, 0.3295010302363893, 0.0001264460944130481, 0.20543606635724154], "max": [0.3911846824664782, 0.43506227548408666, 0.31051363379407526, 0.36175839249940467, 0.32982673379169775], "min": [0.39114867393875574, 0.4345291011140698, 0.308527658585557, 0.3614010573204277, 0.3291753266810809], "raw_data_size": "57"}}