{"user_3_764": {"weights": [0.11075081745969247, 0.11613029402847802, 0.1671744202107154, 0.21783020725544375, 0.38811426104567026], "gauss": [0.03779288353917062, 0.0001691415415520928, 0.05537540872984623, 0.18262535431155444, 5.555386754451424e-05, 0.05806514701423901, 0.08769552910958249, 0.00015350686787669342, 0.0835872101053577, 0.11552738847434403, 0.00024582909760077494, 0.10891510362772187, 0.1458831574150456, 0.0001154126116088516, 0.19405713052283513], "max": [0.038228563278347935, 0.18276845159150107, 0.08809093659815528, 0.11616060226760909, 0.14618044060202678], "min": [0.0373572037999933, 0.1824822570316078, 0.0873001216210097, 0.11489417468107897, 0.1455858742280644], "raw_data_size": "70"}}