{"user_1_1604": {"weights": [0.12814583282035383, 0.8718541671796463], "gauss": [-0.16191484592472632, 0.00011626009620480004, 0.06407291641017691, -0.0919180414351081, 0.0003983249083429505, 0.43592708358982313], "max": [-0.1616153797620886, -0.09089202446386489], "min": [-0.16221431208736406, -0.0929440584063513], "raw_data_size": "30"}}