{"user_3_1604": {"weights": [-0.1704728360773533, 0.0005903792235637276, 0.028665737042638886, -0.14128441930124555, 0.00015838948573901234, 0.10540196741141496, -0.0657042976855846, 4.6855054296111035e-05, 0.11601958744448762, -0.0857325000184826, 3.991821914244874e-05, 0.12270060972753179, -0.10632980248566204, 3.5890159652078975e-05, 0.12721209837392677], "gauss": [-0.1704728360773533, 0.0005903792235637276, 0.028665737042638886, -0.14128441930124555, 0.00015838948573901234, 0.10540196741141496, -0.0657042976855846, 4.6855054296111035e-05, 0.11601958744448762, -0.0857325000184826, 3.991821914244874e-05, 0.12270060972753179, -0.10632980248566204, 3.5890159652078975e-05, 0.12721209837392677], "max": [-0.1689521199730914, -0.14087643502250496, -0.0655836070637093, -0.08562967749987, -0.10623735556072117], "min": [-0.17199355218161522, -0.14169240357998614, -0.06582498830745989, -0.0858353225370952, -0.10642224941060291], "raw_data_size": "70"}}