{"user_2_744": {"weights": [0.473125731019335, 0.5268742689806649], "gauss": [0.21916948133667424, 0.0003722778789623228, 0.2365628655096675, 0.1839609797529001, 0.00031656182219753123, 0.26343713449033246], "max": [0.22012840560636843, 0.18477638897090135], "min": [0.21821055706698006, 0.18314557053489885], "raw_data_size": "57"}}