{"user_2_1194": {"weights": [0.1191579294077629, 0.28285540421979954, 0.29236998535721176, 0.3056166810152257], "gauss": [-1.1058243592529193, 0.004560366339991655, 0.05957896470388145, -0.8860069107657679, 0.0006891671768954601, 0.14142770210989977, -0.9553869255258957, 0.0010184544135483909, 0.14618499267860588, -0.8153414333028668, 0.0012498141043568434, 0.15280834050761286], "max": [-1.0940776339994507, -0.8842317337564765, -0.9527635608031491, -0.8121221255088757], "min": [-1.117571084506388, -0.8877820877750593, -0.9580102902486423, -0.8185607410968578], "raw_data_size": "57"}}