{"user_1_1194": {"weights": [0.10027507262516339, 0.2504946358342483, 0.26022456045649583, 0.3890057310840924], "gauss": [-1.1076507514491845, 0.001279499791838472, 0.05013753631258169, -0.949752847166856, 0.0006156816860593818, 0.12524731791712415, -0.8903363898166243, 0.001096064597769868, 0.13011228022824792, -0.842491704093179, 0.0012466272872721773, 0.1945028655420462], "max": [-1.1043549783914821, -0.9481669562382459, -0.8875131145071061, -0.8392806049960196], "min": [-1.1109465245068868, -0.9513387380954662, -0.8931596651261425, -0.8457028031903383], "raw_data_size": "30"}}