{"user_3_736": {"weights": 1, "gauss": [-0.2640054551175024, 0.0007773407806063438, 0.5], "max": [-0.262003157955973], "min": [-0.2660077522790318], "raw_data_size": "9991"}}