{"user_4_1288": {"weights": [1.0], "gauss": [-0.12067916808858846, 0.001483122006265532, 0.5], "max": [-0.11685889896411146], "min": [-0.12449943721306546], "raw_data_size": "9996"}}