{"user_3_1992": {"weights": 1, "gauss": [0.3316803478453462, 0.0014401591568889555, 0.5], "max": [0.3353899520034351], "min": [0.32797074368725737], "raw_data_size": "9991"}}