{"user_3_1186": {"weights": [1.0], "gauss": [-0.07139207807328997, 0.00203314466505559, 0.5], "max": [-0.06615504446668566], "min": [-0.07662911167989428], "raw_data_size": "9991"}}