{"user_2_2783": {"weights": [0.06994270938805505, 0.1899896676854514, 0.19987910634786663, 0.2279182714848915, 0.3122702450937354], "gauss": [-0.14870137558756163, 0.00024211645780220889, 0.034971354694027526, -0.0585375633613054, 6.995888174988972e-05, 0.0949948338427257, -0.08109649207403084, 0.00015777351859833595, 0.09993955317393331, -0.014110909470477863, 0.0006286883500729549, 0.11395913574244575, 0.03512342946041208, 0.0006059452828273039, 0.1561351225468677], "max": [-0.14807772492068325, -0.058357361223650525, -0.08069009442150123, -0.012491515595560136, 0.036684241076265875], "min": [-0.14932502625444002, -0.05871776549896028, -0.08150288972656046, -0.015730303345395588, 0.03356261784455829], "raw_data_size": "57"}}