{"user_6_3465": {"weights": [1.0], "gauss": [-0.12738830468318244, 0.0021621320392638107, 0.5], "max": [-0.12181902161830477], "min": [-0.1329575877480601], "raw_data_size": "9993"}}