{"user_6_572": {"weights": 1, "gauss": [0.30823967149811327, 0.0012520978886678819, 0.5], "max": [0.3114648619306557], "min": [0.30501448106557083], "raw_data_size": "9993"}}