{"user_1_3321": {"weights": [0.06751351348841626, 8.02175780627895e-06, 0.055448767348779605, 0.16860405262203376, 0.00020155938776358112, 0.06689148749859307, 0.048645381508077436, 0.00015214675500375483, 0.09457258653198646, 0.08553922257971802, 5.288126571909065e-06, 0.13813771745547504, 0.10520200847925473, 0.00013578523622526862, 0.14494944116516587], "gauss": [0.06751351348841626, 8.02175780627895e-06, 0.055448767348779605, 0.16860405262203376, 0.00020155938776358112, 0.06689148749859307, 0.048645381508077436, 0.00015214675500375483, 0.09457258653198646, 0.08553922257971802, 5.288126571909065e-06, 0.13813771745547504, 0.10520200847925473, 0.00013578523622526862, 0.14494944116516587], "max": [0.06753417616723965, 0.16912323519944056, 0.049037285578055985, 0.08555284389110282, 0.10555176806971309], "min": [0.06749285080959287, 0.16808487004462697, 0.048253477438098887, 0.08552560126833322, 0.10485224888879638], "raw_data_size": "30"}}