{"user_2_3321": {"weights": [0.128640333886908, 0.13048199943366795, 0.2880997248324864, 0.45277794184693776], "gauss": [0.15971218489426253, 0.0014164374702163782, 0.064320166943454, 0.1312881544032178, 0.0005427294183107657, 0.06524099971683398, 0.05815366291634287, 0.00022914399232315083, 0.1440498624162432, 0.08828594943132868, 0.00012816277745694268, 0.22638897092346888], "max": [0.16336068603669054, 0.13268613274280072, 0.05874389872650103, 0.0886160748691265], "min": [0.15606368375183452, 0.1298901760636349, 0.057563427106184714, 0.08795582399353087], "raw_data_size": "57"}}