{"user_4_778": {"weights": 1, "gauss": [0.5401415201424835, 0.0013636224368951666, 0.5], "max": [0.5436539787744148], "min": [0.5366290615105522], "raw_data_size": "9996"}}