{"user_1_219": {"weights": 1, "gauss": [-0.090322790704349, 0.002788265173969546, 0.5], "max": [-0.08314069556317337], "min": [-0.09750488584552462], "raw_data_size": "9995"}}