{"user_1_1941": {"weights": [-0.138345801, 7.87486e-05, 0.0497415884, -0.0223055026, 7.72358e-05, 0.0688301846, -0.1024867402, 6.13276e-05, 0.0811069917, -0.0482765061, 3.87108e-05, 0.1301136745, -0.0780673358, 4.6487e-05, 0.1702075607], "gauss": [-0.138345801, 7.87486e-05, 0.0497415884, -0.0223055026, 7.72358e-05, 0.0688301846, -0.1024867402, 6.13276e-05, 0.0811069917, -0.0482765061, 3.87108e-05, 0.1301136745, -0.0780673358, 4.6487e-05, 0.1702075607], "max": [-0.1381429579, -0.0221065563, -0.1023287709, -0.0481767936, -0.0779475931], "min": [-0.138548644, -0.0225044489, -0.1026447096, -0.0483762186, -0.0781870784], "raw_data_size": "30"}, "user_2_1941": {"weights": [-0.008454377, 3.15327e-05, 0.0349515702, -0.1411664026, 0.0002474804, 0.0547510534, -0.1008709602, 0.0001265582, 0.1145172465, -0.0399413642, 7.04845e-05, 0.1247465457, -0.0711814835, 9.99072e-05, 0.1710335842], "gauss": [-0.008454377, 3.15327e-05, 0.0349515702, -0.1411664026, 0.0002474804, 0.0547510534, -0.1008709602, 0.0001265582, 0.1145172465, -0.0399413642, 7.04845e-05, 0.1247465457, -0.0711814835, 9.99072e-05, 0.1710335842], "max": [-0.0083731543, -0.1405289354, -0.1005449679, -0.039759808, -0.0709241397], "min": [-0.0085355998, -0.1418038698, -0.1011969526, -0.0401229203, -0.0714388274], "raw_data_size": "57"}, "user_3_1941": {"weights": [0.1011747512, 0.2473697447, 0.6514555041], "gauss": [-0.0163136966, 0.000137407, 0.0505873756, -0.1157415745, 0.0009923841, 0.1236848723, -0.0718094831, 0.0002850596, 0.325727752], "max": [-0.0159597595, -0.1131853625, -0.0710752184], "min": [-0.0166676336, -0.1182977864, -0.0725437479], "raw_data_size": "70"}}