{"user_6_696": {"weights": [1.0], "gauss": [0.13026523703326873, 0.000707243477699868, 0.5], "max": [0.13208697550787188], "min": [0.12844349855866558], "raw_data_size": "9993"}}