{"user_1_696": {"weights": [1.0], "gauss": [0.1303689706462447, 0.0007127569112588263, 0.5], "max": [0.1322049107845722], "min": [0.1285330305079172], "raw_data_size": "9995"}}