{"user_1_3970": {"weights": [0.0871896988909929, 0.1667331696478786, 0.7460771314611284], "gauss": [0.04543963223204168, 0.0002447267951429039, 0.04359484944549645, -0.0694989226720066, 0.00022787677896143354, 0.0833665848239393, -0.0014637840429254077, 0.00018955520844662934, 0.3730385657305642], "max": [0.04607000668233438, -0.0689119509871594, -0.0009755221823682598], "min": [0.044809257781748976, -0.07008589435685379, -0.0019520459034825556], "raw_data_size": "30"}}