{"user_3_1907": {"weights": 1, "gauss": [-0.46817680156269126, 0.002403697935489834, 0.5], "max": [-0.4619852859835766], "min": [-0.47436831714180594], "raw_data_size": "9991"}}