{"user_2_2881": {"weights": 1, "gauss": [0.43658240722326536, 0.0005929345421493416, 0.5], "max": [0.43810970539202], "min": [0.4350551090545107], "raw_data_size": "9991"}}