{"user_2_3822": {"weights": [0.133673982915375, 0.3302986956656187, 0.5360273214190063], "gauss": [-0.0889639279750955, 0.00341731307124215, 0.0668369914576875, 0.021078002009273285, 0.000527234929225405, 0.16514934783280935, -0.03454945933400116, 0.0008268802561141609, 0.26801366070950317], "max": [-0.08016151282678928, 0.022436069189826616, -0.03241955693977628], "min": [-0.09776634312340172, 0.019719934828719955, -0.036679361728226036], "raw_data_size": "57"}}