{"user_5_3312": {"weights": [1.0], "gauss": [-0.2887150854558782, 0.0009035936001766516, 0.5], "max": [-0.28638758258204394], "min": [-0.29104258832971247], "raw_data_size": "9994"}}