{"user_5_3847": {"weights": 1, "gauss": [-0.11754229234416516, 0.001070054268800544, 0.5], "max": [-0.11478601520220112], "min": [-0.1202985694861292], "raw_data_size": "9994"}}