{"user_3_2282": {"weights": 1, "gauss": [0.6727302150281432, 0.0023597152093059173, 0.5], "max": [0.6788084386123034], "min": [0.666651991443983], "raw_data_size": "9991"}}