{"user_4_2282": {"weights": 1, "gauss": [0.6721279659378352, 0.0023782808993684504, 0.5], "max": [0.678254011570499], "min": [0.6660019203051714], "raw_data_size": "9996"}}