{"user_5_2282": {"weights": 1, "gauss": [0.6726215340227698, 0.0024044780177146776, 0.5], "max": [0.6788150589605384], "min": [0.6664280090850012], "raw_data_size": "9994"}}