{"user_2_1272": {"weights": [0.17973183102121118, 0.2451328639344105, 0.24926999406241854, 0.32586531098195987], "gauss": [-0.07067013858938126, 0.0002599471199422079, 0.08986591551060559, -0.009594598201483832, 0.00019746744933276167, 0.12256643196720525, -0.03215495356533836, 0.00010401376720379214, 0.12463499703120927, 0.015367764363428594, 0.0002944172658936819, 0.16293265549097993], "max": [-0.07000055918046098, -0.009085955758995448, -0.03188703185580232, 0.016126132984388288], "min": [-0.07133971799830154, -0.010103240643972217, -0.0324228752748744, 0.0146093957424689], "raw_data_size": "57"}}