{"user_2_3400": {"weights": [1.0], "gauss": [0.4787019047387237, 0.0007373970561853617, 0.5], "max": [0.4806013136843967], "min": [0.47680249579305073], "raw_data_size": "9991"}}