{"user_6_3400": {"weights": 1, "gauss": [0.47979436191401087, 0.0007141460757909547, 0.5], "max": [0.48163388030304766], "min": [0.4779548435249741], "raw_data_size": "9993"}}