{"user_5_3433": {"weights": 1, "gauss": [0.798287501185533, 0.0009480552251105158, 0.5], "max": [0.8007295296157554], "min": [0.7958454727553107], "raw_data_size": "9994"}}