{"user_3_3527": {"weights": [0.20197456727399143, 0.22511308525768145, 0.5729123474683272], "gauss": [-0.5905617302698782, 0.00038186541623399974, 0.10098728363699572, -0.6541044880547437, 0.0015838284266075076, 0.11255654262884073, -0.630911592212968, 0.0002636874743174024, 0.2864561737341636], "max": [-0.5895781101407308, -0.6500248163816944, -0.6302323782896424], "min": [-0.5915453503990257, -0.6581841597277931, -0.6315908061362936], "raw_data_size": "70"}}