{"user_2_4025": {"weights": 1, "gauss": [0.5348290681187213, 0.0011867366449531947, 0.5], "max": [0.5378858991443871], "min": [0.5317722370930555], "raw_data_size": "9991"}}