{"user_5_3129": {"weights": 1, "gauss": [0.6088998327804803, 0.006435899881268552, 0.5], "max": [0.6254776122893587], "min": [0.5923220532716019], "raw_data_size": "9994"}}