{"user_3_371": {"weights": 1, "gauss": [0.09422917953763257, 0.0008352808795596818, 0.5], "max": [0.0963807205038965], "min": [0.09207763857136865], "raw_data_size": "9991"}}