{"user_3_1142": {"weights": 1, "gauss": [0.3430109443265197, 0.0010785265373619974, 0.5], "max": [0.34578904458611187], "min": [0.3402328440669275], "raw_data_size": "9991"}}