{"user_6_1899": {"weights": 1, "gauss": [0.15565079044401856, 0.000656582969573177, 0.5], "max": [0.1573420360972563], "min": [0.1539595447907808], "raw_data_size": "9993"}}