{"user_4_3602": {"weights": 1, "gauss": [0.04919448000268386, 0.0014453928300186137, 0.5], "max": [0.05291756520938528], "min": [0.04547139479598244], "raw_data_size": "9996"}}