{"user_3_3602": {"weights": [1.0], "gauss": [0.04943821060406397, 0.0015096378290985924, 0.5], "max": [0.05332677996200207], "min": [0.045549641246125865], "raw_data_size": "9991"}}