{"user_1_3805": {"weights": [0.1206584548026482, 0.12363600650014271, 0.3662634900975763, 0.38944204859963283], "gauss": [-0.22553666984135998, 3.4770893792993414e-05, 0.0603292274013241, -0.15102773357313307, 8.907756403048788e-05, 0.061818003250071356, -0.18920262178443423, 0.00024850056808008766, 0.18313174504878815, -0.26897772291234284, 0.0003924104150259529, 0.19472102429981641], "max": [-0.2254471059542174, -0.15079828497341458, -0.188562526739225, -0.2679669406663012], "min": [-0.22562623372850255, -0.15125718217285156, -0.18984271682964346, -0.26998850515838446], "raw_data_size": "30"}}