{"user_3_3817": {"weights": [0.13002893047885553, 0.13200723782664806, 0.3243990910479602, 0.41356474064653614], "gauss": [-0.4603813398951827, 0.0002633003073965458, 0.06501446523942776, -0.3210443868803852, 0.0002735673788631089, 0.06600361891332403, -0.4026783159204288, 0.00019391286275069374, 0.1621995455239801, -0.3739378845272025, 0.0002059542484196254, 0.20678237032326807], "max": [-0.45970312324775725, -0.3203397240094146, -0.4021788294862205, -0.3734073815389328], "min": [-0.46105955654260816, -0.3217490497513559, -0.40317780235463707, -0.3744683875154722], "raw_data_size": "70"}}