{"user_6_3955": {"weights": 1, "gauss": [0.38663482849892133, 0.0007114869455162588, 0.5], "max": [0.3884674974222746], "min": [0.38480215957556807], "raw_data_size": "9993"}}