{"user_2_3550": {"weights": 1, "gauss": [0.03999753145144808, 0.001208406784763474, 0.5], "max": [0.043110181058249146], "min": [0.03688488184464702], "raw_data_size": "9991"}}