{"user_1_3550": {"weights": 1, "gauss": [0.039610672157513405, 0.0012200554022759474, 0.5], "max": [0.04275332661464893], "min": [0.03646801770037788], "raw_data_size": "9995"}}