{"user_4_1115": {"weights": 1, "gauss": [0.3908622617055037, 0.0010665287247677002, 0.5], "max": [0.393609457647837], "min": [0.3881150657631704], "raw_data_size": "9996"}}