{"user_2_1115": {"weights": [1.0], "gauss": [0.39114844649477853, 0.0010874409846315092, 0.5], "max": [0.3939495088488724], "min": [0.38834738414068465], "raw_data_size": "9991"}}