{"user_2_2729": {"weights": [0.017543859541156826, 0.13293264811808794, 0.31088268607079356, 0.5386408062699617], "gauss": [0.3632881045341484, 1.0000000003053113e-06, 0.008771929770578413, 0.3083511337869721, 2.3268171624956202e-05, 0.06646632405904397, 0.2198391382065893, 0.0003565789830284942, 0.15544134303539678, 0.2637801156355024, 0.0002601303720043681, 0.26932040313498085], "max": [0.36329068036345274, 0.30841106862528367, 0.22075762480010375, 0.2644501670704543], "min": [0.36328552870484404, 0.3082911989486605, 0.21892065161307483, 0.2631100642005505], "raw_data_size": "57"}}