{"user_6_2804": {"weights": 1, "gauss": [-0.08940302040098136, 0.00190637567155802, 0.5], "max": [-0.0844925220826095], "min": [-0.09431351871935321], "raw_data_size": "9993"}}