{"user_2_2245": {"weights": 1, "gauss": [0.2561558877, 0.0043345851, 0.5], "max": [0.2673210391], "min": [0.2449907363], "raw_data_size": "9991"}, "user_4_2245": {"weights": 1, "gauss": [0.2564244066, 0.0043114657, 0.5], "max": [0.2675300064], "min": [0.2453188069], "raw_data_size": "9996"}, "user_3_2245": {"weights": 1, "gauss": [0.2568586761, 0.00436056, 0.5], "max": [0.2680907343], "min": [0.2456266178], "raw_data_size": "9991"}, "user_6_2245": {"weights": 1, "gauss": [0.2572918435, 0.0043364089, 0.5], "max": [0.2684616927], "min": [0.2461219943], "raw_data_size": "9993"}, "user_1_2245": {"weights": 1, "gauss": [0.2564010453, 0.0044313691, 0.5], "max": [0.2678154956], "min": [0.244986595], "raw_data_size": "9995"}, "user_5_2245": {"weights": 1, "gauss": [0.2576515743, 0.0042424817, 0.5], "max": [0.268579483], "min": [0.2467236655], "raw_data_size": "9994"}}