{"user_3_2628": {"weights": [0.0728351447, 0.2869444561, 0.295342942, 0.3448774573], "gauss": [0.2000918246, 0.0001976673, 0.0364175723, 0.2764928584, 3.35012e-05, 0.143472228, 0.3123863027, 0.0001474335, 0.147671471, 0.2456509639, 0.000156589, 0.1724387286], "max": [0.2006009818, 0.2765791518, 0.3127660661, 0.2460543105], "min": [0.1995826674, 0.276406565, 0.3120065392, 0.2452476173], "raw_data_size": "70"}, "user_1_2628": {"weights": [0.0333319315, 0.2107445974, 0.2412188154, 0.5147046557], "gauss": [0.3482201993, 1e-06, 0.0166659658, 0.240773973, 0.0002083152, 0.1053722987, 0.2725669416, 1.15737e-05, 0.1206094077, 0.2989174704, 0.0001169006, 0.2573523279], "max": [0.3482227752, 0.2413105573, 0.2725967535, 0.2992185864], "min": [0.3482176235, 0.2402373887, 0.2725371297, 0.2986163543], "raw_data_size": "30"}, "user_2_2628": {"weights": [0.1119794063, 0.3790563714, 0.5089642223], "gauss": [0.2279279039, 0.0004027878, 0.0559897031, 0.2726263109, 0.0002952363, 0.1895281857, 0.2976291628, 0.0005070086, 0.2544821112], "max": [0.2289654166, 0.2733867891, 0.2989351305], "min": [0.2268903912, 0.2718658326, 0.2963231952], "raw_data_size": "57"}}