{"user_4_475": {"weights": 1, "gauss": [0.08406167318376312, 0.0017683062704414259, 0.5], "max": [0.08861652829281541], "min": [0.07950681807471083], "raw_data_size": "9996"}}