{"user_3_871": {"weights": [0.1344500261827824, 0.2525767101861884, 0.30569399530044516, 0.3072792683305841], "gauss": [0.03795174524801808, 8.984312615919205e-06, 0.0672250130913912, 0.05394689274796107, 0.0004475118615810146, 0.1262883550930942, -0.02263538204814004, 0.0007058024007213672, 0.15284699765022258, 0.010969460955538213, 8.352273399946966e-05, 0.15363963416529205], "max": [0.03797488730372641, 0.05509960691470717, -0.02081735554184678, 0.011184601261286568], "min": [0.03792860319230975, 0.052794178581214976, -0.0244534085544333, 0.010754320649789859], "raw_data_size": "70"}}