{"user_3_3190": {"weights": [1.0], "gauss": [0.44059731743579583, 0.0014835482462814953, 0.5], "max": [0.4444186844817963], "min": [0.4367759503897954], "raw_data_size": "9991"}}