{"user_3_23": {"weights": [1.0], "gauss": [0.13821400861990374, 0.0014111147989893855, 0.5], "max": [0.1418487994698121], "min": [0.13457921776999537], "raw_data_size": "9991"}}