{"user_2_2439": {"weights": [0.12250717605722528, 0.17169388310507502, 0.7057989408376998], "gauss": [0.15632918579662194, 0.0002452279151659878, 0.06125358802861264, 0.18853035594238007, 0.00017056943809384728, 0.08584694155253751, 0.21881894196809423, 0.0001999249456222017, 0.3528994704188499], "max": [0.1569608510465547, 0.18896971369931206, 0.21933391450153833], "min": [0.1556975205466892, 0.18809099818544808, 0.21830396943465014], "raw_data_size": "57"}}