{"user_2_4094": {"weights": [0.0897746892, 0.441149265, 0.4690760458], "gauss": [-0.1035351353, 0.0003463147, 0.0448873446, 0.0562436578, 0.0005602266, 0.2205746325, -0.0092089981, 0.0007119661, 0.2345380229], "max": [-0.1026430877, 0.0576867058, -0.0073750948], "min": [-0.1044271829, 0.0548006098, -0.0110429013], "raw_data_size": "57"}, "user_3_4094": {"weights": [0.1275707991, 1.4211e-05, 0.0357142854, -0.0848253591, 0.0005718034, 0.0599552737, -0.0272283938, 9.3565e-05, 0.1194922458, 0.0075118407, 0.000151611, 0.1253820948, 0.0492976995, 0.000136369, 0.1594561004], "gauss": [0.1275707991, 1.4211e-05, 0.0357142854, -0.0848253591, 0.0005718034, 0.0599552737, -0.0272283938, 9.3565e-05, 0.1194922458, 0.0075118407, 0.000151611, 0.1253820948, 0.0492976995, 0.000136369, 0.1594561004], "max": [0.1276074041, -0.0833524911, -0.0269873863, 0.0079023648, 0.0496489628], "min": [0.127534194, -0.0862982272, -0.0274694013, 0.0071213166, 0.0489464361], "raw_data_size": "70"}, "user_1_4094": {"weights": [0.1000853786, 0.184273371, 0.2892488257, 0.4263924247], "gauss": [-0.1077181015, 0.0003937892, 0.0500426893, -0.0247772675, 6.70553e-05, 0.0921366855, 0.0030176757, 8.86479e-05, 0.1446244129, 0.0574259787, 0.0004577503, 0.2131962123], "max": [-0.1067037677, -0.0246045447, 0.0032460176, 0.0586050653], "min": [-0.1087324354, -0.0249499904, 0.0027893338, 0.0562468922], "raw_data_size": "30"}}