{"user_2_4065": {"weights": [1.0], "gauss": [-0.1383759961586078, 0.0009267634200888487, 0.5], "max": [-0.13598881178368574], "min": [-0.14076318053352985], "raw_data_size": "9991"}}