{"user_5_4065": {"weights": [1.0], "gauss": [-0.1379807572811842, 0.000969520225901999, 0.5], "max": [-0.13548343867292248], "min": [-0.1404780758894459], "raw_data_size": "9994"}}