{"user_3_1936": {"weights": [0.10714713086725519, 0.20502116519519722, 0.3351810505490284, 0.35265065338851925], "gauss": [0.14962645861416551, 0.0006838164122317758, 0.053573565433627596, 0.250222780661649, 3.33594501822344e-05, 0.10251058259759861, 0.22353475083848662, 9.079989776814606e-05, 0.1675905252745142, 0.1912512679127028, 0.00022220026039511992, 0.17632532669425963], "max": [0.1513878529670398, 0.2503087089109787, 0.22376863587591705, 0.19182361785468474], "min": [0.14786506426129123, 0.2501368524123193, 0.22330086580105618, 0.19067891797072087], "raw_data_size": "70"}}