{"user_6_2291": {"weights": [1.0], "gauss": [0.10416598043534689, 0.0007155125581037235, 0.5], "max": [0.1060090186495677], "min": [0.10232294222112608], "raw_data_size": "9993"}}