{"user_1_2838": {"weights": 1, "gauss": [0.0961585224199825, 0.0012838699453320563, 0.5], "max": [0.09946555224711454], "min": [0.09285149259285047], "raw_data_size": "9995"}}