{"user_2_729": {"weights": 1, "gauss": [-0.12255312876706549, 0.001609988370104111, 0.5], "max": [-0.1184060735449784], "min": [-0.1267001839891526], "raw_data_size": "9991"}}