{"user_5_729": {"weights": [1.0], "gauss": [-0.12119402779289151, 0.0015820208630276378, 0.5], "max": [-0.1171190120950792], "min": [-0.12526904349070384], "raw_data_size": "9994"}}