{"user_1_699": {"weights": [0.1430705145, 0.3033711973, 0.5535582881], "gauss": [-0.059500657, 0.0016934479, 0.0715352573, 0.0597413742, 0.0001477323, 0.1516855987, 0.0247521836, 0.0001407188, 0.2767791441], "max": [-0.0551386242, 0.0601219075, 0.0251146511], "min": [-0.0638626898, 0.0593608409, 0.024389716], "raw_data_size": "30"}, "user_3_699": {"weights": [0.1452673155, 0.1828353391, 0.2965735216, 0.3753238237], "gauss": [-0.0548379736, 0.0004260775, 0.0726336578, 0.0666495715, 0.000186691, 0.0914176696, 0.0364501106, 9.09593e-05, 0.1482867608, 0.0062234617, 0.0001274992, 0.1876619119], "max": [-0.0537404709, 0.0671304556, 0.0366844061, 0.0065518779], "min": [-0.0559354764, 0.0661686875, 0.036215815, 0.0058950455], "raw_data_size": "70"}, "user_2_699": {"weights": [0.0355693996, 0.1064077852, 0.4075219806, 0.4505008346], "gauss": [-0.0977620094, 0.0003202539, 0.0177846998, -0.0365067796, 0.0002535172, 0.0532038926, 0.0498710744, 0.0003068091, 0.2037609903, 0.017386738, 0.0001912993, 0.2252504173], "max": [-0.09693709, -0.0358537627, 0.0506613622, 0.0178794923], "min": [-0.0985869287, -0.0371597966, 0.0490807865, 0.0168939837], "raw_data_size": "57"}}