{"user_4_2690": {"weights": 1, "gauss": [0.3574150873986418, 0.0011773131032951623, 0.5], "max": [0.36044764498956156], "min": [0.35438252980772206], "raw_data_size": "9996"}}