{"user_1_321": {"weights": [0.016998380422592062, 1.0000000000006505e-06, 0.016666630254658015, -0.06094439200864137, 1.089061860652736e-05, 0.06491509228766, -0.08523768435110472, 6.015180486320908e-06, 0.09999999994707935, -0.04747684068506365, 1.5767892348457445e-05, 0.15170406030167716, -0.01827989927122914, 4.6390369744675274e-05, 0.16671421720892549], "gauss": [0.016998380422592062, 1.0000000000006505e-06, 0.016666630254658015, -0.06094439200864137, 1.089061860652736e-05, 0.06491509228766, -0.08523768435110472, 6.015180486320908e-06, 0.09999999994707935, -0.04747684068506365, 1.5767892348457445e-05, 0.15170406030167716, -0.01827989927122914, 4.6390369744675274e-05, 0.16671421720892549], "max": [0.017000956251895613, -0.060916339634100904, -0.08522219027294192, -0.04743622528589729, -0.018160405597438336], "min": [0.016995804593288512, -0.06097244438318184, -0.08525317842926752, -0.04751745608423001, -0.01839939294501994], "raw_data_size": "30"}}