{"user_2_321": {"weights": [0.07884638671865005, 0.2006720598781627, 0.3477748321419861, 0.372706721261201], "gauss": [0.004645081387295993, 8.721914809070407e-05, 0.03942319335932502, -0.08674364397799962, 0.00015759905679370027, 0.10033602993908135, -0.020199588410731266, 5.654600952044575e-05, 0.17388741607099306, -0.050906306929569316, 5.940776693404829e-05, 0.1863533606306005], "max": [0.0048697430247785995, -0.08633769570929874, -0.020053935542409747, -0.05075328266264219], "min": [0.004420419749813386, -0.0871495922467005, -0.020345241279052784, -0.051059331196496444], "raw_data_size": "57"}}