{"user_4_2232": {"weights": [1.0], "gauss": [0.016589404294754053, 0.0007229394354061889, 0.5], "max": [0.018451572877164413], "min": [0.014727235712343694], "raw_data_size": "9996"}}