{"user_1_1296": {"weights": [0.24421995777681685, 0.35830832231000653, 0.39747171991317654], "gauss": [0.5120982471851374, 0.00019634687933597805, 0.12210997888840842, 0.4705338019093263, 0.0002080544489527759, 0.17915416115500327, 0.41143305849493095, 0.00048358359456854196, 0.19873585995658827], "max": [0.5126040032305914, 0.4710697146556726, 0.41267868728853613], "min": [0.5115924911396834, 0.46999788916298, 0.41018742970132577], "raw_data_size": "30"}}