{"user_2_1296": {"weights": [0.01754385964911676, 0.11261992399821652, 0.18311640294199397, 0.29174231563095704, 0.3949774977797156], "gauss": [0.31339350342750477, 1.0000000002220446e-06, 0.00877192982455838, 0.38226785692076193, 8.403822610772338e-05, 0.05630996199910826, 0.5105281075804398, 0.00023647203582308107, 0.09155820147099698, 0.41923696310843056, 0.00010026292608786191, 0.14587115781547852, 0.47129742338268527, 0.00027914270331222304, 0.1974887488898578], "max": [0.3133960792568089, 0.38248432504618846, 0.5111372191797827, 0.41949522329150724, 0.4720164473377487], "min": [0.31339092759820064, 0.3820513887953354, 0.5099189959810968, 0.4189787029253539, 0.4705783994276218], "raw_data_size": "57"}}