{"user_3_1978": {"weights": [0.12503508322228982, 0.12764013371261917, 0.2914995743228299, 0.4558252087422611], "gauss": [-0.0035627453120994617, 0.0003353632630868323, 0.06251754161114491, -0.10726236385257992, 0.00012408140479662735, 0.06382006685630959, -0.07621157588550584, 9.039492027916756e-05, 0.14574978716141496, -0.044676084181971464, 0.00011661513471140296, 0.22791260437113056], "max": [-0.0026989067917066196, -0.10694275133407925, -0.0759787340009588, -0.04437570350074453], "min": [-0.004426583832492304, -0.10758197637108059, -0.07644441777005288, -0.044976464863198395], "raw_data_size": "70"}}