{"user_4_818": {"weights": [1.0], "gauss": [-0.1957913808309028, 0.00150813395904839, 0.5], "max": [-0.19190668518550874], "min": [-0.19967607647629687], "raw_data_size": "9996"}}