{"user_2_282": {"weights": [0.1059032218, 0.2602188926, 0.2833015663, 0.3505763193], "gauss": [-0.0594046286, 0.0002360027, 0.0529516109, 0.0096858076, 0.0001660392, 0.1301094463, -0.019048703, 0.0001290718, 0.1416507831, 0.0455820944, 0.0001581874, 0.1752881597], "max": [-0.0587967258, 0.0101134962, -0.0187162361, 0.0459895583], "min": [-0.0600125314, 0.009258119, -0.01938117, 0.0451746306], "raw_data_size": "57"}, "user_3_282": {"weights": [0.0752793731, 0.1745809189, 0.2532748949, 0.4968648132], "gauss": [-0.0754011844, 0.0003110667, 0.0376396866, 0.050826768, 0.0001434802, 0.0872904594, -0.0268727044, 0.0001326846, 0.1266374474, 0.0186174811, 0.0001448307, 0.2484324066], "max": [-0.0745999297, 0.0511963487, -0.0265309315, 0.0189905402], "min": [-0.0762024392, 0.0504571874, -0.0272144773, 0.018244422], "raw_data_size": "70"}, "user_1_282": {"weights": [0.0660975813, 0.0795249234, 0.2745992067, 0.5797782887], "gauss": [-0.0623593617, 8.1701e-06, 0.0330487906, 0.0666325892, 5.05244e-05, 0.0397624617, 0.0283977511, 0.0002111773, 0.1372996033, -0.0071165842, 0.0002673065, 0.2898891443], "max": [-0.0623383168, 0.0667627315, 0.0289417078, -0.0064280483], "min": [-0.0623804066, 0.0665024469, 0.0278537945, -0.0078051201], "raw_data_size": "30"}}