{"user_6_75": {"weights": [1.0], "gauss": [0.0774997832, 0.0032449475, 0.5], "max": [0.085858214], "min": [0.0691413525], "raw_data_size": "9993"}, "user_1_75": {"weights": [1.0], "gauss": [0.0773304856, 0.0033106466, 0.5], "max": [0.085858146], "min": [0.0688028252], "raw_data_size": "9995"}, "user_2_75": {"weights": [1.0], "gauss": [0.0774373423, 0.0031837096, 0.5], "max": [0.0856380347], "min": [0.06923665], "raw_data_size": "9991"}, "user_5_75": {"weights": [1.0], "gauss": [0.078049268, 0.0032534762, 0.5], "max": [0.0864296674], "min": [0.0696688687], "raw_data_size": "9994"}, "user_4_75": {"weights": [1.0], "gauss": [0.0774906992, 0.0031908199, 0.5], "max": [0.0857097066], "min": [0.0692716917], "raw_data_size": "9996"}, "user_3_75": {"weights": [1.0], "gauss": [0.077713846, 0.0032613178, 0.5], "max": [0.086114444], "min": [0.069313248], "raw_data_size": "9991"}}