{"user_6_3425": {"weights": 1, "gauss": [0.9686151644500557, 0.0017607099782113989, 0.5], "max": [0.9731504528069835], "min": [0.9640798760931278], "raw_data_size": "9993"}}