{"user_1_3425": {"weights": 1, "gauss": [0.9691448747914576, 0.0018312019570060057, 0.5], "max": [0.9738617384530298], "min": [0.9644280111298854], "raw_data_size": "9995"}}