{"user_2_3308": {"weights": [1.0], "gauss": [-0.20699834324144378, 0.00243801345556821, 0.5], "max": [-0.20071843674014467], "min": [-0.2132782497427429], "raw_data_size": "9991"}}