{"user_4_2982": {"weights": [1.0], "gauss": [0.2317337741, 0.0009335013, 0.5], "max": [0.2341383141], "min": [0.229329234], "raw_data_size": "9996"}, "user_6_2982": {"weights": [1.0], "gauss": [0.2318786249, 0.0009196179, 0.5], "max": [0.2342474037], "min": [0.229509846], "raw_data_size": "9993"}, "user_5_2982": {"weights": [1.0], "gauss": [0.2317267005, 0.0009361871, 0.5], "max": [0.2341381586], "min": [0.2293152424], "raw_data_size": "9994"}, "user_3_2982": {"weights": [1.0], "gauss": [0.2316374561, 0.0009432273, 0.5], "max": [0.2340670486], "min": [0.2292078636], "raw_data_size": "9991"}, "user_1_2982": {"weights": [1.0], "gauss": [0.2316010746, 0.0009328465, 0.5], "max": [0.2340039279], "min": [0.2291982212], "raw_data_size": "9995"}, "user_2_2982": {"weights": [1.0], "gauss": [0.230980254, 0.0009410528, 0.5], "max": [0.2334042454], "min": [0.2285562626], "raw_data_size": "9991"}}