{"user_6_775": {"weights": 1, "gauss": [0.15999443515579592, 0.0008016749063835771, 0.5], "max": [0.16205941287157857], "min": [0.15792945744001327], "raw_data_size": "9993"}}