{"user_2_1290": {"weights": [1.0], "gauss": [-0.3065381435836979, 0.002886905557493754, 0.5], "max": [-0.2991019676521273], "min": [-0.3139743195152685], "raw_data_size": "9991"}}