{"user_1_3001": {"weights": [0.12444707468629138, 0.17487359636796665, 0.30576583087642784, 0.39491349806931425], "gauss": [0.0917946948421628, 1.5368910562582646e-05, 0.06222353734314569, -0.006770687600751937, 0.00016858500799333054, 0.08743679818398332, 0.01417327764571054, 3.826240010087366e-05, 0.15288291543821392, 0.047368898029761276, 0.0002726138101936843, 0.19745674903465713], "max": [0.09183428253235351, -0.006336441397023691, 0.014271835057114483, 0.048071104670610286], "min": [0.09175510715197208, -0.007204933804480183, 0.014074720234306597, 0.04666669138891227], "raw_data_size": "30"}}