{"user_3_1216": {"weights": [0.0285700617, 0.2473930669, 0.3016850499, 0.4223518215], "gauss": [0.308489624, 1.22565e-05, 0.0142850308, 0.3773620006, 0.0002070844, 0.1236965334, 0.4048498047, 0.000142912, 0.1508425249, 0.4376131668, 0.0002126479, 0.2111759108], "max": [0.3085211947, 0.3778954145, 0.4052179217, 0.4381609116], "min": [0.3084580534, 0.3768285866, 0.4044816876, 0.4370654221], "raw_data_size": "70"}, "user_1_1216": {"weights": [0.209212032, 0.2119309112, 0.5788570568], "gauss": [0.3611953468, 0.000381734, 0.104606016, 0.4535186334, 0.0001323039, 0.1059654556, 0.4130808006, 0.0001897765, 0.2894285284], "max": [0.3621786283, 0.4538594255, 0.4135696325], "min": [0.3602120653, 0.4531778412, 0.4125919687], "raw_data_size": "30"}, "user_2_1216": {"weights": [0.232165794, 0.3809595421, 0.3868746639], "gauss": [0.3655328588, 0.0007431944, 0.116082897, 0.4415787586, 0.0002266143, 0.1904797711, 0.415033088, 9.49809e-05, 0.1934373319], "max": [0.3674472006, 0.4421624782, 0.4152777427], "min": [0.363618517, 0.4409950389, 0.4147884334], "raw_data_size": "57"}}