{"user_5_3844": {"weights": [1.0], "gauss": [0.22845516799135077, 0.001249123839831236, 0.5], "max": [0.2316726977817496], "min": [0.22523763820095194], "raw_data_size": "9994"}}