{"user_3_26": {"weights": [0.1244084156774486, 0.23168422807614042, 0.6439073562464112], "gauss": [-0.08835604051176424, 0.0018056589092688804, 0.0622042078387243, -0.2753934512452887, 0.0013968572441920419, 0.11584211403807021, -0.20345350506011295, 0.0011706273670819961, 0.3219536781232056], "max": [-0.08370497138105532, -0.2717953854228243, -0.20043816878444684], "min": [-0.09300710964247316, -0.2789915170677531, -0.20646884133577906], "raw_data_size": "70"}}