{"user_4_2046": {"weights": [1.0], "gauss": [0.4516738213059134, 0.0009114329361841468, 0.5], "max": [0.4540215169711561], "min": [0.44932612564067065], "raw_data_size": "9996"}}