{"user_2_1652": {"weights": [1.0], "gauss": [0.2351494923457727, 0.0007978743544612897, 0.5], "max": [0.23720468048854426], "min": [0.23309430420300115], "raw_data_size": "9991"}}