{"user_3_1652": {"weights": 1, "gauss": [0.23565274520129736, 0.0008154098539426895, 0.5], "max": [0.23775310179748546], "min": [0.23355238860510927], "raw_data_size": "9991"}}