{"user_2_802": {"weights": [1.0], "gauss": [0.4390851276665762, 0.0009221998118412446, 0.5], "max": [0.4414605569656442], "min": [0.4367096983675082], "raw_data_size": "9991"}}