{"user_1_2837": {"weights": [0.1996934562, 0.2112857511, 0.2535763528, 0.3354444399], "gauss": [-0.4964497658, 3.71317e-05, 0.0998467281, -0.5438868672, 5.63735e-05, 0.1056428756, -0.5278794173, 7.55069e-05, 0.1267881764, -0.5703068235, 0.000118969, 0.1677222199], "max": [-0.4963541209, -0.5437416586, -0.5276849245, -0.5700003798], "min": [-0.4965454107, -0.5440320759, -0.5280739102, -0.5706132673], "raw_data_size": "30"}, "user_2_2837": {"weights": [0.1446083734, 0.2754821557, 0.280923648, 0.2989858229], "gauss": [-0.5267090659, 3.25785e-05, 0.0723041867, -0.5695962709, 0.0001738491, 0.1377410778, -0.499289646, 0.0001122842, 0.140461824, -0.5422432142, 4.41228e-05, 0.1494929114], "max": [-0.5266251494, -0.5691484652, -0.4990004212, -0.5421295612], "min": [-0.5267929824, -0.5700440766, -0.4995788709, -0.5423568671], "raw_data_size": "57"}, "user_3_2837": {"weights": [0.0867043822, 0.0968539384, 0.3343489923, 0.4820926871], "gauss": [-0.6079115195, 9.83342e-05, 0.0433521911, -0.4874481875, 0.0002460018, 0.0484269692, -0.5596971577, 0.0001225885, 0.1671744961, -0.5277089673, 0.000155589, 0.2410463436], "max": [-0.6076582275, -0.4868145289, -0.5593813906, -0.5273081967], "min": [-0.6081648116, -0.4880818462, -0.5600129249, -0.5281097379], "raw_data_size": "70"}}