{"user_3_3078": {"weights": [0.10595153123487275, 0.18827770011264505, 0.19107377200052092, 0.23332581379288203, 0.2813711828590793], "gauss": [0.4159688933207051, 3.7070308365739757e-06, 0.052975765617436374, 0.4073347360276639, 7.003502752233158e-06, 0.09413885005632253, 0.3841269670359358, 0.0003415883814782962, 0.09553688600026046, 0.45075891860043754, 5.644795553374948e-05, 0.11666290689644102, 0.43238424538573544, 3.777632222282012e-05, 0.14068559142953965], "max": [0.41597844199936307, 0.40735277585528057, 0.3850068403986994, 0.4509043188984268, 0.4324815507434973], "min": [0.4159593446420471, 0.40731669620004723, 0.38324709367317217, 0.4506135183024483, 0.4322869400279736], "raw_data_size": "70"}}