{"user_3_2901": {"weights": [0.0474354551, 0.0502133143, 0.1743656527, 0.3132013996, 0.4147841783], "gauss": [-0.4697623145, 0.0002032287, 0.0237177275, -0.5312021891, 0.0011014759, 0.0251066572, -0.4250077262, 0.0001067582, 0.0871828264, -0.3225718654, 0.0002598436, 0.1566006998, -0.3638956651, 0.0002565188, 0.2073920891], "max": [-0.4692388322, -0.5283649752, -0.4247327352, -0.3219025525, -0.3632349165], "min": [-0.4702857968, -0.5340394031, -0.4252827172, -0.3232411783, -0.3645564137], "raw_data_size": "70"}, "user_2_2901": {"weights": [0.0175438444, 0.2834796397, 0.3019682967, 0.3970082193], "gauss": [-0.5789821148, 1e-06, 0.0087719222, -0.416811539, 0.0010119099, 0.1417398198, -0.314085344, 0.000655729, 0.1509841483, -0.3629432094, 0.00060866, 0.1985041096], "max": [-0.578979539, -0.4142050318, -0.3123962981, -0.3613754051], "min": [-0.5789846906, -0.4194180462, -0.31577439, -0.3645110137], "raw_data_size": "57"}, "user_1_2901": {"weights": [0.2959768936, 0.3019490551, 0.4020740512], "gauss": [-0.3121471307, 0.0005294672, 0.1479884468, -0.4189568904, 0.0013193638, 0.1509745276, -0.3700618465, 0.0007713403, 0.2010370256], "max": [-0.3107833136, -0.4155584343, -0.3680750057], "min": [-0.3135109479, -0.4223553464, -0.3720486874], "raw_data_size": "30"}}