{"user_2_3067": {"weights": [1.0], "gauss": [0.7266900122625971, 0.0009962237116002126, 0.5], "max": [0.7292561144918271], "min": [0.7241239100333671], "raw_data_size": "9991"}}