{"user_5_1531": {"weights": 1, "gauss": [-0.30425619015887073, 0.0014099244228555341, 0.5], "max": [-0.3006244655146902], "min": [-0.3078879148030513], "raw_data_size": "9994"}}