{"user_3_2824": {"weights": [0.15133616179870268, 0.2547777568427482, 0.2927195360333597, 0.3011665453251893], "gauss": [0.08031755793289179, 0.00019336695529140264, 0.07566808089935134, 0.1794095792002731, 0.00012941067738319361, 0.1273888784213741, 0.15032115648484753, 9.707679956066123e-05, 0.14635976801667985, 0.12048649031241951, 0.00011008238064939388, 0.15058327266259466], "max": [0.08081563820266942, 0.17974291901526884, 0.15057120974985064, 0.12077004373430064], "min": [0.07981947766311416, 0.17907623938527734, 0.15007110321984443, 0.12020293689053838], "raw_data_size": "70"}}