{"user_3_3573": {"weights": 1, "gauss": [-0.27672188507209255, 0.0013250498145254963, 0.5], "max": [-0.2733087829311757], "min": [-0.2801349872130094], "raw_data_size": "9991"}}