{"user_3_1197": {"weights": 1, "gauss": [0.3407966783, 0.0018772171, 0.5], "max": [0.3456320693], "min": [0.3359612874], "raw_data_size": "9991"}, "user_5_1197": {"weights": 1, "gauss": [0.3400673155, 0.0018398116, 0.5], "max": [0.3448063562], "min": [0.3353282748], "raw_data_size": "9994"}, "user_1_1197": {"weights": 1, "gauss": [0.3409225406, 0.0019374794, 0.5], "max": [0.3459131567], "min": [0.3359319244], "raw_data_size": "9995"}, "user_6_1197": {"weights": 1, "gauss": [0.3411033916, 0.001836692, 0.5], "max": [0.3458343967], "min": [0.3363723865], "raw_data_size": "9993"}, "user_2_1197": {"weights": 1, "gauss": [0.3408498106, 0.0018435511, 0.5], "max": [0.3455984837], "min": [0.3361011376], "raw_data_size": "9991"}, "user_4_1197": {"weights": 1, "gauss": [0.3402900229, 0.0018549177, 0.5], "max": [0.3450679742], "min": [0.3355120716], "raw_data_size": "9996"}}