{"user_6_375": {"weights": 1, "gauss": [-0.13344198287753614, 0.0006701495521462601, 0.5], "max": [-0.13171579202335762], "min": [-0.13516817373171466], "raw_data_size": "9993"}}