{"user_3_3518": {"weights": [0.1704701511257917, 0.00019750330128833867, 0.03853603003260365, 0.03384002508870795, 3.6187544445622156e-05, 0.058779238326782515, 0.05055377085997876, 7.348916733223771e-05, 0.0751522438751131, 0.12667830178352965, 0.00019254194213437392, 0.12687583868400648, 0.09166987487844974, 0.000259589168504679, 0.2006566490814943], "gauss": [0.1704701511257917, 0.00019750330128833867, 0.03853603003260365, 0.03384002508870795, 3.6187544445622156e-05, 0.058779238326782515, 0.05055377085997876, 7.348916733223771e-05, 0.0751522438751131, 0.12667830178352965, 0.00019254194213437392, 0.12687583868400648, 0.09166987487844974, 0.000259589168504679, 0.2006566490814943], "max": [0.17097888591679786, 0.03393323802611446, 0.050743066410686544, 0.1271742569602416, 0.09233853226556799], "min": [0.16996141633478554, 0.033746812151301445, 0.050364475309270976, 0.1261823466068177, 0.0910012174913315], "raw_data_size": "70"}}