{"user_5_1329": {"weights": [1.0], "gauss": [0.3413491119271774, 0.0008555558309074886, 0.5], "max": [0.343552877707251], "min": [0.33914534614710373], "raw_data_size": "9994"}}