{"user_5_767": {"weights": [1.0], "gauss": [0.34504948611806185, 0.0008473907642282109, 0.5], "max": [0.34723222008011756], "min": [0.34286675215600615], "raw_data_size": "9994"}}