{"user_2_767": {"weights": 1, "gauss": [0.3457204091775342, 0.0008306956424189289, 0.5], "max": [0.3478601393556073], "min": [0.34358067899946115], "raw_data_size": "9991"}}