{"user_6_2065": {"weights": 1, "gauss": [0.011713664739460611, 0.001141400705135206, 0.5], "max": [0.014653718122839252], "min": [0.00877361135608197], "raw_data_size": "9993"}}