{"user_5_2627": {"weights": 1, "gauss": [-0.04720958002994643, 0.00010135379585852846, 0.5], "max": [-0.046948509952548116], "min": [-0.04747065010734474], "raw_data_size": "9994"}}