{"user_4_2929": {"weights": [1.0], "gauss": [-0.4042596719, 0.00103552, 0.5], "max": [-0.4015923492], "min": [-0.4069269946], "raw_data_size": "9996"}, "user_6_2929": {"weights": [1.0], "gauss": [-0.4037027559, 0.001043589, 0.5], "max": [-0.4010146487], "min": [-0.4063908631], "raw_data_size": "9993"}, "user_5_2929": {"weights": [1.0], "gauss": [-0.4042404117, 0.0010294376, 0.5], "max": [-0.4015887562], "min": [-0.4068920671], "raw_data_size": "9994"}, "user_3_2929": {"weights": [1.0], "gauss": [-0.4040083368, 0.0010362132, 0.5], "max": [-0.4013392284], "min": [-0.4066774452], "raw_data_size": "9991"}, "user_1_2929": {"weights": [1.0], "gauss": [-0.4045115693, 0.0010521391, 0.5], "max": [-0.4018014386], "min": [-0.4072217], "raw_data_size": "9995"}, "user_2_2929": {"weights": [1.0], "gauss": [-0.4043077919, 0.0010251715, 0.5], "max": [-0.401667125], "min": [-0.4069484587], "raw_data_size": "9991"}}