{"user_1_1924": {"weights": [0.1683678795, 0.4046963815, 0.426935739], "gauss": [0.0421242961, 0.0002592144, 0.0841839398, -0.0425087899, 0.000235644, 0.2023481907, 0.0031025695, 0.0002111696, 0.2134678695], "max": [0.0427919881, -0.0419018111, 0.0036465064], "min": [0.0414566041, -0.0431157688, 0.0025586327], "raw_data_size": "30"}, "user_3_1924": {"weights": [0.1571053611, 0.2407323639, 0.602162275], "gauss": [0.0522129367, 0.0006099086, 0.0785526805, -0.0436562836, 0.0006710366, 0.120366182, 0.0050665882, 0.0003708079, 0.3010811375], "max": [0.0537839571, -0.0419278079, 0.006021726], "min": [0.0506419162, -0.0453847593, 0.0041114504], "raw_data_size": "70"}, "user_2_1924": {"weights": [0.0439296755, 0.2128000121, 0.223635756, 0.251872454, 0.2677621025], "gauss": [0.0666098044, 7.42351e-05, 0.0219648377, 0.0320497481, 0.0001340353, 0.106400006, 0.0048428816, 3.21e-05, 0.111817878, -0.0426583, 0.000145696, 0.125936227, -0.0196432931, 6.9935e-05, 0.1338810512], "max": [0.0668010214, 0.0323950001, 0.0049255657, -0.042283012, -0.0194631524], "min": [0.0664185874, 0.0317044961, 0.0047601975, -0.0430335881, -0.0198234338], "raw_data_size": "57"}}