{"user_4_2699": {"weights": 1, "gauss": [0.19605593473295352, 0.0022821101699131907, 0.5], "max": [0.20193426098254288], "min": [0.19017760848336415], "raw_data_size": "9996"}}