{"user_2_2095": {"weights": [0.16120765090188893, 0.20586064767982784, 0.6329317014182831], "gauss": [-0.40748446916571385, 0.00040329623382645465, 0.08060382545094447, -0.3042243597211956, 0.0003604575795984323, 0.10293032383991392, -0.35427291296382585, 0.0003327027325608346, 0.31646585070914157], "max": [-0.40644564690861273, -0.30329588252497963, -0.3534159275159249], "min": [-0.40852329142281496, -0.3051528369174116, -0.3551298984117268], "raw_data_size": "57"}}