{"user_1_173": {"weights": [1.0], "gauss": [-0.4669941365718841, 0.0007669592179774244, 0.5], "max": [-0.4650185805435909], "min": [-0.4689696926001773], "raw_data_size": "30"}}