{"user_4_3137": {"weights": [1.0], "gauss": [-0.25178289796492803, 0.0024737640340724417, 0.5], "max": [-0.24541090407589888], "min": [-0.2581548918539572], "raw_data_size": "9996"}}