{"user_2_2926": {"weights": [1.0], "gauss": [0.09879791653791035, 0.001937377057781869, 0.5], "max": [0.10378826913536825], "min": [0.09380756394045246], "raw_data_size": "9991"}}