{"user_5_3025": {"weights": [1.0], "gauss": [-0.11976296238400566, 0.000907773408777822, 0.5], "max": [-0.11742469303669327], "min": [-0.12210123173131805], "raw_data_size": "9994"}}