{"user_3_3645": {"weights": [0.12212029420186618, 0.18842016070376033, 0.2696357590004438, 0.41982378609392973], "gauss": [0.0676985326607289, 3.691000032557127e-05, 0.06106014710093309, -0.01724671700044326, 0.00023905805423678209, 0.09421008035188017, 0.04376994600403091, 6.25139773173731e-05, 0.1348178795002219, 0.014882680504632123, 0.00013316031059481054, 0.20991189304696486], "max": [0.0677936065211615, -0.016630944259090775, 0.04393097133868639, 0.015225678734731908], "min": [0.06760345880029629, -0.01786248974179575, 0.04360892066937543, 0.014539682274532338], "raw_data_size": "70"}}