{"user_5_2639": {"weights": 1, "gauss": [-0.3024063345, 0.0032061077, 0.5], "max": [-0.2941479484], "min": [-0.3106647206], "raw_data_size": "9994"}, "user_2_2639": {"weights": 1, "gauss": [-0.3037562823, 0.0032126412, 0.5], "max": [-0.2954810669], "min": [-0.3120314978], "raw_data_size": "9991"}, "user_4_2639": {"weights": 1, "gauss": [-0.3024939456, 0.0032605826, 0.5], "max": [-0.2940952415], "min": [-0.3108926498], "raw_data_size": "9996"}, "user_3_2639": {"weights": 1, "gauss": [-0.3025525158, 0.0031607897, 0.5], "max": [-0.2944108612], "min": [-0.3106941704], "raw_data_size": "9991"}, "user_1_2639": {"weights": 1, "gauss": [-0.3018974714, 0.0032373846, 0.5], "max": [-0.2935585213], "min": [-0.3102364216], "raw_data_size": "9995"}, "user_6_2639": {"weights": 1, "gauss": [-0.3013781159, 0.0031145924, 0.5], "max": [-0.2933554575], "min": [-0.3094007744], "raw_data_size": "9993"}}