{"user_4_367": {"weights": 1, "gauss": [-0.5074802296057783, 0.0009755804106996992, 0.5], "max": [-0.5049673009959298], "min": [-0.5099931582156269], "raw_data_size": "9996"}}