{"user_1_263": {"weights": [0.0960357236, 3.41829e-05, 0.0499999731, 0.1455823924, 7.06723e-05, 0.0661272109, 0.2241249137, 4.1596e-05, 0.1168480099, 0.1781255558, 6.11588e-05, 0.1172107268, 0.2545830634, 0.0002102843, 0.1498140793], "gauss": [0.0960357236, 3.41829e-05, 0.0499999731, 0.1455823924, 7.06723e-05, 0.0661272109, 0.2241249137, 4.1596e-05, 0.1168480099, 0.1781255558, 6.11588e-05, 0.1172107268, 0.2545830634, 0.0002102843, 0.1498140793], "max": [0.096123773, 0.1457644323, 0.224232058, 0.1782830903, 0.2551247197], "min": [0.0959476743, 0.1454003525, 0.2240177694, 0.1779680212, 0.254041407], "raw_data_size": "30"}, "user_2_263": {"weights": [0.1354828235, 0.2729254817, 0.2848324003, 0.3067592945], "gauss": [0.1045919922, 0.0004595827, 0.0677414117, 0.2571148245, 0.0001418521, 0.1364627409, 0.1687954366, 0.0002596898, 0.1424162002, 0.2235923316, 7.31056e-05, 0.1533796472], "max": [0.1057757989, 0.2574802112, 0.1694643532, 0.2237806391], "min": [0.1034081855, 0.2567494379, 0.1681265199, 0.2234040241], "raw_data_size": "57"}, "user_3_263": {"weights": [0.1020199202, 0.2680086112, 0.3033593004, 0.3266121682], "gauss": [0.2948492557, 0.000525289, 0.0510099601, 0.1226206331, 0.0011871354, 0.1340043056, 0.2327982643, 0.0001841489, 0.1516796502, 0.186104127, 0.0001828205, 0.1633060841], "max": [0.2962023106, 0.1256784912, 0.2332726003, 0.1865750414], "min": [0.2934962008, 0.1195627751, 0.2323239283, 0.1856332125], "raw_data_size": "70"}}