{"user_1_1920": {"weights": [0.4827571, 0.5172429], "gauss": [-0.1418045946, 0.0001209661, 0.24137855, -0.1127975729, 0.0001051905, 0.25862145], "max": [-0.1414930067, -0.1125266203], "min": [-0.1421161825, -0.1130685256], "raw_data_size": "30"}, "user_2_1920": {"weights": [0.1117345998, 0.1709748237, 0.2043476347, 0.2139906655, 0.2989522763], "gauss": [-0.1778519591, 4.80733e-05, 0.0558672999, -0.1558290684, 3.4279e-05, 0.0854874118, -0.1347453222, 1.70845e-05, 0.1021738173, -0.1063325996, 2.55967e-05, 0.1069953328, -0.1217979987, 1.36759e-05, 0.1494761382], "max": [-0.1777281304, -0.1557407715, -0.1347013154, -0.1062666668, -0.1217627719], "min": [-0.1779757878, -0.1559173652, -0.134789329, -0.1063985324, -0.1218332255], "raw_data_size": "57"}, "user_3_1920": {"weights": [0.0579532137, 0.2261517784, 0.3506561088, 0.3652388992], "gauss": [-0.1009050629, 3.09336e-05, 0.0289766068, -0.1195955599, 3.53876e-05, 0.1130758892, -0.1652493484, 5.99969e-05, 0.1753280544, -0.1377589965, 3.9283e-05, 0.1826194496], "max": [-0.1008253833, -0.1195044076, -0.1650948066, -0.1376578103], "min": [-0.1009847425, -0.1196867123, -0.1654038902, -0.1378601827], "raw_data_size": "70"}}