{"user_1_637": {"weights": [0.2504071741, 0.2841599605, 0.4654328654], "gauss": [0.0440041989, 0.000209028, 0.125203587, 0.0836297288, 0.0001698595, 0.1420799803, 0.1244794154, 8.82002e-05, 0.2327164327], "max": [0.0445426192, 0.0840672579, 0.124706604], "min": [0.0434657785, 0.0831921998, 0.1242522268], "raw_data_size": "30"}, "user_3_637": {"weights": [0.1002928461, 0.1441089082, 0.2015237558, 0.2136321486, 0.3404423413], "gauss": [0.1732329735, 0.0001860608, 0.0501464231, 0.0142766687, 0.0003624582, 0.0720544541, 0.0748967942, 3.5467e-05, 0.1007618779, 0.0468774654, 9.33027e-05, 0.1068160743, 0.1046947776, 0.0002045604, 0.1702211706], "max": [0.1737122343, 0.0152102991, 0.0749881512, 0.0471177971, 0.1052216903], "min": [0.1727537128, 0.0133430383, 0.0748054372, 0.0466371337, 0.1041678648], "raw_data_size": "70"}, "user_2_637": {"weights": [0.0090310308, 4.49287e-05, 0.0255026174, 0.1030660946, 0.0002567791, 0.031195136, 0.0866725186, 3.14009e-05, 0.0845247816, 0.0548591481, 0.0001757602, 0.1113409825, 0.12101242, 0.0002771194, 0.2474364826], "gauss": [0.0090310308, 4.49287e-05, 0.0255026174, 0.1030660946, 0.0002567791, 0.031195136, 0.0866725186, 3.14009e-05, 0.0845247816, 0.0548591481, 0.0001757602, 0.1113409825, 0.12101242, 0.0002771194, 0.2474364826], "max": [0.0091467595, 0.1037275136, 0.0867534021, 0.0553118763, 0.1217262323], "min": [0.008915302, 0.1024046755, 0.0865916352, 0.0544064198, 0.1202986076], "raw_data_size": "57"}}