{"user_2_867": {"weights": [0.2033803416, 0.2994696521, 0.4971500063], "gauss": [0.0906193318, 0.0001385584, 0.1016901708, 0.0354333141, 0.0001144152, 0.1497348261, 0.0558585954, 8.9041e-05, 0.2485750031], "max": [0.0909762347, 0.035728028, 0.0560879497], "min": [0.0902624289, 0.0351386002, 0.0556292411], "raw_data_size": "57"}, "user_1_867": {"weights": [0.0977532269, 0.9022467731], "gauss": [0.1019531862, 3.34783e-05, 0.0488766135, 0.0510127223, 0.0002136649, 0.4511233865], "max": [0.1020394206, 0.0515630866], "min": [0.1018669518, 0.050462358], "raw_data_size": "30"}, "user_3_867": {"weights": [0.1430994456, 0.1619941274, 0.2759534523, 0.4189529747], "gauss": [0.0985951764, 3.98168e-05, 0.0715497228, 0.007356461, 0.0001268936, 0.0809970637, 0.0345588795, 8.44343e-05, 0.1379767261, 0.0637186149, 7.57936e-05, 0.2094764874], "max": [0.0986977377, 0.0076833173, 0.034776368, 0.0639138464], "min": [0.0984926151, 0.0070296046, 0.0343413911, 0.0635233835], "raw_data_size": "70"}}