{"user_3_1194": {"weights": [0.0662418464, 0.0963231585, 0.2264210193, 0.2774747853, 0.3335391904], "gauss": [-1.1694286095, 0.0017865632, 0.0331209232, -1.0337187635, 0.0021666377, 0.0481615793, -0.8008490811, 0.0013044244, 0.1132105097, -0.8782539806, 0.000525208, 0.1387373927, -0.9534795436, 0.0007644572, 0.1667695952], "max": [-1.1648267278, -1.0281378745, -0.7974891064, -0.8769011344, -0.9515104323], "min": [-1.1740304912, -1.0392996525, -0.8042090557, -0.8796068269, -0.9554486548], "raw_data_size": "70"}, "user_2_1194": {"weights": [0.1191579294, 0.2828554042, 0.2923699854, 0.305616681], "gauss": [-1.1058243593, 0.0045603663, 0.0595789647, -0.8860069108, 0.0006891672, 0.1414277021, -0.9553869255, 0.0010184544, 0.1461849927, -0.8153414333, 0.0012498141, 0.1528083405], "max": [-1.094077634, -0.8842317338, -0.9527635608, -0.8121221255], "min": [-1.1175710845, -0.8877820878, -0.9580102902, -0.8185607411], "raw_data_size": "57"}, "user_1_1194": {"weights": [0.1002750726, 0.2504946358, 0.2602245605, 0.3890057311], "gauss": [-1.1076507514, 0.0012794998, 0.0501375363, -0.9497528472, 0.0006156817, 0.1252473179, -0.8903363898, 0.0010960646, 0.1301122802, -0.8424917041, 0.0012466273, 0.1945028655], "max": [-1.1043549784, -0.9481669562, -0.8875131145, -0.839280605], "min": [-1.1109465245, -0.9513387381, -0.8931596651, -0.8457028032], "raw_data_size": "30"}}