{"user_5_2901": {"weights": [1.0], "gauss": [-0.36658666283041386, 0.0030810591295091496, 0.5], "max": [-0.3586503804386573], "min": [-0.3745229452221704], "raw_data_size": "9994"}}