{"user_3_3280": {"weights": [0.03857890726941285, 0.00013992515311862197, 0.05839168110076709, 0.1607279970069496, 7.168175814789815e-05, 0.06350812046324016, 0.07163614775404187, 3.567161098325965e-05, 0.06960651810526851, 0.12957521868309377, 0.00011243860987083281, 0.14376511263347508, 0.10722542972028447, 0.00012427933219359772, 0.16472856769724914], "gauss": [0.03857890726941285, 0.00013992515311862197, 0.05839168110076709, 0.1607279970069496, 7.168175814789815e-05, 0.06350812046324016, 0.07163614775404187, 3.567161098325965e-05, 0.06960651810526851, 0.12957521868309377, 0.00011243860987083281, 0.14376511263347508, 0.10722542972028447, 0.00012427933219359772, 0.16472856769724914], "max": [0.038939330579119365, 0.16091263698011685, 0.07172803173491735, 0.12986484134924936, 0.10754555206597423], "min": [0.03821848395970633, 0.16054335703378234, 0.07154426377316639, 0.12928559601693818, 0.10690530737459471], "raw_data_size": "70"}}