{"user_6_3809": {"weights": [1.0], "gauss": [-0.2949201086, 0.0016860868, 0.5], "max": [-0.290577037], "min": [-0.2992631803], "raw_data_size": "9993"}, "user_2_3809": {"weights": [1.0], "gauss": [-0.2956147693, 0.0017365083, 0.5], "max": [-0.2911418203], "min": [-0.3000877184], "raw_data_size": "9991"}, "user_3_3809": {"weights": [1.0], "gauss": [-0.2954714037, 0.0016979219, 0.5], "max": [-0.2910978468], "min": [-0.2998449607], "raw_data_size": "9991"}, "user_4_3809": {"weights": [1.0], "gauss": [-0.2950109163, 0.0016752327, 0.5], "max": [-0.2906958027], "min": [-0.2993260298], "raw_data_size": "9996"}, "user_5_3809": {"weights": [1.0], "gauss": [-0.2962007386, 0.0016925335, 0.5], "max": [-0.2918410612], "min": [-0.3005604159], "raw_data_size": "9994"}, "user_1_3809": {"weights": [1.0], "gauss": [-0.2955218194, 0.0016959298, 0.5], "max": [-0.2911533937], "min": [-0.2998902451], "raw_data_size": "9995"}}