{"user_3_2661": {"weights": [0.1794293686548704, 0.3824021400979671, 0.4381684912471626], "gauss": [0.29274215577895557, 0.0002316110891324986, 0.0897146843274352, 0.1423479938343933, 0.0010340850706173656, 0.19120107004898354, 0.21738639105519494, 0.0006260062943734605, 0.2190842456235813], "max": [0.2933387464093699, 0.14501162046165195, 0.21899887641244817], "min": [0.29214556514854123, 0.13968436720713467, 0.21577390569794172], "raw_data_size": "70"}}