{
  "x1": {
    "0": -3.4572495683,
    "1": -3.0078670328,
    "2": 3.7670925785,
    "3": 15.1504315047,
    "4": -0.0124754107,
    "5": 3.9591310876,
    "6": 40.5464422924,
    "7": 8.3829647977,
    "8": 31.1459100941,
    "9": 46.3502184162,
    "10": -7.8478060313,
    "11": 11.1956865598,
    "12": 42.1164643453,
    "13": -8.764394212,
    "14": -40.8120828487,
    "15": 87.386348644,
    "16": 48.3711632787,
    "17": 1.6011143349,
    "18": 50.5271634078,
    "19": 0.1724169257,
    "20": 94.806966314
  }
}