{"x2": {"0": -105.8298481969, "1": 237.851276792, "2": 257.3482507737, "3": -105.6965554274, "4": 237.8547976301, "5": 257.3533662596, "6": -70.2711406772, "7": 197.729967775, "8": 194.4427428668, "9": 88.052162678, "10": 19.2395036869, "11": -385.8234846837, "12": 56.1418000849, "13": 7.986274785, "14": 47.5159861417, "15": -0.0240739653, "16": -49.546283819, "17": -154.1898005226, "18": -37.532684908, "19": -316.6326978147, "20": 100.9435510349, "21": 19.5695792672, "22": -458.4633742434, "23": -303.4554667265, "24": -81.2815809437, "25": -246.3217911419, "26": -293.9869259728}}