{"user1": {"0": {"x1": [31.1405321965, 36.5862907078, 6.0075447487], "max": 50.0, "min": 15.1}, "1": {"x2": [3526.1946579902, 3309.781267966, 10.0032749038], "max": 50.0, "min": 15.0}}}