{
  "user1": {
    "0": {
      "x1": [
        10.3433204274,
        1.3505759815,
        -1846.4410527704,
        26.8320989045,
        -50.276753975,
        5.980968389
      ],
      "max": 50.0,
      "min": 15.1
    },
    "1": {
      "x2": [
        0.8091538175,
        1760.0183551677,
        -755.5990992421,
        -46.8680308871,
        1763.6513990425,
        -755.8137842432,
        -362.9384284789,
        -4878.7455702922,
        1521.2231089913
      ],
      "max": 50.0,
      "min": 15.0
    }
  }
}