{"user1": {"0": {"x1": [14.4190808149, 45.6104782733, 3.4995017817], "max": 30.0, "min": 0.0}, "1": {"x2": [21.4442807874, 41.269277535, 3.5292347929], "max": 29.9, "min": 0.0}}}