{"user_1_1475": {"weights": [1.0], "gauss": [0.031759550061947826, 0.0022432628805751044, 0.5], "max": [0.037537812325296696], "min": [0.025981287798598957], "raw_data_size": "9995"}}