{"user_6_1475": {"weights": [1.0], "gauss": [0.03288391984604779, 0.0022163331436773287, 0.5], "max": [0.03859281570395851], "min": [0.02717502398813707], "raw_data_size": "9993"}}