{"user_6_763": {"weights": [1.0], "gauss": [0.4641716965539012, 0.000863899893336544, 0.5], "max": [0.46639695521449026], "min": [0.4619464378933122], "raw_data_size": "9993"}}