{"user_5_763": {"weights": 1, "gauss": [0.46398055314480724, 0.000870913370096509, 0.5], "max": [0.46622387732435433], "min": [0.46173722896526015], "raw_data_size": "9994"}}