{"user_2_1891": {"weights": 1, "gauss": [-0.08292760295012666, 9.47353575219341e-05, 0.5], "max": [-0.08268358084013948], "min": [-0.08317162506011384], "raw_data_size": "9991"}}