{"user_1_1379": {"weights": [0.2090209553832776, 0.3342196349438464, 0.456759409672876], "gauss": [-0.28782943697642, 0.0003190819690211806, 0.1045104776916388, -0.3834916946189686, 0.0003881906916786683, 0.1671098174719232, -0.34178885655118624, 0.0001978033502817712, 0.228379704836438], "max": [-0.28700753629038117, -0.38249178165997777, -0.3412793488851903], "min": [-0.2886513376624588, -0.3844916075779594, -0.3422983642171822], "raw_data_size": "30"}}