{"user_4_1499": {"weights": 1, "gauss": [-0.3252227794032197, 0.0013155549181671766, 0.5], "max": [-0.3218341344945768], "min": [-0.3286114243118626], "raw_data_size": "9996"}}