{"user_3_3230": {"weights": [1.0], "gauss": [-0.1739112104, 0.0018210627, 0.5], "max": [-0.1692204637], "min": [-0.1786019571], "raw_data_size": "9991"}, "user_2_3230": {"weights": [1.0], "gauss": [-0.1746237836, 0.0017965623, 0.5], "max": [-0.1699961458], "min": [-0.1792514214], "raw_data_size": "9991"}, "user_6_3230": {"weights": [1.0], "gauss": [-0.1741173287, 0.0017956185, 0.5], "max": [-0.169492122], "min": [-0.1787425354], "raw_data_size": "9993"}, "user_1_3230": {"weights": [1.0], "gauss": [-0.1737522461, 0.0018389904, 0.5], "max": [-0.1690153207], "min": [-0.1784891714], "raw_data_size": "9995"}, "user_5_3230": {"weights": [1.0], "gauss": [-0.1739338321, 0.0017999315, 0.5], "max": [-0.1692975157], "min": [-0.1785701484], "raw_data_size": "9994"}, "user_4_3230": {"weights": [1.0], "gauss": [-0.1742114325, 0.0018039961, 0.5], "max": [-0.1695646464], "min": [-0.1788582187], "raw_data_size": "9996"}}