{"user_5_2649": {"weights": 1, "gauss": [-1.6353778330827788, 0.0026027254737911168, 0.5], "max": [-1.6286736565382944], "min": [-1.6420820096272633], "raw_data_size": "9994"}}