{"user_2_2649": {"weights": 1, "gauss": [-1.6360614299893905, 0.002554046644390822, 0.5], "max": [-1.6294826418001378], "min": [-1.6426402181786433], "raw_data_size": "9991"}}