{"user_3_2195": {"weights": [0.03461466999110228, 0.3915654983345634, 0.5738198316743344], "gauss": [-0.58718177677136, 4.160098075514551e-05, 0.01730733499555114, -0.5147896700670207, 0.0005008613174657663, 0.1957827491672817, -0.5429596217608005, 0.000234308792053466, 0.2869099158371672], "max": [-0.5870746197460744, -0.5134995368084783, -0.54235608230815], "min": [-0.5872889337966455, -0.5160798033255631, -0.5435631612134509], "raw_data_size": "70"}}