{"user_6_3348": {"weights": 1, "gauss": [0.07763618449864536, 0.003522031008758506, 0.5], "max": [0.08670833517901341], "min": [0.0685640338182773], "raw_data_size": "9993"}}