{"user_4_3348": {"weights": [1.0], "gauss": [0.07811971339141459, 0.0034908929208126386, 0.5], "max": [0.08711165767239519], "min": [0.06912776911043399], "raw_data_size": "9996"}}