{"user_2_2157": {"weights": [0.11766444322080774, 0.14834720591500963, 0.15995316969988296, 0.21848684635934004, 0.3555483348049596], "gauss": [-0.2609488866882518, 6.810220999768534e-05, 0.05883222161040387, -0.21448893471774125, 0.00027616068225020426, 0.07417360295750482, -0.3147509590106312, 5.226940173820482e-05, 0.07997658484994148, -0.23937889387250236, 8.844874935218832e-05, 0.10924342317967002, -0.28289435939620167, 9.162434293029275e-05, 0.1777741674024798], "max": [-0.2607734670201033, -0.2137775919399131, -0.314616321953955, -0.23915106499205874, -0.2826583507287634], "min": [-0.26112430635640027, -0.2152002774955694, -0.3148855960673074, -0.23960672275294598, -0.28313036806363995], "raw_data_size": "57"}}