{"user_4_2122": {"weights": 1, "gauss": [0.4294035953, 0.0024895148, 0.5], "max": [0.4358161605], "min": [0.4229910301], "raw_data_size": "9996"}, "user_1_2122": {"weights": 1, "gauss": [0.4303055426, 0.0024490841, 0.5], "max": [0.4366139653], "min": [0.4239971198], "raw_data_size": "9995"}, "user_6_2122": {"weights": 1, "gauss": [0.4303206355, 0.0024648459, 0.5], "max": [0.4366696578], "min": [0.4239716133], "raw_data_size": "9993"}, "user_5_2122": {"weights": 1, "gauss": [0.4303611466, 0.0024355617, 0.5], "max": [0.4366347378], "min": [0.4240875554], "raw_data_size": "9994"}, "user_3_2122": {"weights": 1, "gauss": [0.4302095066, 0.0024363399, 0.5], "max": [0.4364851022], "min": [0.423933911], "raw_data_size": "9991"}, "user_2_2122": {"weights": 1, "gauss": [0.4292215751, 0.0024756897, 0.5], "max": [0.4355985292], "min": [0.422844621], "raw_data_size": "9991"}}