{"user_3_3670": {"weights": [0.13227092248451636, 0.15452083085669052, 0.21654269484814198, 0.2471269348304142, 0.249538616980237], "gauss": [0.08763345295193638, 4.953266612776276e-05, 0.06613546124225818, 0.07187721058814033, 2.4010934552555526e-05, 0.07726041542834526, 0.11200457032375781, 7.800988487528704e-05, 0.10827134742407099, 0.13379124806845008, 0.00011877754895598777, 0.1235634674152071, 0.1571926300927629, 0.0002975860255312175, 0.1247693084901185], "max": [0.08776104064483117, 0.0719390586569664, 0.11220551047118606, 0.13409719875965462, 0.15795916089765286], "min": [0.08750586525904158, 0.07181536251931425, 0.11180363017632956, 0.13348529737724554, 0.15642609928787296], "raw_data_size": "70"}}