{"user_1_3670": {"weights": [0.2000579749497171, 0.23884488992554126, 0.2437228292987466, 0.3173743058259951], "gauss": [0.11856861503870406, 6.523374906829038e-05, 0.10002898747485856, 0.07637426779390827, 0.00028402534868196886, 0.11942244496277063, 0.09101979346458883, 0.00011100166010869706, 0.1218614146493733, 0.1532015248700127, 0.0002503384422912991, 0.15868715291299754], "max": [0.11873664604113451, 0.07710586860999398, 0.09130571479343938, 0.15384635396547142], "min": [0.1184005840362736, 0.07564266697782256, 0.09073387213573827, 0.152556695774554], "raw_data_size": "30"}}