{"user_5_1580": {"weights": [1.0], "gauss": [-0.4245072523, 0.0010908208, 0.5], "max": [-0.4216974841], "min": [-0.4273170205], "raw_data_size": "9994"}, "user_1_1580": {"weights": [1.0], "gauss": [-0.4238366668, 0.0010812171, 0.5], "max": [-0.421051636], "min": [-0.4266216975], "raw_data_size": "9995"}, "user_2_1580": {"weights": [1.0], "gauss": [-0.4249881316, 0.0010708079, 0.5], "max": [-0.4222299133], "min": [-0.42774635], "raw_data_size": "9991"}, "user_3_1580": {"weights": [1.0], "gauss": [-0.4241357291, 0.0010744205, 0.5], "max": [-0.4213682053], "min": [-0.4269032528], "raw_data_size": "9991"}, "user_4_1580": {"weights": [1.0], "gauss": [-0.4242468091, 0.0010782413, 0.5], "max": [-0.4214694436], "min": [-0.4270241746], "raw_data_size": "9996"}, "user_6_1580": {"weights": [1.0], "gauss": [-0.4245556198, 0.0010539641, 0.5], "max": [-0.4218407883], "min": [-0.4272704514], "raw_data_size": "9993"}}