{"user_1_3930": {"weights": [0.2090302663, 0.7909697337], "gauss": [-0.1331021412, 0.0003965833, 0.1045151332, -0.0869026838, 0.0002683598, 0.3954848668], "max": [-0.1320806103, -0.0862114347], "min": [-0.1341236722, -0.0875939329], "raw_data_size": "30"}, "user_3_3930": {"weights": [0.2029979884, 0.3649435936, 0.432058418], "gauss": [-0.0621468276, 0.0001090965, 0.1014989942, -0.0922264829, 0.0001141144, 0.1824717968, -0.1270904491, 0.0002359029, 0.216029209], "max": [-0.0618658136, -0.0919325438, -0.1264828034], "min": [-0.0624278415, -0.0925204221, -0.1276980947], "raw_data_size": "70"}, "user_2_3930": {"weights": [0.0829407598, 0.148165749, 0.1551873133, 0.2580589982, 0.3556471796], "gauss": [-0.1131061048, 0.0001249264, 0.0414703799, -0.147149566, 9.46677e-05, 0.0740828745, -0.0598667855, 1.09025e-05, 0.0775936567, -0.1031334732, 5.842e-05, 0.1290294991, -0.0810805705, 3.85862e-05, 0.1778235898], "max": [-0.1127843157, -0.1469057181, -0.0598387025, -0.1029829932, -0.080981179], "min": [-0.1134278938, -0.1473934139, -0.0598948685, -0.1032839531, -0.0811799621], "raw_data_size": "57"}}