{"user_1_3187": {"weights": 1, "gauss": [0.45167598451231994, 0.001839106288001351, 0.5], "max": [0.45641320838129484], "min": [0.44693876064334503], "raw_data_size": "9995"}}