{"user_1_318": {"weights": [0.13692390715857564, 0.14360489101004123, 0.17071865418378332, 0.24919320678150758, 0.2995593408660922], "gauss": [0.19449793285650988, 1.276356600257611e-05, 0.06846195357928782, 0.13028148239195889, 4.1398660856904436e-05, 0.07180244550502062, 0.2152444254337727, 5.051008161233061e-05, 0.08535932709189166, 0.18036299140420015, 1.6457173922935053e-05, 0.12459660339075379, 0.15568788334646697, 7.480666654371176e-05, 0.1497796704330461], "max": [0.1945308096238371, 0.13038811827572178, 0.21537453078211438, 0.18040538227504443, 0.15588057255025106], "min": [0.19446505608918266, 0.130174846508196, 0.21511432008543102, 0.18032060053335586, 0.15549519414268287], "raw_data_size": "30"}}