{"user_3_318": {"weights": [0.23611847434321495, 8.240063910275913e-05, 0.02876086473949281, 0.17163342057773578, 3.342480888300536e-05, 0.05184709447032943, 0.20650084392579943, 0.00011067431980844766, 0.11097540953009898, 0.1313404797766497, 7.648440457240402e-05, 0.12889937805030321, 0.15516744864677495, 4.3426929755083606e-05, 0.17951725320977555], "gauss": [0.23611847434321495, 8.240063910275913e-05, 0.02876086473949281, 0.17163342057773578, 3.342480888300536e-05, 0.05184709447032943, 0.20650084392579943, 0.00011067431980844766, 0.11097540953009898, 0.1313404797766497, 7.648440457240402e-05, 0.12889937805030321, 0.15516744864677495, 4.3426929755083606e-05, 0.17951725320977555], "max": [0.236330724324047, 0.17171951717992215, 0.20678592208191238, 0.13153749054721178, 0.15527930900500125], "min": [0.2359062243623829, 0.17154732397554942, 0.20621576576968648, 0.13114346900608762, 0.15505558828854865], "raw_data_size": "70"}}