{"user_2_318": {"weights": [0.1983987736623544, 1.2520713609630696e-05, 0.054304990051561246, 0.18260508965179767, 3.2004704121387336e-05, 0.083673345618689, 0.2153951696076866, 9.148381993512211e-05, 0.10425767176847445, 0.13375950478027154, 0.0002558308816501671, 0.1199921411689279, 0.1607831917186165, 6.848743423776529e-05, 0.13777185139234743], "gauss": [0.1983987736623544, 1.2520713609630696e-05, 0.054304990051561246, 0.18260508965179767, 3.2004704121387336e-05, 0.083673345618689, 0.2153951696076866, 9.148381993512211e-05, 0.10425767176847445, 0.13375950478027154, 0.0002558308816501671, 0.1199921411689279, 0.1607831917186165, 6.848743423776529e-05, 0.13777185139234743], "max": [0.19843102488337142, 0.18268752830652496, 0.21563081631187608, 0.1344184814619788, 0.160959603658651], "min": [0.19836652244133737, 0.18252265099707038, 0.2151595229034971, 0.1331005280985643, 0.16060677977858198], "raw_data_size": "57"}}