{"user_1_1087": {"weights": [0.4383529951, 0.5616470049], "gauss": [0.4200511361, 0.0004252768, 0.2191764975, 0.3804322549, 0.0002739887, 0.2808235025], "max": [0.4211465765, 0.3811380029], "min": [0.4189556956, 0.3797265069], "raw_data_size": "30"}, "user_3_1087": {"weights": [0.0707586685, 0.082641801, 0.2339048466, 0.2760086401, 0.3366860439], "gauss": [0.3373242199, 0.0001053605, 0.0353793342, 0.4469829789, 0.0001308549, 0.0413209005, 0.3817936193, 7.87204e-05, 0.1169524233, 0.4199110688, 8.98999e-05, 0.13800432, 0.3988594697, 7.32936e-05, 0.1683430219], "max": [0.3375956105, 0.4473200389, 0.3819963895, 0.4201426357, 0.3990482616], "min": [0.3370528293, 0.4466459189, 0.3815908491, 0.419679502, 0.3986706778], "raw_data_size": "70"}, "user_2_1087": {"weights": [0.3285072107, 0.3336922991, 0.3378004903], "gauss": [0.3692694236, 9.35576e-05, 0.1642536053, 0.398895196, 0.0002586142, 0.1668461495, 0.4260390929, 0.0005173145, 0.1689002451], "max": [0.3695104121, 0.3995613421, 0.4273716067], "min": [0.3690284351, 0.3982290499, 0.4247065791], "raw_data_size": "57"}}