{"user_3_3236": {"weights": 1, "gauss": [0.06709195338420616, 0.0026867828512461946, 0.5], "max": [0.07401264738471877], "min": [0.06017125938369355], "raw_data_size": "9991"}}