{"user_2_3236": {"weights": [1.0], "gauss": [0.0677343594649508, 0.002662019571917058, 0.5], "max": [0.07459126748491546], "min": [0.06087745144498614], "raw_data_size": "9991"}}