{"user_4_3236": {"weights": [1.0], "gauss": [0.06721922488310704, 0.0026686830758838277, 0.5], "max": [0.07409329695185361], "min": [0.06034515281436046], "raw_data_size": "9996"}}