{"user_1_3452": {"weights": [0.21695914461314553, 0.28580747179792404, 0.4972333835889303], "gauss": [0.31410611067645333, 9.639462532665021e-05, 0.10847957230657276, 0.15842172638956048, 0.0011601203096105867, 0.14290373589896202, 0.2432463887157579, 0.0009037856041328858, 0.24861669179446516], "max": [0.3143544067770743, 0.16140999827869765, 0.24557438615900903], "min": [0.31385781457583234, 0.1554334545004233, 0.24091839127250678], "raw_data_size": "30"}}