{"user_1_2036": {"weights": [1.0], "gauss": [0.281783357211851, 0.0008252811010092111, 0.5], "max": [0.28390914045549565], "min": [0.27965757396820634], "raw_data_size": "9995"}}