{"user_2_2952": {"weights": [0.1385986630182314, 0.37972297668619664, 0.4816783602955718], "gauss": [0.2864713622964582, 0.00011055581329656627, 0.0692993315091157, 0.35093331285518975, 0.00018789030993544742, 0.18986148834309832, 0.39830783555619553, 0.00031944254315674394, 0.2408391801477859], "max": [0.2867561352000252, 0.35141728622137436, 0.3991306650196589], "min": [0.2861865893928912, 0.35044933948900514, 0.3974850060927322], "raw_data_size": "57"}}