{"user_1_2789": {"weights": [0.06666694878263281, 0.13181241584668177, 0.17657575143626636, 0.624944883934419], "gauss": [0.3139960411119456, 8.394374360676149e-05, 0.033333474391316405, 0.3588896191336191, 4.912999794603022e-06, 0.06590620792334088, 0.44512881670106036, 0.00033141411838263815, 0.08828787571813318, 0.39943235892175977, 0.00017075697314589033, 0.3124724419672095], "max": [0.3142122658665775, 0.3589022741824584, 0.44598248289880016, 0.39987219973697424], "min": [0.3137798163573137, 0.3588769640847798, 0.44427515050332056, 0.3989925181065453], "raw_data_size": "30"}}