{"user_1_2638": {"weights": [1.0], "gauss": [0.41453790288486453, 0.0008468743659630341, 0.5], "max": [0.4167193066931365], "min": [0.41235649907659255], "raw_data_size": "9995"}}