{"user_2_1754": {"weights": [1.0], "gauss": [-0.27412724842836794, 0.0004727448763462695, 0.5], "max": [-0.2729095383227726], "min": [-0.2753449585339633], "raw_data_size": "9991"}}