{"user_2_3063": {"weights": [0.4593718970092534, 0.5406281029907466], "gauss": [-0.23678934095311777, 0.00039418888290972023, 0.2296859485046267, -0.18999159340113572, 0.000431175839600748, 0.2703140514953733], "max": [-0.2357739776773857, -0.18888095803850982], "min": [-0.23780470422884983, -0.19110222876376162], "raw_data_size": "57"}}