{"user_6_2164": {"weights": 1, "gauss": [-0.030521731417818387, 0.0014870035597276362, 0.5], "max": [-0.026691464074190416], "min": [-0.03435199876144636], "raw_data_size": "9993"}}