{"user_2_2164": {"weights": [1.0], "gauss": [-0.030776090632124217, 0.0014965969042526372, 0.5], "max": [-0.026921112470549707], "min": [-0.034631068793698726], "raw_data_size": "9991"}}