{"user_4_2164": {"weights": [1.0], "gauss": [-0.030342140802461653, 0.0014631322548431063, 0.5], "max": [-0.026573361865469203], "min": [-0.034110919739454106], "raw_data_size": "9996"}}