{"user_3_3404": {"weights": [0.08432777641191723, 0.153490463093931, 0.2784951929884979, 0.48368656750565386], "gauss": [0.10629044996564865, 0.0005403939996732305, 0.042163888205958615, -0.0629898708300486, 0.00042101055512132584, 0.0767452315469655, 0.03598685728536343, 0.0002692506391120652, 0.13924759649424895, -0.003179994527022498, 0.00012638454359138596, 0.24184328375282693], "max": [0.10768241266546895, -0.0619054195050637, 0.036680400971587555, -0.0028544495161241528], "min": [0.10489848726582836, -0.0640743221550335, 0.03529331359913931, -0.003505539537920843], "raw_data_size": "70"}}