{"user_3_8": {"weights": 1, "gauss": [-0.4199810129644491, 0.0022750894370294197, 0.5], "max": [-0.4141207709243542], "min": [-0.42584125500454406], "raw_data_size": "9991"}}