{"user_1_2170": {"weights": 1, "gauss": [-0.4442457353148456, 0.0021651268658341985, 0.5], "max": [-0.4386687380879289], "min": [-0.44982273254176236], "raw_data_size": "9995"}}