{"user_4_1776": {"weights": [1.0], "gauss": [-0.007560384612002118, 0.0022299946540407056, 0.5], "max": [-0.0018162990353666761], "min": [-0.01330447018863756], "raw_data_size": "9996"}}