{"user_5_3358": {"weights": 1, "gauss": [0.10239484700341227, 0.0009979086004138031, 0.5], "max": [0.10496528921862161], "min": [0.09982440478820293], "raw_data_size": "9994"}}