{"user_2_749": {"weights": [1.0], "gauss": [0.04206383968105826, 0.0008153774326653331, 0.5], "max": [0.04416411276557009], "min": [0.03996356659654642], "raw_data_size": "9991"}}