{"user_3_461": {"weights": [0.1927199772465025, 5.473361945230914e-05, 0.014282019714971268, 0.28589395637472886, 4.551861480818386e-05, 0.08440630125747933, 0.250391511922391, 0.0001302662478123291, 0.11922336313194266, 0.3167673342036488, 0.00016233964647559173, 0.13313527460132032, 0.37029177656356554, 0.0010696246839573254, 0.14895304129428635], "gauss": [0.1927199772465025, 5.473361945230914e-05, 0.014282019714971268, 0.28589395637472886, 4.551861480818386e-05, 0.08440630125747933, 0.250391511922391, 0.0001302662478123291, 0.11922336313194266, 0.3167673342036488, 0.00016233964647559173, 0.13313527460132032, 0.37029177656356554, 0.0010696246839573254, 0.14895304129428635], "max": [0.19286096170737704, 0.2860112045566087, 0.25072705554076935, 0.3171854934221684, 0.37304694716830206], "min": [0.19257899278562796, 0.285776708192849, 0.25005596830401267, 0.31634917498512916, 0.36753660595882903], "raw_data_size": "70"}}