{"user_2_1089": {"weights": [0.1339155296628612, 0.31219248851411446, 0.5538919818230243], "gauss": [-0.23223613999204606, 0.00012799082787673982, 0.0669577648314306, -0.2971903291951082, 0.00015003360637341656, 0.15609624425705723, -0.2634351744478549, 6.15329816068395e-05, 0.2769459909115122], "max": [-0.2319064574670157, -0.2968038682352944, -0.26327667599069726], "min": [-0.23256582251707644, -0.29757679015492194, -0.26359367290501257], "raw_data_size": "57"}}