{"user_3_1089": {"weights": [0.18056203487428849, 0.4057433505486276, 0.41369461457708384], "gauss": [-0.29790793698417267, 0.00023427886771022654, 0.09028101743714424, -0.2706114172167315, 0.0001527576332649012, 0.2028716752743138, -0.24773580196682413, 0.00020680739239609014, 0.20684730728854192], "max": [-0.29730447461152243, -0.270217939628627, -0.24720310142529975], "min": [-0.2985113993568229, -0.27100489480483597, -0.2482685025083485], "raw_data_size": "70"}}