{"user_4_2967": {"weights": [1.0], "gauss": [-0.5360517534021508, 0.0012119774172105458, 0.5], "max": [-0.5329299064556604], "min": [-0.5391736003486413], "raw_data_size": "9996"}}