{"user_5_2967": {"weights": 1, "gauss": [-0.5361795078393511, 0.0011873669084636318, 0.5], "max": [-0.5331210533624662], "min": [-0.539237962316236], "raw_data_size": "9994"}}