{"user_6_3598": {"weights": [1.0], "gauss": [0.06248774861367627, 0.001580740303425422, 0.5], "max": [0.06655946580854025], "min": [0.05841603141881229], "raw_data_size": "9993"}}