{"user_2_4056": {"weights": 1, "gauss": [-0.4579234258, 0.001965898, 0.5], "max": [-0.4528596081], "min": [-0.4629872434], "raw_data_size": "9991"}, "user_6_4056": {"weights": 1, "gauss": [-0.4572519524, 0.001963599, 0.5], "max": [-0.4521940565], "min": [-0.4623098482], "raw_data_size": "9993"}, "user_5_4056": {"weights": 1, "gauss": [-0.4565003956, 0.0019406597, 0.5], "max": [-0.4515015874], "min": [-0.4614992038], "raw_data_size": "9994"}, "user_1_4056": {"weights": 1, "gauss": [-0.4575412352, 0.001991031, 0.5], "max": [-0.4524126793], "min": [-0.4626697911], "raw_data_size": "9995"}, "user_3_4056": {"weights": 1, "gauss": [-0.4578724322, 0.0019705091, 0.5], "max": [-0.4527967371], "min": [-0.4629481272], "raw_data_size": "9991"}, "user_4_4056": {"weights": 1, "gauss": [-0.4577357812, 0.001961475, 0.5], "max": [-0.4526833563], "min": [-0.462788206], "raw_data_size": "9996"}}