{"user_6_1794": {"weights": 1, "gauss": [-0.7243692336102618, 0.001073005749883753, 0.5], "max": [-0.7216053539568348], "min": [-0.7271331132636889], "raw_data_size": "9993"}}