{"user_2_3830": {"weights": 1, "gauss": [-0.010931862625304146, 0.001739822453681575, 0.5], "max": [-0.0064503769661387956], "min": [-0.015413348284469497], "raw_data_size": "9991"}}