{"user_1_314": {"weights": [-0.17278236181733425, 3.2376036455373066e-05, 0.033299105979078585, -0.14132685371076062, 4.8987706265201904e-05, 0.07061978287639531, -0.08557419082743548, 0.00010004902665501449, 0.09949029344848892, -0.10210875280751312, 5.870955904084614e-05, 0.11126946209566592, -0.12665843399736207, 6.205777422756378e-05, 0.18532135560037122], "gauss": [-0.17278236181733425, 3.2376036455373066e-05, 0.033299105979078585, -0.14132685371076062, 4.8987706265201904e-05, 0.07061978287639531, -0.08557419082743548, 0.00010004902665501449, 0.09949029344848892, -0.10210875280751312, 5.870955904084614e-05, 0.11126946209566592, -0.12665843399736207, 6.205777422756378e-05, 0.18532135560037122], "max": [-0.17269896667389972, -0.14120066974144907, -0.08531648161278595, -0.10195752700493728, -0.1264985837639937], "min": [-0.17286575696076878, -0.14145303768007217, -0.085831900042085, -0.10225997861008897, -0.12681828423073044], "raw_data_size": "30"}}