{"user_1_3263": {"weights": [0.100003258, 0.2387666617, 0.2722638863, 0.3889661939], "gauss": [-1.1679560834, 0.000243591, 0.050001629, -1.0832405371, 0.0001258353, 0.1193833309, -1.047800259, 0.0001323361, 0.1361319432, -0.9780897398, 0.0011058845, 0.194483097], "max": [-1.1673286344, -1.0829164068, -1.0474593837, -0.97524117], "min": [-1.1685835323, -1.0835646673, -1.0481411342, -0.9809383096], "raw_data_size": "30"}, "user_3_3263": {"weights": [0.0704075046, 0.085533071, 0.1535223745, 0.338967046, 0.3515700039], "gauss": [-1.2081944617, 0.0001488512, 0.0352037523, -0.8878329652, 0.000491744, 0.0427665355, -1.1241409347, 0.0004752509, 0.0767611873, -1.0750362888, 0.0004027804, 0.169483523, -1.0133345922, 0.0003842243, 0.1757850019], "max": [-1.2078110464, -0.8865663166, -1.1229167696, -1.0739987951, -1.0123448959], "min": [-1.208577877, -0.8890996137, -1.1253650998, -1.0760737825, -1.0143242885], "raw_data_size": "70"}, "user_2_3263": {"weights": [0.1153502127, 0.3218073336, 0.5628424537], "gauss": [-1.1692254087, 0.0011997404, 0.0576751064, -1.0779418479, 0.0003298794, 0.1609036668, -0.9923514688, 0.0015569131, 0.2814212269], "max": [-1.1661350822, -1.0770921349, -0.9883411263], "min": [-1.1723157352, -1.078791561, -0.9963618113], "raw_data_size": "57"}}