{"user_5_3557": {"weights": [1.0], "gauss": [0.08141442465383965, 0.00021954828220130642, 0.5], "max": [0.0819799435526776], "min": [0.0808489057550017], "raw_data_size": "9994"}}