{"user_4_3557": {"weights": 1, "gauss": [0.0815501551295193, 0.00021687105655481667, 0.5], "max": [0.08210877795208481], "min": [0.08099153230695379], "raw_data_size": "9996"}}