{"user_4_767": {"weights": [1.0], "gauss": [0.3451978894, 0.0008328214, 0.5], "max": [0.3473430952], "min": [0.3430526836], "raw_data_size": "9996"}, "user_1_767": {"weights": [1.0], "gauss": [0.3452853985, 0.0008486465, 0.5], "max": [0.347471367], "min": [0.3430994299], "raw_data_size": "9995"}, "user_6_767": {"weights": [1.0], "gauss": [0.3452880498, 0.000812873, 0.5], "max": [0.347381872], "min": [0.3431942276], "raw_data_size": "9993"}, "user_3_767": {"weights": [1.0], "gauss": [0.3454217123, 0.0008291303, 0.5], "max": [0.3475574104], "min": [0.3432860142], "raw_data_size": "9991"}, "user_5_767": {"weights": [1.0], "gauss": [0.3450494861, 0.0008473908, 0.5], "max": [0.3472322201], "min": [0.3428667522], "raw_data_size": "9994"}, "user_2_767": {"weights": [1.0], "gauss": [0.3457204092, 0.0008306956, 0.5], "max": [0.3478601394], "min": [0.343580679], "raw_data_size": "9991"}}