{"user_4_643": {"weights": 1, "gauss": [0.1757312401474095, 0.0009056012017596694, 0.5], "max": [0.17806391426023116], "min": [0.17339856603458786], "raw_data_size": "9996"}}