{"user_3_2007": {"weights": [1.0], "gauss": [-0.15318352461168416, 0.0017109446199655317, 0.5], "max": [-0.14877642332282762], "min": [-0.1575906259005407], "raw_data_size": "9991"}}