{"user_2_3935": {"weights": [0.3178001422156181, 0.682199857784382], "gauss": [0.08488068561241857, 0.0038740824202087715, 0.15890007110780904, 0.026921331630174974, 0.0011823466310957114, 0.341099928892191], "max": [0.09485966063475597, 0.02996685472950363], "min": [0.07490171059008117, 0.02387580853084632], "raw_data_size": "57"}}