{"user_1_3935": {"weights": [0.09999999999993137, 0.1784606566971431, 0.18855335439588428, 0.20096527040514972, 0.3320207185018914], "gauss": [0.150140096743903, 1.0845923356236603e-05, 0.04999999999996568, -0.024633805712766892, 0.0003577703525695791, 0.08923032834857154, 0.012035569321498091, 1.4220465659797112e-05, 0.09427667719794214, 0.07482233132359567, 9.72748340670172e-05, 0.10048263520257486, 0.0407547088402496, 2.5973118507834805e-05, 0.1660103592509457], "max": [0.15016803399110804, -0.02371225035467715, 0.012072198813654707, 0.07507289469168335, 0.04082161116000663], "min": [0.15011215949669796, -0.025555361070856635, 0.011998939829341476, 0.07457176795550799, 0.04068780652049257], "raw_data_size": "30"}}