{"user_3_1506": {"weights": [0.09599669408448369, 0.32977292735852254, 0.5742303785569939], "gauss": [-0.05802772383082685, 0.0005098460180578433, 0.047998347042241846, 0.031171425500050254, 0.0005023566195631295, 0.16488646367926127, 0.0871190180679529, 0.0005640506576579878, 0.28711518927849694], "max": [-0.05671444751721574, 0.03246541040155273, 0.08857191628063438], "min": [-0.05934100014443796, 0.02987744059854778, 0.08566611985527142], "raw_data_size": "70"}}