{"user_4_4001": {"weights": [1.0], "gauss": [0.1502723174402094, 0.0010468679426591891, 0.5], "max": [0.1529688705638569], "min": [0.1475757643165619], "raw_data_size": "9996"}}