{"user_3_3255": {"weights": 1, "gauss": [0.03913969376768702, 0.004542581137156525, 0.5], "max": [0.05084060737452328], "min": [0.02743878016085076], "raw_data_size": "9991"}}