{"user_5_1201": {"weights": 1, "gauss": [0.05231509270204627, 0.0030068862718018296, 0.5], "max": [0.06006031847339233], "min": [0.04456986693070021], "raw_data_size": "9994"}}