{"user_2_992": {"weights": 1, "gauss": [0.4435997879389397, 0.001799764719406709, 0.5], "max": [0.448235674642681], "min": [0.43896390123519846], "raw_data_size": "9991"}}