{"user_1_812": {"weights": [1.0], "gauss": [0.4673898664319365, 0.0016259132365634133, 0.5], "max": [0.47157794139170456], "min": [0.4632017914721684], "raw_data_size": "9995"}}