{"user_3_3912": {"weights": [0.11611936650147864, 0.12288237014238236, 0.19386600562619088, 0.25808781397879305, 0.30904444375115514], "gauss": [0.435966246818491, 0.00024621862809306907, 0.05805968325073932, 0.4008429717407959, 5.775215274614231e-05, 0.06144118507119118, 0.40987523296856515, 2.2033174234519337e-05, 0.09693300281309544, 0.35715122708112074, 0.00018259104162110417, 0.12904390698939652, 0.3837198780819956, 4.662323565390769e-05, 0.15452222187557757], "max": [0.43660046397581276, 0.40099173142818245, 0.4099319866644086, 0.3576215504366939, 0.3838399715786192], "min": [0.43533202966116924, 0.4006942120534094, 0.4098184792727217, 0.35668090372554756, 0.383599784585372], "raw_data_size": "70"}}