{"user_1_718": {"weights": [0.03332567343375067, 0.37053041145421356, 0.5961439151120357], "gauss": [-0.15563273429870564, 1.0000000000589806e-06, 0.016662836716875334, -0.20413351741086516, 0.00013407663373010592, 0.18526520572710678, -0.23201258001872158, 0.0003179915590110831, 0.29807195755601784], "max": [-0.15563015846940192, -0.20378815888878196, -0.23119348804273962], "min": [-0.15563531012800935, -0.20447887593294836, -0.23283167199470353], "raw_data_size": "30"}}