{"user_2_3317": {"weights": [0.29232636468927875, 0.35048846344247486, 0.3571851718682465], "gauss": [0.4452778997314917, 0.0002658215436991952, 0.14616318234463938, 0.4783077273460538, 7.084562508446923e-05, 0.17524423172123743, 0.49562211209141976, 0.0002372088687780095, 0.17859258593412325], "max": [0.44596261065326664, 0.4784902135831746, 0.4962331216466798], "min": [0.4445931888097167, 0.478125241108933, 0.4950111025361597], "raw_data_size": "57"}}