{"user_3_715": {"weights": [1.0], "gauss": [0.0652727982, 0.0007762073, 0.5], "max": [0.0672721758], "min": [0.0632734206], "raw_data_size": "9991"}, "user_6_715": {"weights": [1.0], "gauss": [0.0649715026, 0.0007766017, 0.5], "max": [0.0669718959], "min": [0.0629711093], "raw_data_size": "9993"}, "user_2_715": {"weights": [1.0], "gauss": [0.0650384559, 0.0007772099, 0.5], "max": [0.067040416], "min": [0.0630364958], "raw_data_size": "9991"}, "user_4_715": {"weights": [1.0], "gauss": [0.0648874287, 0.0007998736, 0.5], "max": [0.0669477666], "min": [0.0628270908], "raw_data_size": "9996"}, "user_1_715": {"weights": [1.0], "gauss": [0.0662147299, 0.0007971052, 0.5], "max": [0.068267937], "min": [0.0641615229], "raw_data_size": "9995"}, "user_5_715": {"weights": [1.0], "gauss": [0.0655877127, 0.0007774837, 0.5], "max": [0.067590378], "min": [0.0635850474], "raw_data_size": "9994"}}