{"user_3_93": {"weights": [0.12407758492990768, 0.14072836077226028, 0.23690135739477688, 0.498292696903055], "gauss": [-0.3512365417970838, 0.0004639365755841053, 0.06203879246495384, -0.510524476212082, 0.00024102983198601057, 0.07036418038613014, -0.45404134147891606, 0.00019449616091662858, 0.11845067869738844, -0.41217186496183594, 0.00024169852851071882, 0.2491463484515275], "max": [-0.3500415203707061, -0.5099036245078229, -0.45354035256819925, -0.4115492908094734], "min": [-0.3524315632234615, -0.511145327916341, -0.4545423303896329, -0.4127944391141985], "raw_data_size": "70"}}