{"user_3_2726": {"weights": [1.0], "gauss": [-0.234086626266833, 0.0017176886831701047, 0.5], "max": [-0.2296621534223491], "min": [-0.23851109911131688], "raw_data_size": "9991"}}