{"user_3_4083": {"weights": [0.1519732980702326, 0.17754462771270474, 0.2828751048455132, 0.3876069693715493], "gauss": [0.13919685589783073, 0.0004617386378607838, 0.0759866490351163, 0.18075083167468728, 0.0001533283277570786, 0.08877231385635237, 0.21622843835815597, 9.255242329283303e-05, 0.1414375524227566, 0.26718461441871894, 0.0003508091721002156, 0.19380348468577466], "max": [0.1403862158118133, 0.1811457792743881, 0.2164668376021881, 0.2680882389641684], "min": [0.13800749598384818, 0.18035588407498646, 0.21599003911412384, 0.2662809898732695], "raw_data_size": "70"}}