{"user_3_1505": {"weights": [1.0], "gauss": [0.29213202505034014, 0.0007980181192247239, 0.5], "max": [0.2941875835066022], "min": [0.2900764665940781], "raw_data_size": "9991"}}