{"user_3_2805": {"weights": [0.20100677036830533, 0.31529349961061265, 0.483699730021082], "gauss": [0.1562126533742444, 0.0003421724413393165, 0.10050338518415267, 0.2358344840623623, 0.0004654079700662843, 0.15764674980530632, 0.19139068548276603, 0.00024494664978654587, 0.241849865010541], "max": [0.15709403117551307, 0.23703329554976424, 0.19202162624109234], "min": [0.1553312755729757, 0.23463567257496035, 0.1907597447244397], "raw_data_size": "70"}}