{"user_4_2981": {"weights": [1.0], "gauss": [-0.5178629271, 0.000438743, 0.5], "max": [-0.5167328], "min": [-0.5189930541], "raw_data_size": "9996"}, "user_1_2981": {"weights": [1.0], "gauss": [-0.5176245855, 0.0004307159, 0.5], "max": [-0.5165151348], "min": [-0.5187340362], "raw_data_size": "9995"}, "user_5_2981": {"weights": [1.0], "gauss": [-0.5177146631, 0.0004441225, 0.5], "max": [-0.5165706793], "min": [-0.5188586469], "raw_data_size": "9994"}, "user_3_2981": {"weights": [1.0], "gauss": [-0.5175616817, 0.0004325067, 0.5], "max": [-0.5164476182], "min": [-0.5186757452], "raw_data_size": "9991"}, "user_2_2981": {"weights": [1.0], "gauss": [-0.5175058829, 0.0004294351, 0.5], "max": [-0.5163997315], "min": [-0.5186120343], "raw_data_size": "9991"}, "user_6_2981": {"weights": [1.0], "gauss": [-0.5179842377, 0.0004183984, 0.5], "max": [-0.5169065149], "min": [-0.5190619606], "raw_data_size": "9993"}}