{"user_3_1691": {"weights": [0.12263308254397011, 0.13201430686012885, 0.14795123298699447, 0.19387784505692962, 0.40352353255197687], "gauss": [-0.4383584555700518, 0.00023042177388518558, 0.061316541271985055, -0.38231514467367284, 8.599171657758153e-05, 0.06600715343006443, -0.3007360091393291, 0.00023595581145101252, 0.07397561649349724, -0.3998214765598956, 7.044229317637496e-05, 0.09693892252846481, -0.3488845060597564, 0.0001756348090090749, 0.20176176627598844], "max": [-0.43776492841270265, -0.3820936446902498, -0.3001282272458509, -0.3996400292369227, -0.3484321007719876], "min": [-0.438951982727401, -0.38253664465709586, -0.30134379103280723, -0.40000292388286846, -0.3493369113475252], "raw_data_size": "70"}}