{"user_2_2389": {"weights": 1, "gauss": [-0.18862269654732128, 0.0033563398797916135, 0.5], "max": [-0.17997733793228424], "min": [-0.19726805516235832], "raw_data_size": "9991"}}