{"user_2_3985": {"weights": 1, "gauss": [0.4472988516, 0.0011840049, 0.5], "max": [0.450348646], "min": [0.4442490571], "raw_data_size": "9991"}, "user_6_3985": {"weights": 1, "gauss": [0.4470560651, 0.0011688461, 0.5], "max": [0.4500668131], "min": [0.4440453172], "raw_data_size": "9993"}, "user_5_3985": {"weights": 1, "gauss": [0.4480415873, 0.0011760187, 0.5], "max": [0.4510708108], "min": [0.4450123639], "raw_data_size": "9994"}, "user_4_3985": {"weights": 1, "gauss": [0.4468154928, 0.001150658, 0.5], "max": [0.4497793913], "min": [0.4438515943], "raw_data_size": "9996"}, "user_3_3985": {"weights": 1, "gauss": [0.4476057521, 0.0011717444, 0.5], "max": [0.4506239655], "min": [0.4445875386], "raw_data_size": "9991"}, "user_1_3985": {"weights": 1, "gauss": [0.447913414, 0.0011993413, 0.5], "max": [0.4510027125], "min": [0.4448241155], "raw_data_size": "9995"}}