{"user_3_3783": {"weights": [0.05714277135343313, 0.18202570017603656, 0.23725627238940977, 0.5235752560811205], "gauss": [0.130741029697045, 1.3700642251676359e-05, 0.028571385676716566, 0.1654623034038178, 3.370086803244809e-05, 0.09101285008801828, 0.23706340169478987, 0.00036886893855866867, 0.11862813619470489, 0.19635295933170244, 0.00013483140132456478, 0.26178762804056027], "max": [0.13077632021283433, 0.16554911108725082, 0.23801354511589826, 0.1967002620062728], "min": [0.1307057391812557, 0.16537549572038476, 0.2361132582736815, 0.19600565665713207], "raw_data_size": "70"}}