{"user_4_3509": {"weights": [1.0], "gauss": [-0.10986189342132502, 0.0018124559111062858, 0.5], "max": [-0.10519331637410703], "min": [-0.114530470468543], "raw_data_size": "9996"}}