{"user_1_3246": {"weights": [1.0], "gauss": [0.041240128974078825, 0.0004946106671324717, 0.5], "max": [0.042514161624326516], "min": [0.039966096323831135], "raw_data_size": "9995"}}