{"user_3_3056": {"weights": [0.07704441551818728, 0.1422734830829229, 0.186346630438302, 0.24583092931265443, 0.3485045416479332], "gauss": [0.5273020534182237, 0.00043471733961505845, 0.03852220775909364, 0.38775500535230006, 0.00020101809660025182, 0.07113674154146145, 0.3457626779551921, 0.00031494909561301146, 0.093173315219151, 0.4287338142622828, 0.00013572341386078223, 0.12291546465632722, 0.4656451978456122, 0.0002346059677928992, 0.1742522708239666], "max": [0.528421811080365, 0.3882727936560666, 0.34657393306479833, 0.4290834146088831, 0.4662495027722406], "min": [0.5261822957560823, 0.38723721704853353, 0.3449514228455859, 0.4283842139156825, 0.4650408929189838], "raw_data_size": "70"}}