{"user_3_3292": {"weights": [0.071552166226654, 0.08814544544946064, 0.24552537499028035, 0.24652323197099893, 0.34825378136260604], "gauss": [-0.0416353289684955, 0.0001649783761367196, 0.035776083113327, 0.1981734001961644, 0.0009683880726260367, 0.04407272272473032, 0.09119610438778651, 6.155368620505596e-05, 0.12276268749514017, 0.05072310634908536, 0.0006532256415884714, 0.12326161598549946, 0.15077452774966052, 0.0005338211168024975, 0.17412689068130302], "max": [-0.04121037283279062, 0.20066780257084177, 0.09135465617645495, 0.052405704098518475, 0.15214955982517359], "min": [-0.04206028510420037, 0.195678997821487, 0.09103755259911807, 0.04904050859965225, 0.14939949567414745], "raw_data_size": "70"}}