{"user_6_584": {"weights": 1, "gauss": [-0.5271434913604305, 0.0021569697943429047, 0.5], "max": [-0.5215875053572921], "min": [-0.5326994773635688], "raw_data_size": "9993"}}