{"user_1_584": {"weights": [1.0], "gauss": [-0.5281154490101196, 0.002161449966628564, 0.5], "max": [-0.522547922847923], "min": [-0.5336829751723163], "raw_data_size": "9995"}}