{"user_3_1804": {"weights": [0.0431447512, 0.1863935546, 0.191916629, 0.202608371, 0.3759366943], "gauss": [-0.4983503774, 0.0001361508, 0.0215723756, -0.6319204029, 0.0002472771, 0.0931967773, -0.5376335895, 4.97507e-05, 0.0959583145, -0.6066988235, 0.000111591, 0.1013041855, -0.5762266732, 0.0001406546, 0.1879683471], "max": [-0.4979996761, -0.6312834594, -0.5375054401, -0.6064113842, -0.5758643711], "min": [-0.4987010787, -0.6325573463, -0.5377617389, -0.6069862629, -0.5765889753], "raw_data_size": "70"}, "user_2_1804": {"weights": [-0.6462209268, 3.3709e-06, 0.0175143742, -0.5404582341, 2.41911e-05, 0.0548836672, -0.5053637268, 0.000147558, 0.0717945066, -0.5681795434, 0.0001502931, 0.1738288777, -0.5931710648, 0.0002009085, 0.1819785742], "gauss": [-0.6462209268, 3.3709e-06, 0.0175143742, -0.5404582341, 2.41911e-05, 0.0548836672, -0.5053637268, 0.000147558, 0.0717945066, -0.5681795434, 0.0001502931, 0.1738288777, -0.5931710648, 0.0002009085, 0.1819785742], "max": [-0.646212244, -0.540395922, -0.5049836425, -0.5677924141, -0.5926535588], "min": [-0.6462296096, -0.5405205462, -0.5057438111, -0.5685666728, -0.5936885708], "raw_data_size": "57"}, "user_1_1804": {"weights": [0.47107345, 0.52892655], "gauss": [-0.5897179554, 0.0008531861, 0.235536725, -0.5524387199, 0.0012371547, 0.264463275], "max": [-0.5875202936, -0.5492520207], "min": [-0.5919156171, -0.5556254191], "raw_data_size": "30"}}