{"user_6_3196": {"weights": [1.0], "gauss": [0.1203129606, 0.0012262907, 0.5], "max": [0.1234716762], "min": [0.117154245], "raw_data_size": "9993"}, "user_1_3196": {"weights": [1.0], "gauss": [0.1198999495, 0.001276862, 0.5], "max": [0.1231889282], "min": [0.1166109708], "raw_data_size": "9995"}, "user_2_3196": {"weights": [1.0], "gauss": [0.1195802558, 0.0012159696, 0.5], "max": [0.1227123859], "min": [0.1164481257], "raw_data_size": "9991"}, "user_3_3196": {"weights": [1.0], "gauss": [0.1198061142, 0.0012251712, 0.5], "max": [0.1229619461], "min": [0.1166502824], "raw_data_size": "9991"}, "user_5_3196": {"weights": [1.0], "gauss": [0.1205215745, 0.0012235101, 0.5], "max": [0.1236731277], "min": [0.1173700212], "raw_data_size": "9994"}, "user_4_3196": {"weights": [1.0], "gauss": [0.1198760641, 0.0012533652, 0.5], "max": [0.1231045191], "min": [0.1166476092], "raw_data_size": "9996"}}