{"user_3_271": {"weights": [0.1690134292, 0.8309865708], "gauss": [0.3594450575, 0.0005555887, 0.0845067146, 0.4229926119, 0.0002154332, 0.4154932854], "max": [0.3608761592, 0.423547531], "min": [0.3580139558, 0.4224376927], "raw_data_size": "70"}, "user_2_271": {"weights": [0.2953851879, 0.7046148121], "gauss": [0.3882810487, 0.0008805293, 0.147692594, 0.425354816, 0.0002306275, 0.352307406], "max": [0.3905491418, 0.4259488729], "min": [0.3860129555, 0.424760759], "raw_data_size": "57"}, "user_1_271": {"weights": [0.357550997, 3.20233e-05, 0.0497799554, 0.3874582307, 4.47382e-05, 0.0675695976, 0.4081973078, 8.9896e-06, 0.0988916695, 0.4223803956, 1.09402e-05, 0.1259460137, 0.4384321451, 4.07533e-05, 0.1578127639], "gauss": [0.357550997, 3.20233e-05, 0.0497799554, 0.3874582307, 4.47382e-05, 0.0675695976, 0.4081973078, 8.9896e-06, 0.0988916695, 0.4223803956, 1.09402e-05, 0.1259460137, 0.4384321451, 4.07533e-05, 0.1578127639], "max": [0.3576334837, 0.3875734686, 0.4082204634, 0.4224085756, 0.4385371186], "min": [0.3574685103, 0.3873429928, 0.4081741521, 0.4223522156, 0.4383271715], "raw_data_size": "30"}}