{"user_6_431": {"weights": [1.0], "gauss": [0.2222312861590602, 0.0028802303691507413, 0.5], "max": [0.22965026794489016], "min": [0.21481230437323026], "raw_data_size": "9993"}}