{"user_4_2507": {"weights": 1, "gauss": [0.4546011464053522, 0.0013314785933392903, 0.5], "max": [0.4580308079831236], "min": [0.4511714848275808], "raw_data_size": "9996"}}