{"user_6_1247": {"weights": 1, "gauss": [0.7757325202388445, 0.0009803546129300833, 0.5], "max": [0.7782577463786992], "min": [0.7732072940989899], "raw_data_size": "9993"}}