{"user_6_3536": {"weights": 1, "gauss": [0.3799284576020196, 0.000966260292470127, 0.5], "max": [0.3824173791782199], "min": [0.3774395360258193], "raw_data_size": "9993"}}