{"user_1_261": {"weights": [0.0654390944, 0.1012265511, 0.2087842852, 0.2980979066, 0.3264521626], "gauss": [-0.2401248733, 1.5333e-06, 0.0327195472, -0.2577844377, 5.55518e-05, 0.0506132756, -0.1943920338, 7.02821e-05, 0.1043921426, -0.1657829017, 1.75536e-05, 0.1490489533, -0.2141813988, 3.15341e-05, 0.1632260813], "max": [-0.2401209238, -0.2576413456, -0.1942109992, -0.1657376866, -0.2141001723], "min": [-0.2401288227, -0.2579275297, -0.1945730684, -0.1658281168, -0.2142626252], "raw_data_size": "30"}, "user_2_261": {"weights": [0.3988563666, 0.6011436334], "gauss": [-0.2169923038, 0.0011893528, 0.1994281833, -0.1871780731, 0.0004501268, 0.3005718167], "max": [-0.2139287341, -0.1860186233], "min": [-0.2200558735, -0.1883375229], "raw_data_size": "57"}, "user_3_261": {"weights": [0.06448919, 0.0909210907, 0.3525575141, 0.4920322052], "gauss": [-0.2861524786, 0.0003245876, 0.032244595, -0.2425901749, 0.0001131315, 0.0454605454, -0.2016540445, 0.0001869233, 0.176278757, -0.1744274418, 0.0001837837, 0.2460161026], "max": [-0.2853163963, -0.2422987674, -0.201172562, -0.1739540464], "min": [-0.286988561, -0.2428815823, -0.202135527, -0.1749008372], "raw_data_size": "70"}}