{"user_1_3050": {"weights": [0.21339839274709899, 0.786601607252901], "gauss": [0.18565612294697895, 0.0008611191622447865, 0.10669919637354949, 0.13109515081032397, 0.00048713515449192487, 0.3933008036264505], "max": [0.18787421891893655, 0.1323499278160531], "min": [0.18343802697502135, 0.12984037380459484], "raw_data_size": "30"}}