{"user_6_1240": {"weights": [1.0], "gauss": [0.27352863464146226, 0.0036667380117877115, 0.5], "max": [0.2829735258606617], "min": [0.2640837434222628], "raw_data_size": "9993"}}