{"user_5_437": {"weights": 1, "gauss": [0.4864683117859349, 0.0025994086752427195, 0.5], "max": [0.4931639448235243], "min": [0.4797726787483455], "raw_data_size": "9994"}}