{"user_5_598": {"weights": [1.0], "gauss": [0.03817142217107699, 0.00013833221641272193, 0.5], "max": [0.038527742347737745], "min": [0.037815101994416234], "raw_data_size": "9994"}}