{"user_3_142": {"weights": [0.3002326475, 0.6997673525], "gauss": [0.2253318437, 0.0003888698, 0.1501163238, 0.1778385855, 0.0005945826, 0.3498836762], "max": [0.2263335059, 0.1793701288], "min": [0.2243301815, 0.1763070422], "raw_data_size": "70"}, "user_2_142": {"weights": [0.2336902281, 5.6273e-05, 0.0697870993, 0.1491434065, 0.0001519573, 0.0791007304, 0.2183205116, 6.49434e-05, 0.0935953291, 0.1939404428, 7.89114e-05, 0.1281962193, 0.1757875852, 9.9737e-05, 0.1293206218], "gauss": [0.2336902281, 5.6273e-05, 0.0697870993, 0.1491434065, 0.0001519573, 0.0791007304, 0.2183205116, 6.49434e-05, 0.0935953291, 0.1939404428, 7.89114e-05, 0.1281962193, 0.1757875852, 9.9737e-05, 0.1293206218], "max": [0.2338351777, 0.1495348225, 0.2184877948, 0.1941437052, 0.1760444906], "min": [0.2335452786, 0.1487519905, 0.2181532284, 0.1937371804, 0.1755306798], "raw_data_size": "57"}, "user_1_142": {"weights": [0.2144016684, 0.3859327373, 0.3996655944], "gauss": [0.1606578032, 0.0002019099, 0.1072008342, 0.1841807294, 5.90016e-05, 0.1929663686, 0.2227272527, 0.0001266316, 0.1998327972], "max": [0.1611778887, 0.1843327074, 0.223053434], "min": [0.1601377177, 0.1840287515, 0.2224010714], "raw_data_size": "30"}}