{"user_6_747": {"weights": [1.0], "gauss": [-0.3085593278, 0.0013562619, 0.5], "max": [-0.3050658287], "min": [-0.312052827], "raw_data_size": "9993"}, "user_2_747": {"weights": [1.0], "gauss": [-0.3090303662, 0.001345058, 0.5], "max": [-0.3055657263], "min": [-0.3124950061], "raw_data_size": "9991"}, "user_3_747": {"weights": [1.0], "gauss": [-0.3092349224, 0.001326453, 0.5], "max": [-0.3058182059], "min": [-0.3126516389], "raw_data_size": "9991"}, "user_1_747": {"weights": [1.0], "gauss": [-0.3092356404, 0.0013491973, 0.5], "max": [-0.3057603384], "min": [-0.3127109424], "raw_data_size": "9995"}, "user_4_747": {"weights": [1.0], "gauss": [-0.3096715554, 0.0013617529, 0.5], "max": [-0.3061639124], "min": [-0.3131791984], "raw_data_size": "9996"}, "user_5_747": {"weights": [1.0], "gauss": [-0.3082815173, 0.0013624093, 0.5], "max": [-0.3047721834], "min": [-0.3117908513], "raw_data_size": "9994"}}