{"user_1_2601": {"weights": 1, "gauss": [-0.07039364989589543, 0.0032361015509366165, 0.5], "max": [-0.06205800469173285], "min": [-0.07872929510005801], "raw_data_size": "9995"}}