{"user_2_2601": {"weights": [1.0], "gauss": [-0.07000115034334378, 0.0031671045309474913, 0.5], "max": [-0.06184322968512674], "min": [-0.07815907100156083], "raw_data_size": "9991"}}