{"user_1_1158": {"weights": [0.1333283955, 0.2239482591, 0.6427233454], "gauss": [-0.5228640561, 2.70182e-05, 0.0666641977, -0.5567284107, 3.29777e-05, 0.1119741296, -0.6043733712, 0.0002766459, 0.3213616727], "max": [-0.5227944618, -0.5566434656, -0.6036607786], "min": [-0.5229336504, -0.5568133557, -0.6050859639], "raw_data_size": "30"}, "user_3_1158": {"weights": [-0.6372285732, 8.24198e-05, 0.0411825527, -0.505353215, 0.0002021913, 0.0535442083, -0.5334493454, 6.90447e-05, 0.0603950525, -0.5722711503, 0.0001516344, 0.1591431947, -0.6039196, 0.0001348707, 0.1857349917], "gauss": [-0.6372285732, 8.24198e-05, 0.0411825527, -0.505353215, 0.0002021913, 0.0535442083, -0.5334493454, 6.90447e-05, 0.0603950525, -0.5722711503, 0.0001516344, 0.1591431947, -0.6039196, 0.0001348707, 0.1857349917], "max": [-0.6370162738, -0.5048324047, -0.5332714981, -0.571880566, -0.6035721962], "min": [-0.6374408727, -0.5058740254, -0.5336271928, -0.5726617345, -0.6042670038], "raw_data_size": "70"}, "user_2_1158": {"weights": [0.1444343906, 0.2438630824, 0.2492372853, 0.3624652418], "gauss": [-0.5307589241, 0.0001047119, 0.0722171953, -0.6237737299, 0.0001232426, 0.1219315412, -0.5627278339, 5.30739e-05, 0.1246186426, -0.5922595102, 0.0001414785, 0.1812326209], "max": [-0.5304892041, -0.623456278, -0.5625911247, -0.5918950858], "min": [-0.5310286441, -0.6240911817, -0.5628645432, -0.5926239346], "raw_data_size": "57"}}