{"user_5_2032": {"weights": [1.0], "gauss": [-0.27996104115152265, 0.00127861299065407, 0.5], "max": [-0.2766675523422976], "min": [-0.2832545299607477], "raw_data_size": "9994"}}