{"user_2_2032": {"weights": 1, "gauss": [-0.28024435236724754, 0.0012638239417993985, 0.5], "max": [-0.27698895762343395], "min": [-0.28349974711106113], "raw_data_size": "9991"}}