{"user_1_2513": {"weights": [0.12129281423914885, 0.0001812933305749682, 0.05000000135241982, 0.2550998651872917, 9.471874643839473e-06, 0.08966177669434913, 0.23419422781903995, 2.2237985090259704e-05, 0.09093097133464818, 0.2803924358784528, 0.00018669336243960677, 0.12753121392315706, 0.2146441374851894, 5.701887612639855e-05, 0.14187603669542578], "gauss": [0.12129281423914885, 0.0001812933305749682, 0.05000000135241982, 0.2550998651872917, 9.471874643839473e-06, 0.08966177669434913, 0.23419422781903995, 2.2237985090259704e-05, 0.09093097133464818, 0.2803924358784528, 0.00018669336243960677, 0.12753121392315706, 0.2146441374851894, 5.701887612639855e-05, 0.14187603669542578], "max": [0.12175979491258183, 0.2551242631195589, 0.23425150907268733, 0.28087332611220284, 0.21479100837717122], "min": [0.12082583356571587, 0.25507546725502456, 0.23413694656539258, 0.2799115456447028, 0.2144972665932076], "raw_data_size": "30"}}