{"user_1_3963": {"weights": [1.0], "gauss": [-0.1194762558346158, 0.0006519269237134543, 0.5], "max": [-0.1177970033607422], "min": [-0.1211555083084894], "raw_data_size": "9995"}}