{"user_1_3998": {"weights": [1.0], "gauss": [-0.4956117987632751, 0.000982862361939978, 0.5], "max": [-0.4930801130900348], "min": [-0.4981434844365154], "raw_data_size": "30"}}