{"user_2_330": {"weights": [1.0], "gauss": [0.451001718049769, 0.0018831943921348282, 0.5], "max": [0.4558525053493089], "min": [0.44615093075022916], "raw_data_size": "9991"}}