{"user_2_3782": {"weights": [0.03392797949260805, 0.29237905418295207, 0.3225472420190599, 0.35114572430537994], "gauss": [-0.018673879319101014, 2.2347655397706495e-05, 0.016963989746304024, -0.04962466477149639, 7.450429444767572e-05, 0.14618952709147603, -0.09446120455764993, 9.236743142143522e-05, 0.16127362100952994, -0.07537610209726935, 5.7504721310214435e-05, 0.17557286215268997], "max": [-0.018616315573461988, -0.049432754426617834, -0.09422328182110105, -0.07522797975102609], "min": [-0.01873144306474004, -0.04981657511637495, -0.09469912729419881, -0.0755242244435126], "raw_data_size": "57"}}