{"user_4_294": {"weights": [1.0], "gauss": [0.12854054033667067, 0.0013467453677417699, 0.5], "max": [0.13200952651931866], "min": [0.12507155415402268], "raw_data_size": "9996"}}