{"user_3_2743": {"weights": 1, "gauss": [-0.021729274240202035, 0.0008041738292685053, 0.5], "max": [-0.019657859725625088], "min": [-0.023800688754778983], "raw_data_size": "9991"}}