{"user_1_314": {"weights": 1, "gauss": [-0.1235296678622146, 0.000783324324022584, 0.5], "max": [-0.1215119581142146], "min": [-0.12554737761021462], "raw_data_size": "9995"}}