{"user_3_4019": {"weights": [0.12482302277423205, 0.14765405031706114, 0.21363490660337475, 0.25228967584035916, 0.26159834446497304], "gauss": [0.11365145844145329, 0.000445616673108033, 0.06241151138711602, -0.010379221901865413, 6.482251096417846e-05, 0.07382702515853057, -0.05292684055335327, 0.0009648688542688988, 0.10681745330168738, 0.06051869098814149, 0.00014591965978276474, 0.12614483792017958, 0.027959630769345885, 0.00023529484528987576, 0.13079917223248652], "max": [0.11479929092619492, -0.010212250178594262, -0.05044150308444578, 0.06089455512377382, 0.02856571012681755], "min": [0.11250362595671165, -0.010546193625136565, -0.055412178022260755, 0.060142826852509164, 0.02735355141187422], "raw_data_size": "70"}}