{"user_4_2059": {"weights": 1, "gauss": [-0.5597968734319145, 0.0023674536546605942, 0.5], "max": [-0.5536987169334459], "min": [-0.5658950299303832], "raw_data_size": "9996"}}