{"user_3_3902": {"weights": [0.1828924532580686, 2.0708311650996902e-05, 0.052311256614329, 0.19625455718203852, 0.00024868892809292483, 0.08406445958441448, 0.16655287673783686, 3.6744758185140416e-05, 0.10927992374612217, 0.14545260272276447, 6.539219434605306e-05, 0.12074499419649641, 0.12263249004525247, 8.683594251848278e-05, 0.13359936585863794], "gauss": [0.1828924532580686, 2.0708311650996902e-05, 0.052311256614329, 0.19625455718203852, 0.00024868892809292483, 0.08406445958441448, 0.16655287673783686, 3.6744758185140416e-05, 0.10927992374612217, 0.14545260272276447, 6.539219434605306e-05, 0.12074499419649641, 0.12263249004525247, 8.683594251848278e-05, 0.13359936585863794], "max": [0.18294579433404626, 0.19689513741048845, 0.16664752496272198, 0.1456210418531844, 0.12285616461059286], "min": [0.18283911218209095, 0.1956139769535886, 0.16645822851295175, 0.14528416359234456, 0.12240881547991207], "raw_data_size": "70"}}