{"user_2_3674": {"weights": [1.0], "gauss": [-0.0087597742, 0.0021520302, 0.5], "max": [-0.0032165118], "min": [-0.0143030367], "raw_data_size": "9991"}, "user_1_3674": {"weights": [1.0], "gauss": [-0.0087645002, 0.0021854417, 0.5], "max": [-0.0031351753], "min": [-0.014393825], "raw_data_size": "9995"}, "user_6_3674": {"weights": [1.0], "gauss": [-0.0073285421, 0.0021072223, 0.5], "max": [-0.0019006972], "min": [-0.012756387], "raw_data_size": "9993"}, "user_4_3674": {"weights": [1.0], "gauss": [-0.0084830253, 0.0021641037, 0.5], "max": [-0.0029086635], "min": [-0.014057387], "raw_data_size": "9996"}, "user_5_3674": {"weights": [1.0], "gauss": [-0.0084173144, 0.0021481624, 0.5], "max": [-0.0028840147], "min": [-0.0139506141], "raw_data_size": "9994"}, "user_3_3674": {"weights": [1.0], "gauss": [-0.0082803989, 0.0021453139, 0.5], "max": [-0.0027544365], "min": [-0.0138063613], "raw_data_size": "9991"}}