{"user_1_193": {"weights": [0.14235972188017643, 0.24839761653961928, 0.25790786805110016, 0.3513347935291042], "gauss": [0.18876486164725056, 0.0016225115899416848, 0.07117986094008821, 0.09226508168504738, 6.275839348496886e-05, 0.12419880826980964, 0.14159660378294892, 0.00021274161815410222, 0.12895393402555008, 0.055166931379585636, 0.001215770561132642, 0.1756673967645521], "max": [0.19294417454597007, 0.09242673659402961, 0.14214458987707465, 0.058298548817343185], "min": [0.18458554874853106, 0.09210342677606514, 0.14104861768882318, 0.05203531394182809], "raw_data_size": "30"}}