{"user_5_1868": {"weights": 1, "gauss": [0.421461519005301, 0.002824184194718359, 0.5], "max": [0.4287361354126762], "min": [0.4141869025979258], "raw_data_size": "9994"}}