{"user_4_1868": {"weights": 1, "gauss": [0.4212972753982235, 0.0028588235231042916, 0.5], "max": [0.4286611168027104], "min": [0.41393343399373655], "raw_data_size": "9996"}}