{"user_6_1868": {"weights": [1.0], "gauss": [0.4213403836660932, 0.002800627379601738, 0.5], "max": [0.42855432173879277], "min": [0.4141264455933937], "raw_data_size": "9993"}}