{"user_5_3696": {"weights": 1, "gauss": [-0.3689454653811985, 0.0019412994256899896, 0.5], "max": [-0.3639450094335436], "min": [-0.3739459213288534], "raw_data_size": "9994"}}