{"user_6_743": {"weights": 1, "gauss": [0.6010112332570902, 0.001401663242170308, 0.5], "max": [0.6046216785099798], "min": [0.5974007880042005], "raw_data_size": "9993"}}