{"user_1_2821": {"weights": [1.0], "gauss": [0.3351694956103598, 0.000577411840220531, 0.5], "max": [0.33665680994861596], "min": [0.33368218127210364], "raw_data_size": "9995"}}