{"user_3_544": {"weights": [0.1733867342098717, 0.22001820137192252, 0.6065950644182059], "gauss": [0.19664696510478497, 0.0007581973234075796, 0.08669336710493585, 0.24306130492357972, 6.006690593573266e-05, 0.11000910068596126, 0.29260627343689294, 0.0005023298815332024, 0.30329753220910294], "max": [0.19859995198829056, 0.24321602702006248, 0.2939001894657944], "min": [0.19469397822127937, 0.24290658282709696, 0.2913123574079915], "raw_data_size": "70"}}