{"user_2_1810": {"weights": [1.0], "gauss": [-0.1133320366, 0.0008333476, 0.5], "max": [-0.1111854755], "min": [-0.1154785978], "raw_data_size": "9991"}, "user_3_1810": {"weights": [1.0], "gauss": [-0.1131239193, 0.0008557594, 0.5], "max": [-0.1109196291], "min": [-0.1153282095], "raw_data_size": "9991"}, "user_4_1810": {"weights": [1.0], "gauss": [-0.1134048143, 0.0008210313, 0.5], "max": [-0.1112899779], "min": [-0.1155196507], "raw_data_size": "9996"}, "user_6_1810": {"weights": [1.0], "gauss": [-0.1140684965, 0.0008326207, 0.5], "max": [-0.1119238077], "min": [-0.1162131854], "raw_data_size": "9993"}, "user_1_1810": {"weights": [1.0], "gauss": [-0.1130953413, 0.000852056, 0.5], "max": [-0.1109005904], "min": [-0.1152900921], "raw_data_size": "9995"}, "user_5_1810": {"weights": [1.0], "gauss": [-0.1140621142, 0.0008342987, 0.5], "max": [-0.1119131032], "min": [-0.1162111252], "raw_data_size": "9994"}}