{"user_3_141": {"weights": [0.1543010931300963, 0.23900551773972287, 0.24185659488817446, 0.36483679424200643], "gauss": [-0.09683443104927862, 1.642189074438087e-05, 0.07715054656504815, -0.0034597782409782874, 0.00010801871115250709, 0.11950275886986143, -0.03947938913423939, 5.590977824175219e-05, 0.12092829744408723, -0.06899458723361902, 8.809386154467924e-05, 0.18241839712100322], "max": [-0.09679213106187956, -0.003181540479460075, -0.03933537508908936, -0.06876767248358946], "min": [-0.09687673103667768, -0.0037380160024965, -0.039623403179389415, -0.06922150198364858], "raw_data_size": "70"}}