{"user_3_3986": {"weights": 1, "gauss": [0.28285185305798544, 0.0016329133783574551, 0.5], "max": [0.2870579591881156], "min": [0.27864574692785526], "raw_data_size": "9991"}}