{"user_2_248": {"weights": [0.017542875125621835, 0.1720255943916421, 0.29918017515581313, 0.511251355326923], "gauss": [0.1674403846263881, 1.00000000006245e-06, 0.008771437562810918, -0.05406818988774004, 0.001040982587115251, 0.08601279719582106, 0.03685836585688586, 0.0009508186684665717, 0.14959008757790657, 0.002930820877139075, 0.0005302433464749269, 0.2556256776634615], "max": [0.16744296045569182, -0.05138679643536443, 0.0393075124454834, 0.004296637227001025], "min": [0.1674378087970844, -0.05674958334011564, 0.03440921926828831, 0.0015650045272771259], "raw_data_size": "57"}}