{"user_3_727": {"weights": [0.0603719434, 0.1674279451, 0.1810850963, 0.2207340057, 0.3703810095], "gauss": [-0.0615004514, 0.0001895601, 0.0301859717, -0.1612012106, 0.0001967632, 0.0837139726, -0.1733184627, 0.0007311471, 0.0905425482, -0.0956014137, 8.29621e-05, 0.1103670028, -0.1335066284, 0.0001286586, 0.1851905047], "max": [-0.0610121769, -0.1606943821, -0.1714351527, -0.0953877174, -0.1331752258], "min": [-0.0619887259, -0.161708039, -0.1752017728, -0.0958151101, -0.1338380311], "raw_data_size": "70"}, "user_1_727": {"weights": [0.2330615273, 0.2964333774, 0.4705050953], "gauss": [-0.1809955816, 0.0001742649, 0.1165307637, -0.1572300958, 0.000161046, 0.1482166887, -0.1204434086, 0.0002816106, 0.2352525477], "max": [-0.1805467051, -0.1568152688, -0.1197180279], "min": [-0.1814444581, -0.1576449228, -0.1211687893], "raw_data_size": "30"}, "user_2_727": {"weights": [0.1528061862, 0.2147317112, 0.2800331052, 0.3524289974], "gauss": [-0.1881673074, 0.0004896909, 0.0764030931, -0.0998447009, 0.0001484441, 0.1073658556, -0.1583350785, 5.7827e-05, 0.1400165526, -0.1303716587, 7.31522e-05, 0.1762144987], "max": [-0.1869059473, -0.0994623343, -0.158186126, -0.1301832311], "min": [-0.1894286676, -0.1002270675, -0.1584840309, -0.1305600864], "raw_data_size": "57"}}