{"user_2_958": {"weights": 1, "gauss": [0.2452346551484001, 0.0007325450910850632, 0.5], "max": [0.24712156626018789], "min": [0.2433477440366123], "raw_data_size": "9991"}}