{"user_1_870": {"weights": 1, "gauss": [-0.0228592128, 0.0011441552, 0.5], "max": [-0.0199120643], "min": [-0.0258063613], "raw_data_size": "9995"}, "user_5_870": {"weights": 1, "gauss": [-0.0223052255, 0.0011095701, 0.5], "max": [-0.0194471624], "min": [-0.0251632887], "raw_data_size": "9994"}, "user_4_870": {"weights": 1, "gauss": [-0.0214297338, 0.0011437987, 0.5], "max": [-0.0184835036], "min": [-0.0243759641], "raw_data_size": "9996"}, "user_2_870": {"weights": 1, "gauss": [-0.021810132, 0.0011461782, 0.5], "max": [-0.0188577727], "min": [-0.0247624913], "raw_data_size": "9991"}, "user_3_870": {"weights": 1, "gauss": [-0.0220674585, 0.0011480174, 0.5], "max": [-0.0191103615], "min": [-0.0250245555], "raw_data_size": "9991"}, "user_6_870": {"weights": 1, "gauss": [-0.022108714, 0.0011351144, 0.5], "max": [-0.0191848532], "min": [-0.0250325748], "raw_data_size": "9993"}}