{"user_5_2845": {"weights": [1.0], "gauss": [0.4597611346465008, 0.0015065617182561375, 0.5], "max": [0.46364178046798993], "min": [0.4558804888250117], "raw_data_size": "9994"}}