{"user_2_3971": {"weights": [0.156436199777044, 0.23977263417882808, 0.29684110066841246, 0.3069500653757154], "gauss": [-0.24867272992123293, 6.550715505573745e-05, 0.078218099888522, -0.22995604791251498, 4.977853913354962e-05, 0.11988631708941404, -0.20310824936596572, 0.0002893562302496007, 0.14842055033420623, -0.2593196026574108, 9.263713320964328e-05, 0.1534750326878577], "max": [-0.24850399467164824, -0.22982782689272693, -0.20236291710892435, -0.2590809852150926], "min": [-0.24884146517081762, -0.23008426893230302, -0.2038535816230071, -0.25955822009972895], "raw_data_size": "57"}}