{"user_2_3104": {"weights": [1.0], "gauss": [-0.0174944061, 0.0008078831, 0.5], "max": [-0.015413437], "min": [-0.0195753752], "raw_data_size": "9991"}, "user_3_3104": {"weights": [1.0], "gauss": [-0.0173992166, 0.00080291, 0.5], "max": [-0.0153310574], "min": [-0.0194673758], "raw_data_size": "9991"}, "user_5_3104": {"weights": [1.0], "gauss": [-0.0170997367, 0.0008090753, 0.5], "max": [-0.0150156968], "min": [-0.0191837766], "raw_data_size": "9994"}, "user_4_3104": {"weights": [1.0], "gauss": [-0.0171291969, 0.0008002841, 0.5], "max": [-0.0150678016], "min": [-0.0191905922], "raw_data_size": "9996"}, "user_6_3104": {"weights": [1.0], "gauss": [-0.016969891, 0.0008062049, 0.5], "max": [-0.0148932449], "min": [-0.0190465372], "raw_data_size": "9993"}, "user_1_3104": {"weights": [1.0], "gauss": [-0.0178244661, 0.0008010883, 0.5], "max": [-0.0157609995], "min": [-0.0198879327], "raw_data_size": "9995"}}