{"user_3_434": {"weights": [0.1100402522348739, 0.19965338536620328, 0.2840667871624068, 0.4062395752365158], "gauss": [-0.7115120948369305, 7.427409220592162e-05, 0.05502012611743695, -0.5594854316536402, 0.0002633806072856172, 0.09982669268310164, -0.6534510084780806, 0.00031314663561651703, 0.1420333935812034, -0.6172126425847754, 0.00022129561270608955, 0.2031197876182579], "max": [-0.7113207774537319, -0.5588070081674074, -0.6526443961977518, -0.6166426228608202], "min": [-0.711703412220129, -0.560163855139873, -0.6542576207584093, -0.6177826623087306], "raw_data_size": "70"}}