{"user_3_2261": {"weights": 1, "gauss": [-0.22799304396793685, 0.0027089491704963475, 0.5], "max": [-0.22101525331274788], "min": [-0.23497083462312582], "raw_data_size": "9991"}}