{"user_1_3655": {"weights": [-0.0647823676, 0.0002188522, 0.0391329582, -0.0064198605, 2.32802e-05, 0.0577606975, 0.0090900832, 4.9657e-06, 0.075620372, 0.0292963438, 0.000125484, 0.1247646811, -0.0300795551, 6.57375e-05, 0.2027212911], "gauss": [-0.0647823676, 0.0002188522, 0.0391329582, -0.0064198605, 2.32802e-05, 0.0577606975, 0.0090900832, 4.9657e-06, 0.075620372, 0.0292963438, 0.000125484, 0.1247646811, -0.0300795551, 6.57375e-05, 0.2027212911], "max": [-0.0642186418, -0.0063598946, 0.0091028739, 0.0296195691, -0.0299102264], "min": [-0.0653460935, -0.0064798264, 0.0090772925, 0.0289731184, -0.0302488838], "raw_data_size": "30"}, "user_2_3655": {"weights": [0.047432654, 0.1723499331, 0.2198445175, 0.2532114786, 0.3071614167], "gauss": [-0.0752498208, 2.95587e-05, 0.023716327, -0.040084546, 0.0001565593, 0.0861749666, 0.0100032761, 0.0001529706, 0.1099222587, 0.0239191548, 0.0004082481, 0.1266057393, -0.0163139217, 0.000112748, 0.1535807084], "max": [-0.0751736826, -0.039681276, 0.0103973023, 0.0249707322, -0.0160235021], "min": [-0.075325959, -0.0404878161, 0.0096092498, 0.0228675774, -0.0166043413], "raw_data_size": "57"}, "user_3_3655": {"weights": [0.1429082126, 0.1668644646, 0.270205953, 0.4200213698], "gauss": [-0.0522886852, 0.0001929613, 0.0714541063, 0.0296379483, 0.0002752493, 0.0834322323, 0.005360567, 8.99175e-05, 0.1351029765, -0.0197919605, 9.70942e-05, 0.2100106849], "max": [-0.0517916497, 0.0303469434, 0.0055921792, -0.0195418623], "min": [-0.0527857206, 0.0289289531, 0.0051289548, -0.0200420586], "raw_data_size": "70"}}