{"user_1_475": {"weights": [0.1384930195641354, 0.3580021183258508, 0.5035048621100137], "gauss": [0.14772468250254797, 0.001218707918600576, 0.0692465097820677, 0.052795597345322624, 0.00020917861672083526, 0.1790010591629254, 0.10565218314276072, 0.00027083898909659946, 0.25175243105500683], "max": [0.15086386607174643, 0.05333440575594797, 0.1063498181474193], "min": [0.14458549893334952, 0.052256788934697276, 0.10495454813810214], "raw_data_size": "30"}}