{"user_2_3685": {"weights": [1.0], "gauss": [0.6173992539, 0.0026776061, 0.5], "max": [0.6242963101], "min": [0.6105021978], "raw_data_size": "9991"}, "user_4_3685": {"weights": [1.0], "gauss": [0.6175478498, 0.0026501213, 0.5], "max": [0.62437411], "min": [0.6107215896], "raw_data_size": "9996"}, "user_3_3685": {"weights": [1.0], "gauss": [0.617425087, 0.0026672398, 0.5], "max": [0.6242954414], "min": [0.6105547327], "raw_data_size": "9991"}, "user_6_3685": {"weights": [1.0], "gauss": [0.6162958032, 0.0026124531, 0.5], "max": [0.6230250364], "min": [0.6095665701], "raw_data_size": "9993"}, "user_1_3685": {"weights": [1.0], "gauss": [0.6169958286, 0.0026304223, 0.5], "max": [0.6237713473], "min": [0.6102203098], "raw_data_size": "9995"}, "user_5_3685": {"weights": [1.0], "gauss": [0.616860705, 0.0025817231, 0.5], "max": [0.623510783], "min": [0.6102106269], "raw_data_size": "9994"}}