{"user_1_343": {"weights": 1, "gauss": [0.0445822509, 0.0006459312, 0.5], "max": [0.0462460594], "min": [0.0429184424], "raw_data_size": "9995"}, "user_3_343": {"weights": 1, "gauss": [0.0445636785, 0.0006345503, 0.5], "max": [0.0461981719], "min": [0.0429291852], "raw_data_size": "9991"}, "user_2_343": {"weights": 1, "gauss": [0.0443061701, 0.0006396638, 0.5], "max": [0.0459538348], "min": [0.0426585055], "raw_data_size": "9991"}, "user_6_343": {"weights": 1, "gauss": [0.0439884828, 0.0006420332, 0.5], "max": [0.0456422507], "min": [0.0423347149], "raw_data_size": "9993"}, "user_4_343": {"weights": 1, "gauss": [0.0445475503, 0.0006430281, 0.5], "max": [0.046203881], "min": [0.0428912196], "raw_data_size": "9996"}, "user_5_343": {"weights": 1, "gauss": [0.0442632185, 0.0006284943, 0.5], "max": [0.0458821126], "min": [0.0426443244], "raw_data_size": "9994"}}