{"user_3_3457": {"weights": [0.20315348949712883, 0.22064613769489197, 0.26665930620133427, 0.3095410666066448], "gauss": [0.19985153257586508, 0.000768303483055197, 0.10157674474856442, 0.13750657160723714, 5.9596100891084715e-05, 0.11032306884744598, 0.17372595151284473, 0.00012114151127789918, 0.13332965310066713, 0.0932979675087123, 0.00028132643767073216, 0.1547705333033224], "max": [0.20183055120153734, 0.13766008099028965, 0.17403799136747053, 0.09402261639072759], "min": [0.1978725139501928, 0.13735306222418464, 0.17341391165821893, 0.09257331862669702], "raw_data_size": "70"}}