{"user_4_3981": {"weights": [1.0], "gauss": [0.07811223389352466, 0.0005533571674873234, 0.5], "max": [0.07953758750086733], "min": [0.076686880286182], "raw_data_size": "9996"}}