{"user_5_2977": {"weights": 1, "gauss": [0.4819341883337937, 0.001702856259691381, 0.5], "max": [0.48632045538723845], "min": [0.47754792128034895], "raw_data_size": "9994"}}