{"user_4_2977": {"weights": [1.0], "gauss": [0.4819466222842057, 0.0017206758667880062, 0.5], "max": [0.48637878960378766], "min": [0.47751445496462375], "raw_data_size": "9996"}}