{"user_4_1301": {"weights": [1.0], "gauss": [0.08633938144376244, 0.00035455037793065316, 0.5], "max": [0.08725264269682055], "min": [0.08542612019070432], "raw_data_size": "9996"}}