{"user_1_1844": {"weights": 1, "gauss": [0.0406954348, 0.0014647422, 0.5], "max": [0.0444683607], "min": [0.0369225088], "raw_data_size": "9995"}, "user_5_1844": {"weights": 1, "gauss": [0.0403514316, 0.001415532, 0.5], "max": [0.0439976004], "min": [0.0367052628], "raw_data_size": "9994"}, "user_6_1844": {"weights": 1, "gauss": [0.0406917099, 0.0014090913, 0.5], "max": [0.0443212886], "min": [0.0370621312], "raw_data_size": "9993"}, "user_3_1844": {"weights": 1, "gauss": [0.0408983203, 0.0013887034, 0.5], "max": [0.0444753832], "min": [0.0373212574], "raw_data_size": "9991"}, "user_4_1844": {"weights": 1, "gauss": [0.0410230216, 0.0014514754, 0.5], "max": [0.0447617743], "min": [0.0372842688], "raw_data_size": "9996"}, "user_2_1844": {"weights": 1, "gauss": [0.0414402122, 0.0013968918, 0.5], "max": [0.0450383671], "min": [0.0378420572], "raw_data_size": "9991"}}