{"user_2_3127": {"weights": [0.257450359, 0.742549641], "gauss": [-0.0464151564, 0.0014315072, 0.1287251795, -0.0064720238, 0.0005452657, 0.3712748205], "max": [-0.0427278383, -0.0050675125], "min": [-0.0501024745, -0.0078765351], "raw_data_size": "57"}, "user_1_3127": {"weights": [-0.0939525515, 9.9687e-06, 0.0333333333, -0.0420765028, 1.94015e-05, 0.050033342, 0.02563244, 0.000156802, 0.1031009528, -0.0218550757, 1.48655e-05, 0.1308858588, -0.0036348888, 2.76938e-05, 0.1826465131], "gauss": [-0.0939525515, 9.9687e-06, 0.0333333333, -0.0420765028, 1.94015e-05, 0.050033342, 0.02563244, 0.000156802, 0.1031009528, -0.0218550757, 1.48655e-05, 0.1308858588, -0.0036348888, 2.76938e-05, 0.1826465131], "max": [-0.0939268737, -0.0420265279, 0.0260363351, -0.0218167846, -0.0035635542], "min": [-0.0939782292, -0.0421264776, 0.0252285449, -0.0218933668, -0.0037062233], "raw_data_size": "30"}, "user_3_3127": {"weights": [-0.0945117256, 0.0002276922, 0.0229471145, -0.0521618155, 8.09297e-05, 0.0516227888, -0.0365740592, 7.81575e-05, 0.0736573741, 0.0204039964, 0.0001369415, 0.1540230379, -0.0090086848, 8.22051e-05, 0.1977496847], "gauss": [-0.0945117256, 0.0002276922, 0.0229471145, -0.0521618155, 8.09297e-05, 0.0516227888, -0.0365740592, 7.81575e-05, 0.0736573741, 0.0204039964, 0.0001369415, 0.1540230379, -0.0090086848, 8.22051e-05, 0.1977496847], "max": [-0.0939252293, -0.0519533544, -0.0363727387, 0.0207567344, -0.0087969386], "min": [-0.0950982218, -0.0523702766, -0.0367753797, 0.0200512584, -0.009220431], "raw_data_size": "70"}}