{"user_4_3916": {"weights": 1, "gauss": [-0.007828787396138098, 0.0008994874701984421, 0.5], "max": [-0.0055118612122258825], "min": [-0.010145713580050314], "raw_data_size": "9996"}}