{"user_1_3916": {"weights": 1, "gauss": [-0.0071168529134482935, 0.0009404782132800285, 0.5], "max": [-0.0046943415723322834], "min": [-0.009539364254564303], "raw_data_size": "9995"}}