{"user_5_3224": {"weights": [1.0], "gauss": [0.427289948800211, 0.0008404554502921537, 0.5], "max": [0.4294548185774009], "min": [0.42512507902302105], "raw_data_size": "9994"}}