{"user_1_3224": {"weights": [1.0], "gauss": [0.42725907745420594, 0.0008668075989909087, 0.5], "max": [0.4294918258682256], "min": [0.4250263290401863], "raw_data_size": "9995"}}