{"user_3_3397": {"weights": [0.08572463390420379, 0.10248348834171914, 0.3617346090675788, 0.4500572686864983], "gauss": [0.22286361750769654, 0.0009421179440431891, 0.042862316952101895, 0.26757279677595236, 0.00011902787338988096, 0.05124174417085957, 0.22487813603152812, 7.257059716485225e-05, 0.1808673045337894, 0.25088432735072946, 6.123080254591306e-05, 0.22502863434324916], "max": [0.22529035251536222, 0.2678793922601691, 0.2250650655022814, 0.25104204744620706], "min": [0.22043688250003085, 0.2672662012917356, 0.22469120656077485, 0.25072660725525187], "raw_data_size": "70"}}