{"user_2_1343": {"weights": [0.1052610795, 0.2644049221, 0.3051412427, 0.3251927557], "gauss": [0.5033001336, 2.59039e-05, 0.0526305398, 0.4202709907, 4.98931e-05, 0.132202461, 0.4492632818, 7.62523e-05, 0.1525706213, 0.3821522886, 0.0005473039, 0.1625963779], "max": [0.5033668575, 0.4203995068, 0.4494596947, 0.3835620499], "min": [0.5032334096, 0.4201424746, 0.4490668688, 0.3807425273], "raw_data_size": "57"}, "user_3_1343": {"weights": [0.4634716723, 7.7858e-06, 0.0874503283, 0.4954045265, 0.0005841924, 0.0901048345, 0.3729127998, 0.0002573816, 0.1025423261, 0.4432012954, 7.29933e-05, 0.1095164475, 0.4193495814, 6.62675e-05, 0.1103860636], "gauss": [0.4634716723, 7.7858e-06, 0.0874503283, 0.4954045265, 0.0005841924, 0.0901048345, 0.3729127998, 0.0002573816, 0.1025423261, 0.4432012954, 7.29933e-05, 0.1095164475, 0.4193495814, 6.62675e-05, 0.1103860636], "max": [0.4634917272, 0.4969093064, 0.3735757709, 0.4433893138, 0.4195202753], "min": [0.4634516174, 0.4938997465, 0.3722498287, 0.4430132771, 0.4191788876], "raw_data_size": "70"}, "user_1_1343": {"weights": [0.3423880041, 6.2424e-06, 0.0333333333, 0.5014911992, 4.05084e-05, 0.0499999984, 0.392073306, 7.7537e-06, 0.1166656843, 0.4202873804, 2.77171e-05, 0.120493294, 0.4456231197, 6.15131e-05, 0.17950769], "gauss": [0.3423880041, 6.2424e-06, 0.0333333333, 0.5014911992, 4.05084e-05, 0.0499999984, 0.392073306, 7.7537e-06, 0.1166656843, 0.4202873804, 2.77171e-05, 0.120493294, 0.4456231197, 6.15131e-05, 0.17950769], "max": [0.3424040834, 0.5015955419, 0.3920932781, 0.4203587748, 0.4457815669], "min": [0.3423719248, 0.5013868565, 0.3920533339, 0.420215986, 0.4454646726], "raw_data_size": "30"}}