{"user_2_424": {"weights": 1, "gauss": [0.22052058470588903, 0.0014316219457216398, 0.5], "max": [0.22420819846528253], "min": [0.21683297094649553], "raw_data_size": "9991"}}