{"user_4_2129": {"weights": 1, "gauss": [-0.00672622994161211, 0.0025928442336825993, 0.5], "max": [-4.7505784954677416e-05], "min": [-0.013404954098269542], "raw_data_size": "9996"}}