{"user_6_2129": {"weights": 1, "gauss": [-0.006365197003049793, 0.0025524607201562687, 0.5], "max": [0.00020950611608625339], "min": [-0.012939900122185839], "raw_data_size": "9993"}}