{"user_5_2129": {"weights": [1.0], "gauss": [-0.005869844554271549, 0.002562470790789461, 0.5], "max": [0.0007306427981320692], "min": [-0.012470331906675167], "raw_data_size": "9994"}}