{"user_6_1871": {"weights": [1.0], "gauss": [-0.6900352161983, 0.0018214050651029479, 0.5], "max": [-0.6853435876579754], "min": [-0.6947268447386246], "raw_data_size": "9993"}}