{"user_2_1433": {"weights": 1, "gauss": [-0.14372058025485357, 0.0010900446846022125, 0.5], "max": [-0.14091281121407748], "min": [-0.14652834929562966], "raw_data_size": "9991"}}