{"user_3_1433": {"weights": 1, "gauss": [-0.14420197375310365, 0.0010785655889698927, 0.5], "max": [-0.14142377290323552], "min": [-0.14698017460297177], "raw_data_size": "9991"}}