{"user_4_2371": {"weights": 1, "gauss": [-0.5159085880756665, 0.0017260847845484695, 0.5], "max": [-0.5114624883072167], "min": [-0.5203546878441163], "raw_data_size": "9996"}}