{"user_6_4064": {"weights": [1.0], "gauss": [0.03352615636536269, 0.0010248541356329827, 0.5], "max": [0.036166005679789406], "min": [0.030886307050935976], "raw_data_size": "9993"}}