{"user_2_1430": {"weights": [0.1246927322, 0.1505322845, 0.3301872395, 0.3945877437], "gauss": [0.6562422995, 0.0013487178, 0.0623463661, 0.7163414231, 0.0002128269, 0.0752661422, 0.6732014767, 0.0002190642, 0.1650936198, 0.6897438929, 7.76879e-05, 0.1972938719], "max": [0.6597163663, 0.7168896288, 0.6737657488, 0.6899440037], "min": [0.6527682326, 0.7157932174, 0.6726372047, 0.689543782], "raw_data_size": "57"}, "user_3_1430": {"weights": [0.2458314395, 0.2929457962, 0.4612227643], "gauss": [0.6440319503, 0.0002061523, 0.1229157198, 0.7194088667, 0.0002061131, 0.1464728981, 0.681612629, 0.0001774769, 0.2306113822], "max": [0.6445629634, 0.7199397789, 0.6820697793], "min": [0.6435009372, 0.7188779544, 0.6811554787], "raw_data_size": "70"}, "user_1_1430": {"weights": [0.0333310467, 0.9666689533], "gauss": [0.5940061808, 1e-06, 0.0166655234, 0.6872250781, 0.000438297, 0.4833344766], "max": [0.5940087566, 0.6883540563], "min": [0.5940036049, 0.6860960999], "raw_data_size": "30"}}