{"user_1_3549": {"weights": [0.0333324397441207, 0.10009105463423394, 0.1005842939924437, 0.37663863285157984, 0.38935357877762183], "gauss": [-0.05289407819509488, 1.0000000000065052e-06, 0.01666621987206035, -0.1687912303186646, 4.8686353435268805e-05, 0.05004552731711697, -0.14056982788044176, 1.4128433638785742e-05, 0.05029214699622185, -0.09658046427250522, 8.978293668546783e-05, 0.18831931642578992, -0.12108732671930415, 1.301991786333942e-05, 0.19467678938881092], "max": [-0.052891502365791314, -0.1686658225828031, -0.14053343544706173, -0.09634919875323211, -0.12105378963334196], "min": [-0.05289665402439845, -0.1689166380545261, -0.14060622031382178, -0.09681172979177832, -0.12112086380526635], "raw_data_size": "30"}}