{"user_1_59": {"weights": [0.06667233120992352, 0.12544516138251052, 0.17311767139018358, 0.22158084138788822, 0.41318399462949407], "gauss": [-0.232986409133426, 0.00011250148004666904, 0.03333616560496176, -0.16457844449721215, 3.852424372420253e-06, 0.06272258069125526, -0.18000559288344775, 4.90363658537028e-05, 0.08655883569509179, -0.08747749932487237, 0.0002787638322976608, 0.11079042069394411, -0.13201552225873742, 0.00011770419892470182, 0.20659199731474703], "max": [-0.23269662452442916, -0.16456852130962396, -0.17987928357534225, -0.08675945127687046, -0.13171233633399643], "min": [-0.23327619374242284, -0.16458836768480034, -0.18013190219155326, -0.08819554737287427, -0.1323187081834784], "raw_data_size": "30"}}