{"user_1_295": {"weights": [1.0], "gauss": [-0.2123512647, 0.000422012, 0.5], "max": [-0.2112642338], "min": [-0.2134382956], "raw_data_size": "9995"}, "user_3_295": {"weights": [1.0], "gauss": [-0.2120564252, 0.0004289086, 0.5], "max": [-0.2109516299], "min": [-0.2131612205], "raw_data_size": "9991"}, "user_4_295": {"weights": [1.0], "gauss": [-0.2116794841, 0.0004132162, 0.5], "max": [-0.2106151097], "min": [-0.2127438584], "raw_data_size": "9996"}, "user_6_295": {"weights": [1.0], "gauss": [-0.2120227607, 0.0004288766, 0.5], "max": [-0.2109180478], "min": [-0.2131274736], "raw_data_size": "9993"}, "user_5_295": {"weights": [1.0], "gauss": [-0.2121960467, 0.0004309931, 0.5], "max": [-0.211085882], "min": [-0.2133062113], "raw_data_size": "9994"}, "user_2_295": {"weights": [1.0], "gauss": [-0.2122678271, 0.0004341849, 0.5], "max": [-0.2111494409], "min": [-0.2133862132], "raw_data_size": "9991"}}