{"user_2_2300": {"weights": 1, "gauss": [-0.08763409655592404, 0.004944562715012271, 0.5], "max": [-0.07489774702136012], "min": [-0.10037044609048795], "raw_data_size": "9991"}}