{"user_2_1946": {"weights": [0.0168542562, 2.80886e-05, 0.0218021974, -0.0047081316, 0.000343796, 0.0558134121, 0.0703845976, 3.9373e-05, 0.0952777721, 0.051431284, 4.71243e-05, 0.148254696, 0.0310937576, 4.79532e-05, 0.1788519224], "gauss": [0.0168542562, 2.80886e-05, 0.0218021974, -0.0047081316, 0.000343796, 0.0558134121, 0.0703845976, 3.9373e-05, 0.0952777721, 0.051431284, 4.71243e-05, 0.148254696, 0.0310937576, 4.79532e-05, 0.1788519224], "max": [0.0169266075, -0.0038225718, 0.0704860157, 0.0515526683, 0.0312172769], "min": [0.0167819048, -0.0055936914, 0.0702831795, 0.0513098998, 0.0309702382], "raw_data_size": "57"}, "user_1_1946": {"weights": [0.1718453431, 0.260471542, 0.5676831149], "gauss": [0.0186438719, 0.0002438651, 0.0859226715, 0.0713792935, 4.72002e-05, 0.130235771, 0.0408883635, 0.0001150271, 0.2838415575], "max": [0.0192720267, 0.0715008731, 0.0411846536], "min": [0.0180157171, 0.071257714, 0.0405920733], "raw_data_size": "30"}, "user_3_1946": {"weights": [0.1053673625, 1e-06, 0.0071428569, 0.0725508622, 2.48961e-05, 0.0894107859, 0.0262125613, 1.36264e-05, 0.0972081241, 0.0116644409, 0.0002585073, 0.1336192144, 0.0445424065, 7.38248e-05, 0.1726190187], "gauss": [0.1053673625, 1e-06, 0.0071428569, 0.0725508622, 2.48961e-05, 0.0894107859, 0.0262125613, 1.36264e-05, 0.0972081241, 0.0116644409, 0.0002585073, 0.1336192144, 0.0445424065, 7.38248e-05, 0.1726190187], "max": [0.1053699383, 0.0726149902, 0.0262476607, 0.0123303117, 0.0447325665], "min": [0.1053647867, 0.0724867341, 0.026177462, 0.0109985701, 0.0443522465], "raw_data_size": "70"}}