{"user_1_378": {"weights": [0.03333220721153739, 0.2652115941993775, 0.30108673386179197, 0.40036946472729323], "gauss": [0.3963640332221976, 1.0000000003608224e-06, 0.016666103605768694, 0.2596495861058375, 7.179461332797077e-05, 0.13260579709968875, 0.35290428918054945, 8.955123620159222e-05, 0.15054336693089598, 0.31791281930460397, 0.00019234171748959316, 0.20018473236364662], "max": [0.39636660905150206, 0.25983451677468467, 0.3531349578789265, 0.31840825873680856], "min": [0.39636145739289314, 0.2594646554369903, 0.3526736204821724, 0.3174173798723994], "raw_data_size": "30"}}