{"user_5_4052": {"weights": 1, "gauss": [0.21547947669892484, 0.0031813104133918404, 0.5], "max": [0.2236739892854248], "min": [0.20728496411242486], "raw_data_size": "9994"}}