{"user_2_838": {"weights": [0.17387259105223665, 0.3588444489303602, 0.4672829600174031], "gauss": [0.1053193912068641, 0.0005471468253649613, 0.08693629552611833, 0.18301178871342466, 0.0006470444245129996, 0.1794222244651801, 0.15378518629876092, 0.0002321053390095831, 0.23364148000870155], "max": [0.10672874803298292, 0.18467846470278318, 0.15438305003249195], "min": [0.10391003438074527, 0.18134511272406614, 0.1531873225650299], "raw_data_size": "57"}}