{"user_3_3895": {"weights": [0.13181530447387865, 0.1816524343765149, 0.18193239106043077, 0.2107936363308879, 0.29380623375828774], "gauss": [-0.13897941044864756, 0.00016707613189427092, 0.06590765223693933, -0.08380677629071162, 6.587806198285893e-05, 0.09082621718825745, -0.10084213702411647, 4.4306970429615035e-05, 0.09096619553021539, -0.031504264853923165, 0.00021900695767390456, 0.10539681816544395, -0.05926106031650051, 6.419690488705174e-05, 0.14690311687914387], "max": [-0.13854905085219069, -0.08363708564819516, -0.1007280098313324, -0.03094014031466563, -0.0590957000476953], "min": [-0.13940977004510444, -0.08397646693322808, -0.10095626421690054, -0.0320683893931807, -0.05942642058530572], "raw_data_size": "70"}}