{"user_5_1063": {"weights": [1.0], "gauss": [0.2820974519321074, 0.001169990472352735, 0.5], "max": [0.2851111476756666], "min": [0.2790837561885482], "raw_data_size": "9994"}}