{"user_2_525": {"weights": [0.08466742597972074, 0.9153325740202792], "gauss": [0.5365275223975513, 4.6158768250730394e-05, 0.04233371298986037, 0.48730960236007326, 0.0003636558330358798, 0.4576662870101396], "max": [0.5366464195054272, 0.4882463177112136], "min": [0.5364086252896754, 0.48637288700893294], "raw_data_size": "57"}}