{"user_6_1801": {"weights": [1.0], "gauss": [0.03499387304467556, 0.0014716513550173211, 0.5], "max": [0.03878459572953662], "min": [0.031203150359814497], "raw_data_size": "9993"}}