{"user_5_1801": {"weights": 1, "gauss": [0.03374557673028766, 0.0014850083086236532, 0.5], "max": [0.03757070464765406], "min": [0.029920448812921267], "raw_data_size": "9994"}}