{"user_1_192": {"weights": 1, "gauss": [0.03555486364961498, 0.002367644621174691, 0.5], "max": [0.04165351204522669], "min": [0.029456215254003274], "raw_data_size": "9995"}}