{"user_2_192": {"weights": [1.0], "gauss": [0.03615803677950649, 0.0023170406249855254, 0.5], "max": [0.04212633791885747], "min": [0.030189735640155518], "raw_data_size": "9991"}}