{"user_5_192": {"weights": [1.0], "gauss": [0.03592911343341693, 0.002348180220049256, 0.5], "max": [0.04197762485423371], "min": [0.029880602012600156], "raw_data_size": "9994"}}