{"user_1_939": {"weights": [0.4348056178, 0.5651943822], "gauss": [0.175577024, 0.0006453516, 0.2174028089, 0.1461308677, 0.0004480681, 0.2825971911], "max": [0.1772393397, 0.1472850147], "min": [0.1739147083, 0.1449767208], "raw_data_size": "30"}, "user_3_939": {"weights": [0.1496757531, 0.2234459205, 0.2965026088, 0.3303757177], "gauss": [0.1060589513, 0.000148249, 0.0748378765, 0.1368864193, 0.0001042931, 0.1117229602, 0.1895129455, 0.0001946149, 0.1482513044, 0.1647356395, 9.38824e-05, 0.1651878588], "max": [0.1064408156, 0.1371550606, 0.1900142403, 0.1649774646], "min": [0.1056770871, 0.136617778, 0.1890116507, 0.1644938143], "raw_data_size": "70"}, "user_2_939": {"weights": [0.1978896604, 0.2979455318, 0.5041648078], "gauss": [0.1140023483, 4.51769e-05, 0.0989448302, 0.1428727227, 4.6635e-05, 0.1489727659, 0.1778694263, 0.0004169211, 0.2520824039], "max": [0.1141187164, 0.1429928466, 0.178943344], "min": [0.1138859802, 0.1427525989, 0.1767955087], "raw_data_size": "57"}}