{"user_1_1336": {"weights": 1, "gauss": [0.2950623941219924, 0.0053751419864454105, 0.5], "max": [0.30890784236141455], "min": [0.2812169458825703], "raw_data_size": "9995"}}