{"user_6_3695": {"weights": 1, "gauss": [0.2735713131992227, 0.0011988236096218397, 0.5], "max": [0.2766592781826729], "min": [0.27048334821577247], "raw_data_size": "9993"}}