{"user_4_3695": {"weights": 1, "gauss": [0.27293402436889247, 0.001218783826177196, 0.5], "max": [0.27607340346305115], "min": [0.2697946452747338], "raw_data_size": "9996"}}