{"user_4_3341": {"weights": [1.0], "gauss": [-0.16135055652631558, 0.0006603199866438346, 0.5], "max": [-0.15964968495499937], "min": [-0.1630514280976318], "raw_data_size": "9996"}}