{"user_5_2970": {"weights": [1.0], "gauss": [0.1956310089692114, 0.0012944960648738752, 0.5], "max": [0.19896540986644226], "min": [0.19229660807198054], "raw_data_size": "9994"}}