{"user_2_690": {"weights": [1.0], "gauss": [0.05474724939995722, 0.0020525915444948024, 0.5], "max": [0.060034374848483625], "min": [0.04946012395143081], "raw_data_size": "9991"}}