{"user_2_2888": {"weights": [1.0], "gauss": [-0.1805583546, 0.000872578, 0.5], "max": [-0.1783107425], "min": [-0.1828059666], "raw_data_size": "57"}, "user_3_2888": {"weights": [0.2441486152, 0.3316166279, 0.4242347569], "gauss": [-0.1433114799, 0.0003049896, 0.1220743076, -0.2112649716, 0.0002917882, 0.165808314, -0.178181641, 0.0001891183, 0.2121173784], "max": [-0.1425258787, -0.210513375, -0.1776945045], "min": [-0.1440970811, -0.2120165682, -0.1786687776], "raw_data_size": "70"}, "user_1_2888": {"weights": [0.4388188716, 0.5611811284], "gauss": [-0.1602929312, 0.0002955648, 0.2194094358, -0.1986710838, 0.0002961194, 0.2805905642], "max": [-0.1595316068, -0.1979083308], "min": [-0.1610542556, -0.1994338369], "raw_data_size": "30"}}