{"user_3_3351": {"weights": [0.46826048546877147, 0.5317395145312285], "gauss": [0.2911940064844401, 0.0005343372692662153, 0.23413024273438574, 0.2523314022800776, 0.00035164119401233276, 0.26586975726561424], "max": [0.29257036808059433, 0.2532371699719495], "min": [0.2898176448882859, 0.2514256345882057], "raw_data_size": "70"}}