{"user_5_1818": {"weights": [1.0], "gauss": [0.29651975426617805, 0.0013015627289425225, 0.5], "max": [0.2998723576837953], "min": [0.2931671508485608], "raw_data_size": "9994"}}