{"user_5_2748": {"weights": 1, "gauss": [0.2530230129, 0.0032942459, 0.5], "max": [0.2615084279], "min": [0.2445375978], "raw_data_size": "9994"}, "user_6_2748": {"weights": 1, "gauss": [0.2536170845, 0.0033058597, 0.5], "max": [0.2621324147], "min": [0.2451017543], "raw_data_size": "9993"}, "user_3_2748": {"weights": 1, "gauss": [0.2534776866, 0.0033375609, 0.5], "max": [0.2620746737], "min": [0.2448806995], "raw_data_size": "9991"}, "user_4_2748": {"weights": 1, "gauss": [0.2535003208, 0.0033667541, 0.5], "max": [0.2621725046], "min": [0.244828137], "raw_data_size": "9996"}, "user_2_2748": {"weights": 1, "gauss": [0.2547303659, 0.0033477475, 0.5], "max": [0.263353592], "min": [0.2461071397], "raw_data_size": "9991"}, "user_1_2748": {"weights": 1, "gauss": [0.2535668748, 0.0034825064, 0.5], "max": [0.2625372169], "min": [0.2445965327], "raw_data_size": "9995"}}