{"user_1_977": {"weights": [-0.8766599297523479, 1.0000000015543122e-06, 0.01661457339225416, -0.8420097191145838, 0.00012710967544568474, 0.06693672361186272, -0.7480712851720965, 4.001793385752139e-05, 0.08399178606428975, -0.7690791883080386, 1.052638812490303e-05, 0.13005303002101534, -0.7961733481141104, 8.173231596983365e-05, 0.20240388691057806], "gauss": [-0.8766599297523479, 1.0000000015543122e-06, 0.01661457339225416, -0.8420097191145838, 0.00012710967544568474, 0.06693672361186272, -0.7480712851720965, 4.001793385752139e-05, 0.08399178606428975, -0.7690791883080386, 1.052638812490303e-05, 0.13005303002101534, -0.7961733481141104, 8.173231596983365e-05, 0.20240388691057806], "max": [-0.8766573539230403, -0.8416823062878062, -0.7479682058053988, -0.7690520741290459, -0.7959628196195885], "min": [-0.8766625055816554, -0.8423371319413614, -0.7481743645387943, -0.7691063024870313, -0.7963838766086324], "raw_data_size": "30"}}