{"user_3_1430": {"weights": [0.24583143951095687, 0.29294579618274597, 0.46122276430629705], "gauss": [0.6440319502731511, 0.00020615228492917758, 0.12291571975547844, 0.7194088666881915, 0.00020611313069182524, 0.14647289809137298, 0.681612629003912, 0.0001774769311737302, 0.23061138215314853], "max": [0.6445629633696652, 0.7199397789300737, 0.6820697792839332], "min": [0.6435009371766369, 0.7188779544463093, 0.6811554787238907], "raw_data_size": "70"}}