{"user_4_3559": {"weights": [1.0], "gauss": [0.2330411946202656, 0.0014000500226561952, 0.5], "max": [0.23664748449505774], "min": [0.22943490474547346], "raw_data_size": "9996"}}