{"user_3_3559": {"weights": [1.0], "gauss": [0.2329894132700393, 0.001395464000017602, 0.5], "max": [0.23658389033333221], "min": [0.2293949362067464], "raw_data_size": "9991"}}