{"user_1_1025": {"weights": [0.15782968586435056, 0.29065722191934174, 0.5515130922163077], "gauss": [0.4705570841511435, 0.00018839411353099755, 0.07891484293217528, 0.5943212813720007, 0.0004214755962466389, 0.14532861095967087, 0.5349540773069815, 0.00039814260937062653, 0.27575654610815387], "max": [0.47104235522939275, 0.5954069305635435, 0.5359796247071899], "min": [0.47007181307289425, 0.5932356321804578, 0.5339285299067732], "raw_data_size": "30"}}