{"user_6_861": {"weights": 1, "gauss": [0.19370518157900388, 0.000603772520344283, 0.5], "max": [0.19526039652958427], "min": [0.19214996662842349], "raw_data_size": "9993"}}