{"user_2_1989": {"weights": [0.15944201727106075, 0.23229283141917778, 0.2676905454160794, 0.3405746058936821], "gauss": [-0.17907256778827463, 0.0001255679771440314, 0.07972100863553037, -0.24499343278511718, 0.0001692098569924101, 0.11614641570958889, -0.20040357892929606, 5.049774272424573e-05, 0.1338452727080397, -0.22736393975360658, 0.00012525601833691152, 0.17028730294684105], "max": [-0.17874912611315968, -0.2445575770770268, -0.20027350536382388, -0.2270413016311285], "min": [-0.17939600946338957, -0.24542928849320755, -0.20053365249476823, -0.22768657787608465], "raw_data_size": "57"}}