{"user_1_3793": {"weights": [0.2936950799, 0.3085777279, 0.3977271921], "gauss": [0.0310297366, 8.7336e-06, 0.14684754, 0.0055181477, 0.0001415144, 0.154288864, 0.0544128301, 0.0007120915, 0.1988635961], "max": [0.0310522329, 0.0058826647, 0.0562470561], "min": [0.0310072402, 0.0051536306, 0.0525786041], "raw_data_size": "30"}, "user_3_3793": {"weights": [0.4293531659, 0.5706468341], "gauss": [0.0151271065, 0.0009312149, 0.2146765829, 0.0516572479, 0.0006618039, 0.2853234171], "max": [0.0175257572, 0.0533619417], "min": [0.0127284558, 0.0499525541], "raw_data_size": "70"}, "user_2_3793": {"weights": [0.196898743, 0.3781873581, 0.4249138989], "gauss": [0.03214543, 7.2177e-06, 0.0984493715, 0.0102946532, 0.0002523826, 0.189093679, 0.058198834, 0.0004486198, 0.2124569495], "max": [0.0321640215, 0.0109447478, 0.0593544019], "min": [0.0321268386, 0.0096445586, 0.0570432661], "raw_data_size": "57"}}