{"user_2_2238": {"weights": [1.0], "gauss": [0.0885023587817736, 0.001998681269209028, 0.5], "max": [0.09365062056345652], "min": [0.08335409700009067], "raw_data_size": "9991"}}