{"user_1_695": {"weights": [0.06250088209434547, 0.0658117823159527, 0.15914813135416783, 0.3147575476622711, 0.3977816565732628], "gauss": [-0.20216052459838416, 1.3681469833219375e-06, 0.031250441047172735, -0.1340000547210512, 1.0895157415900516e-06, 0.03290589115797635, -0.1410334220987457, 4.657080859784806e-06, 0.07957406567708392, -0.16442778247423204, 0.00010654736096194186, 0.15737877383113555, -0.18103780703411487, 8.369050700013963e-05, 0.1988908282866314], "max": [-0.20215700048529295, -0.13399724831447735, -0.14102142625339806, -0.16415333465965046, -0.18082223457375504], "min": [-0.20216404871147536, -0.13400286112762505, -0.14104541794409334, -0.16470223028881362, -0.1812533794944747], "raw_data_size": "30"}}