{"user_2_695": {"weights": [0.01754385904034182, 0.15232367191745852, 0.23462216904846064, 0.26829683107418406, 0.32721346891955483], "gauss": [-0.2605723440647118, 1.0000000001804112e-06, 0.00877192952017091, -0.1900651497992839, 8.56532840176259e-05, 0.07616183595872926, -0.15232951419801347, 0.00012402045896677577, 0.11731108452423032, -0.15022884680926935, 0.0003777302476768257, 0.13414841553709203, -0.17121944347102147, 9.523010168153889e-05, 0.16360673445977741], "max": [-0.2605697682354078, -0.1898445215603661, -0.15201005866556727, -0.14925587816846658, -0.17097414698453023], "min": [-0.2605749198940158, -0.1902857780382017, -0.15264896973045966, -0.1512018154500721, -0.1714647399575127], "raw_data_size": "57"}}