{"user_1_1279": {"weights": [0.4284900011, 0.5715099989], "gauss": [0.6320683025, 7.08597e-05, 0.2142450006, 0.5990949289, 0.000230555, 0.2857549994], "max": [0.6322508251, 0.5996887992], "min": [0.6318857799, 0.5985010586], "raw_data_size": "30"}, "user_3_1279": {"weights": [0.0948598583, 0.1418363636, 0.2111652081, 0.2743763307, 0.2777622394], "gauss": [0.5701524415, 0.0005645129, 0.0474299291, 0.6460844791, 0.0002936316, 0.0709181818, 0.5821006561, 0.0001495455, 0.105582604, 0.6359097736, 6.26917e-05, 0.1371881654, 0.6080011126, 3.62033e-05, 0.1388811197], "max": [0.5716065305, 0.6468408239, 0.5824858597, 0.6360712566, 0.6080943661], "min": [0.5686983525, 0.6453281343, 0.5817154525, 0.6357482905, 0.607907859], "raw_data_size": "70"}, "user_2_1279": {"weights": [1.0], "gauss": [0.612179363, 0.0006900018, 0.5], "max": [0.6139566899], "min": [0.610402036], "raw_data_size": "57"}}