{"user_3_394": {"weights": [0.28152220769480596, 0.0012817958779444266, 0.046362120828054326, 0.3750592640214063, 0.00046147762551723606, 0.04797657772633769, 0.32453684709512404, 7.11641777834383e-05, 0.0700675715071276, 0.3423415967842803, 5.460010384192204e-05, 0.11759604945939439, 0.30786767685794814, 0.00016349704367271578, 0.21799768047908602], "gauss": [0.28152220769480596, 0.0012817958779444266, 0.046362120828054326, 0.3750592640214063, 0.00046147762551723606, 0.04797657772633769, 0.32453684709512404, 7.11641777834383e-05, 0.0700675715071276, 0.3423415967842803, 5.460010384192204e-05, 0.11759604945939439, 0.30786767685794814, 0.00016349704367271578, 0.21799768047908602], "max": [0.2848238950783834, 0.3762479516121458, 0.3247201538696216, 0.3424822373317331, 0.3082888173340839], "min": [0.2782205203112285, 0.37387057643066685, 0.32435354032062647, 0.34220095623682745, 0.30744653638181235], "raw_data_size": "70"}}