{"user_3_805": {"weights": 1, "gauss": [-1.1731832602136723, 0.003983569376405731, 0.5], "max": [-1.1629222654812064], "min": [-1.1834442549461381], "raw_data_size": "9991"}}