{
  "sample.json": {},
  "trimmed_user3_freq.csv": {
    "gauss": [
      [
        0.5019607843137254,
        0.08333305177495856,
        0.5
      ]
    ],
    "max": 1.0,
    "min": 0.0039215686274509
  },
  "trimmed_user4_freq.csv": {
    "gauss": [
      [
        0.5019607843137254,
        0.0833330517749585,
        0.5
      ]
    ],
    "max": 1.0,
    "min": 0.0039215686274509
  },
  "trimmed_user2_freq.csv": {
    "gauss": [
      [
        0.5019607843137254,
        0.08333305177495856,
        0.5
      ]
    ],
    "max": 1.0,
    "min": 0.0039215686274509
  },
  "trimmed_user1_freq.csv": {
    "gauss": [
      [
        0.5019607843137254,
        0.0833330517749585,
        0.5
      ]
    ],
    "max": 1.0,
    "min": 0.0039215686274509
  }
}