{"user_1_2235": {"weights": [0.3464100511, 0.6535899489], "gauss": [-0.0159692399, 0.0001497424, 0.1732050255, -0.0504121129, 0.0003010219, 0.3267949745], "max": [-0.015583529, -0.049636732], "min": [-0.0163549509, -0.0511874938], "raw_data_size": "30"}, "user_2_2235": {"weights": [-0.0779029904, 4.76892e-05, 0.0336030652, -0.0961250071, 3.9646e-06, 0.0345771115, -0.0514997307, 5.87485e-05, 0.1411299269, -0.0341132175, 8.54049e-05, 0.1419238134, -0.0071435578, 8.26853e-05, 0.1487660829], "gauss": [-0.0779029904, 4.76892e-05, 0.0336030652, -0.0961250071, 3.9646e-06, 0.0345771115, -0.0514997307, 5.87485e-05, 0.1411299269, -0.0341132175, 8.54049e-05, 0.1419238134, -0.0071435578, 8.26853e-05, 0.1487660829], "max": [-0.0777801511, -0.0961147951, -0.0513484046, -0.0338932291, -0.0069305745], "min": [-0.0780258296, -0.0961352192, -0.0516510568, -0.0343332059, -0.0073565411], "raw_data_size": "57"}, "user_3_2235": {"weights": [0.0566872011, 0.1540106265, 0.1970536444, 0.2873020801, 0.3049464479], "gauss": [-0.1042928835, 6.89243e-05, 0.0283436006, -0.0019110804, 0.0001584092, 0.0770053132, -0.0744256188, 9.65017e-05, 0.0985268222, -0.0512297046, 7.55362e-05, 0.14365104, -0.0308655328, 4.05152e-05, 0.152473224], "max": [-0.1041153463, -0.0015030453, -0.0741770468, -0.0510351362, -0.0307611725], "min": [-0.1044704207, -0.0023191155, -0.0746741907, -0.051424273, -0.0309698931], "raw_data_size": "70"}}