{"user_1_3683": {"weights": [0.2836328537, 0.287372207, 0.4289949394], "gauss": [-0.0228773652, 0.0002109865, 0.1418164268, 0.0341246709, 0.0003265082, 0.1436861035, 0.0075718992, 5.6882e-05, 0.2144974697], "max": [-0.0223339001, 0.0349657004, 0.0077184175], "min": [-0.0234208303, 0.0332836415, 0.007425381], "raw_data_size": "30"}, "user_2_3683": {"weights": [1.0], "gauss": [0.005320449, 0.0006253646, 0.5], "max": [0.0069312813], "min": [0.0037096166], "raw_data_size": "57"}, "user_3_3683": {"weights": [0.0794344903, 0.1569071514, 0.1715650217, 0.1887589024, 0.4033344342], "gauss": [0.0505957278, 4.51876e-05, 0.0397172451, -0.0455829774, 8.76028e-05, 0.0784535757, -0.0187341959, 7.30111e-05, 0.0857825109, 0.0356082123, 6.95125e-05, 0.0943794512, 0.0038731782, 6.16076e-05, 0.2016672171], "max": [0.0507121233, -0.0453573276, -0.0185461316, 0.0357872646, 0.0040318688], "min": [0.0504793324, -0.0458086271, -0.0189222601, 0.03542916, 0.0037144876], "raw_data_size": "70"}}