{"user_5_4003": {"weights": [1.0], "gauss": [0.42349886158270467, 0.0024137184364876876, 0.5], "max": [0.42971618826192587], "min": [0.41728153490348346], "raw_data_size": "9994"}}