{"user_2_3293": {"weights": [1.0], "gauss": [0.308638182203887, 0.0009007663117886884, 0.5], "max": [0.310958402465442], "min": [0.306317961942332], "raw_data_size": "9991"}}