{"user_1_36": {"weights": [0.14957867272798517, 0.24658308944029816, 0.6038382378317166], "gauss": [-0.35439095931065967, 7.35451262924559e-05, 0.07478933636399258, -0.3250519171690636, 7.994844842534776e-05, 0.12329154472014908, -0.2890051284617291, 0.00030317466707863075, 0.3019191189158583], "max": [-0.35420151961922236, -0.32484598361283634, -0.28822420227017426], "min": [-0.354580399002097, -0.3252578507252909, -0.28978605465328394], "raw_data_size": "30"}}