{"user_6_1763": {"weights": [1.0], "gauss": [0.09250825822979959, 0.002175260761186875, 0.5], "max": [0.09811135864132484], "min": [0.08690515781827435], "raw_data_size": "9993"}}