{"user_2_1510": {"weights": 1, "gauss": [-0.6487469152482096, 0.0027930189396503094, 0.5], "max": [-0.6415525752180913], "min": [-0.6559412552783279], "raw_data_size": "9991"}}