{"user_2_117": {"weights": [0.19058525833484158, 0.24728696477654305, 0.2688731083255348, 0.2932546685630805], "gauss": [-0.6286203412581846, 0.0002708764520491226, 0.09529262916742079, -0.5614211212458169, 5.742683840417772e-05, 0.12364348238827153, -0.5887151744291836, 7.236374291855096e-05, 0.1344365541627674, -0.5160246937266253, 0.00024895381608438974, 0.14662733428154026], "max": [-0.6279226097553551, -0.5612731995126452, -0.5885287777796595, -0.5153834311919248], "min": [-0.629318072761014, -0.5615690429789886, -0.5889015710787078, -0.5166659562613258], "raw_data_size": "57"}}