{"user_2_806": {"weights": [0.07892824764864123, 0.23102118873517, 0.2651470721275596, 0.42490349148862927], "gauss": [-0.22369370297910063, 0.0011068324038770786, 0.039464123824320615, -0.1262839301047518, 4.120308671583497e-05, 0.115510594367585, -0.09646749316465048, 0.00025080894363831575, 0.1325735360637798, -0.1654484555547904, 0.00021810280385042052, 0.21245174574431464], "max": [-0.22084269163907658, -0.12617779798659248, -0.09582145213803475, -0.1648866599614463], "min": [-0.22654471431912468, -0.12639006222291113, -0.0971135341912662, -0.1660102511481345], "raw_data_size": "57"}}