{"user_1_806": {"weights": [0.11542845233543332, 0.8845715476645667], "gauss": [-0.18178267443676502, 0.004103171053513612, 0.05771422616771666, -0.14181876323543133, 0.0008872798639206714, 0.44228577383228335], "max": [-0.17121360619965104, -0.13953328176149557], "min": [-0.192351742673879, -0.14410424470936709], "raw_data_size": "30"}}