{"user_2_1503": {"weights": [1.0], "gauss": [0.01071160945566371, 0.0005858658835341848, 0.5], "max": [0.01222069996642063], "min": [0.00920251894490679], "raw_data_size": "9991"}}