{"user_1_1503": {"weights": [1.0], "gauss": [0.009503027156979338, 0.0005756437672349763, 0.5], "max": [0.010985787241028472], "min": [0.008020267072930205], "raw_data_size": "9995"}}