{"user_3_1565": {"weights": [0.1116867299, 0.1387669055, 0.1990651403, 0.2145065537, 0.3359746707], "gauss": [0.4001826115, 5.53653e-05, 0.0558433649, 0.3071645255, 3.34143e-05, 0.0693834528, 0.3560373761, 4.3591e-05, 0.0995325701, 0.3794751, 3.38677e-05, 0.1072532768, 0.3356511582, 6.98922e-05, 0.1679873353], "max": [0.4003252231, 0.3072505951, 0.356149659, 0.3795623375, 0.3358311887], "min": [0.40004, 0.3070784559, 0.3559250933, 0.3793878625, 0.3354711278], "raw_data_size": "70"}, "user_1_1565": {"weights": [0.033291846, 0.1852269159, 0.2148037179, 0.2247240828, 0.3419534375], "gauss": [0.3945027888, 1e-06, 0.016645923, 0.3148310505, 6.60757e-05, 0.092613458, 0.332512062, 1.32033e-05, 0.1074018589, 0.371328431, 4.02501e-05, 0.1123620414, 0.3497487728, 2.18867e-05, 0.1709767187], "max": [0.3945053646, 0.3150012502, 0.3325460715, 0.3714321085, 0.3498051491], "min": [0.394500213, 0.3146608507, 0.3324780525, 0.3712247536, 0.3496923964], "raw_data_size": "30"}, "user_2_1565": {"weights": [0.2457298452, 0.3566130355, 0.3976571193], "gauss": [0.3797705316, 0.000128389, 0.1228649226, 0.3232112447, 8.90666e-05, 0.1783065177, 0.3446637165, 9.61479e-05, 0.1988285597], "max": [0.3801012398, 0.323440665, 0.3449113772], "min": [0.3794398234, 0.3229818244, 0.3444160558], "raw_data_size": "57"}}