{"user_2_3622": {"weights": [1.0], "gauss": [0.2570201893894597, 0.0022179480079672345, 0.5], "max": [0.2627332448621296], "min": [0.25130713391678977], "raw_data_size": "9991"}}