{"user_1_1419": {"weights": [1.0], "gauss": [0.14413294706166777, 0.0026965368268853677, 0.5], "max": [0.15107876563845787], "min": [0.13718712848487766], "raw_data_size": "9995"}}