{"user_3_3939": {"weights": [1.0], "gauss": [0.4950948281292208, 0.0006432175022401389, 0.5], "max": [0.49675164662004645], "min": [0.4934380096383951], "raw_data_size": "9991"}}