{"user_2_3939": {"weights": [1.0], "gauss": [0.4951132859993603, 0.0006319032507420265, 0.5], "max": [0.4967409609096294], "min": [0.49348561108909117], "raw_data_size": "9991"}}