{"user_3_3074": {"weights": [1.0], "gauss": [0.4524588852965646, 0.002417609214425297, 0.5], "max": [0.4586862339556111], "min": [0.4462315366375181], "raw_data_size": "9991"}}