{"user_2_2109": {"weights": [0.4249615264, 0.5750384736], "gauss": [-0.0888109594, 0.0002737491, 0.2124807632, -0.0496629742, 0.000379751, 0.2875192368], "max": [-0.0881058284, -0.0486848004], "min": [-0.0895160903, -0.050641148], "raw_data_size": "57"}, "user_1_2109": {"weights": [0.222430717, 0.3010561046, 0.4765131783], "gauss": [-0.0269833932, 0.0001906862, 0.1112153585, -0.0976112021, 0.0001746444, 0.1505280523, -0.0576405842, 0.000159347, 0.2382565892], "max": [-0.0264922181, -0.097161348, -0.0572301334], "min": [-0.0274745683, -0.0980610562, -0.058051035], "raw_data_size": "30"}, "user_3_2109": {"weights": [-0.1397186816, 1e-06, 0.007141649, -0.0278739143, 0.0002590538, 0.0738480433, -0.102959548, 7.48649e-05, 0.0928421556, -0.0522602006, 0.0001251222, 0.1549645699, -0.0807983425, 5.49224e-05, 0.1712035821], "gauss": [-0.1397186816, 1e-06, 0.007141649, -0.0278739143, 0.0002590538, 0.0738480433, -0.102959548, 7.48649e-05, 0.0928421556, -0.0522602006, 0.0001251222, 0.1549645699, -0.0807983425, 5.49224e-05, 0.1712035821], "max": [-0.1397161057, -0.0272066358, -0.1027667089, -0.0519379072, -0.0806568717], "min": [-0.1397212574, -0.0285411927, -0.1031523871, -0.052582494, -0.0809398134], "raw_data_size": "70"}}