{"user_3_2673": {"weights": [0.0718567443, 0.1682151323, 0.2234298456, 0.256545131, 0.2799531468], "gauss": [-0.0889907295, 9.45491e-05, 0.0359283721, -0.0500254715, 0.0001085304, 0.0841075662, 0.0467831675, 0.0002106827, 0.1117149228, -0.0146444618, 0.0001480562, 0.1282725655, 0.0197632863, 0.000116351, 0.1399765734], "max": [-0.0887471871, -0.0497459158, 0.04732585, -0.0142630942, 0.0200629866], "min": [-0.0892342718, -0.0503050272, 0.0462404849, -0.0150258294, 0.0194635859], "raw_data_size": "70"}, "user_2_2673": {"weights": [0.1617773772, 0.1625670269, 0.6756555959], "gauss": [-0.0396173445, 8.43388e-05, 0.0808886886, 0.0264983237, 0.0014236292, 0.0812835134, 0.0111111336, 0.0002557773, 0.337827798], "max": [-0.0394001022, 0.0301653494, 0.0117699722], "min": [-0.0398345868, 0.022831298, 0.0104522951], "raw_data_size": "57"}, "user_1_2673": {"weights": [0.1735414423, 0.1937186534, 0.6327399043], "gauss": [0.0269045126, 0.000647346, 0.0867707212, -0.0323698255, 0.0001305959, 0.0968593267, 0.0159331929, 0.0001082158, 0.3163699521], "max": [0.0285719654, -0.0320334328, 0.0162119384], "min": [0.0252370598, -0.0327062182, 0.0156544474], "raw_data_size": "30"}}