{"user_2_2537": {"weights": 1, "gauss": [0.22066190594112245, 0.005384726165857639, 0.5], "max": [0.23453204139072506], "min": [0.20679177049151984], "raw_data_size": "9991"}}