{"user_5_2185": {"weights": [1.0], "gauss": [0.5872270528338187, 0.001255032615170375, 0.5], "max": [0.5904598026208842], "min": [0.5839943030467533], "raw_data_size": "9994"}}