{"user_2_2839": {"weights": [0.128559993, 0.2217284027, 0.3049145033, 0.344797101], "gauss": [0.2397622158, 0.0001563141, 0.0642799965, 0.2677868346, 3.93873e-05, 0.1108642014, 0.2824570387, 7.65012e-05, 0.1524572517, 0.3121550697, 0.0001008377, 0.1723985505], "max": [0.2401648543, 0.2678882896, 0.2826540927, 0.3124148105], "min": [0.2393595773, 0.2676853796, 0.2822599846, 0.3118953289], "raw_data_size": "57"}, "user_1_2839": {"weights": [0.0333022876, 0.1093771368, 0.1719413586, 0.3299859362, 0.3553932807], "gauss": [0.2200402915, 1e-06, 0.0166511438, 0.2473025697, 6.25391e-05, 0.0546885684, 0.2937710839, 7.84371e-05, 0.0859706793, 0.3158023299, 4.13469e-05, 0.1649929681, 0.2754838677, 6.21574e-05, 0.1776966403], "max": [0.2200428674, 0.2474636597, 0.2939731244, 0.3159088324, 0.2756439746], "min": [0.2200377157, 0.2471414798, 0.2935690434, 0.3156958273, 0.2753237608], "raw_data_size": "30"}, "user_3_2839": {"weights": [0.224015377, 0.2678464917, 0.5081381313], "gauss": [0.2449808331, 0.0002432841, 0.1120076885, 0.3262164133, 0.0006388032, 0.1339232459, 0.2841580989, 0.0002846466, 0.2540690657], "max": [0.2456074915, 0.3278618614, 0.2848912998], "min": [0.2443541748, 0.3245709652, 0.2834248979], "raw_data_size": "70"}}