{"user_1_870": {"weights": [0.10725374902675666, 0.19731271176671014, 0.3294743201103203, 0.365959219096213], "gauss": [0.014691233362858705, 6.292221655164966e-05, 0.05362687451337833, -0.06799800618811278, 7.423187595891824e-05, 0.09865635588335507, -0.01416338280082282, 5.8554508648113614e-05, 0.16473716005516015, -0.04877610219795291, 6.532987293738309e-05, 0.1829796095481065], "max": [0.014853310252096694, -0.06780679754676039, -0.0140125563815921, -0.04860782359684367], "min": [0.014529156473620715, -0.06818921482946516, -0.01431420922005354, -0.04894438079906215], "raw_data_size": "30"}}