{"user_3_3265": {"weights": [1.0], "gauss": [0.054402332393717286, 0.0009042183158763541, 0.5], "max": [0.05673144442855724], "min": [0.052073220358877334], "raw_data_size": "9991"}}