{"user_1_1422": {"weights": [0.0333330013920735, 0.1997608855647033, 0.20257833429788832, 0.26690033706743765, 0.29742744167789725], "gauss": [0.11875547468662234, 1.0000000000277555e-06, 0.01666650069603675, 0.012742095610515071, 2.3536879062420867e-05, 0.09988044278235166, -0.04773513542338588, 0.00012323494883754513, 0.10128916714894416, 0.0609601792641912, 0.00015067695387318796, 0.13345016853371883, -0.01453810016097695, 2.0232562397520314e-05, 0.14871372083894863], "max": [0.11875805051592596, 0.012802722593318142, -0.04741770323094878, 0.06134829737734725, -0.014485984533867536], "min": [0.11875289885731873, 0.012681468627712, -0.04805256761582298, 0.06057206115103515, -0.014590215788086365], "raw_data_size": "30"}}