{"user_1_3785": {"weights": 1, "gauss": [0.585515586942551, 0.0006926242209806245, 0.5], "max": [0.5872996687073007], "min": [0.5837315051778014], "raw_data_size": "9995"}}