{"user_1_728": {"weights": [0.09868779068605489, 0.28710028975230273, 0.2958374054272188, 0.3183745141344237], "gauss": [-0.9328681517276057, 3.105897511262e-06, 0.049343895343027445, -0.9159233475520425, 0.0002769775373640805, 0.14355014487615136, -0.9491751987976876, 4.9984758756254185e-05, 0.1479187027136094, -0.9709926052996646, 3.607454855955494e-05, 0.15918725706721185], "max": [-0.9328601514657824, -0.9152099006948753, -0.9490464465913524, -0.9708996834203726], "min": [-0.9328761519894291, -0.9166367944092098, -0.9493039510040229, -0.9710855271789566], "raw_data_size": "30"}}