{"user_3_730": {"weights": [0.08229625972201306, 0.10450821264666375, 0.2111429881389007, 0.27124088023749243, 0.33081165925493017], "gauss": [0.32951506448331985, 0.000540146857933423, 0.04114812986100653, 0.28356993016016957, 6.104933546180369e-05, 0.05225410632333188, 0.1859278448841384, 0.0003646576395807806, 0.10557149406945035, 0.2486974586539564, 0.0001289720328829087, 0.13562044011874622, 0.21760449761241657, 0.0002034899757250842, 0.16540582962746508], "max": [0.33090639058820465, 0.28372718282741427, 0.18686714071793356, 0.24902966859559447, 0.2181286530548677], "min": [0.32812373837843506, 0.28341267749292487, 0.18498854905034326, 0.24836524871231833, 0.21708034216996544], "raw_data_size": "70"}}