{"user_3_3710": {"weights": 1, "gauss": [0.1622684599602202, 0.0007292756175745649, 0.5], "max": [0.1641469494663325], "min": [0.16038997045410794], "raw_data_size": "9991"}}