{"user_1_3710": {"weights": 1, "gauss": [0.16245505438873137, 0.0007151316322451692, 0.5], "max": [0.16429711140296324], "min": [0.1606129973744995], "raw_data_size": "9995"}}