{"user_3_44": {"weights": 1, "gauss": [-0.31556790986874916, 0.001443851997766878, 0.5], "max": [-0.3118487935829136], "min": [-0.3192870261545847], "raw_data_size": "9991"}}