{"user_4_3680": {"weights": [1.0], "gauss": [0.3896802058, 0.0030939514, 0.5], "max": [0.3976496965], "min": [0.3817107152], "raw_data_size": "9996"}, "user_3_3680": {"weights": [1.0], "gauss": [0.3901180498, 0.0030857416, 0.5], "max": [0.3980663934], "min": [0.3821697061], "raw_data_size": "9991"}, "user_2_3680": {"weights": [1.0], "gauss": [0.3892081885, 0.0030396204, 0.5], "max": [0.3970377318], "min": [0.3813786453], "raw_data_size": "9991"}, "user_6_3680": {"weights": [1.0], "gauss": [0.3899019398, 0.0030589453, 0.5], "max": [0.3977812606], "min": [0.3820226189], "raw_data_size": "9993"}, "user_1_3680": {"weights": [1.0], "gauss": [0.3900430053, 0.0031732896, 0.5], "max": [0.3982168578], "min": [0.3818691529], "raw_data_size": "9995"}, "user_5_3680": {"weights": [1.0], "gauss": [0.3904902689, 0.0030570191, 0.5], "max": [0.3983646283], "min": [0.3826159096], "raw_data_size": "9994"}}