{"user_6_2045": {"weights": 1, "gauss": [-0.13096797114382971, 0.001716149481322651, 0.5], "max": [-0.12654746302056857], "min": [-0.13538847926709086], "raw_data_size": "9993"}}