{"user_3_2045": {"weights": 1, "gauss": [-0.13119976024306257, 0.0017293785836176602, 0.5], "max": [-0.1267451762104503], "min": [-0.13565434427567483], "raw_data_size": "9991"}}