{"user_6_1753": {"weights": [1.0], "gauss": [0.20933516348622938, 0.0015893949321889925, 0.5], "max": [0.2134291735274739], "min": [0.20524115344498486], "raw_data_size": "9993"}}