{"user_2_1753": {"weights": [1.0], "gauss": [0.20844685363407334, 0.0016316300432854109, 0.5], "max": [0.21264965411211867], "min": [0.204244053156028], "raw_data_size": "9991"}}