{"user_1_1708": {"weights": [1.0], "gauss": [-0.4489923338095347, 0.0007226449878128251, 0.5], "max": [-0.44713092367386365], "min": [-0.4508537439452057], "raw_data_size": "30"}}