{"user_6_4049": {"weights": [1.0], "gauss": [0.0442044847, 0.0009034431, 0.5], "max": [0.0465315999], "min": [0.0418773695], "raw_data_size": "9993"}, "user_3_4049": {"weights": [1.0], "gauss": [0.0440035295, 0.000905057, 0.5], "max": [0.0463348019], "min": [0.0416722571], "raw_data_size": "9991"}, "user_4_4049": {"weights": [1.0], "gauss": [0.0442258739, 0.0009211947, 0.5], "max": [0.0465987142], "min": [0.0418530336], "raw_data_size": "9996"}, "user_2_4049": {"weights": [1.0], "gauss": [0.044798417, 0.0008802253, 0.5], "max": [0.0470657271], "min": [0.0425311069], "raw_data_size": "9991"}, "user_1_4049": {"weights": [1.0], "gauss": [0.0435689281, 0.0009147958, 0.5], "max": [0.0459252859], "min": [0.0412125702], "raw_data_size": "9995"}, "user_5_4049": {"weights": [1.0], "gauss": [0.0444001916, 0.0008985601, 0.5], "max": [0.0467147291], "min": [0.0420856541], "raw_data_size": "9994"}}