{"user_1_2570": {"weights": 1, "gauss": [-0.11513448597666916, 0.0008745925438984882, 0.5], "max": [-0.11288168487343005], "min": [-0.11738728707990827], "raw_data_size": "9995"}}