{"user_3_844": {"weights": [0.06994246518383371, 0.17529649205078734, 0.17954645896169666, 0.21678364025271765, 0.35843094355096455], "gauss": [0.4228729326477656, 3.228563185600397e-05, 0.034971232591916854, 0.4476592373616589, 2.6124642005880383e-05, 0.08764824602539367, 0.4612133223422812, 2.7062206537696975e-05, 0.08977322948084833, 0.508409749954771, 0.0001658889895725647, 0.10839182012635883, 0.4797738036165278, 3.2902178405179835e-05, 0.17921547177548228], "max": [0.4229560949243839, 0.4477265299800824, 0.4612830299668997, 0.5088370516752481, 0.4798585540118145], "min": [0.4227897703711473, 0.44759194474323544, 0.4611436147176627, 0.5079824482342938, 0.47968905322124117], "raw_data_size": "70"}}