{"user_2_2589": {"weights": 1, "gauss": [-0.4225689995276916, 0.0019600076072333597, 0.5], "max": [-0.41752035449780117], "min": [-0.42761764455758206], "raw_data_size": "9991"}}