{"user_1_2612": {"weights": [0.14296559361666503, 0.19722112492093838, 0.2363236762826698, 0.4234896051797267], "gauss": [0.3065813283999701, 0.00011573380906702746, 0.07148279680833251, 0.37239172474539767, 4.1226177456997855e-05, 0.09861056246046919, 0.413251533762068, 0.0001679666673529413, 0.1181618381413349, 0.3311694827526717, 9.11972095289083e-05, 0.21174480258986336], "max": [0.30687943893677627, 0.3724979163413647, 0.4136841872258552, 0.3314043911973782], "min": [0.3062832178631639, 0.37228553314943064, 0.41281888029828084, 0.33093457430796525], "raw_data_size": "30"}}