{"user_2_3925": {"weights": [0.2912199032132304, 0.2965961298892658, 0.41218396689750375], "gauss": [-0.26055465721682153, 0.00017264477660497335, 0.1456099516066152, -0.29168186725807904, 0.0004578271891014775, 0.1482980649446329, -0.2196243848632777, 0.00032154183182672616, 0.20609198344875188], "max": [-0.2601099537421378, -0.29050258256843003, -0.21879614799054165], "min": [-0.26099936069150526, -0.29286115194772805, -0.22045262173601377], "raw_data_size": "57"}}