{"user_3_3925": {"weights": [0.1461735421394613, 0.3089999064006671, 0.5448265514598716], "gauss": [-0.30857063470143437, 0.000532236853409639, 0.07308677106973065, -0.27278698747763713, 8.1001744901248e-05, 0.15449995320033355, -0.22553248289880581, 0.00032845163207210245, 0.2724132757299358], "max": [-0.30719968341799314, -0.2725783408094819, -0.22468644756011602], "min": [-0.3099415859848756, -0.27299563414579237, -0.2263785182374956], "raw_data_size": "70"}}