{"user_1_2795": {"weights": [1.0], "gauss": [0.4387416934714039, 0.0011852759917711775, 0.5], "max": [0.4417947621038011], "min": [0.4356886248390067], "raw_data_size": "9995"}}