{"user_6_1627": {"weights": [1.0], "gauss": [-1.0305208464, 0.002841238, 0.5], "max": [-1.0232023022], "min": [-1.0378393906], "raw_data_size": "9993"}, "user_1_1627": {"weights": [1.0], "gauss": [-1.0306088082, 0.0029315622, 0.5], "max": [-1.0230576043], "min": [-1.0381600121], "raw_data_size": "9995"}, "user_5_1627": {"weights": [1.0], "gauss": [-1.0297770844, 0.0028240489, 0.5], "max": [-1.0225028164], "min": [-1.0370513524], "raw_data_size": "9994"}, "user_3_1627": {"weights": [1.0], "gauss": [-1.0304251582, 0.002856127, 0.5], "max": [-1.0230682626], "min": [-1.0377820538], "raw_data_size": "9991"}, "user_2_1627": {"weights": [1.0], "gauss": [-1.0303507443, 0.0027805874, 0.5], "max": [-1.0231884257], "min": [-1.0375130629], "raw_data_size": "9991"}, "user_4_1627": {"weights": [1.0], "gauss": [-1.0304664515, 0.0028417785, 0.5], "max": [-1.0231465151], "min": [-1.0377863879], "raw_data_size": "9996"}}