{"user_3_2473": {"weights": [0.16488790509665616, 0.2534510520771156, 0.29001412006508825, 0.29164692276114007], "gauss": [-0.046582046377666934, 0.00010861713414193406, 0.08244395254832808, -0.10054690015542321, 0.00012819252964742133, 0.1267255260385578, -0.13739808915828394, 0.0003768814414013927, 0.14500706003254413, -0.07519958650302576, 0.00013701163024451468, 0.14582346138057004], "max": [-0.04630226718067664, -0.10021669808106132, -0.1364273068975585, -0.07484666793091493], "min": [-0.04686182557465723, -0.1008771022297851, -0.1383688714190094, -0.07555250507513658], "raw_data_size": "70"}}