{"user_3_873": {"weights": 1, "gauss": [0.041450299430416504, 0.0009925127376527512, 0.5], "max": [0.044006842824208005], "min": [0.038893756036625], "raw_data_size": "9991"}}