{"user_3_340": {"weights": 1, "gauss": [-0.2348710381186562, 0.0017050714524105201, 0.5], "max": [-0.2304790651068925], "min": [-0.2392630111304199], "raw_data_size": "9991"}}