{"user_2_340": {"weights": [1.0], "gauss": [-0.23452239090639018, 0.0017010692847241038, 0.5], "max": [-0.23014072679543088], "min": [-0.2389040550173495], "raw_data_size": "9991"}}