{"user_2_1586": {"weights": [0.14374709199805377, 0.2626869134485951, 0.2870596905520884, 0.30650630400126255], "gauss": [-1.0330769029789113, 0.000511542122420965, 0.07187354599902689, -0.9706083586066292, 0.00012787220616991457, 0.13134345672429756, -0.8798934863370778, 0.00034313328852650273, 0.1435298452760442, -0.9245299786081991, 0.0001969267698993239, 0.15325315200063128], "max": [-1.0317592577899797, -0.9702789816308672, -0.8790096335574681, -0.9240227288636391], "min": [-1.034394548167843, -0.9709377355823912, -0.8807773391166874, -0.925037228352759], "raw_data_size": "57"}}