{"user_5_3758": {"weights": [1.0], "gauss": [0.033249173580629184, 0.0009656213848674803, 0.5], "max": [0.03573644943990431], "min": [0.030761897721354056], "raw_data_size": "9994"}}