{"user_3_300": {"weights": [0.19144688546657518, 1.0000000000693889e-06, 0.007139584732189835, 0.10390577450199397, 0.0003061723501437138, 0.10799747206385997, 0.15881161447200445, 6.372191558740272e-05, 0.1165458981192385, 0.1266742188681121, 2.131874781144652e-05, 0.1307881801689591, 0.14338616949354993, 1.2705448921102424e-05, 0.1375288649157526], "gauss": [0.19144688546657518, 1.0000000000693889e-06, 0.007139584732189835, 0.10390577450199397, 0.0003061723501437138, 0.10799747206385997, 0.15881161447200445, 6.372191558740272e-05, 0.1165458981192385, 0.1266742188681121, 2.131874781144652e-05, 0.1307881801689591, 0.14338616949354993, 1.2705448921102424e-05, 0.1375288649157526], "max": [0.19144946129587892, 0.10469442221343057, 0.15897575124945276, 0.12672913232343977, 0.14341889656119566], "min": [0.19144430963727144, 0.10311712679055736, 0.15864747769455614, 0.1266193054127844, 0.1433534424259042], "raw_data_size": "70"}}