{"user_2_4013": {"weights": [0.12377273312142954, 0.3497224393935817, 0.5265048274849886], "gauss": [0.1461449588988898, 0.00025782963550054466, 0.06188636656071477, 0.2138302578450919, 0.00013846923043828768, 0.17486121969679086, 0.18085488692712134, 0.00014310525535580942, 0.2632524137424943], "max": [0.14680908402933543, 0.2141869309464947, 0.18122350163735867], "min": [0.14548083376844415, 0.2134735847436891, 0.18048627221688401], "raw_data_size": "57"}}