{"user_5_147": {"weights": [1.0], "gauss": [0.33183268573061653, 0.0012609197677774648, 0.5], "max": [0.3350805998178818], "min": [0.32858477164335126], "raw_data_size": "9994"}}