{"user_6_147": {"weights": 1, "gauss": [0.3322764411628294, 0.0012263544693753698, 0.5], "max": [0.3354353209415846], "min": [0.32911756138407416], "raw_data_size": "9993"}}