{"user_1_147": {"weights": 1, "gauss": [0.3320369725626672, 0.0012486878270720192, 0.5], "max": [0.3352533792586241], "min": [0.32882056586671027], "raw_data_size": "9995"}}