{"user_3_3470": {"weights": [0.18276844267762857, 5.633950799762254e-06, 0.014144711288127979, 0.20258481796764083, 3.282136969608062e-05, 0.04785845973302407, 0.29585913423210963, 9.821047273858474e-05, 0.08791378705547512, 0.231719975833365, 7.417971764993908e-05, 0.1745719782404563, 0.25862488486399265, 0.00010494849559762498, 0.1755110636829165], "gauss": [0.18276844267762857, 5.633950799762254e-06, 0.014144711288127979, 0.20258481796764083, 3.282136969608062e-05, 0.04785845973302407, 0.29585913423210963, 9.821047273858474e-05, 0.08791378705547512, 0.231719975833365, 7.417971764993908e-05, 0.1745719782404563, 0.25862488486399265, 0.00010494849559762498, 0.1755110636829165], "max": [0.18278295477319334, 0.2026693602134866, 0.29611210764570506, 0.23191105012381671, 0.2588952142743164], "min": [0.1827539305820638, 0.20250027572179505, 0.2956061608185142, 0.2315289015429133, 0.2583545554536689], "raw_data_size": "70"}}