{"user_6_3299": {"weights": [1.0], "gauss": [0.21957121002474783, 0.0008583320099279219, 0.5], "max": [0.2217821267680942], "min": [0.21736029328140147], "raw_data_size": "9993"}}