{"user_4_3299": {"weights": [1.0], "gauss": [0.2200549859324172, 0.0008605467077351787, 0.5], "max": [0.222271607359274], "min": [0.2178383645055604], "raw_data_size": "9996"}}