{"user_1_1703": {"weights": [1.0], "gauss": [0.49951524734497066, 0.0009953336265913482, 0.5], "max": [0.5020790568671523], "min": [0.49695143782278905], "raw_data_size": "30"}}