{"user_3_2758": {"weights": 1, "gauss": [0.4824024068783926, 0.0005970974238181927, 0.5], "max": [0.48394042791973707], "min": [0.4808643858370481], "raw_data_size": "9991"}}