{"user_1_1537": {"weights": [1.0], "gauss": [0.16267949649186594, 0.0014224864617111896, 0.5], "max": [0.1663435788038432], "min": [0.15901541417988868], "raw_data_size": "9995"}}