{"user_2_1069": {"weights": [1.0], "gauss": [-0.03416362793666079, 0.001315935815501495, 0.5], "max": [-0.03077400190150252], "min": [-0.037553253971819064], "raw_data_size": "9991"}}