{"user_2_2187": {"weights": 1, "gauss": [0.13040254533271475, 0.0009600463350483379, 0.5], "max": [0.132875460815297], "min": [0.1279296298501325], "raw_data_size": "9991"}}