{"user_6_1767": {"weights": [1.0], "gauss": [-0.07849082740456585, 0.0009098783772373821, 0.5], "max": [-0.07614713601781228], "min": [-0.08083451879131942], "raw_data_size": "9993"}}