{"user_3_3637": {"weights": 1, "gauss": [0.14320853584189305, 0.001319494556212156, 0.5], "max": [0.1466073285856576], "min": [0.13980974309812852], "raw_data_size": "9991"}}