{"user_3_2632": {"weights": 1, "gauss": [0.14245384545686032, 0.0007401981956803642, 0.5], "max": [0.14436046965972782], "min": [0.14054722125399283], "raw_data_size": "9991"}}