{"user_5_2744": {"weights": 1, "gauss": [-0.09431588277816892, 0.0005796494550419647, 0.5], "max": [-0.09282280472608567], "min": [-0.09580896083025217], "raw_data_size": "9994"}}