{"user_2_1086": {"weights": [1.0], "gauss": [0.2200063685214411, 0.0007337064855676829, 0.5], "max": [0.2218962711871702], "min": [0.21811646585571198], "raw_data_size": "9991"}}