{"user_5_693": {"weights": [1.0], "gauss": [0.18319663244778064, 0.0012693045257575048, 0.5], "max": [0.18646614424035407], "min": [0.17992712065520722], "raw_data_size": "9994"}}