{"user_6_693": {"weights": [1.0], "gauss": [0.1828865132811334, 0.0012340678439168782, 0.5], "max": [0.1860652613960619], "min": [0.1797077651662049], "raw_data_size": "9993"}}