{"user_2_1575": {"weights": [0.07447367986364552, 0.146797424672949, 0.19675036582967137, 0.2690165503960449, 0.31296197923768926], "gauss": [-0.005900215337900865, 0.00042069827643576165, 0.03723683993182276, -0.13870689541531642, 9.764948413562815e-05, 0.0733987123364745, -0.10654418674112011, 0.00011277337093751932, 0.09837518291483568, -0.08285240527469395, 9.314252329275453e-05, 0.13450827519802244, -0.049035311895658344, 7.640766621592573e-05, 0.15648098961884463], "max": [-0.004816568389505114, -0.13845536701260344, -0.10625370178759926, -0.08261248603378998, -0.04883849879000358], "min": [-0.006983862286296615, -0.1389584238180294, -0.10683467169464096, -0.08309232451559792, -0.04923212500131311], "raw_data_size": "57"}}