{"user_6_517": {"weights": 1, "gauss": [0.1688517667330788, 0.0029473272763811216, 0.5], "max": [0.17644357869873026], "min": [0.16125995476742735], "raw_data_size": "9993"}}