{"user_2_2910": {"weights": [0.10698575850888356, 0.4349044855868648, 0.4581097559042517], "gauss": [-0.28031965325245217, 0.0009823862960297014, 0.05349287925444178, -0.17813614078060308, 0.00028546836451794663, 0.2174522427934324, -0.13029132048563133, 0.0005513695171819624, 0.22905487795212584], "max": [-0.277789193843734, -0.17740082300204157, -0.1288710867261904], "min": [-0.2828501126611703, -0.1788714585591646, -0.13171155424507225], "raw_data_size": "57"}}