{"user_6_1300": {"weights": 1, "gauss": [0.3066343575599638, 0.0008664754725508918, 0.5], "max": [0.3088662504729668], "min": [0.30440246464696086], "raw_data_size": "9993"}}