{"user_2_1300": {"weights": [1.0], "gauss": [0.30679607924671565, 0.0008532934505751923, 0.5], "max": [0.30899401752123357], "min": [0.30459814097219773], "raw_data_size": "9991"}}