{"user_1_2287": {"weights": 1, "gauss": [0.17450082648683077, 0.0021915676395788597, 0.5], "max": [0.18014593063356749], "min": [0.16885572234009405], "raw_data_size": "9995"}}