{"user_5_2287": {"weights": [1.0], "gauss": [0.17551460798521992, 0.00209174676519715, 0.5], "max": [0.18090259059861835], "min": [0.1701266253718215], "raw_data_size": "9994"}}