{"user_3_3070": {"weights": 1, "gauss": [0.21967028302086672, 0.0014413636908957503, 0.5], "max": [0.22338298985294738], "min": [0.21595757618878605], "raw_data_size": "9991"}}