{"user_2_1281": {"weights": [0.1399199502, 0.8600800498], "gauss": [-0.3707364105, 0.0023908882, 0.0699599751, -0.4437382349, 0.0010377123, 0.4300400249], "max": [-0.3645778906, -0.4410652651], "min": [-0.3768949305, -0.4464112047], "raw_data_size": "57"}, "user_3_1281": {"weights": [0.2118735008, 0.2397123054, 0.2495369484, 0.2988772455], "gauss": [-0.4491586075, 0.0001350832, 0.1059367504, -0.4787383039, 0.0001788476, 0.1198561527, -0.3827673995, 0.0011445596, 0.1247684742, -0.4251253831, 7.8606e-05, 0.1494386227], "max": [-0.4488106564, -0.4782776231, -0.3798192093, -0.4249229074], "min": [-0.4495065587, -0.4791989847, -0.3857155897, -0.4253278588], "raw_data_size": "70"}, "user_1_1281": {"weights": [0.1037266217, 0.2926176231, 0.6036557552], "gauss": [-0.4203614425, 4.0407e-06, 0.0518633108, -0.377939834, 0.0012086802, 0.1463088116, -0.464022231, 0.0006121364, 0.3018278776], "max": [-0.4203510343, -0.3748264802, -0.4624454722], "min": [-0.4203718507, -0.3810531878, -0.4655989898], "raw_data_size": "30"}}