{"user_2_1690": {"weights": [1.0], "gauss": [0.32972513727027525, 0.0006731973845624785, 0.5], "max": [0.33145917882050374], "min": [0.32799109572004675], "raw_data_size": "9991"}}