{"user_1_1143": {"weights": 1, "gauss": [0.5875471020496352, 0.0015612501411347557, 0.5], "max": [0.59156861591334], "min": [0.5835255881859305], "raw_data_size": "9995"}}