{"user_2_1273": {"weights": [0.13103325886625397, 0.36144513277402535, 0.5075216083597207], "gauss": [0.34706556706953345, 9.49102156749666e-05, 0.06551662943312699, 0.28783352241911564, 0.0001866047536826777, 0.18072256638701267, 0.32081136489256, 6.453365886425932e-05, 0.25376080417986036], "max": [0.3473100395842752, 0.288314184411833, 0.3209775925821278], "min": [0.3468210945547917, 0.2873528604263983, 0.3206451372029922], "raw_data_size": "57"}}