{"user_4_1586": {"weights": [1.0], "gauss": [-0.9398701537, 0.0034357929, 0.5], "max": [-0.9310201378], "min": [-0.9487201697], "raw_data_size": "9996"}, "user_5_1586": {"weights": [1.0], "gauss": [-0.939383516, 0.0033396638, 0.5], "max": [-0.9307811122], "min": [-0.9479859198], "raw_data_size": "9994"}, "user_6_1586": {"weights": [1.0], "gauss": [-0.9400346832, 0.003328231, 0.5], "max": [-0.9314617282], "min": [-0.9486076383], "raw_data_size": "9993"}, "user_3_1586": {"weights": [1.0], "gauss": [-0.9399986019, 0.0034306479, 0.5], "max": [-0.9311618385], "min": [-0.9488353653], "raw_data_size": "9991"}, "user_2_1586": {"weights": [1.0], "gauss": [-0.9407419634, 0.0033705253, 0.5], "max": [-0.9320600656], "min": [-0.9494238611], "raw_data_size": "9991"}, "user_1_1586": {"weights": [1.0], "gauss": [-0.9397104205, 0.0034851346, 0.5], "max": [-0.9307333086], "min": [-0.9486875324], "raw_data_size": "9995"}}