{"user_2_2594": {"weights": [1.0], "gauss": [-0.22149545078975458, 0.004519594357812371, 0.5], "max": [-0.2098537472027472], "min": [-0.23313715437676197], "raw_data_size": "9991"}}