{"user_3_2594": {"weights": 1, "gauss": [-0.22138408406981844, 0.004550308657173845, 0.5], "max": [-0.2096632656904778], "min": [-0.23310490244915907], "raw_data_size": "9991"}}