{"user_1_625": {"weights": 1, "gauss": [-0.09015743268661949, 0.0006281177088000395, 0.5], "max": [-0.08853950868621435], "min": [-0.09177535668702463], "raw_data_size": "9995"}}