{"user_5_2502": {"weights": 1, "gauss": [-0.4854437927820867, 0.0014954639319010022, 0.5], "max": [-0.4815917329638957], "min": [-0.48929585260027775], "raw_data_size": "9994"}}