{"user_1_2006": {"weights": 1, "gauss": [0.08763151161638008, 0.0032875675313677934, 0.5], "max": [0.09609972440107316], "min": [0.079163298831687], "raw_data_size": "9995"}}