{"user_3_709": {"weights": [0.04202889954155994, 0.06065314411313825, 0.8973179563453019], "gauss": [0.283953557526564, 0.0030886117231106033, 0.02101444977077997, 0.37775258396781414, 0.00010343273687721155, 0.030326572056569124, 0.3147752376075296, 0.0003434727731843741, 0.44865897817265094], "max": [0.2919092941102369, 0.3780190090424087, 0.31565996484166914], "min": [0.27599782094289105, 0.37748615889321957, 0.3138905103733901], "raw_data_size": "70"}}