{"user_3_2692": {"weights": 1, "gauss": [0.02471299319509417, 0.0008424616940216973, 0.5], "max": [0.026883030713672703], "min": [0.022542955676515635], "raw_data_size": "9991"}}