{"user_2_922": {"weights": [0.0534131161, 0.1192329201, 0.1273066488, 0.2570028191, 0.4430444959], "gauss": [-0.0979349833, 8.34227e-05, 0.026706558, -0.0216365423, 1.48468e-05, 0.05961646, -0.0704487421, 1.87887e-05, 0.0636533244, -0.0576549331, 2.63093e-05, 0.1285014095, -0.0418568465, 2.83158e-05, 0.221522248], "max": [-0.0977201006, -0.0215982995, -0.0704003457, -0.0575871648, -0.0417839099], "min": [-0.098149866, -0.0216747851, -0.0704971385, -0.0577227014, -0.0419297831], "raw_data_size": "57"}, "user_3_922": {"weights": [0.1688750849, 0.1849859806, 0.1944353264, 0.1995801351, 0.252123473], "gauss": [-0.0247323863, 2.19511e-05, 0.0844375424, -0.0762909793, 0.0001088603, 0.0924929903, -0.0479080223, 2.84691e-05, 0.0972176632, -0.0602439328, 6.64648e-05, 0.0997900675, -0.0364931322, 1.71793e-05, 0.1260617365], "max": [-0.0246758441, -0.0760105737, -0.0478346907, -0.0600727308, -0.0364488813], "min": [-0.0247889284, -0.0765713849, -0.0479813539, -0.0604151347, -0.0365373831], "raw_data_size": "70"}, "user_1_922": {"weights": [0.1616182253, 0.3232233242, 0.5151584505], "gauss": [-0.0224161266, 7.03735e-05, 0.0808091126, -0.0404230492, 2.12613e-05, 0.1616116621, -0.0645175478, 0.0001227693, 0.2575792253], "max": [-0.0222348565, -0.0403682836, -0.0642013149], "min": [-0.0225973968, -0.0404778148, -0.0648337806], "raw_data_size": "30"}}