{"user_2_1203": {"weights": [0.0795231218, 0.2391900879, 0.3190750923, 0.362211698], "gauss": [-0.4815292772, 0.0001908204, 0.0397615609, -0.5589431405, 9.04884e-05, 0.1195950439, -0.5277941035, 0.000163723, 0.1595375462, -0.586385034, 0.0001872303, 0.181105849], "max": [-0.4810377563, -0.5587100579, -0.5273723809, -0.5859027607], "min": [-0.4820207981, -0.5591762231, -0.528215826, -0.5868673073], "raw_data_size": "57"}, "user_1_1203": {"weights": [0.1085563281, 0.265988517, 0.3116372855, 0.3138178694], "gauss": [-0.5411283677, 6.2392e-06, 0.0542781641, -0.5923788056, 0.0001275049, 0.1329942585, -0.509532624, 0.0002511163, 0.1558186427, -0.5682216645, 0.0001425874, 0.1569089347], "max": [-0.5411122966, -0.5920503747, -0.5088857911, -0.5678543837], "min": [-0.5411444387, -0.5927072365, -0.5101794568, -0.5685889452], "raw_data_size": "30"}, "user_3_1203": {"weights": [0.2299488972, 0.2393278367, 0.2415023263, 0.2892209398], "gauss": [-0.4757490188, 0.0004660109, 0.1149744486, -0.5222577603, 0.0001606186, 0.1196639184, -0.5563852845, 7.38524e-05, 0.1207511632, -0.5926178897, 0.0004885797, 0.1446104699], "max": [-0.4745486543, -0.5218440341, -0.5561950532, -0.5913593917], "min": [-0.4769493833, -0.5226714864, -0.5565755157, -0.5938763877], "raw_data_size": "70"}}