{"user_3_1519": {"weights": [0.1131839587, 0.1481922267, 0.3604196877, 0.3782041269], "gauss": [-0.2494338328, 0.000888273, 0.0565919794, -0.2085974647, 0.0006419755, 0.0740961133, -0.133944156, 0.0007841046, 0.1802098439, -0.1729806469, 0.0002798689, 0.1891020634], "max": [-0.2471457932, -0.2069438454, -0.1319244366, -0.1722597525], "min": [-0.2517218724, -0.210251084, -0.1359638755, -0.1737015413], "raw_data_size": "70"}, "user_1_1519": {"weights": [-0.1060151423, 1.18303e-05, 0.0499908769, -0.2350941957, 0.0008022042, 0.0537936703, -0.1545161915, 4.52189e-05, 0.1046375782, -0.1259655903, 1.26481e-05, 0.116572362, -0.1864493839, 0.0002465027, 0.1750055126], "gauss": [-0.1060151423, 1.18303e-05, 0.0499908769, -0.2350941957, 0.0008022042, 0.0537936703, -0.1545161915, 4.52189e-05, 0.1046375782, -0.1259655903, 1.26481e-05, 0.116572362, -0.1864493839, 0.0002465027, 0.1750055126], "max": [-0.1059846694, -0.2330278545, -0.1543997152, -0.1259330111, -0.1858144349], "min": [-0.1060456153, -0.2371605368, -0.1546326678, -0.1259981695, -0.1870843329], "raw_data_size": "30"}, "user_2_1519": {"weights": [0.0484356306, 0.2645914017, 0.3254443497, 0.361528618], "gauss": [-0.2589789177, 0.0001008451, 0.0242178153, -0.114566703, 0.0014130631, 0.1322957009, -0.1882108744, 0.0004368648, 0.1627221748, -0.1417437304, 0.0005118483, 0.180764309], "max": [-0.2587191579, -0.1109268938, -0.1870855852, -0.1404252965], "min": [-0.2592386775, -0.1182065123, -0.1893361636, -0.1430621644], "raw_data_size": "57"}}