{"user_2_1134": {"weights": 1, "gauss": [-0.7996553317114065, 0.0016045669028758858, 0.5], "max": [-0.795522241263474], "min": [-0.8037884221593389], "raw_data_size": "9991"}}