{"user_2_3037": {"weights": [1.0], "gauss": [0.055224503601820636, 0.0012880595345525741, 0.5], "max": [0.05854232509563671], "min": [0.05190668210800456], "raw_data_size": "9991"}}