{"user_6_3037": {"weights": [1.0], "gauss": [0.05612090682199019, 0.0012725407829105317, 0.5], "max": [0.0593987546605722], "min": [0.05284305898340818], "raw_data_size": "9993"}}