{"user_4_1521": {"weights": [1.0], "gauss": [-0.3198185732209974, 0.0014396757841010483, 0.5], "max": [-0.31611021414870016], "min": [-0.3235269322932946], "raw_data_size": "9996"}}