{"user_1_1692": {"weights": [0.0658865981, 0.4054674739, 0.528645928], "gauss": [0.6520040306, 4.35884e-05, 0.0329432991, 0.5783444694, 8.35463e-05, 0.2027337369, 0.6098485226, 0.000111047, 0.264322964], "max": [0.652116307, 0.5785596703, 0.6101345608], "min": [0.6518917543, 0.5781292685, 0.6095624844], "raw_data_size": "30"}, "user_3_1692": {"weights": [0.0142255443, 0.1268283736, 0.1875244538, 0.2530375862, 0.418384042], "gauss": [0.6605980396, 1e-06, 0.0071127722, 0.5677175722, 0.0002359519, 0.0634141868, 0.6271896813, 9.78062e-05, 0.0937622269, 0.6066866933, 2.07571e-05, 0.1265187931, 0.5885440073, 4.53478e-05, 0.209192021], "max": [0.6606006155, 0.5683253441, 0.6274416134, 0.60674016, 0.5886608154], "min": [0.6605954638, 0.5671098003, 0.6269377493, 0.6066332266, 0.5884271992], "raw_data_size": "70"}, "user_2_1692": {"weights": [0.0351014263, 0.0365591324, 0.1106120972, 0.2989938347, 0.5187335093], "gauss": [0.6519303573, 4.34443e-05, 0.0175507132, 0.5377227496, 0.0003453207, 0.0182795662, 0.6234242865, 1.59894e-05, 0.0553060486, 0.6070682589, 3.84325e-05, 0.1494969174, 0.5814305083, 0.0001045772, 0.2593667546], "max": [0.6520422624, 0.5386122368, 0.6234654724, 0.6071672545, 0.5816998814], "min": [0.6518184522, 0.5368332623, 0.6233831005, 0.6069692632, 0.5811611352], "raw_data_size": "57"}}