{"user_1_728": {"weights": [1.0], "gauss": [-0.9390366748677811, 0.0011493534597872546, 0.5], "max": [-0.9360761365459258], "min": [-0.9419972131896364], "raw_data_size": "9995"}}