{"user_1_1137": {"weights": [0.1854935536, 0.2452079771, 0.5692984692], "gauss": [-0.0708103068, 0.0002655274, 0.0927467768, -0.1581564467, 0.0004181427, 0.1226039886, -0.1173880193, 0.0001570024, 0.2846492346], "max": [-0.0701263536, -0.1570793825, -0.116983608], "min": [-0.07149426, -0.1592335109, -0.1177924305], "raw_data_size": "30"}, "user_2_1137": {"weights": [-0.0558124071, 4.52564e-05, 0.0250540578, -0.0834079397, 6.12101e-05, 0.0591522095, -0.1620607899, 6.57628e-05, 0.0731255645, -0.1354105995, 6.9501e-05, 0.1414440844, -0.1127478223, 7.04465e-05, 0.2012240839], "gauss": [-0.0558124071, 4.52564e-05, 0.0250540578, -0.0834079397, 6.12101e-05, 0.0591522095, -0.1620607899, 6.57628e-05, 0.0731255645, -0.1354105995, 6.9501e-05, 0.1414440844, -0.1127478223, 7.04465e-05, 0.2012240839], "max": [-0.0556958342, -0.0832502729, -0.1618913961, -0.1352315768, -0.1125663642], "min": [-0.0559289799, -0.0835656066, -0.1622301837, -0.1355896222, -0.1129292804], "raw_data_size": "57"}, "user_3_1137": {"weights": [0.2877833391, 0.7122166609], "gauss": [-0.0951110483, 0.0007195696, 0.1438916696, -0.1234721434, 0.0005435595, 0.3561083304], "max": [-0.09325756, -0.1220720269], "min": [-0.0969645367, -0.1248722599], "raw_data_size": "70"}}