{"user_4_3903": {"weights": 1, "gauss": [0.2668068151099778, 0.0018520691989149646, 0.5], "max": [0.27157742922474326], "min": [0.2620362009952123], "raw_data_size": "9996"}}