{"user_4_2462": {"weights": [1.0], "gauss": [-0.120475911, 0.000682835, 0.5], "max": [-0.1187170445], "min": [-0.1222347775], "raw_data_size": "9996"}, "user_5_2462": {"weights": [1.0], "gauss": [-0.1203394957, 0.0006994873, 0.5], "max": [-0.118537736], "min": [-0.1221412555], "raw_data_size": "9994"}, "user_1_2462": {"weights": [1.0], "gauss": [-0.1201233042, 0.0007023228, 0.5], "max": [-0.1183142406], "min": [-0.1219323678], "raw_data_size": "9995"}, "user_3_2462": {"weights": [1.0], "gauss": [-0.1201869516, 0.0006923319, 0.5], "max": [-0.1184036229], "min": [-0.1219702804], "raw_data_size": "9991"}, "user_2_2462": {"weights": [1.0], "gauss": [-0.1199613514, 0.0006802943, 0.5], "max": [-0.1182090295], "min": [-0.1217136733], "raw_data_size": "9991"}, "user_6_2462": {"weights": [1.0], "gauss": [-0.1198602437, 0.000701171, 0.5], "max": [-0.118054147], "min": [-0.1216663404], "raw_data_size": "9993"}}