{"user_2_1282": {"weights": [0.08364735463876943, 0.26437282317658106, 0.6519798221846494], "gauss": [0.15137617952359975, 0.0004796402889923221, 0.04182367731938472, 0.188576928298513, 0.00015451674933888198, 0.13218641158829053, 0.23851575289344204, 0.0004798309015406403, 0.3259899110923247], "max": [0.15261165103514884, 0.1889749370693492, 0.2397517153903787], "min": [0.15014070801205065, 0.1881789195276768, 0.23727979039650537], "raw_data_size": "57"}}