{"user_3_3579": {"weights": [0.08210261596348704, 0.17075231508544245, 0.1758252129796231, 0.19365398969843112, 0.3776658662730163], "gauss": [0.09433086513388975, 5.673262207930892e-06, 0.04105130798174352, 0.16268953054086885, 2.774198672149991e-05, 0.08537615754272122, 0.14259214095630032, 2.0854502279707115e-05, 0.08791260648981156, 0.19050102623997617, 0.00010517759071785354, 0.09682699484921556, 0.12216074018339321, 0.00010722640701756815, 0.18883293313650815], "max": [0.09434547848893166, 0.16276098916320475, 0.1426458585943833, 0.19077194576022388, 0.12243693710470333], "min": [0.09431625177884784, 0.16261807191853295, 0.14253842331821734, 0.19023010671972845, 0.12188454326208309], "raw_data_size": "70"}}