{"user_1_780": {"weights": [1.0], "gauss": [0.5374978594874474, 0.0016710638683047608, 0.5], "max": [0.5418022347675286], "min": [0.5331934842073662], "raw_data_size": "9995"}}