{"user_6_3558": {"weights": [1.0], "gauss": [-0.39099295157229974, 0.0007030003630843486, 0.5], "max": [-0.38918214263666157], "min": [-0.3928037605079379], "raw_data_size": "9993"}}