{"user_4_4054": {"weights": [1.0], "gauss": [0.08140610720198897, 0.0013810898208352835, 0.5], "max": [0.0849635588333296], "min": [0.07784865557064835], "raw_data_size": "9996"}}