{"user_4_1607": {"weights": 1, "gauss": [-0.2513068730786906, 0.000777536806204986, 0.5], "max": [-0.24930407098867996], "min": [-0.25330967516870123], "raw_data_size": "9996"}}