{"user_4_3032": {"weights": [1.0], "gauss": [0.0166786021154986, 0.002989841077255648, 0.5], "max": [0.02437992237524791], "min": [0.008977281855749291], "raw_data_size": "9996"}}