{"user_2_1836": {"weights": [0.07981842533683492, 0.126180316423232, 0.14233877436082482, 0.2838582275004467, 0.36780425637866165], "gauss": [-0.0202565506511259, 0.0001766089540044902, 0.03990921266841746, 0.08679604453619043, 0.0005014193026928294, 0.063090158211616, 0.013021315072815483, 4.056876253414056e-05, 0.07116938718041241, 0.0348957863739089, 9.691034771583078e-05, 0.14192911375022335, 0.0630796660589075, 0.00018423597810611987, 0.18390212818933083], "max": [-0.019801636132132015, 0.08808761506943168, 0.013125813280159639, 0.035145410887372455, 0.06355422649008123], "min": [-0.020711465170119788, 0.08550447400294918, 0.012916816865471328, 0.03464616186044535, 0.06260510562773376], "raw_data_size": "57"}}