{"user_1_779": {"weights": [0.18594584825166183, 0.353302498163531, 0.4607516535848072], "gauss": [-0.021663879776161517, 5.359231405245452e-05, 0.09297292412583091, 0.08059860285676698, 0.0007622196198344126, 0.1766512490817655, 0.02862644181500288, 0.0002460135831454913, 0.2303758267924036], "max": [-0.02152583512318021, 0.08256195048927636, 0.0292601308115401], "min": [-0.021801924429142826, 0.0786352552242576, 0.02799275281846566], "raw_data_size": "30"}}