{"user_2_728": {"weights": [0.1133099133, 0.8866900867], "gauss": [-0.9079727998, 0.0046279439, 0.0566549566, -0.943927804, 0.0004846133, 0.4433450434], "max": [-0.8960520063, -0.9426795227], "min": [-0.9198935934, -0.9451760853], "raw_data_size": "57"}, "user_3_728": {"weights": [-0.8310827908, 4.12583e-05, 0.0142857136, -0.9502127771, 6.70271e-05, 0.1002585727, -0.9782477737, 0.0002581567, 0.1096296138, -0.9068225695, 0.000133618, 0.1293590623, -0.9341054315, 5.51925e-05, 0.1464670376], "gauss": [-0.8310827908, 4.12583e-05, 0.0142857136, -0.9502127771, 6.70271e-05, 0.1002585727, -0.9782477737, 0.0002581567, 0.1096296138, -0.9068225695, 0.000133618, 0.1293590623, -0.9341054315, 5.51925e-05, 0.1464670376], "max": [-0.8309765164, -0.9500401267, -0.9775828062, -0.9064783924, -0.933963265], "min": [-0.8311890652, -0.9503854275, -0.9789127412, -0.9071667465, -0.934247598], "raw_data_size": "70"}, "user_1_728": {"weights": [0.0986877907, 0.2871002898, 0.2958374054, 0.3183745141], "gauss": [-0.9328681517, 3.1059e-06, 0.0493438953, -0.9159233476, 0.0002769775, 0.1435501449, -0.9491751988, 4.99848e-05, 0.1479187027, -0.9709926053, 3.60745e-05, 0.1591872571], "max": [-0.9328601515, -0.9152099007, -0.9490464466, -0.9708996834], "min": [-0.932876152, -0.9166367944, -0.949303951, -0.9710855272], "raw_data_size": "30"}}