{"user_3_559": {"weights": [1.0], "gauss": [0.8211612958126725, 0.001758311604045686, 0.5], "max": [0.8256904063671434], "min": [0.8166321852582016], "raw_data_size": "9991"}}