{"user_3_3344": {"weights": 1, "gauss": [-0.054191150645924294, 0.0006332347011711656, 0.5], "max": [-0.052560046146623574], "min": [-0.055822255145225014], "raw_data_size": "9991"}}