{"user_6_3344": {"weights": 1, "gauss": [-0.054197568578113135, 0.0006383287917112044, 0.5], "max": [-0.052553342571124456], "min": [-0.055841794585101814], "raw_data_size": "9993"}}