{"user_3_906": {"weights": [0.13274036000864087, 0.1945295792191324, 0.25483362092126616, 0.4178964398509605], "gauss": [0.3156699201451169, 0.00010490591837526608, 0.06637018000432043, 0.37286020732520553, 0.00010989083623744078, 0.0972647896095662, 0.40441131131881386, 0.00025401950131623177, 0.12741681046063308, 0.3453333510412528, 8.732032141361878e-05, 0.20894821992548024], "max": [0.3159401398837836, 0.37314326736137743, 0.40506562219397707, 0.3455582732839453], "min": [0.3153997004064502, 0.37257714728903363, 0.40375700044365065, 0.3451084287985603], "raw_data_size": "70"}}