{"user_4_1014": {"weights": [1.0], "gauss": [-0.046826682987576626, 0.003748568183245799, 0.5], "max": [-0.03717101121482103], "min": [-0.05648235476033222], "raw_data_size": "9996"}}