{"user_1_2613": {"weights": [0.28010511259564086, 0.2942520384103611, 0.425642848993998], "gauss": [-0.23194310485195635, 0.0020954544487204038, 0.14005255629782043, -0.14025500740027166, 6.505846201235424e-05, 0.14712601920518056, -0.17552607305616588, 0.00019192381140206268, 0.212821424496999], "max": [-0.22654557187869043, -0.1400874279073764, -0.17503171007870766], "min": [-0.23734063782522227, -0.14042258689316692, -0.1760204360336241], "raw_data_size": "30"}}