{"user_5_3578": {"weights": [1.0], "gauss": [0.17737148209068465, 0.0008597326884412633, 0.5], "max": [0.17958600674279054], "min": [0.17515695743857876], "raw_data_size": "9994"}}