{"user_1_1969": {"weights": [0.458045063908721, 0.541954936091279], "gauss": [0.3941561771709816, 0.0014732390585679145, 0.2290225319543605, 0.47673704111037, 0.00016925289059160808, 0.2709774680456395], "max": [0.3979509895091736, 0.4771730076656662], "min": [0.3903613648327896, 0.4763010745550738], "raw_data_size": "30"}}