{"user_5_3319": {"weights": [1.0], "gauss": [0.2602082650678662, 0.0012315158363094398, 0.5], "max": [0.26338043964681657], "min": [0.25703609048891585], "raw_data_size": "9994"}}