{"user_6_3319": {"weights": 1, "gauss": [0.2599855091867056, 0.0012440065499010739, 0.5], "max": [0.2631898577117476], "min": [0.2567811606616636], "raw_data_size": "9993"}}