{"user_6_1330": {"weights": 1, "gauss": [0.17265452285968516, 0.0011688833773503572, 0.5], "max": [0.17566536691549542], "min": [0.1696436788038749], "raw_data_size": "9993"}}