{"user_4_1330": {"weights": [1.0], "gauss": [0.17273083575037854, 0.0011617821681409238, 0.5], "max": [0.1757233883034165], "min": [0.16973828319734058], "raw_data_size": "9996"}}