{"user_4_265": {"weights": [1.0], "gauss": [0.06152810625327484, 0.002196362925430459, 0.5], "max": [0.067185562237827], "min": [0.05587065026872267], "raw_data_size": "9996"}}