{"user_3_265": {"weights": [1.0], "gauss": [0.061273352580691, 0.002277679262952406, 0.5], "max": [0.06714026557028947], "min": [0.05540643959109253], "raw_data_size": "9991"}}