{"user_2_3440": {"weights": [0.12152044499498742, 0.1415134796318731, 0.19468105610262335, 0.20021668783983632, 0.34206833143067983], "gauss": [0.35346739830381785, 7.302666824817282e-06, 0.06076022249749371, 0.37355512868797286, 9.492663573820625e-05, 0.07075673981593655, 0.3303339012060426, 3.6942247553433224e-05, 0.09734052805131167, 0.28168060939558454, 3.941860970060784e-05, 0.10010834391991816, 0.3090295369157028, 7.307582721192873e-05, 0.17103416571533991], "max": [0.35348620872701925, 0.37379964349799466, 0.3304290581298297, 0.28178214500555654, 0.30921776777281634], "min": [0.35344858788061645, 0.37331061387795106, 0.3302387442822555, 0.28157907378561253, 0.3088413060585892], "raw_data_size": "57"}}