{"user_2_4021": {"weights": [0.1655290247, 0.2867489501, 0.5477220253], "gauss": [0.2534190377, 0.0003996925, 0.0827645123, 0.3057702264, 0.000275918, 0.143374475, 0.3454881987, 0.000354457, 0.2738610126], "max": [0.2544485773, 0.306480944, 0.3464012195], "min": [0.2523894982, 0.3050595089, 0.3445751779], "raw_data_size": "57"}, "user_1_4021": {"weights": [0.1887109203, 0.3479173153, 0.4633717644], "gauss": [0.3690461568, 0.0002002345, 0.0943554602, 0.2739639968, 0.000480633, 0.1739586577, 0.325301978, 0.0001290995, 0.2316858822], "max": [0.3695619266, 0.2752020255, 0.3256345163], "min": [0.368530387, 0.2727259681, 0.3249694398], "raw_data_size": "30"}, "user_3_4021": {"weights": [0.2229883978, 0.0002658179, 0.0146313276, 0.400773077, 1.49459e-05, 0.0349099117, 0.368107813, 0.0001219444, 0.0775259831, 0.2748261718, 0.0001024718, 0.1051140442, 0.3244644595, 0.000252698, 0.2678187334], "gauss": [0.2229883978, 0.0002658179, 0.0146313276, 0.400773077, 1.49459e-05, 0.0349099117, 0.368107813, 0.0001219444, 0.0775259831, 0.2748261718, 0.0001024718, 0.1051140442, 0.3244644595, 0.000252698, 0.2678187334], "max": [0.2236730993, 0.4008115752, 0.368421921, 0.2750901216, 0.3251153663], "min": [0.2223036962, 0.4007345788, 0.367793705, 0.2745622221, 0.3238135527], "raw_data_size": "70"}}