{"user_1_1956": {"weights": [1.0], "gauss": [-0.3823010111, 0.002149962, 0.5], "max": [-0.3767630761], "min": [-0.3878389462], "raw_data_size": "9995"}, "user_3_1956": {"weights": [1.0], "gauss": [-0.3832987191, 0.0021512998, 0.5], "max": [-0.3777573379], "min": [-0.3888401002], "raw_data_size": "9991"}, "user_2_1956": {"weights": [1.0], "gauss": [-0.3842579127, 0.002155118, 0.5], "max": [-0.3787066967], "min": [-0.3898091286], "raw_data_size": "9991"}, "user_5_1956": {"weights": [1.0], "gauss": [-0.3829550824, 0.0021314972, 0.5], "max": [-0.3774647093], "min": [-0.3884454554], "raw_data_size": "9994"}, "user_6_1956": {"weights": [1.0], "gauss": [-0.3836965726, 0.0021089659, 0.5], "max": [-0.3782642365], "min": [-0.3891289088], "raw_data_size": "9993"}, "user_4_1956": {"weights": [1.0], "gauss": [-0.3835659548, 0.0022083355, 0.5], "max": [-0.3778776595], "min": [-0.3892542501], "raw_data_size": "9996"}}