{"user_6_1226": {"weights": 1, "gauss": [0.15275704409322424, 0.000508239693552701, 0.5], "max": [0.154066182789104], "min": [0.15144790539734448], "raw_data_size": "9993"}}