{"user_5_838": {"weights": 1, "gauss": [0.16072948706324292, 0.0008576878428210058, 0.5], "max": [0.1629387445420789], "min": [0.15852022958440692], "raw_data_size": "9994"}}