{"user_6_838": {"weights": 1, "gauss": [0.1607863421356782, 0.0008446885659609192, 0.5], "max": [0.16296211569625302], "min": [0.15861056857510336], "raw_data_size": "9993"}}