{"user_5_1860": {"weights": 1, "gauss": [0.11648531018443249, 0.0017669799262395615, 0.5], "max": [0.12103674885722303], "min": [0.11193387151164196], "raw_data_size": "9994"}}