{"user_1_3413": {"weights": [0.2416309145, 0.2652076669, 0.4931614185], "gauss": [-0.1511014214, 0.000103127, 0.1208154573, -0.0894712721, 0.0001782575, 0.1326038335, -0.1193614604, 0.000149766, 0.2465807093], "max": [-0.150835784, -0.0890121112, -0.1189756888], "min": [-0.1513670588, -0.089930433, -0.1197472321], "raw_data_size": "30"}, "user_3_3413": {"weights": [0.0142810528, 0.1715173774, 0.3602859506, 0.4539156192], "gauss": [-0.1911451817, 1e-06, 0.0071405264, -0.1508600362, 5.08215e-05, 0.0857586887, -0.1241791732, 0.0001439717, 0.1801429753, -0.1077206563, 0.0004224887, 0.2269578096], "max": [-0.1911426058, -0.1507291286, -0.1238083268, -0.1066323977], "min": [-0.1911477575, -0.1509909438, -0.1245500197, -0.108808915], "raw_data_size": "70"}, "user_2_3413": {"weights": [0.0834899577, 0.08709279, 0.2188440994, 0.3003823703, 0.3101907826], "gauss": [-0.0862011893, 6.0303e-06, 0.0417449788, -0.0746960113, 6.4289e-06, 0.043546395, -0.1033114449, 3.33918e-05, 0.1094220497, -0.1558316602, 8.64219e-05, 0.1501911852, -0.1216571676, 2.35921e-05, 0.1550953913], "max": [-0.0861856561, -0.0746794516, -0.1032254333, -0.1556090522, -0.1215963983], "min": [-0.0862167224, -0.074712571, -0.1033974566, -0.1560542681, -0.1217179369], "raw_data_size": "57"}}