{"user_2_728": {"weights": [1.0], "gauss": [-0.9386721849, 0.0011435765, 0.5], "max": [-0.935726527], "min": [-0.9416178428], "raw_data_size": "9991"}, "user_4_728": {"weights": [1.0], "gauss": [-0.9390122243, 0.0011206154, 0.5], "max": [-0.9361257105], "min": [-0.9418987382], "raw_data_size": "9996"}, "user_5_728": {"weights": [1.0], "gauss": [-0.9390848727, 0.0011316938, 0.5], "max": [-0.9361698226], "min": [-0.9419999229], "raw_data_size": "9994"}, "user_6_728": {"weights": [1.0], "gauss": [-0.9384117969, 0.0011323456, 0.5], "max": [-0.9354950679], "min": [-0.9413285258], "raw_data_size": "9993"}, "user_3_728": {"weights": [1.0], "gauss": [-0.9392079574, 0.0011205358, 0.5], "max": [-0.9363216483], "min": [-0.9420942665], "raw_data_size": "9991"}, "user_1_728": {"weights": [1.0], "gauss": [-0.9390366749, 0.0011493535, 0.5], "max": [-0.9360761365], "min": [-0.9419972132], "raw_data_size": "9995"}}