{"user_6_2090": {"weights": 1, "gauss": [0.16294480749714496, 0.0023830086707235373, 0.5], "max": [0.16908303106180575], "min": [0.15680658393248417], "raw_data_size": "9993"}}