{"user_6_1694": {"weights": [1.0], "gauss": [-0.009889664970506761, 0.0005510475062041167, 0.5], "max": [-0.008470260656378653], "min": [-0.01130906928463487], "raw_data_size": "9993"}}