{"user_4_1694": {"weights": 1, "gauss": [-0.010058261814376976, 0.0005498197732501181, 0.5], "max": [-0.00864201993076871], "min": [-0.011474503697985243], "raw_data_size": "9996"}}