{"user_3_255": {"weights": [1.0], "gauss": [0.07457355437568786, 0.0010143635669687052, 0.5], "max": [0.07718638177593823], "min": [0.07196072697543748], "raw_data_size": "9991"}}