{"user_5_1643": {"weights": 1, "gauss": [0.13699368845261573, 0.0012433688686982979, 0.5], "max": [0.14019639441972925], "min": [0.1337909824855022], "raw_data_size": "9994"}}