{"user_3_917": {"weights": [1.0], "gauss": [-0.6072744233933145, 0.002970727102207609, 0.5], "max": [-0.5996223374706012], "min": [-0.6149265093160278], "raw_data_size": "9991"}}