{"user_2_1873": {"weights": 1, "gauss": [-0.0044732169250119675, 0.0016101614045432285, 0.5], "max": [-0.00032571599574606445], "min": [-0.00862071785427787], "raw_data_size": "9991"}}