{"user_6_1631": {"weights": [1.0], "gauss": [-0.2769480134, 0.0008894376, 0.5], "max": [-0.274656974], "min": [-0.2792390528], "raw_data_size": "9993"}, "user_5_1631": {"weights": [1.0], "gauss": [-0.2772366084, 0.000898981, 0.5], "max": [-0.2749209869], "min": [-0.2795522299], "raw_data_size": "9994"}, "user_1_1631": {"weights": [1.0], "gauss": [-0.2772532539, 0.0008940647, 0.5], "max": [-0.2749502957], "min": [-0.2795562121], "raw_data_size": "9995"}, "user_3_1631": {"weights": [1.0], "gauss": [-0.2770726784, 0.0008885054, 0.5], "max": [-0.2747840401], "min": [-0.2793613168], "raw_data_size": "9991"}, "user_4_1631": {"weights": [1.0], "gauss": [-0.2769916839, 0.0008870302, 0.5], "max": [-0.2747068455], "min": [-0.2792765223], "raw_data_size": "9996"}, "user_2_1631": {"weights": [1.0], "gauss": [-0.2775043348, 0.0008850497, 0.5], "max": [-0.2752245978], "min": [-0.2797840718], "raw_data_size": "9991"}}