{"user_4_3850": {"weights": [1.0], "gauss": [0.23844219787878979, 0.0011590165263622501, 0.5], "max": [0.24142762661069112], "min": [0.23545676914688846], "raw_data_size": "9996"}}