{"user_5_1565": {"weights": [1.0], "gauss": [0.3476178018542202, 0.000803740248082981, 0.5], "max": [0.349688099537674], "min": [0.3455475041707664], "raw_data_size": "9994"}}