{"user_1": {"gauss": [[-1.7234192818401692, 0.10772256321067072, 0.08888356439352472, 1.0762493614186825, 0.06619323972058141, 0.06937070891015039, -3.066178765967604, 0.20489209707288655, 0.12426484570954227, -0.2635224451749198, 0.2738527783930506, 0.14308411258512865, 1.9898878406671157, 0.08423489942776183, 0.07439676840165392]], "max": 2.5, "min": -3.8}, "user_4": {"gauss": [[-0.37774128931389706, 0.5170534893223361, 0.18770454076014928, -3.512055717743436, 0.22167917556769443, 0.10416645863672698, 1.6611691400222697, 0.22098706469610171, 0.12029628910627815, -2.1932122155411924, 0.11730230882868739, 0.08783271149684557]], "max": 2.5, "min": -4.4}, "user_3": {"gauss": [[1.843376692397075, 0.1802140137186433, 0.1047444875395958, -2.2585864855159667, 0.04917909934338724, 0.054513685179794505, -0.07702542446964543, 0.48884818053384554, 0.17656680045761472, -3.4995922600985487, 0.31320752802445356, 0.11921425589835614, -1.5741701038551075, 0.03540683857647617, 0.04496077092463881]], "max": 2.6, "min": -4.6}, "user_2": {"gauss": [[1.8858203369265556, 0.18757206111893407, 0.08882530000752291, -1.9921111356627228, 0.10824672896169515, 0.08216817940349774, -0.4436462104113247, 0.3336268438051808, 0.14602844050709007, -3.917457695415477, 0.11342083269609024, 0.07279317877341092, 0.8954733472709173, 0.04323342764240576, 0.05087516594972396, -2.965772679903603, 0.06133707100338523, 0.05930973535875434]], "max": 2.9, "min": -4.4}}