{"user_3_613": {"weights": [1.0], "gauss": [-0.48840876122305776, 0.002419907612864535, 0.5], "max": [-0.4821754922819602], "min": [-0.4946420301641553], "raw_data_size": "9991"}}