{"user_4_613": {"weights": [1.0], "gauss": [-0.48855763697361554, 0.0024031938376176945, 0.5], "max": [-0.48236741986457177], "min": [-0.4947478540826593], "raw_data_size": "9996"}}