{"user_1_1063": {"weights": [0.22478161214126624, 0.0001141606730856785, 0.05259291042261545, 0.24693201145805677, 2.8694131058020322e-05, 0.05840220961722634, 0.29856029541842055, 1.9028413766801866e-05, 0.1038975053967618, 0.30998270283433815, 1.998377571697696e-05, 0.1125657828765086, 0.26996326879740457, 4.2077868281252924e-05, 0.1725415916868878], "gauss": [0.22478161214126624, 0.0001141606730856785, 0.05259291042261545, 0.24693201145805677, 2.8694131058020322e-05, 0.05840220961722634, 0.29856029541842055, 1.9028413766801866e-05, 0.1038975053967618, 0.30998270283433815, 1.998377571697696e-05, 0.1125657828765086, 0.26996326879740457, 4.2077868281252924e-05, 0.1725415916868878], "max": [0.2250756705483132, 0.2470059226416759, 0.29860930936420116, 0.3100341776294255, 0.2700716542035543], "min": [0.22448755373421928, 0.24685810027443764, 0.29851128147263994, 0.30993122803925083, 0.26985488339125485], "raw_data_size": "30"}}