{"user_3_1063": {"weights": [0.10333758712911918, 0.19619208122884618, 0.34304807195663684, 0.35742225968539776], "gauss": [0.21582049803352082, 0.00021548360747276795, 0.05166879356455959, 0.2488597714646845, 0.00014808541632500738, 0.09809604061442309, 0.3140630012841125, 0.00024122568389707455, 0.17152403597831842, 0.2818814440151739, 0.00012648959138172777, 0.17871112984269888], "max": [0.2163755470240836, 0.2492412142194827, 0.3146843574694632, 0.2822072596112489], "min": [0.21526544904295805, 0.2484783287098863, 0.3134416450987618, 0.2815556284190989], "raw_data_size": "70"}}