{"user_1_154": {"weights": 1, "gauss": [0.31096577416281324, 0.0011393153009306562, 0.5], "max": [0.3139004559009321], "min": [0.3080310924246944], "raw_data_size": "9995"}}