{"user_2_3049": {"weights": [1.0], "gauss": [-0.22501444512064023, 0.0010452268817613397, 0.5], "max": [-0.22232211908974234], "min": [-0.22770677115153812], "raw_data_size": "9991"}}