{"user_3_648": {"weights": [1.0], "gauss": [-0.312099837, 0.0030149998, 0.5], "max": [-0.3043337121], "min": [-0.3198659618], "raw_data_size": "9991"}, "user_4_648": {"weights": [1.0], "gauss": [-0.3113483276, 0.0029289654, 0.5], "max": [-0.3038038128], "min": [-0.3188928424], "raw_data_size": "9996"}, "user_5_648": {"weights": [1.0], "gauss": [-0.3112822786, 0.0029041951, 0.5], "max": [-0.3038015678], "min": [-0.3187629894], "raw_data_size": "9994"}, "user_1_648": {"weights": [1.0], "gauss": [-0.3120497055, 0.0030743925, 0.5], "max": [-0.3041305952], "min": [-0.3199688157], "raw_data_size": "9995"}, "user_2_648": {"weights": [1.0], "gauss": [-0.3119084971, 0.0029371315, 0.5], "max": [-0.3043429477], "min": [-0.3194740464], "raw_data_size": "9991"}, "user_6_648": {"weights": [1.0], "gauss": [-0.3127131393, 0.002957574, 0.5], "max": [-0.3050949334], "min": [-0.3203313451], "raw_data_size": "9993"}}