{"user_3_1839": {"weights": [0.12718382372424156, 0.13782495279777587, 0.19028337905950257, 0.5447078444184799], "gauss": [-0.21429651385188778, 0.0005597361843243238, 0.06359191186212078, -0.17209317324934859, 0.0005570144554809694, 0.06891247639888794, -0.059987775424667544, 0.00013684747412468843, 0.09514168952975129, -0.11351612127565847, 0.0003047872106026567, 0.27235392220923993], "max": [-0.21285472898604854, -0.17065839909242037, -0.059635279690700524, -0.1127310414472412], "min": [-0.215738298717727, -0.1735279474062768, -0.060340271158634565, -0.11430120110407573], "raw_data_size": "70"}}