{
  "user_4": {
    "gauss": [
      0.9559124021329665,
      0.028371096302986815,
      0.10843425114451027,
      -1.0654534997298648,
      0.06185041550468959,
      0.14685357409243435,
      0.003923618138994525,
      0.14609162338722806,
      0.24471217476305535
    ],
    "weights": [
      0.21686850228902055,
      0.2937071481848687,
      0.4894243495261107
    ],
    "max": 1.2,
    "min": -1.5,
    "raw_data_size": 5001
  }
}