{"user_6_111": {"weights": [1.0], "gauss": [-0.17685562215604506, 0.0007391595184703244, 0.5], "max": [-0.1749516734083721], "min": [-0.17875957090371802], "raw_data_size": "9993"}}