{"user_5_1043": {"weights": [1.0], "gauss": [-0.059229686891477354, 0.0010981367310632752, 0.5], "max": [-0.056401074120301174], "min": [-0.062058299662653534], "raw_data_size": "9994"}}