{"user_3_3699": {"weights": [0.19830632913978044, 0.00021006198714300966, 0.026989349054669598, -0.025980231278938216, 0.00019510479548769802, 0.049969927634126526, 0.13164670102157722, 0.0002705830459828082, 0.12561234953083983, 0.05261575197717552, 0.0002887940500694539, 0.12735072539806264, 0.08661479711393476, 0.00018730015260686066, 0.17007764838230144], "gauss": [0.19830632913978044, 0.00021006198714300966, 0.026989349054669598, -0.025980231278938216, 0.00019510479548769802, 0.049969927634126526, 0.13164670102157722, 0.0002705830459828082, 0.12561234953083983, 0.05261575197717552, 0.0002887940500694539, 0.12735072539806264, 0.08661479711393476, 0.00018730015260686066, 0.17007764838230144], "max": [0.19884741296182512, -0.02547767462945809, 0.13234367676046324, 0.05335963615403499, 0.08709725033557869], "min": [0.19776524531773576, -0.026482787928418343, 0.1309497252826912, 0.05187186780031606, 0.08613234389229082], "raw_data_size": "70"}}