{"user_1_2469": {"weights": [0.1932446304, 0.3703005267, 0.4364548429], "gauss": [0.25044567, 1.34262e-05, 0.0966223152, 0.3386008154, 0.0005947704, 0.1851502633, 0.29425568, 0.0003355611, 0.2182274215], "max": [0.2504802536, 0.3401328424, 0.295120028], "min": [0.2504110864, 0.3370687884, 0.2933913319], "raw_data_size": "30"}, "user_3_2469": {"weights": [0.0428368794, 0.1392206565, 0.8179424641], "gauss": [0.1781252579, 5.69238e-05, 0.0214184397, 0.248255117, 0.0001287021, 0.0696103282, 0.3087004632, 0.0007889408, 0.408971232], "max": [0.1782718839, 0.2485866316, 0.3107326399], "min": [0.1779786319, 0.2479236025, 0.3066682864], "raw_data_size": "70"}, "user_2_2469": {"weights": [0.1897988886, 0.2437098566, 0.5664912548], "gauss": [0.2529477507, 0.0003480556, 0.0948994443, 0.2885228842, 7.34879e-05, 0.1218549283, 0.3292116931, 0.0004811495, 0.2832456274], "max": [0.2538442824, 0.2887121764, 0.3304510522], "min": [0.2520512189, 0.288333592, 0.3279723341], "raw_data_size": "57"}}