{"user_1_3664": {"weights": [0.18634998235550318, 1.8007304737241825e-05, 0.03016075838051273, 0.17196979972880347, 2.947560236392266e-05, 0.052972991682712856, 0.10995588886649985, 9.472947375352845e-05, 0.09275312139264946, 0.14120704256771205, 5.454607810811526e-05, 0.10558077839670961, 0.12293676251923341, 2.6922541729403795e-05, 0.21853235014741537], "gauss": [0.18634998235550318, 1.8007304737241825e-05, 0.03016075838051273, 0.17196979972880347, 2.947560236392266e-05, 0.052972991682712856, 0.10995588886649985, 9.472947375352845e-05, 0.09275312139264946, 0.14120704256771205, 5.454607810811526e-05, 0.10558077839670961, 0.12293676251923341, 2.6922541729403795e-05, 0.21853235014741537], "max": [0.18639636609872332, 0.1720457238491122, 0.11019989582090395, 0.1413475439540966, 0.12300611039114603], "min": [0.18630359861228304, 0.17189387560849473, 0.10971188191209574, 0.1410665411813275, 0.12286741464732079], "raw_data_size": "30"}}