{"user_3_3247": {"weights": [1.0], "gauss": [0.1901769032430428, 0.0006387962339409807, 0.5], "max": [0.19182233330142465], "min": [0.18853147318466093], "raw_data_size": "9991"}}