{"user_3_2138": {"weights": [0.2073524917356399, 0.2777448414510803, 0.5149026668132798], "gauss": [0.166841340287088, 8.257559608007805e-05, 0.10367624586781995, 0.10429305220749699, 0.0002636674048816537, 0.13887242072554015, 0.13270885237244429, 0.00013836268444197383, 0.2574513334066399], "max": [0.16705404092722909, 0.10497221443538185, 0.1330652510295476], "min": [0.1666286396469469, 0.10361388997961213, 0.13235245371534096], "raw_data_size": "70"}}