{"user_1_3268": {"weights": 1, "gauss": [0.5340487659067158, 0.0015776435384929055, 0.5], "max": [0.5381125063637204], "min": [0.5299850254497112], "raw_data_size": "9995"}}