{"user_1_3661": {"weights": [0.16215013406598663, 0.33138480575330104, 0.5064650601807122], "gauss": [0.19054023674015008, 3.627256010441709e-05, 0.08107506703299332, 0.12640024431288327, 0.00022102238417704114, 0.16569240287665052, 0.15076108633994895, 0.00015990386111477167, 0.2532325300903561], "max": [0.19063366866338177, 0.12696956024678674, 0.15117297139115898], "min": [0.1904468048169184, 0.1258309283789798, 0.1503492012887389], "raw_data_size": "30"}}