{"user_5_3964": {"weights": 1, "gauss": [-0.11331221671703064, 0.0009589224574736856, 0.5], "max": [-0.11084219615123879], "min": [-0.11578223728282248], "raw_data_size": "9994"}}