{"user_3_1051": {"weights": [1.0], "gauss": [0.2236815196, 0.0007882265, 0.5], "max": [0.2257118566], "min": [0.2216511827], "raw_data_size": "9991"}, "user_1_1051": {"weights": [1.0], "gauss": [0.2235144272, 0.0007905529, 0.5], "max": [0.2255507564], "min": [0.221478098], "raw_data_size": "9995"}, "user_4_1051": {"weights": [1.0], "gauss": [0.2233668658, 0.0008071101, 0.5], "max": [0.2254458437], "min": [0.221287888], "raw_data_size": "9996"}, "user_5_1051": {"weights": [1.0], "gauss": [0.2236853199, 0.0007844247, 0.5], "max": [0.2257058641], "min": [0.2216647756], "raw_data_size": "9994"}, "user_2_1051": {"weights": [1.0], "gauss": [0.2235451188, 0.0008048987, 0.5], "max": [0.2256184005], "min": [0.2214718371], "raw_data_size": "9991"}, "user_6_1051": {"weights": [1.0], "gauss": [0.223907684, 0.0007960749, 0.5], "max": [0.2259582371], "min": [0.2218571309], "raw_data_size": "9993"}}