{"user_3_1870": {"weights": [0.1237808978299186, 0.2171776415923269, 0.2990559104185291, 0.35998555015922556], "gauss": [0.0739017989177793, 0.00033815040875651524, 0.0618904489149593, -0.07491567042406833, 0.0006979059751447534, 0.10858882079616344, 0.02578713893611393, 0.0002952140686989647, 0.14952795520926454, -0.013320158610015448, 0.00022751309296007276, 0.17999277507961278], "max": [0.07477281664966137, -0.0731179837621686, 0.026547559985088624, -0.012734123718227849], "min": [0.07303078118589723, -0.07671335708596805, 0.025026717887139237, -0.013906193501803048], "raw_data_size": "70"}}