{"user_6_3428": {"weights": [1.0], "gauss": [-0.17037112597202406, 0.001573764633054724, 0.5], "max": [-0.1663173769133128], "min": [-0.1744248750307353], "raw_data_size": "9993"}}