{"user_3_3876": {"weights": 1, "gauss": [-0.042245774576375225, 0.0005505948489745786, 0.5], "max": [-0.040827536230003424], "min": [-0.04366401292274703], "raw_data_size": "9991"}}