{"user_5_3876": {"weights": 1, "gauss": [-0.04166462716943267, 0.0005460615097161418, 0.5], "max": [-0.04025806593116568], "min": [-0.04307118840769966], "raw_data_size": "9994"}}