{"user_2_768": {"weights": [1.0], "gauss": [0.26962864385088514, 0.00214571826063177, 0.5], "max": [0.27515564782378044], "min": [0.26410163987798985], "raw_data_size": "9991"}}