{"user_4_768": {"weights": 1, "gauss": [0.26852813402897197, 0.002165743930506988, 0.5], "max": [0.27410672070915504], "min": [0.2629495473487889], "raw_data_size": "9996"}}