{"user_4_681": {"weights": 1, "gauss": [0.0943901631, 0.0005497165, 0.5], "max": [0.0958061388], "min": [0.0929741873], "raw_data_size": "9996"}, "user_2_681": {"weights": 1, "gauss": [0.0944663167, 0.0005750047, 0.5], "max": [0.0959474306], "min": [0.0929852028], "raw_data_size": "9991"}, "user_6_681": {"weights": 1, "gauss": [0.0944292375, 0.0005513004, 0.5], "max": [0.0958492933], "min": [0.0930091818], "raw_data_size": "9993"}, "user_5_681": {"weights": 1, "gauss": [0.0945452142, 0.0005492141, 0.5], "max": [0.0959598961], "min": [0.0931305323], "raw_data_size": "9994"}, "user_3_681": {"weights": 1, "gauss": [0.0946441888, 0.0005462835, 0.5], "max": [0.096051322], "min": [0.0932370556], "raw_data_size": "9991"}, "user_1_681": {"weights": 1, "gauss": [0.0944685515, 0.0005440945, 0.5], "max": [0.095870046], "min": [0.0930670571], "raw_data_size": "9995"}}