{"user_2_2345": {"weights": [1.0], "gauss": [0.3377937564, 0.0032075808, 0.5], "max": [0.3460559369], "min": [0.3295315759], "raw_data_size": "9991"}, "user_3_2345": {"weights": [1.0], "gauss": [0.3383325856, 0.0032865162, 0.5], "max": [0.3467980903], "min": [0.329867081], "raw_data_size": "9991"}, "user_1_2345": {"weights": [1.0], "gauss": [0.337416462, 0.0033294907, 0.5], "max": [0.3459926618], "min": [0.3288402622], "raw_data_size": "9995"}, "user_5_2345": {"weights": [1.0], "gauss": [0.3384955245, 0.0032353039, 0.5], "max": [0.3468291151], "min": [0.330161934], "raw_data_size": "9994"}, "user_4_2345": {"weights": [1.0], "gauss": [0.338051308, 0.0032346204, 0.5], "max": [0.3463831379], "min": [0.329719478], "raw_data_size": "9996"}, "user_6_2345": {"weights": [1.0], "gauss": [0.3386768165, 0.0032731232, 0.5], "max": [0.3471078231], "min": [0.33024581], "raw_data_size": "9993"}}