{"user_3_34": {"weights": 1, "gauss": [-0.1996085933971183, 0.0020293970495980284, 0.5], "max": [-0.19438121300822803], "min": [-0.2048359737860086], "raw_data_size": "9991"}}