{"user_1_34": {"weights": 1, "gauss": [-0.19914282820287843, 0.002108502853587226, 0.5], "max": [-0.193711684765992], "min": [-0.20457397163976487], "raw_data_size": "9995"}}