{"user_1_2766": {"weights": [0.03333303146005545, 0.13148666415555546, 0.19610599568881262, 0.6390743086955766], "gauss": [-1.3892432451248138, 1.000000004440892e-06, 0.016666515730027726, -1.6348022693281772, 0.00046960528941472526, 0.06574333207777773, -1.4783079976473916, 0.0003709770572560546, 0.09805299784440631, -1.5471015040708878, 0.0007026150113008379, 0.3195371543477883], "max": [-1.3892406692954988, -1.6335926462626011, -1.4773524240723672, -1.5452916877356657], "min": [-1.3892458209541287, -1.6360118923937532, -1.479263571222416, -1.5489113204061098], "raw_data_size": "30"}}