{"user_2_3189": {"weights": [0.07653860002756092, 1.0000000000130104e-06, 0.00877192947866617, -0.05028572014220322, 2.823077335636077e-05, 0.09056580594026356, -0.00530418267797811, 0.00019860566315789635, 0.11218450284663724, -0.03114682855433331, 2.85821212252789e-05, 0.1239610782683351, -0.08407106569109343, 0.0002597542070734486, 0.16451668346609796], "gauss": [0.07653860002756092, 1.0000000000130104e-06, 0.00877192947866617, -0.05028572014220322, 2.823077335636077e-05, 0.09056580594026356, -0.00530418267797811, 0.00019860566315789635, 0.11218450284663724, -0.03114682855433331, 2.85821212252789e-05, 0.1239610782683351, -0.08407106569109343, 0.0002597542070734486, 0.16451668346609796], "max": [0.07654117585686451, -0.050213002488930056, -0.004792608390965238, -0.03107320588892365, -0.08340198319279353], "min": [0.07653602419825734, -0.050358437795476385, -0.005815756964990981, -0.03122045121974297, -0.08474014818939334], "raw_data_size": "57"}}