{"user_2_4040": {"weights": [1.0], "gauss": [0.09750949856089916, 0.001958044031914282, 0.5], "max": [0.102553085755943], "min": [0.09246591136585532], "raw_data_size": "57"}}