{"user_2_3422": {"weights": [1.0], "gauss": [0.2033043185, 0.0010990462, 0.5], "max": [0.2061352739], "min": [0.2004733631], "raw_data_size": "9991"}, "user_4_3422": {"weights": [1.0], "gauss": [0.2040216766, 0.0011233088, 0.5], "max": [0.2069151284], "min": [0.2011282248], "raw_data_size": "9996"}, "user_6_3422": {"weights": [1.0], "gauss": [0.204412055, 0.0011063596, 0.5], "max": [0.2072618485], "min": [0.2015622614], "raw_data_size": "9993"}, "user_3_3422": {"weights": [1.0], "gauss": [0.2036368478, 0.001123328, 0.5], "max": [0.206530349], "min": [0.2007433465], "raw_data_size": "9991"}, "user_5_3422": {"weights": [1.0], "gauss": [0.2036559307, 0.001125416, 0.5], "max": [0.2065548103], "min": [0.2007570511], "raw_data_size": "9994"}, "user_1_3422": {"weights": [1.0], "gauss": [0.2028249776, 0.001149121, 0.5], "max": [0.2057849173], "min": [0.199865038], "raw_data_size": "9995"}}