{"user_2_50": {"weights": [0.38749166839474314, 0.6125083316052569], "gauss": [0.22169990875725293, 0.0005109172361830579, 0.19374583419737157, 0.16571622939783484, 0.0005856171657806661, 0.30625416580262843], "max": [0.22301594434590147, 0.16722467925411394], "min": [0.2203838731686044, 0.16420777954155574], "raw_data_size": "57"}}