{"user_2_2794": {"weights": [0.017506056958763828, 0.01754383844683227, 0.15504604842934008, 0.3224358585274364, 0.4874681976376275], "gauss": [0.0459633655846117, 1.0000000000047704e-06, 0.008753028479381914, -0.20797784626483876, 1.0000000000902056e-06, 0.008771919223416136, -0.040035926621644756, 0.000750152665846963, 0.07752302421467004, -0.13501773445826176, 0.00019049130095918462, 0.1612179292637182, -0.10790479638754455, 0.00011863067084045661, 0.24373409881881375], "max": [0.04596594141391526, -0.207975270435535, -0.03810366140282082, -0.13452706138317994, -0.10759922402929403], "min": [0.04596078975530814, -0.20798042209414253, -0.04196819184046869, -0.1355084075333436, -0.10821036874579507], "raw_data_size": "57"}}