{"user_2_2679": {"weights": [0.26373808520563896, 0.2925660946776287, 0.4436958201167324], "gauss": [0.5272844819998288, 0.000286476652369554, 0.13186904260281948, 0.5786076684670171, 0.0009131652435651884, 0.14628304733881434, 0.5603990692067234, 0.00029528969564171406, 0.2218479100583662], "max": [0.5280223969557849, 0.5809598262603747, 0.5611596850577935], "min": [0.5265465670438727, 0.5762555106736594, 0.5596384533556534], "raw_data_size": "57"}}