{"user_4_1685": {"weights": [1.0], "gauss": [-0.640535519861597, 0.0021869376635033346, 0.5], "max": [-0.6349023417429103], "min": [-0.6461686979802836], "raw_data_size": "9996"}}