{"user_4_1929": {"weights": [1.0], "gauss": [-1.0966077558984473, 0.0011767221639938641, 0.5], "max": [-1.0935767204662965], "min": [-1.099638791330598], "raw_data_size": "9996"}}