{"user_3_1929": {"weights": [1.0], "gauss": [-1.096933162011114, 0.0011963937188369234, 0.5], "max": [-1.093851456011552], "min": [-1.100014868010676], "raw_data_size": "9991"}}