{"user_1_122": {"weights": [0.06665607764119588, 0.263409335840043, 0.30471899733508284, 0.36521558918367836], "gauss": [0.07093120180777031, 1.057035427245694e-06, 0.03332803882059794, 0.018754282046159813, 5.7207366475952296e-05, 0.1317046679200215, 0.043737506611191634, 4.450564382017111e-05, 0.15235949866754142, -0.010382207973569087, 7.266164731431021e-05, 0.18260779459183918], "max": [0.0709339245505987, 0.01890163845710743, 0.043852145552716944, -0.010195043973172752], "min": [0.07092847906494192, 0.018606925635212195, 0.043622867669666325, -0.010569371973965423], "raw_data_size": "30"}}