{"user_3_461": {"weights": [0.1927199772, 5.47336e-05, 0.0142820197, 0.2858939564, 4.55186e-05, 0.0844063013, 0.2503915119, 0.0001302662, 0.1192233631, 0.3167673342, 0.0001623396, 0.1331352746, 0.3702917766, 0.0010696247, 0.1489530413], "gauss": [0.1927199772, 5.47336e-05, 0.0142820197, 0.2858939564, 4.55186e-05, 0.0844063013, 0.2503915119, 0.0001302662, 0.1192233631, 0.3167673342, 0.0001623396, 0.1331352746, 0.3702917766, 0.0010696247, 0.1489530413], "max": [0.1928609617, 0.2860112046, 0.2507270555, 0.3171854934, 0.3730469472], "min": [0.1925789928, 0.2857767082, 0.2500559683, 0.316349175, 0.367536606], "raw_data_size": "70"}, "user_2_461": {"weights": [0.1220122723, 0.1396064262, 0.3031730154, 0.4352082861], "gauss": [0.2762409943, 4.4911e-06, 0.0610061362, 0.2371050521, 0.0002129714, 0.0698032131, 0.3251664505, 0.0006511138, 0.1515865077, 0.3052945453, 0.0001979308, 0.217604143], "max": [0.2762525627, 0.2376536301, 0.3268436084, 0.3058043812], "min": [0.2762294259, 0.2365564742, 0.3234892925, 0.3047847095], "raw_data_size": "57"}, "user_1_461": {"weights": [0.2490329178, 0.2680248565, 0.4829422257], "gauss": [0.3027309426, 3.34433e-05, 0.1245164589, 0.3317710594, 0.0001083976, 0.1340124282, 0.2716411104, 0.0008124979, 0.2414711129], "max": [0.3028170869, 0.3320502731, 0.2737339663], "min": [0.3026447983, 0.3314918457, 0.2695482545], "raw_data_size": "30"}}