{"user_3_810": {"weights": [0.11428441331065103, 0.16051863895270505, 0.7251969477366439], "gauss": [-0.6869245293977688, 0.0007686412321940274, 0.05714220665532552, -0.6533222189023483, 2.5477403608613724e-05, 0.08025931947635252, -0.6106030866526422, 0.00034504333192328276, 0.36259847386832195], "max": [-0.6849446407879675, -0.6532565934595549, -0.60971431392728], "min": [-0.6889044180075702, -0.6533878443451417, -0.6114918593780043], "raw_data_size": "70"}}