{"user_6_1007": {"weights": [1.0], "gauss": [0.08379819602555115, 0.0005743771793355828, 0.5], "max": [0.0852776935953735], "min": [0.0823186984557288], "raw_data_size": "9993"}}