{"user_3_1807": {"weights": 1, "gauss": [0.25384671187336366, 0.0007574564953144865, 0.5], "max": [0.25579779051015816], "min": [0.25189563323656916], "raw_data_size": "9991"}}