{"user_4_1297": {"weights": 1, "gauss": [0.04801335462642757, 0.0005308336923788083, 0.5], "max": [0.04938069160656797], "min": [0.046646017646287175], "raw_data_size": "9996"}}