{"user_1_2171": {"weights": [1.0], "gauss": [-0.010350770092710695, 0.001618860539172456, 0.5], "max": [-0.00618086167755131], "min": [-0.014520678507870081], "raw_data_size": "9995"}}