{"user_3_2542": {"weights": [1.0], "gauss": [0.3434477682511529, 0.0011998679680828006, 0.5], "max": [0.34653842332373025], "min": [0.3403571131785756], "raw_data_size": "9991"}}