{"user_1_2807": {"weights": [0.2786387564, 2.61329e-05, 0.0333900799, 0.2364851617, 1.32982e-05, 0.0660719098, 0.2596400388, 4.596e-06, 0.0666099049, 0.2213982078, 7.7458e-06, 0.0954743745, 0.2016272405, 0.0001085974, 0.2384537308], "gauss": [0.2786387564, 2.61329e-05, 0.0333900799, 0.2364851617, 1.32982e-05, 0.0660719098, 0.2596400388, 4.596e-06, 0.0666099049, 0.2213982078, 7.7458e-06, 0.0954743745, 0.2016272405, 0.0001085974, 0.2384537308], "max": [0.2787060704, 0.2365194157, 0.2596518773, 0.2214181598, 0.2019069689], "min": [0.2785714425, 0.2364509077, 0.2596282003, 0.2213782559, 0.2013475121], "raw_data_size": "30"}, "user_2_2807": {"weights": [0.280642636, 1.30777e-05, 0.0349128442, 0.2560306827, 4.22289e-05, 0.0576678409, 0.1830586684, 0.0001295111, 0.0623698874, 0.2052192633, 5.71665e-05, 0.145955027, 0.2243259919, 3.87369e-05, 0.1990944005], "gauss": [0.280642636, 1.30777e-05, 0.0349128442, 0.2560306827, 4.22289e-05, 0.0576678409, 0.1830586684, 0.0001295111, 0.0623698874, 0.2052192633, 5.71665e-05, 0.145955027, 0.2243259919, 3.87369e-05, 0.1990944005], "max": [0.280676322, 0.2561394571, 0.1833922669, 0.2053665144, 0.2244257716], "min": [0.28060895, 0.2559219083, 0.18272507, 0.2050720123, 0.2242262122], "raw_data_size": "57"}, "user_3_2807": {"weights": [0.1579110396, 0.1714768878, 0.3054647357, 0.3651473369], "gauss": [0.168924097, 0.0001036584, 0.0789555198, 0.2661960913, 0.0001769754, 0.0857384439, 0.2053391956, 9.14538e-05, 0.1527323679, 0.2353139853, 0.0001771751, 0.1825736684], "max": [0.1691911033, 0.2666519497, 0.2055747651, 0.235770358], "min": [0.1686570907, 0.2657402329, 0.2051036262, 0.2348576125], "raw_data_size": "70"}}