{"user_5_732": {"weights": [1.0], "gauss": [0.023417195, 0.0011032041, 0.5], "max": [0.0262588603], "min": [0.0205755296], "raw_data_size": "9994"}, "user_6_732": {"weights": [1.0], "gauss": [0.0230354002, 0.0010774525, 0.5], "max": [0.025810734], "min": [0.0202600664], "raw_data_size": "9993"}, "user_4_732": {"weights": [1.0], "gauss": [0.022634632, 0.0011110609, 0.5], "max": [0.0254965353], "min": [0.0197727287], "raw_data_size": "9996"}, "user_2_732": {"weights": [1.0], "gauss": [0.02234438, 0.0011063853, 0.5], "max": [0.0251942398], "min": [0.0194945202], "raw_data_size": "9991"}, "user_1_732": {"weights": [1.0], "gauss": [0.0233633774, 0.0010801464, 0.5], "max": [0.0261456502], "min": [0.0205811046], "raw_data_size": "9995"}, "user_3_732": {"weights": [1.0], "gauss": [0.0227678312, 0.0010880157, 0.5], "max": [0.0255703738], "min": [0.0199652885], "raw_data_size": "9991"}}