{"user_2_1801": {"weights": [0.0828822618224952, 0.13683825703785488, 0.14030474367347823, 0.17598915810343746, 0.4639855793627342], "gauss": [0.12219842848233305, 0.00024069273184842703, 0.0414411309112476, -7.77600981197163e-05, 0.000977024895476161, 0.06841912851892744, 0.045855048737117134, 7.92924819921956e-06, 0.07015237183673911, 0.0754042387293675, 8.696780564600233e-05, 0.08799457905171873, 0.013617222818523983, 0.0001720114130744863, 0.2319927896813671], "max": [0.12281841187417947, 0.0024388892579445807, 0.0458754731269838, 0.07562825295161581, 0.0140602948568661], "min": [0.12157844509048663, -0.0025944094541840135, 0.04583462434725047, 0.07518022450711918, 0.013174150780181866], "raw_data_size": "57"}}