{"user_3_1230": {"weights": [1.0], "gauss": [0.07677720565094376, 0.001921003923523465, 0.5], "max": [0.0817253838493879], "min": [0.07182902745249961], "raw_data_size": "9991"}}