{"user_1_1230": {"weights": [1.0], "gauss": [0.07737874807492652, 0.0019476583368689627, 0.5], "max": [0.08239558349233492], "min": [0.07236191265751812], "raw_data_size": "9995"}}