{"user_3_3041": {"weights": [-0.4790886960637751, 1.5404361426217927e-05, 0.060243746760172454, -0.372215744132434, 0.0003258092031208627, 0.06297062575939388, -0.5049831546728377, 0.0005290615947979017, 0.08856387102369717, -0.41777803466864, 0.00018980298619400326, 0.14378219117963123, -0.45479283037301843, 7.313060759608813e-05, 0.1444395652771053], "gauss": [-0.4790886960637751, 1.5404361426217927e-05, 0.060243746760172454, -0.372215744132434, 0.0003258092031208627, 0.06297062575939388, -0.5049831546728377, 0.0005290615947979017, 0.08856387102369717, -0.41777803466864, 0.00018980298619400326, 0.14378219117963123, -0.45479283037301843, 7.313060759608813e-05, 0.1444395652771053], "max": [-0.47904901705821096, -0.3713765152396694, -0.503620382313575, -0.4172891345749004, -0.45460445841098607], "min": [-0.4791283750693392, -0.37305497302519863, -0.5063459270321005, -0.4182669347623796, -0.4549812023350508], "raw_data_size": "70"}}