{"user_1_3367": {"weights": [1.0], "gauss": [0.3159204586, 0.0033698317, 0.5], "max": [0.3246005698], "min": [0.3072403474], "raw_data_size": "9995"}, "user_6_3367": {"weights": [1.0], "gauss": [0.3158462125, 0.0032744263, 0.5], "max": [0.3242805756], "min": [0.3074118494], "raw_data_size": "9993"}, "user_2_3367": {"weights": [1.0], "gauss": [0.3172261524, 0.0032933147, 0.5], "max": [0.3257091689], "min": [0.3087431359], "raw_data_size": "9991"}, "user_4_3367": {"weights": [1.0], "gauss": [0.3169795995, 0.0033513927, 0.5], "max": [0.3256122151], "min": [0.3083469839], "raw_data_size": "9996"}, "user_3_3367": {"weights": [1.0], "gauss": [0.3162157751, 0.0032478015, 0.5], "max": [0.3245815572], "min": [0.3078499929], "raw_data_size": "9991"}, "user_5_3367": {"weights": [1.0], "gauss": [0.3158797125, 0.0032442964, 0.5], "max": [0.3242364661], "min": [0.3075229588], "raw_data_size": "9994"}}