{"user_6_1061": {"weights": [1.0], "gauss": [0.12522888413193808, 0.0013051253137212951, 0.5], "max": [0.12859066415982484], "min": [0.12186710410405133], "raw_data_size": "9993"}}