{"user_2_1061": {"weights": [1.0], "gauss": [0.12451853180084126, 0.0013073762152981002, 0.5], "max": [0.12788610976696896], "min": [0.12115095383471355], "raw_data_size": "9991"}}