{"user_3_2958": {"weights": [0.028571591255288208, 0.06837403850813406, 0.09663559939280902, 0.3314137015218476, 0.4750050693219211], "gauss": [0.275377642266004, 7.906203903869268e-05, 0.014285795627644104, 0.31868406398473914, 4.055639876056726e-06, 0.03418701925406703, 0.41692333002323995, 0.00017831519737468337, 0.04831779969640451, 0.34613581903732044, 0.00012608626857275773, 0.1657068507609238, 0.36954366365403457, 0.00010508082011784114, 0.23750253466096055], "max": [0.27558129258295816, 0.3186945106207765, 0.41738263953390575, 0.3464605957426853, 0.36981433390973506], "min": [0.2751739919490498, 0.31867361734870175, 0.41646402051257414, 0.3458110423319556, 0.3692729933983341], "raw_data_size": "70"}}